07-27-2026,09:37:28,RAM,865/7620MB,(lfb,16x4MB),SWAP,153/3810MB,(cached,2MB),CPU,[0%@1344,0%@1344,9%@1344,9%@1344,0%@1344,0%@1344],GR3D_FREQ,0%,cpu@51.5C,soc2@49.531C,soc0@50.5C,gpu@51.812C,tj@51.812C,soc1@50.687C,VDD_IN,5594mW/5594mW,VDD_CPU_GPU_CV,1307mW/1307mW,VDD_SOC,2376mW/2376mW
07-27-2026,09:37:28,RAM,865/7620MB,(lfb,16x4MB),SWAP,153/3810MB,(cached,2MB),CPU,[0%@1344,0%@1344,0%@1344,0%@1344,0%@1344,0%@1344],GR3D_FREQ,0%,cpu@51.812C,soc2@49.593C,soc0@50.343C,gpu@51.281C,tj@51.812C,soc1@50.625C,VDD_IN,5594mW/5594mW,VDD_CPU_GPU_CV,1307mW/1307mW,VDD_SOC,2376mW/2376mW
07-27-2026,09:37:28,RAM,864/7620MB,(lfb,16x4MB),SWAP,153/3810MB,(cached,2MB),CPU,[0%@1344,0%@1344,0%@1344,0%@1344,0%@1344,0%@1344],GR3D_FREQ,0%,cpu@51.531C,soc2@49.687C,soc0@50.375C,gpu@51.281C,tj@51.531C,soc1@50.937C,VDD_IN,5634mW/5607mW,VDD_CPU_GPU_CV,1307mW/1307mW,VDD_SOC,2376mW/2376mW
07-27-2026,09:37:28,RAM,864/7620MB,(lfb,16x4MB),SWAP,153/3810MB,(cached,2MB),CPU,[0%@1344,0%@1344,0%@1344,0%@1344,0%@1344,0%@1344],GR3D_FREQ,0%,cpu@51.625C,soc2@49.656C,soc0@50.468C,gpu@51.343C,tj@51.625C,soc1@50.531C,VDD_IN,5594mW/5604mW,VDD_CPU_GPU_CV,1307mW/1307mW,VDD_SOC,2376mW/2376mW
07-27-2026,09:37:28,RAM,864/7620MB,(lfb,16x4MB),SWAP,153/3810MB,(cached,2MB),CPU,[0%@1344,9%@1344,0%@1344,0%@1344,8%@1344,0%@1344],GR3D_FREQ,0%,cpu@51.437C,soc2@49.5C,soc0@50.468C,gpu@51.25C,tj@51.437C,soc1@50.656C,VDD_IN,5594mW/5602mW,VDD_CPU_GPU_CV,1305mW/1307mW,VDD_SOC,2376mW/2376mW
07-27-2026,09:37:28,RAM,864/7620MB,(lfb,16x4MB),SWAP,153/3810MB,(cached,2MB),CPU,[0%@1344,0%@1344,0%@1344,0%@1344,0%@1344,0%@1344],GR3D_FREQ,0%,cpu@51.687C,soc2@49.625C,soc0@50.468C,gpu@51.218C,tj@51.687C,soc1@50.562C,VDD_IN,5594mW/5601mW,VDD_CPU_GPU_CV,1305mW/1306mW,VDD_SOC,2376mW/2376mW
07-27-2026,09:37:28,RAM,864/7620MB,(lfb,16x4MB),SWAP,153/3810MB,(cached,2MB),CPU,[0%@1344,8%@1344,0%@1344,0%@1344,0%@1344,0%@1344],GR3D_FREQ,0%,cpu@51.968C,soc2@49.687C,soc0@50.312C,gpu@51.343C,tj@51.968C,soc1@50.718C,VDD_IN,5594mW/5600mW,VDD_CPU_GPU_CV,1305mW/1306mW,VDD_SOC,2376mW/2376mW
07-27-2026,09:37:28,RAM,864/7620MB,(lfb,16x4MB),SWAP,153/3810MB,(cached,2MB),CPU,[0%@1344,0%@1344,0%@1344,0%@1344,0%@1344,0%@1344],GR3D_FREQ,0%,cpu@51.593C,soc2@49.531C,soc0@50.468C,gpu@51.375C,tj@51.593C,soc1@50.5C,VDD_IN,5594mW/5599mW,VDD_CPU_GPU_CV,1305mW/1306mW,VDD_SOC,2376mW/2376mW
07-27-2026,09:37:29,RAM,864/7620MB,(lfb,16x4MB),SWAP,153/3810MB,(cached,2MB),CPU,[0%@1344,0%@1344,0%@1344,0%@1344,0%@1344,0%@1344],GR3D_FREQ,0%,cpu@51.468C,soc2@49.593C,soc0@50.468C,gpu@51.218C,tj@51.468C,soc1@50.531C,VDD_IN,5594mW/5598mW,VDD_CPU_GPU_CV,1307mW/1306mW,VDD_SOC,2376mW/2376mW
07-27-2026,09:37:29,RAM,864/7620MB,(lfb,16x4MB),SWAP,153/3810MB,(cached,2MB),CPU,[0%@1344,0%@1344,0%@1344,0%@1344,0%@1344,0%@1344],GR3D_FREQ,0%,cpu@51.437C,soc2@49.562C,soc0@50.5C,gpu@51.343C,tj@51.437C,soc1@50.625C,VDD_IN,5594mW/5598mW,VDD_CPU_GPU_CV,1307mW/1306mW,VDD_SOC,2376mW/2376mW
07-27-2026,09:37:29,RAM,864/7620MB,(lfb,16x4MB),SWAP,153/3810MB,(cached,2MB),CPU,[0%@1344,0%@1344,0%@1344,0%@1344,0%@1344,0%@1344],GR3D_FREQ,0%,cpu@51.812C,soc2@49.593C,soc0@50.375C,gpu@51.281C,tj@51.812C,soc1@50.718C,VDD_IN,5594mW/5598mW,VDD_CPU_GPU_CV,1307mW/1306mW,VDD_SOC,2376mW/2376mW
07-27-2026,09:37:29,RAM,864/7620MB,(lfb,16x4MB),SWAP,153/3810MB,(cached,2MB),CPU,[0%@1344,0%@1344,0%@1344,0%@1344,0%@1344,0%@1344],GR3D_FREQ,0%,cpu@51.5C,soc2@49.5C,soc0@50.468C,gpu@51.218C,tj@51.5C,soc1@51.031C,VDD_IN,5555mW/5594mW,VDD_CPU_GPU_CV,1307mW/1306mW,VDD_SOC,2376mW/2376mW
07-27-2026,09:37:29,RAM,864/7620MB,(lfb,16x4MB),SWAP,153/3810MB,(cached,2MB),CPU,[0%@1344,0%@1344,0%@1344,0%@1344,0%@1344,0%@1344],GR3D_FREQ,0%,cpu@51.625C,soc2@49.531C,soc0@50.406C,gpu@51.312C,tj@51.625C,soc1@50.531C,VDD_IN,5594mW/5594mW,VDD_CPU_GPU_CV,1307mW/1306mW,VDD_SOC,2376mW/2376mW
07-27-2026,09:37:29,RAM,864/7620MB,(lfb,16x4MB),SWAP,153/3810MB,(cached,2MB),CPU,[0%@1344,0%@1344,0%@1344,0%@1344,0%@1344,0%@1344],GR3D_FREQ,0%,cpu@51.343C,soc2@49.625C,soc0@50.531C,gpu@51.25C,tj@51.343C,soc1@50.625C,VDD_IN,5594mW/5594mW,VDD_CPU_GPU_CV,1307mW/1306mW,VDD_SOC,2376mW/2376mW
07-27-2026,09:37:29,RAM,864/7620MB,(lfb,16x4MB),SWAP,153/3810MB,(cached,2MB),CPU,[0%@1344,0%@1344,0%@1344,0%@1344,0%@1344,0%@1344],GR3D_FREQ,0%,cpu@51.468C,soc2@49.531C,soc0@50.562C,gpu@51.468C,tj@51.718C,soc1@50.687C,VDD_IN,5594mW/5594mW,VDD_CPU_GPU_CV,1307mW/1306mW,VDD_SOC,2376mW/2376mW
07-27-2026,09:37:29,RAM,864/7620MB,(lfb,16x4MB),SWAP,153/3810MB,(cached,2MB),CPU,[9%@1344,8%@1344,0%@1344,0%@1344,0%@1344,0%@1344],GR3D_FREQ,0%,cpu@51.875C,soc2@49.656C,soc0@50.437C,gpu@51.25C,tj@51.875C,soc1@50.75C,VDD_IN,5594mW/5594mW,VDD_CPU_GPU_CV,1307mW/1306mW,VDD_SOC,2376mW/2376mW
07-27-2026,09:37:29,RAM,864/7620MB,(lfb,16x4MB),SWAP,153/3810MB,(cached,2MB),CPU,[0%@1344,0%@1344,0%@1344,0%@1344,0%@1344,0%@1344],GR3D_FREQ,0%,cpu@51.656C,soc2@49.5C,soc0@50.375C,gpu@51.25C,tj@51.656C,soc1@50.5C,VDD_IN,5555mW/5592mW,VDD_CPU_GPU_CV,1307mW/1307mW,VDD_SOC,2376mW/2376mW
07-27-2026,09:37:29,RAM,864/7620MB,(lfb,16x4MB),SWAP,153/3810MB,(cached,2MB),CPU,[0%@1344,0%@1344,0%@1344,0%@1344,0%@1344,0%@1344],GR3D_FREQ,0%,cpu@51.375C,soc2@49.5C,soc0@50.437C,gpu@51.375C,tj@51.375C,soc1@50.562C,VDD_IN,5555mW/5590mW,VDD_CPU_GPU_CV,1307mW/1307mW,VDD_SOC,2376mW/2376mW
07-27-2026,09:37:30,RAM,864/7620MB,(lfb,16x4MB),SWAP,153/3810MB,(cached,2MB),CPU,[0%@1344,0%@1344,0%@1344,0%@1344,0%@1344,0%@1344],GR3D_FREQ,0%,cpu@51.343C,soc2@49.531C,soc0@50.593C,gpu@51.312C,tj@51.343C,soc1@50.562C,VDD_IN,5555mW/5588mW,VDD_CPU_GPU_CV,1305mW/1306mW,VDD_SOC,2376mW/2376mW
07-27-2026,09:37:30,RAM,864/7620MB,(lfb,16x4MB),SWAP,153/3810MB,(cached,2MB),CPU,[8%@1344,9%@1344,0%@1344,0%@1344,0%@1344,0%@1344],GR3D_FREQ,0%,cpu@51.937C,soc2@49.687C,soc0@50.562C,gpu@51.218C,tj@51.937C,soc1@50.687C,VDD_IN,5555mW/5586mW,VDD_CPU_GPU_CV,1307mW/1306mW,VDD_SOC,2376mW/2376mW
07-27-2026,09:37:30,RAM,864/7620MB,(lfb,16x4MB),SWAP,153/3810MB,(cached,2MB),CPU,[0%@1344,0%@1344,0%@1344,0%@1344,0%@1344,0%@1344],GR3D_FREQ,0%,cpu@51.531C,soc2@49.75C,soc0@50.406C,gpu@51.343C,tj@51.531C,soc1@50.781C,VDD_IN,5546mW/5584mW,VDD_CPU_GPU_CV,1307mW/1307mW,VDD_SOC,2376mW/2376mW
07-27-2026,09:37:30,RAM,864/7620MB,(lfb,16x4MB),SWAP,153/3810MB,(cached,2MB),CPU,[0%@1344,0%@1344,0%@1344,9%@1344,0%@1344,0%@1344],GR3D_FREQ,0%,cpu@51.656C,soc2@49.468C,soc0@50.468C,gpu@51.281C,tj@51.406C,soc1@50.531C,VDD_IN,5585mW/5584mW,VDD_CPU_GPU_CV,1305mW/1306mW,VDD_SOC,2376mW/2376mW
07-27-2026,09:37:30,RAM,864/7620MB,(lfb,16x4MB),SWAP,153/3810MB,(cached,2MB),CPU,[0%@1344,0%@1344,0%@1344,0%@1344,0%@1344,0%@1344],GR3D_FREQ,0%,cpu@51.468C,soc2@49.562C,soc0@50.5C,gpu@51.5C,tj@51.5C,soc1@50.562C,VDD_IN,5585mW/5584mW,VDD_CPU_GPU_CV,1305mW/1306mW,VDD_SOC,2376mW/2376mW
07-27-2026,09:37:30,RAM,864/7620MB,(lfb,16x4MB),SWAP,153/3810MB,(cached,2MB),CPU,[0%@1344,0%@1344,8%@1344,0%@1344,0%@1344,0%@1344],GR3D_FREQ,0%,cpu@51.406C,soc2@49.625C,soc0@50.562C,gpu@51.375C,tj@51.406C,soc1@50.687C,VDD_IN,5585mW/5584mW,VDD_CPU_GPU_CV,1305mW/1306mW,VDD_SOC,2376mW/2376mW
07-27-2026,09:37:30,RAM,864/7620MB,(lfb,16x4MB),SWAP,153/3810MB,(cached,2MB),CPU,[0%@1344,0%@1344,0%@1344,0%@1344,0%@1344,0%@1344],GR3D_FREQ,0%,cpu@51.5C,soc2@49.718C,soc0@50.343C,gpu@51.25C,tj@51.5C,soc1@50.687C,VDD_IN,5585mW/5584mW,VDD_CPU_GPU_CV,1305mW/1306mW,VDD_SOC,2376mW/2376mW
07-27-2026,09:37:30,RAM,864/7620MB,(lfb,16x4MB),SWAP,153/3810MB,(cached,2MB),CPU,[0%@1344,8%@1344,0%@1344,0%@1344,0%@1344,0%@1344],GR3D_FREQ,0%,cpu@51.625C,soc2@49.531C,soc0@50.406C,gpu@51.406C,tj@51.625C,soc1@50.625C,VDD_IN,5594mW/5585mW,VDD_CPU_GPU_CV,1307mW/1306mW,VDD_SOC,2376mW/2376mW
07-27-2026,09:37:30,RAM,864/7620MB,(lfb,16x4MB),SWAP,153/3810MB,(cached,2MB),CPU,[0%@1344,0%@1344,0%@1344,0%@1344,0%@1344,0%@1344],GR3D_FREQ,0%,cpu@51.375C,soc2@49.5C,soc0@50.437C,gpu@51.281C,tj@51.375C,soc1@50.593C,VDD_IN,5594mW/5585mW,VDD_CPU_GPU_CV,1307mW/1306mW,VDD_SOC,2376mW/2376mW
07-27-2026,09:37:31,RAM,864/7620MB,(lfb,16x4MB),SWAP,153/3810MB,(cached,2MB),CPU,[0%@1344,0%@1344,0%@1344,0%@1344,0%@1344,0%@1344],GR3D_FREQ,0%,cpu@51.343C,soc2@49.593C,soc0@50.468C,gpu@51.218C,tj@51.343C,soc1@50.593C,VDD_IN,5546mW/5584mW,VDD_CPU_GPU_CV,1307mW/1306mW,VDD_SOC,2376mW/2376mW
07-27-2026,09:37:31,RAM,864/7620MB,(lfb,16x4MB),SWAP,153/3810MB,(cached,2MB),CPU,[0%@1344,0%@1344,0%@1344,0%@1344,0%@1344,0%@1344],GR3D_FREQ,0%,cpu@51.937C,soc2@49.625C,soc0@50.625C,gpu@51.375C,tj@51.937C,soc1@50.718C,VDD_IN,5585mW/5584mW,VDD_CPU_GPU_CV,1305mW/1306mW,VDD_SOC,2376mW/2376mW
07-27-2026,09:37:31,RAM,864/7620MB,(lfb,16x4MB),SWAP,153/3810MB,(cached,2MB),CPU,[0%@1344,0%@1344,0%@1344,0%@1344,0%@1344,0%@1344],GR3D_FREQ,0%,cpu@51.468C,soc2@49.593C,soc0@50.406C,gpu@51.343C,tj@51.468C,soc1@50.781C,VDD_IN,5555mW/5583mW,VDD_CPU_GPU_CV,1305mW/1306mW,VDD_SOC,2376mW/2376mW
07-27-2026,09:37:31,RAM,864/7620MB,(lfb,16x4MB),SWAP,153/3810MB,(cached,2MB),CPU,[0%@1344,0%@1344,0%@1344,0%@1344,0%@1344,0%@1344],GR3D_FREQ,0%,cpu@51.625C,soc2@49.5C,soc0@50.406C,gpu@51.5C,tj@51.625C,soc1@50.531C,VDD_IN,5555mW/5582mW,VDD_CPU_GPU_CV,1305mW/1306mW,VDD_SOC,2376mW/2376mW
07-27-2026,09:37:31,RAM,864/7620MB,(lfb,16x4MB),SWAP,153/3810MB,(cached,2MB),CPU,[0%@1344,0%@1344,0%@1344,0%@1344,0%@1344,9%@1344],GR3D_FREQ,0%,cpu@51.343C,soc2@49.593C,soc0@50.375C,gpu@51.406C,tj@51.406C,soc1@50.531C,VDD_IN,5594mW/5582mW,VDD_CPU_GPU_CV,1305mW/1306mW,VDD_SOC,2376mW/2376mW
07-27-2026,09:37:31,RAM,864/7620MB,(lfb,16x4MB),SWAP,153/3810MB,(cached,2MB),CPU,[0%@1344,9%@1344,0%@1344,0%@1344,0%@1344,0%@1344],GR3D_FREQ,0%,cpu@51.468C,soc2@49.593C,soc0@50.593C,gpu@51.312C,tj@51.468C,soc1@50.656C,VDD_IN,5594mW/5583mW,VDD_CPU_GPU_CV,1307mW/1306mW,VDD_SOC,2376mW/2376mW
07-27-2026,09:37:31,RAM,864/7620MB,(lfb,16x4MB),SWAP,153/3810MB,(cached,2MB),CPU,[0%@1344,0%@1344,0%@1344,0%@1344,0%@1344,0%@1344],GR3D_FREQ,0%,cpu@51.531C,soc2@49.718C,soc0@50.375C,gpu@51.5C,tj@51.531C,soc1@50.687C,VDD_IN,5594mW/5583mW,VDD_CPU_GPU_CV,1307mW/1306mW,VDD_SOC,2376mW/2376mW
07-27-2026,09:37:31,RAM,864/7620MB,(lfb,16x4MB),SWAP,153/3810MB,(cached,2MB),CPU,[0%@1344,0%@1344,0%@1344,0%@1344,0%@1344,0%@1344],GR3D_FREQ,0%,cpu@51.656C,soc2@49.5C,soc0@50.437C,gpu@51.343C,tj@51.656C,soc1@50.593C,VDD_IN,5555mW/5582mW,VDD_CPU_GPU_CV,1307mW/1306mW,VDD_SOC,2376mW/2376mW
07-27-2026,09:37:31,RAM,864/7620MB,(lfb,16x4MB),SWAP,153/3810MB,(cached,2MB),CPU,[0%@1344,0%@1344,0%@1344,0%@1344,0%@1344,0%@1344],GR3D_FREQ,0%,cpu@51.406C,soc2@49.5C,soc0@50.5C,gpu@51.281C,tj@51.406C,soc1@50.531C,VDD_IN,5555mW/5581mW,VDD_CPU_GPU_CV,1307mW/1306mW,VDD_SOC,2376mW/2376mW
07-27-2026,09:37:31,RAM,864/7620MB,(lfb,16x4MB),SWAP,153/3810MB,(cached,2MB),CPU,[9%@1344,0%@1344,0%@1344,0%@1344,0%@1344,0%@1344],GR3D_FREQ,0%,cpu@51.5C,soc2@49.593C,soc0@50.5C,gpu@51.437C,tj@51.5C,soc1@50.687C,VDD_IN,5555mW/5581mW,VDD_CPU_GPU_CV,1307mW/1306mW,VDD_SOC,2376mW/2376mW
07-27-2026,09:37:32,RAM,864/7620MB,(lfb,16x4MB),SWAP,153/3810MB,(cached,2MB),CPU,[0%@1344,0%@1344,0%@1344,0%@1344,0%@1344,0%@1344],GR3D_FREQ,0%,cpu@51.5C,soc2@49.656C,soc0@50.75C,gpu@51.343C,tj@51.812C,soc1@50.75C,VDD_IN,5555mW/5580mW,VDD_CPU_GPU_CV,1307mW/1306mW,VDD_SOC,2376mW/2376mW
07-27-2026,09:37:32,RAM,865/7620MB,(lfb,16x4MB),SWAP,153/3810MB,(cached,2MB),CPU,[9%@1344,0%@1344,0%@1344,0%@1344,0%@1344,9%@1344],GR3D_FREQ,0%,cpu@51.656C,soc2@49.718C,soc0@50.437C,gpu@51.531C,tj@51.656C,soc1@50.812C,VDD_IN,5594mW/5580mW,VDD_CPU_GPU_CV,1307mW/1306mW,VDD_SOC,2376mW/2376mW
07-27-2026,09:37:32,RAM,865/7620MB,(lfb,16x4MB),SWAP,153/3810MB,(cached,2MB),CPU,[0%@1344,0%@1344,0%@1344,0%@1344,0%@1344,0%@1344],GR3D_FREQ,0%,cpu@51.5C,soc2@49.5C,soc0@50.437C,gpu@51.531C,tj@51.531C,soc1@50.593C,VDD_IN,5594mW/5581mW,VDD_CPU_GPU_CV,1305mW/1306mW,VDD_SOC,2376mW/2376mW
07-27-2026,09:37:32,RAM,865/7620MB,(lfb,16x4MB),SWAP,153/3810MB,(cached,2MB),CPU,[0%@1344,0%@1344,9%@1344,0%@1344,0%@1344,0%@1344],GR3D_FREQ,0%,cpu@51.531C,soc2@49.5C,soc0@50.468C,gpu@51.375C,tj@51.531C,soc1@50.625C,VDD_IN,5634mW/5582mW,VDD_CPU_GPU_CV,1346mW/1307mW,VDD_SOC,2376mW/2376mW
07-27-2026,09:37:32,RAM,865/7620MB,(lfb,16x4MB),SWAP,153/3810MB,(cached,2MB),CPU,[0%@1344,0%@1344,0%@1344,0%@1344,0%@1344,0%@1344],GR3D_FREQ,0%,cpu@51.562C,soc2@49.5C,soc0@50.531C,gpu@51.562C,tj@51.562C,soc1@50.625C,VDD_IN,5585mW/5582mW,VDD_CPU_GPU_CV,1305mW/1307mW,VDD_SOC,2376mW/2376mW
07-27-2026,09:37:32,RAM,865/7620MB,(lfb,16x4MB),SWAP,153/3810MB,(cached,2MB),CPU,[0%@1344,0%@1344,0%@1344,0%@1344,0%@1344,0%@1344],GR3D_FREQ,0%,cpu@51.437C,soc2@49.781C,soc0@50.312C,gpu@51.406C,tj@51.437C,soc1@50.718C,VDD_IN,5585mW/5582mW,VDD_CPU_GPU_CV,1305mW/1307mW,VDD_SOC,2376mW/2376mW
07-27-2026,09:37:32,RAM,865/7620MB,(lfb,16x4MB),SWAP,153/3810MB,(cached,2MB),CPU,[0%@1344,0%@1344,0%@1344,0%@1344,0%@1344,0%@1344],GR3D_FREQ,0%,cpu@51.656C,soc2@49.531C,soc0@50.437C,gpu@51.343C,tj@51.656C,soc1@50.593C,VDD_IN,5594mW/5582mW,VDD_CPU_GPU_CV,1305mW/1307mW,VDD_SOC,2376mW/2376mW
07-27-2026,09:37:32,RAM,865/7620MB,(lfb,16x4MB),SWAP,153/3810MB,(cached,2MB),CPU,[0%@1344,9%@1344,0%@1344,0%@1344,0%@1344,0%@1344],GR3D_FREQ,0%,cpu@51.468C,soc2@49.531C,soc0@50.468C,gpu@51.531C,tj@51.531C,soc1@50.531C,VDD_IN,5594mW/5583mW,VDD_CPU_GPU_CV,1305mW/1307mW,VDD_SOC,2376mW/2376mW
07-27-2026,09:37:32,RAM,865/7620MB,(lfb,16x4MB),SWAP,153/3810MB,(cached,2MB),CPU,[0%@1344,0%@1344,0%@1344,0%@1344,0%@1344,0%@1344],GR3D_FREQ,0%,cpu@51.375C,soc2@49.5C,soc0@50.5C,gpu@51.437C,tj@51.437C,soc1@50.593C,VDD_IN,5585mW/5583mW,VDD_CPU_GPU_CV,1307mW/1307mW,VDD_SOC,2376mW/2376mW
07-27-2026,09:37:33,RAM,865/7620MB,(lfb,16x4MB),SWAP,153/3810MB,(cached,2MB),CPU,[0%@1344,0%@1344,0%@1344,0%@1344,0%@1344,0%@1344],GR3D_FREQ,0%,cpu@51.437C,soc2@49.625C,soc0@50.406C,gpu@51.281C,tj@51.906C,soc1@50.781C,VDD_IN,5585mW/5583mW,VDD_CPU_GPU_CV,1305mW/1307mW,VDD_SOC,2376mW/2376mW
07-27-2026,09:37:33,RAM,865/7620MB,(lfb,16x4MB),SWAP,153/3810MB,(cached,2MB),CPU,[0%@1344,0%@1344,0%@1344,0%@1344,0%@1344,0%@1344],GR3D_FREQ,0%,cpu@51.593C,soc2@49.718C,soc0@50.406C,gpu@51.5C,tj@51.593C,soc1@50.75C,VDD_IN,5594mW/5583mW,VDD_CPU_GPU_CV,1307mW/1307mW,VDD_SOC,2376mW/2376mW
07-27-2026,09:37:33,RAM,865/7620MB,(lfb,16x4MB),SWAP,153/3810MB,(cached,2MB),CPU,[0%@1344,0%@1344,0%@1344,0%@1344,0%@1344,0%@1344],GR3D_FREQ,0%,cpu@51.562C,soc2@49.531C,soc0@50.437C,gpu@51.406C,tj@51.406C,soc1@50.437C,VDD_IN,5585mW/5583mW,VDD_CPU_GPU_CV,1307mW/1307mW,VDD_SOC,2376mW/2376mW
07-27-2026,09:37:33,RAM,865/7620MB,(lfb,16x4MB),SWAP,153/3810MB,(cached,2MB),CPU,[0%@1344,0%@1344,0%@1344,0%@1344,0%@1344,0%@1344],GR3D_FREQ,0%,cpu@51.437C,soc2@49.562C,soc0@50.468C,gpu@51.406C,tj@51.437C,soc1@50.593C,VDD_IN,5594mW/5583mW,VDD_CPU_GPU_CV,1307mW/1307mW,VDD_SOC,2376mW/2376mW
07-27-2026,09:37:33,RAM,865/7620MB,(lfb,16x4MB),SWAP,153/3810MB,(cached,2MB),CPU,[0%@1344,0%@1344,0%@1344,0%@1344,0%@1344,0%@1344],GR3D_FREQ,0%,cpu@51.5C,soc2@49.718C,soc0@50.656C,gpu@51.5C,tj@51.5C,soc1@50.718C,VDD_IN,5594mW/5584mW,VDD_CPU_GPU_CV,1305mW/1307mW,VDD_SOC,2376mW/2376mW
07-27-2026,09:37:33,RAM,865/7620MB,(lfb,16x4MB),SWAP,153/3810MB,(cached,2MB),CPU,[0%@1344,0%@1344,0%@1344,0%@1344,0%@1344,0%@1344],GR3D_FREQ,0%,cpu@51.531C,soc2@49.625C,soc0@50.375C,gpu@51.343C,tj@51.531C,soc1@50.687C,VDD_IN,5594mW/5584mW,VDD_CPU_GPU_CV,1307mW/1307mW,VDD_SOC,2376mW/2376mW
07-27-2026,09:37:33,RAM,865/7620MB,(lfb,16x4MB),SWAP,153/3810MB,(cached,2MB),CPU,[9%@1344,0%@1344,0%@1344,0%@1344,0%@1344,0%@1344],GR3D_FREQ,0%,cpu@51.687C,soc2@49.593C,soc0@50.406C,gpu@51.656C,tj@51.687C,soc1@50.562C,VDD_IN,5594mW/5584mW,VDD_CPU_GPU_CV,1307mW/1307mW,VDD_SOC,2376mW/2376mW
07-27-2026,09:37:33,RAM,865/7620MB,(lfb,16x4MB),SWAP,153/3810MB,(cached,2MB),CPU,[0%@1344,0%@1344,0%@1344,0%@1344,0%@1344,0%@1344],GR3D_FREQ,0%,cpu@51.531C,soc2@49.593C,soc0@50.375C,gpu@51.562C,tj@51.562C,soc1@50.593C,VDD_IN,5594mW/5584mW,VDD_CPU_GPU_CV,1307mW/1307mW,VDD_SOC,2376mW/2376mW
07-27-2026,09:37:33,RAM,865/7620MB,(lfb,16x4MB),SWAP,153/3810MB,(cached,2MB),CPU,[0%@1344,0%@1344,0%@1344,0%@1344,0%@1344,0%@1344],GR3D_FREQ,0%,cpu@51.562C,soc2@49.562C,soc0@50.531C,gpu@51.375C,tj@51.562C,soc1@50.656C,VDD_IN,5594mW/5584mW,VDD_CPU_GPU_CV,1307mW/1307mW,VDD_SOC,2376mW/2376mW
07-27-2026,09:37:33,RAM,865/7620MB,(lfb,16x4MB),SWAP,153/3810MB,(cached,2MB),CPU,[0%@1344,0%@1344,0%@1344,0%@1344,0%@1344,0%@1344],GR3D_FREQ,0%,cpu@51.468C,soc2@49.687C,soc0@50.375C,gpu@51.625C,tj@51.625C,soc1@50.718C,VDD_IN,5594mW/5584mW,VDD_CPU_GPU_CV,1307mW/1307mW,VDD_SOC,2376mW/2376mW
07-27-2026,09:37:34,RAM,865/7620MB,(lfb,16x4MB),SWAP,153/3810MB,(cached,2MB),CPU,[0%@1344,0%@1344,0%@1344,0%@1344,0%@1344,0%@1344],GR3D_FREQ,0%,cpu@51.687C,soc2@49.625C,soc0@50.468C,gpu@51.468C,tj@51.687C,soc1@50.781C,VDD_IN,5594mW/5585mW,VDD_CPU_GPU_CV,1307mW/1307mW,VDD_SOC,2376mW/2376mW
07-27-2026,09:37:34,RAM,865/7620MB,(lfb,16x4MB),SWAP,153/3810MB,(cached,2MB),CPU,[0%@1344,0%@1344,0%@1344,0%@1344,0%@1344,0%@1344],GR3D_FREQ,0%,cpu@51.562C,soc2@49.562C,soc0@50.406C,gpu@51.375C,tj@51.406C,soc1@50.406C,VDD_IN,5585mW/5585mW,VDD_CPU_GPU_CV,1307mW/1307mW,VDD_SOC,2376mW/2376mW
07-27-2026,09:37:34,RAM,865/7620MB,(lfb,16x4MB),SWAP,153/3810MB,(cached,2MB),CPU,[0%@1344,0%@1344,0%@1344,0%@1344,0%@1344,0%@1344],GR3D_FREQ,0%,cpu@51.468C,soc2@49.656C,soc0@50.468C,gpu@51.5C,tj@51.5C,soc1@50.593C,VDD_IN,5594mW/5585mW,VDD_CPU_GPU_CV,1307mW/1307mW,VDD_SOC,2376mW/2376mW
07-27-2026,09:37:34,RAM,865/7620MB,(lfb,16x4MB),SWAP,153/3810MB,(cached,2MB),CPU,[0%@1344,0%@1344,0%@1344,0%@1344,0%@1344,0%@1344],GR3D_FREQ,0%,cpu@51.468C,soc2@49.562C,soc0@50.593C,gpu@51.437C,tj@51.468C,soc1@50.687C,VDD_IN,5546mW/5584mW,VDD_CPU_GPU_CV,1305mW/1307mW,VDD_SOC,2376mW/2376mW
07-27-2026,09:37:34,RAM,865/7620MB,(lfb,16x4MB),SWAP,153/3810MB,(cached,2MB),CPU,[8%@1344,0%@1344,0%@1344,0%@1344,8%@1344,9%@1344],GR3D_FREQ,0%,cpu@51.625C,soc2@49.687C,soc0@50.312C,gpu@51.281C,tj@51.625C,soc1@50.687C,VDD_IN,5594mW/5584mW,VDD_CPU_GPU_CV,1305mW/1307mW,VDD_SOC,2376mW/2376mW
07-27-2026,09:37:34,RAM,865/7620MB,(lfb,16x4MB),SWAP,153/3810MB,(cached,2MB),CPU,[0%@1344,0%@1344,0%@1344,0%@1344,0%@1344,0%@1344],GR3D_FREQ,0%,cpu@51.656C,soc2@49.562C,soc0@50.437C,gpu@51.593C,tj@51.656C,soc1@50.843C,VDD_IN,5585mW/5584mW,VDD_CPU_GPU_CV,1305mW/1307mW,VDD_SOC,2376mW/2376mW
07-27-2026,09:37:34,RAM,865/7620MB,(lfb,16x4MB),SWAP,153/3810MB,(cached,2MB),CPU,[0%@1344,0%@1344,0%@1344,0%@1344,0%@1344,0%@1344],GR3D_FREQ,0%,cpu@51.406C,soc2@49.531C,soc0@50.531C,gpu@51.375C,tj@51.406C,soc1@50.531C,VDD_IN,5585mW/5584mW,VDD_CPU_GPU_CV,1307mW/1307mW,VDD_SOC,2376mW/2376mW
07-27-2026,09:37:34,RAM,865/7620MB,(lfb,16x4MB),SWAP,153/3810MB,(cached,2MB),CPU,[0%@1344,0%@1344,0%@1344,0%@1344,0%@1344,0%@1344],GR3D_FREQ,0%,cpu@51.437C,soc2@49.562C,soc0@50.593C,gpu@51.687C,tj@51.687C,soc1@50.718C,VDD_IN,5585mW/5584mW,VDD_CPU_GPU_CV,1305mW/1307mW,VDD_SOC,2376mW/2376mW
07-27-2026,09:37:34,RAM,865/7620MB,(lfb,16x4MB),SWAP,153/3810MB,(cached,2MB),CPU,[0%@1344,0%@1344,0%@1344,0%@1344,0%@1344,0%@1344],GR3D_FREQ,0%,cpu@51.531C,soc2@49.593C,soc0@50.343C,gpu@51.531C,tj@51.531C,soc1@50.625C,VDD_IN,5594mW/5584mW,VDD_CPU_GPU_CV,1307mW/1307mW,VDD_SOC,2376mW/2376mW
07-27-2026,09:37:35,RAM,865/7620MB,(lfb,16x4MB),SWAP,153/3810MB,(cached,2MB),CPU,[0%@1344,0%@1344,0%@1344,0%@1344,0%@1344,0%@1344],GR3D_FREQ,0%,cpu@51.625C,soc2@49.531C,soc0@50.375C,gpu@51.375C,tj@51.625C,soc1@50.812C,VDD_IN,5594mW/5585mW,VDD_CPU_GPU_CV,1307mW/1307mW,VDD_SOC,2376mW/2376mW
07-27-2026,09:37:35,RAM,865/7620MB,(lfb,16x4MB),SWAP,153/3810MB,(cached,2MB),CPU,[8%@1344,0%@1344,0%@1344,0%@1344,0%@1344,0%@1344],GR3D_FREQ,0%,cpu@51.468C,soc2@49.625C,soc0@50.437C,gpu@51.625C,tj@51.625C,soc1@50.593C,VDD_IN,5546mW/5584mW,VDD_CPU_GPU_CV,1305mW/1307mW,VDD_SOC,2376mW/2376mW
07-27-2026,09:37:35,RAM,865/7620MB,(lfb,16x4MB),SWAP,153/3810MB,(cached,2MB),CPU,[9%@1344,0%@1344,0%@1344,0%@1344,0%@1344,0%@1344],GR3D_FREQ,0%,cpu@51.375C,soc2@49.625C,soc0@50.437C,gpu@51.375C,tj@51.375C,soc1@50.562C,VDD_IN,5585mW/5584mW,VDD_CPU_GPU_CV,1305mW/1307mW,VDD_SOC,2376mW/2376mW
07-27-2026,09:37:35,RAM,865/7620MB,(lfb,16x4MB),SWAP,153/3810MB,(cached,2MB),CPU,[0%@1344,0%@1344,0%@1344,0%@1344,0%@1344,0%@1344],GR3D_FREQ,0%,cpu@51.593C,soc2@49.593C,soc0@50.656C,gpu@51.375C,tj@51.593C,soc1@50.687C,VDD_IN,5585mW/5584mW,VDD_CPU_GPU_CV,1305mW/1307mW,VDD_SOC,2376mW/2376mW
07-27-2026,09:37:35,RAM,865/7620MB,(lfb,16x4MB),SWAP,153/3810MB,(cached,2MB),CPU,[9%@1344,0%@1344,8%@1344,0%@1344,0%@1344,0%@1344],GR3D_FREQ,0%,cpu@51.625C,soc2@49.593C,soc0@50.343C,gpu@51.562C,tj@51.625C,soc1@50.687C,VDD_IN,5585mW/5584mW,VDD_CPU_GPU_CV,1305mW/1307mW,VDD_SOC,2376mW/2376mW
07-27-2026,09:37:35,RAM,865/7620MB,(lfb,16x4MB),SWAP,153/3810MB,(cached,2MB),CPU,[0%@1344,0%@1344,0%@1344,0%@1344,0%@1344,9%@1344],GR3D_FREQ,0%,cpu@51.562C,soc2@49.531C,soc0@50.343C,gpu@51.406C,tj@51.562C,soc1@50.937C,VDD_IN,5594mW/5584mW,VDD_CPU_GPU_CV,1305mW/1307mW,VDD_SOC,2376mW/2376mW
07-27-2026,09:37:35,RAM,865/7620MB,(lfb,16x4MB),SWAP,153/3810MB,(cached,2MB),CPU,[0%@1344,0%@1344,0%@1344,0%@1344,0%@1344,0%@1344],GR3D_FREQ,0%,cpu@51.531C,soc2@49.531C,soc0@50.468C,gpu@51.218C,tj@51.531C,soc1@50.656C,VDD_IN,5594mW/5584mW,VDD_CPU_GPU_CV,1305mW/1307mW,VDD_SOC,2376mW/2376mW
07-27-2026,09:37:35,RAM,865/7620MB,(lfb,16x4MB),SWAP,153/3810MB,(cached,2MB),CPU,[0%@1344,0%@1344,0%@1344,0%@1344,0%@1344,0%@1344],GR3D_FREQ,0%,cpu@51.468C,soc2@49.531C,soc0@50.5C,gpu@51.5C,tj@51.5C,soc1@50.593C,VDD_IN,5594mW/5584mW,VDD_CPU_GPU_CV,1305mW/1307mW,VDD_SOC,2376mW/2376mW
07-27-2026,09:37:35,RAM,865/7620MB,(lfb,16x4MB),SWAP,153/3810MB,(cached,2MB),CPU,[0%@1344,0%@1344,0%@1344,0%@1344,0%@1344,0%@1344],GR3D_FREQ,0%,cpu@51.531C,soc2@49.687C,soc0@50.375C,gpu@51.406C,tj@51.531C,soc1@50.718C,VDD_IN,5585mW/5585mW,VDD_CPU_GPU_CV,1305mW/1307mW,VDD_SOC,2376mW/2376mW
07-27-2026,09:37:35,RAM,865/7620MB,(lfb,16x4MB),SWAP,153/3810MB,(cached,2MB),CPU,[0%@1344,0%@1344,0%@1344,0%@1344,0%@1344,0%@1344],GR3D_FREQ,0%,cpu@51.687C,soc2@49.687C,soc0@50.468C,gpu@51.781C,tj@51.781C,soc1@50.937C,VDD_IN,5585mW/5585mW,VDD_CPU_GPU_CV,1305mW/1307mW,VDD_SOC,2376mW/2376mW
07-27-2026,09:37:36,RAM,865/7620MB,(lfb,16x4MB),SWAP,153/3810MB,(cached,2MB),CPU,[9%@1344,0%@1344,0%@1344,0%@1344,0%@1344,0%@1344],GR3D_FREQ,0%,cpu@51.468C,soc2@49.531C,soc0@50.437C,gpu@51.531C,tj@51.531C,soc1@50.468C,VDD_IN,5585mW/5585mW,VDD_CPU_GPU_CV,1305mW/1307mW,VDD_SOC,2376mW/2376mW
07-27-2026,09:37:36,RAM,865/7620MB,(lfb,16x4MB),SWAP,153/3810MB,(cached,2MB),CPU,[0%@1344,0%@1344,0%@1344,0%@1344,9%@1344,0%@1344],GR3D_FREQ,0%,cpu@51.406C,soc2@49.531C,soc0@50.562C,gpu@51.437C,tj@51.437C,soc1@50.593C,VDD_IN,5594mW/5585mW,VDD_CPU_GPU_CV,1305mW/1307mW,VDD_SOC,2376mW/2376mW
07-27-2026,09:37:36,RAM,865/7620MB,(lfb,16x4MB),SWAP,153/3810MB,(cached,2MB),CPU,[0%@1344,0%@1344,0%@1344,0%@1344,0%@1344,0%@1344],GR3D_FREQ,0%,cpu@51.468C,soc2@49.531C,soc0@50.406C,gpu@51.75C,tj@51.75C,soc1@50.656C,VDD_IN,5594mW/5585mW,VDD_CPU_GPU_CV,1305mW/1307mW,VDD_SOC,2376mW/2376mW
07-27-2026,09:37:36,RAM,865/7620MB,(lfb,16x4MB),SWAP,153/3810MB,(cached,2MB),CPU,[0%@1344,0%@1344,0%@1344,0%@1344,0%@1344,0%@1344],GR3D_FREQ,0%,cpu@51.625C,soc2@49.687C,soc0@50.437C,gpu@51.468C,tj@51.625C,soc1@50.875C,VDD_IN,5594mW/5585mW,VDD_CPU_GPU_CV,1305mW/1307mW,VDD_SOC,2376mW/2376mW
07-27-2026,09:37:36,RAM,865/7620MB,(lfb,16x4MB),SWAP,153/3810MB,(cached,2MB),CPU,[0%@1344,0%@1344,0%@1344,8%@1344,0%@1344,0%@1344],GR3D_FREQ,0%,cpu@51.593C,soc2@49.5C,soc0@50.375C,gpu@51.406C,tj@51.562C,soc1@50.5C,VDD_IN,5594mW/5585mW,VDD_CPU_GPU_CV,1307mW/1307mW,VDD_SOC,2376mW/2376mW
07-27-2026,09:37:36,RAM,865/7620MB,(lfb,16x4MB),SWAP,153/3810MB,(cached,2MB),CPU,[0%@1344,0%@1344,0%@1344,0%@1344,0%@1344,0%@1344],GR3D_FREQ,0%,cpu@51.437C,soc2@49.531C,soc0@50.468C,gpu@51.687C,tj@51.687C,soc1@50.656C,VDD_IN,5594mW/5585mW,VDD_CPU_GPU_CV,1307mW/1307mW,VDD_SOC,2376mW/2376mW
07-27-2026,09:37:36,RAM,865/7620MB,(lfb,16x4MB),SWAP,153/3810MB,(cached,2MB),CPU,[0%@1344,0%@1344,0%@1344,0%@1344,0%@1344,0%@1344],GR3D_FREQ,0%,cpu@51.5C,soc2@49.562C,soc0@50.5C,gpu@51.437C,tj@51.5C,soc1@50.718C,VDD_IN,5594mW/5585mW,VDD_CPU_GPU_CV,1307mW/1307mW,VDD_SOC,2376mW/2376mW
07-27-2026,09:37:36,RAM,865/7620MB,(lfb,16x4MB),SWAP,153/3810MB,(cached,2MB),CPU,[0%@1344,0%@1344,0%@1344,0%@1344,0%@1344,0%@1344],GR3D_FREQ,0%,cpu@51.531C,soc2@49.593C,soc0@50.375C,gpu@51.156C,tj@51.531C,soc1@50.75C,VDD_IN,5594mW/5585mW,VDD_CPU_GPU_CV,1307mW/1307mW,VDD_SOC,2376mW/2376mW
07-27-2026,09:37:36,RAM,864/7620MB,(lfb,16x4MB),SWAP,153/3810MB,(cached,2MB),CPU,[0%@1344,0%@1344,0%@1344,0%@1344,0%@1344,0%@1344],GR3D_FREQ,0%,cpu@51.625C,soc2@49.625C,soc0@50.437C,gpu@51.656C,tj@51.656C,soc1@50.812C,VDD_IN,5594mW/5585mW,VDD_CPU_GPU_CV,1305mW/1307mW,VDD_SOC,2376mW/2376mW
07-27-2026,09:37:36,RAM,864/7620MB,(lfb,16x4MB),SWAP,153/3810MB,(cached,2MB),CPU,[0%@1344,0%@1344,0%@1344,0%@1344,0%@1344,0%@1344],GR3D_FREQ,0%,cpu@51.375C,soc2@49.5C,soc0@50.468C,gpu@51.5C,tj@51.5C,soc1@50.562C,VDD_IN,5594mW/5586mW,VDD_CPU_GPU_CV,1307mW/1307mW,VDD_SOC,2376mW/2376mW
07-27-2026,09:37:37,RAM,864/7620MB,(lfb,16x4MB),SWAP,153/3810MB,(cached,2MB),CPU,[0%@1344,0%@1344,0%@1344,0%@1344,0%@1344,0%@1344],GR3D_FREQ,0%,cpu@51.437C,soc2@49.593C,soc0@50.562C,gpu@51.781C,tj@51.781C,soc1@50.593C,VDD_IN,5555mW/5585mW,VDD_CPU_GPU_CV,1307mW/1307mW,VDD_SOC,2376mW/2376mW
07-27-2026,09:37:37,RAM,864/7620MB,(lfb,16x4MB),SWAP,153/3810MB,(cached,2MB),CPU,[0%@1344,0%@1344,0%@1344,0%@1344,0%@1344,0%@1344],GR3D_FREQ,0%,cpu@51.531C,soc2@49.593C,soc0@50.531C,gpu@51.593C,tj@51.593C,soc1@50.687C,VDD_IN,5555mW/5585mW,VDD_CPU_GPU_CV,1307mW/1307mW,VDD_SOC,2376mW/2376mW
07-27-2026,09:37:37,RAM,864/7620MB,(lfb,16x4MB),SWAP,153/3810MB,(cached,2MB),CPU,[0%@1344,0%@1344,0%@1344,0%@1344,0%@1344,0%@1344],GR3D_FREQ,0%,cpu@51.656C,soc2@49.75C,soc0@50.343C,gpu@51.5C,tj@51.656C,soc1@50.687C,VDD_IN,5594mW/5585mW,VDD_CPU_GPU_CV,1305mW/1307mW,VDD_SOC,2376mW/2376mW
07-27-2026,09:37:37,RAM,865/7620MB,(lfb,16x4MB),SWAP,153/3810MB,(cached,2MB),CPU,[0%@1344,0%@1344,0%@1344,0%@1344,0%@1344,0%@1344],GR3D_FREQ,0%,cpu@51.656C,soc2@49.593C,soc0@50.406C,gpu@51.75C,tj@51.75C,soc1@50.531C,VDD_IN,5594mW/5585mW,VDD_CPU_GPU_CV,1305mW/1307mW,VDD_SOC,2376mW/2376mW
07-27-2026,09:37:37,RAM,864/7620MB,(lfb,16x4MB),SWAP,153/3810MB,(cached,2MB),CPU,[9%@1344,0%@1344,8%@1344,0%@1344,0%@1344,9%@1344],GR3D_FREQ,0%,cpu@51.437C,soc2@49.625C,soc0@50.406C,gpu@51.531C,tj@51.531C,soc1@50.468C,VDD_IN,5594mW/5585mW,VDD_CPU_GPU_CV,1307mW/1307mW,VDD_SOC,2376mW/2376mW
07-27-2026,09:37:37,RAM,864/7620MB,(lfb,16x4MB),SWAP,153/3810MB,(cached,2MB),CPU,[0%@1344,0%@1344,0%@1344,0%@1344,0%@1344,0%@1344],GR3D_FREQ,0%,cpu@51.531C,soc2@49.531C,soc0@50.5C,gpu@51.218C,tj@51.531C,soc1@50.562C,VDD_IN,5594mW/5585mW,VDD_CPU_GPU_CV,1305mW/1307mW,VDD_SOC,2376mW/2376mW
07-27-2026,09:37:37,RAM,864/7620MB,(lfb,16x4MB),SWAP,153/3810MB,(cached,2MB),CPU,[0%@1344,0%@1344,0%@1344,0%@1344,0%@1344,0%@1344],GR3D_FREQ,0%,cpu@51.625C,soc2@49.625C,soc0@50.375C,gpu@51.75C,tj@51.75C,soc1@50.687C,VDD_IN,5594mW/5585mW,VDD_CPU_GPU_CV,1307mW/1307mW,VDD_SOC,2376mW/2376mW
07-27-2026,09:37:37,RAM,864/7620MB,(lfb,16x4MB),SWAP,153/3810MB,(cached,2MB),CPU,[9%@1344,0%@1344,0%@1344,0%@1344,0%@1344,0%@1344],GR3D_FREQ,0%,cpu@51.562C,soc2@49.406C,soc0@50.312C,gpu@51.531C,tj@51.562C,soc1@50.843C,VDD_IN,5594mW/5585mW,VDD_CPU_GPU_CV,1307mW/1307mW,VDD_SOC,2376mW/2376mW
07-27-2026,09:37:37,RAM,864/7620MB,(lfb,16x4MB),SWAP,153/3810MB,(cached,2MB),CPU,[0%@1344,0%@1344,0%@1344,0%@1344,0%@1344,0%@1344],GR3D_FREQ,0%,cpu@51.718C,soc2@49.468C,soc0@50.468C,gpu@51.218C,tj@51.437C,soc1@50.437C,VDD_IN,5594mW/5586mW,VDD_CPU_GPU_CV,1307mW/1307mW,VDD_SOC,2376mW/2376mW
07-27-2026,09:37:38,RAM,864/7620MB,(lfb,16x4MB),SWAP,153/3810MB,(cached,2MB),CPU,[0%@1344,0%@1344,0%@1344,0%@1344,0%@1344,0%@1344],GR3D_FREQ,0%,cpu@51.468C,soc2@49.593C,soc0@50.5C,gpu@51.687C,tj@51.687C,soc1@50.625C,VDD_IN,5555mW/5585mW,VDD_CPU_GPU_CV,1307mW/1307mW,VDD_SOC,2376mW/2376mW
07-27-2026,09:37:38,RAM,864/7620MB,(lfb,16x4MB),SWAP,153/3810MB,(cached,2MB),CPU,[0%@1344,0%@1344,0%@1344,0%@1344,0%@1344,0%@1344],GR3D_FREQ,0%,cpu@51.5C,soc2@49.625C,soc0@50.531C,gpu@51.5C,tj@51.5C,soc1@50.687C,VDD_IN,5555mW/5585mW,VDD_CPU_GPU_CV,1307mW/1307mW,VDD_SOC,2376mW/2376mW
07-27-2026,09:37:38,RAM,864/7620MB,(lfb,16x4MB),SWAP,153/3810MB,(cached,2MB),CPU,[0%@1344,0%@1344,0%@1344,0%@1344,0%@1344,0%@1344],GR3D_FREQ,0%,cpu@51.562C,soc2@49.656C,soc0@50.375C,gpu@51.187C,tj@51.562C,soc1@50.687C,VDD_IN,5594mW/5585mW,VDD_CPU_GPU_CV,1307mW/1307mW,VDD_SOC,2376mW/2376mW
07-27-2026,09:37:38,RAM,864/7620MB,(lfb,16x4MB),SWAP,153/3810MB,(cached,2MB),CPU,[0%@1344,0%@1344,0%@1344,0%@1344,0%@1344,0%@1344],GR3D_FREQ,0%,cpu@51.718C,soc2@49.5C,soc0@50.406C,gpu@51.687C,tj@51.718C,soc1@50.5C,VDD_IN,5594mW/5585mW,VDD_CPU_GPU_CV,1307mW/1307mW,VDD_SOC,2376mW/2376mW
07-27-2026,09:37:38,RAM,865/7620MB,(lfb,16x4MB),SWAP,153/3810MB,(cached,2MB),CPU,[0%@1344,0%@1344,0%@1344,0%@1344,0%@1344,0%@1344],GR3D_FREQ,0%,cpu@51.468C,soc2@49.593C,soc0@50.406C,gpu@51.218C,tj@51.531C,soc1@50.625C,VDD_IN,5594mW/5585mW,VDD_CPU_GPU_CV,1307mW/1307mW,VDD_SOC,2376mW/2376mW
07-27-2026,09:37:38,RAM,865/7620MB,(lfb,16x4MB),SWAP,153/3810MB,(cached,2MB),CPU,[0%@1344,0%@1344,0%@1344,0%@1344,0%@1344,0%@1344],GR3D_FREQ,0%,cpu@51.593C,soc2@49.593C,soc0@50.531C,gpu@51.187C,tj@51.593C,soc1@50.593C,VDD_IN,5594mW/5585mW,VDD_CPU_GPU_CV,1307mW/1307mW,VDD_SOC,2376mW/2376mW
07-27-2026,09:37:38,RAM,865/7620MB,(lfb,16x4MB),SWAP,153/3810MB,(cached,2MB),CPU,[9%@1344,0%@1344,0%@1344,0%@1344,0%@1344,0%@1344],GR3D_FREQ,0%,cpu@51.593C,soc2@49.531C,soc0@50.625C,gpu@51.562C,tj@51.593C,soc1@50.625C,VDD_IN,5594mW/5585mW,VDD_CPU_GPU_CV,1307mW/1307mW,VDD_SOC,2376mW/2376mW
07-27-2026,09:37:38,RAM,864/7620MB,(lfb,16x4MB),SWAP,153/3810MB,(cached,2MB),CPU,[0%@1344,0%@1344,0%@1344,0%@1344,0%@1344,0%@1344],GR3D_FREQ,0%,cpu@51.687C,soc2@49.437C,soc0@50.281C,gpu@51.281C,tj@51.687C,soc1@50.437C,VDD_IN,5594mW/5585mW,VDD_CPU_GPU_CV,1307mW/1307mW,VDD_SOC,2376mW/2376mW
07-27-2026,09:37:38,RAM,864/7620MB,(lfb,16x4MB),SWAP,153/3810MB,(cached,2MB),CPU,[0%@1344,8%@1344,0%@1344,0%@1344,0%@1344,0%@1344],GR3D_FREQ,0%,cpu@51.718C,soc2@49.5C,soc0@50.5C,gpu@51.843C,tj@51.843C,soc1@50.406C,VDD_IN,5594mW/5585mW,VDD_CPU_GPU_CV,1307mW/1307mW,VDD_SOC,2376mW/2376mW
07-27-2026,09:37:38,RAM,864/7620MB,(lfb,16x4MB),SWAP,153/3810MB,(cached,2MB),CPU,[0%@1344,0%@1344,0%@1344,0%@1344,0%@1344,0%@1344],GR3D_FREQ,0%,cpu@51.5C,soc2@49.656C,soc0@50.5C,gpu@51.687C,tj@51.687C,soc1@50.625C,VDD_IN,5594mW/5586mW,VDD_CPU_GPU_CV,1307mW/1307mW,VDD_SOC,2376mW/2376mW
07-27-2026,09:37:39,RAM,864/7620MB,(lfb,16x4MB),SWAP,153/3810MB,(cached,2MB),CPU,[0%@1344,0%@1344,0%@1344,0%@1344,0%@1344,0%@1344],GR3D_FREQ,0%,cpu@51.468C,soc2@49.625C,soc0@50.718C,gpu@51.25C,tj@51.468C,soc1@50.625C,VDD_IN,5555mW/5585mW,VDD_CPU_GPU_CV,1307mW/1307mW,VDD_SOC,2376mW/2376mW
07-27-2026,09:37:39,RAM,864/7620MB,(lfb,16x4MB),SWAP,153/3810MB,(cached,2MB),CPU,[0%@1344,0%@1344,0%@1344,0%@1344,0%@1344,0%@1344],GR3D_FREQ,0%,cpu@51.625C,soc2@49.656C,soc0@50.343C,gpu@51.781C,tj@51.781C,soc1@50.625C,VDD_IN,5555mW/5585mW,VDD_CPU_GPU_CV,1307mW/1307mW,VDD_SOC,2376mW/2376mW
07-27-2026,09:37:39,RAM,864/7620MB,(lfb,16x4MB),SWAP,153/3810MB,(cached,2MB),CPU,[0%@1344,0%@1344,0%@1344,0%@1344,0%@1344,0%@1344],GR3D_FREQ,0%,cpu@51.656C,soc2@49.468C,soc0@50.375C,gpu@51.593C,tj@51.656C,soc1@50.562C,VDD_IN,5555mW/5585mW,VDD_CPU_GPU_CV,1307mW/1307mW,VDD_SOC,2376mW/2376mW
07-27-2026,09:37:39,RAM,864/7620MB,(lfb,16x4MB),SWAP,153/3810MB,(cached,2MB),CPU,[0%@1344,0%@1344,0%@1344,0%@1344,0%@1344,0%@1344],GR3D_FREQ,0%,cpu@51.562C,soc2@49.562C,soc0@50.437C,gpu@51.25C,tj@51.562C,soc1@50.531C,VDD_IN,5555mW/5584mW,VDD_CPU_GPU_CV,1307mW/1307mW,VDD_SOC,2376mW/2376mW
07-27-2026,09:37:39,RAM,864/7620MB,(lfb,16x4MB),SWAP,153/3810MB,(cached,2MB),CPU,[0%@1344,0%@1344,0%@1344,0%@1344,0%@1344,9%@1344],GR3D_FREQ,0%,cpu@51.531C,soc2@49.5C,soc0@50.531C,gpu@51.687C,tj@51.687C,soc1@50.593C,VDD_IN,5594mW/5585mW,VDD_CPU_GPU_CV,1307mW/1307mW,VDD_SOC,2376mW/2376mW
07-27-2026,09:37:39,RAM,864/7620MB,(lfb,16x4MB),SWAP,153/3810MB,(cached,2MB),CPU,[0%@1344,0%@1344,0%@1344,0%@1344,0%@1344,0%@1344],GR3D_FREQ,0%,cpu@51.687C,soc2@49.593C,soc0@50.718C,gpu@51.281C,tj@51.687C,soc1@50.687C,VDD_IN,5594mW/5585mW,VDD_CPU_GPU_CV,1307mW/1307mW,VDD_SOC,2376mW/2376mW
07-27-2026,09:37:39,RAM,864/7620MB,(lfb,16x4MB),SWAP,153/3810MB,(cached,2MB),CPU,[0%@1344,0%@1344,0%@1344,0%@1344,0%@1344,0%@1344],GR3D_FREQ,0%,cpu@51.75C,soc2@49.625C,soc0@50.375C,gpu@51.281C,tj@51.75C,soc1@50.843C,VDD_IN,5594mW/5585mW,VDD_CPU_GPU_CV,1307mW/1307mW,VDD_SOC,2376mW/2376mW
07-27-2026,09:37:39,RAM,864/7620MB,(lfb,16x4MB),SWAP,153/3810MB,(cached,2MB),CPU,[0%@1344,0%@1344,0%@1344,0%@1344,0%@1344,0%@1344],GR3D_FREQ,0%,cpu@51.375C,soc2@49.5C,soc0@50.437C,gpu@51.687C,tj@51.687C,soc1@50.562C,VDD_IN,5594mW/5585mW,VDD_CPU_GPU_CV,1307mW/1307mW,VDD_SOC,2376mW/2376mW
07-27-2026,09:37:39,RAM,864/7620MB,(lfb,16x4MB),SWAP,153/3810MB,(cached,2MB),CPU,[0%@1344,0%@1344,0%@1344,0%@1344,0%@1344,0%@1344],GR3D_FREQ,0%,cpu@51.531C,soc2@49.531C,soc0@50.531C,gpu@51.281C,tj@51.531C,soc1@50.5C,VDD_IN,5594mW/5585mW,VDD_CPU_GPU_CV,1307mW/1307mW,VDD_SOC,2376mW/2376mW
07-27-2026,09:37:40,RAM,864/7620MB,(lfb,16x4MB),SWAP,153/3810MB,(cached,2MB),CPU,[0%@1344,8%@1344,0%@1344,0%@1344,0%@1344,0%@1344],GR3D_FREQ,0%,cpu@51.468C,soc2@49.531C,soc0@50.531C,gpu@51.187C,tj@51.562C,soc1@50.593C,VDD_IN,5555mW/5585mW,VDD_CPU_GPU_CV,1307mW/1307mW,VDD_SOC,2376mW/2376mW
07-27-2026,09:37:40,RAM,864/7620MB,(lfb,16x4MB),SWAP,153/3810MB,(cached,2MB),CPU,[0%@1344,0%@1344,0%@1344,0%@1344,0%@1344,0%@1344],GR3D_FREQ,0%,cpu@51.687C,soc2@49.625C,soc0@50.312C,gpu@51.656C,tj@51.687C,soc1@50.75C,VDD_IN,5555mW/5584mW,VDD_CPU_GPU_CV,1307mW/1307mW,VDD_SOC,2376mW/2376mW
07-27-2026,09:37:40,RAM,864/7620MB,(lfb,16x4MB),SWAP,153/3810MB,(cached,2MB),CPU,[0%@1344,9%@1344,0%@1344,0%@1344,0%@1344,0%@1344],GR3D_FREQ,0%,cpu@51.75C,soc2@49.531C,soc0@50.437C,gpu@51.25C,tj@51.625C,soc1@50.468C,VDD_IN,5555mW/5584mW,VDD_CPU_GPU_CV,1307mW/1307mW,VDD_SOC,2376mW/2376mW
07-27-2026,09:37:40,RAM,864/7620MB,(lfb,16x4MB),SWAP,153/3810MB,(cached,2MB),CPU,[9%@1344,8%@1344,0%@1344,0%@1344,0%@1344,0%@1344],GR3D_FREQ,0%,cpu@51.5C,soc2@49.5C,soc0@50.406C,gpu@51.187C,tj@51.5C,soc1@50.5C,VDD_IN,5555mW/5584mW,VDD_CPU_GPU_CV,1307mW/1307mW,VDD_SOC,2376mW/2376mW
07-27-2026,09:37:40,RAM,864/7620MB,(lfb,16x4MB),SWAP,153/3810MB,(cached,2MB),CPU,[0%@1344,0%@1344,0%@1344,0%@1344,9%@1344,0%@1344],GR3D_FREQ,0%,cpu@51.468C,soc2@49.5C,soc0@50.531C,gpu@51.343C,tj@51.468C,soc1@50.531C,VDD_IN,5594mW/5584mW,VDD_CPU_GPU_CV,1307mW/1307mW,VDD_SOC,2376mW/2376mW
07-27-2026,09:37:40,RAM,864/7620MB,(lfb,16x4MB),SWAP,153/3810MB,(cached,2MB),CPU,[0%@1344,0%@1344,0%@1344,0%@1344,0%@1344,0%@1344],GR3D_FREQ,0%,cpu@51.687C,soc2@49.687C,soc0@50.375C,gpu@51.218C,tj@51.687C,soc1@50.75C,VDD_IN,5594mW/5584mW,VDD_CPU_GPU_CV,1307mW/1307mW,VDD_SOC,2376mW/2376mW
07-27-2026,09:37:40,RAM,864/7620MB,(lfb,16x4MB),SWAP,153/3810MB,(cached,2MB),CPU,[8%@1344,0%@1344,0%@1344,0%@1344,0%@1344,0%@1344],GR3D_FREQ,0%,cpu@51.75C,soc2@49.562C,soc0@50.375C,gpu@51.781C,tj@51.781C,soc1@50.843C,VDD_IN,5594mW/5584mW,VDD_CPU_GPU_CV,1307mW/1307mW,VDD_SOC,2376mW/2376mW
07-27-2026,09:37:40,RAM,864/7620MB,(lfb,16x4MB),SWAP,153/3810MB,(cached,2MB),CPU,[0%@1344,0%@1344,0%@1344,0%@1344,0%@1344,0%@1344],GR3D_FREQ,0%,cpu@51.625C,soc2@49.5C,soc0@50.468C,gpu@51.375C,tj@51.5C,soc1@50.531C,VDD_IN,5594mW/5584mW,VDD_CPU_GPU_CV,1307mW/1307mW,VDD_SOC,2376mW/2376mW
07-27-2026,09:37:40,RAM,864/7620MB,(lfb,16x4MB),SWAP,153/3810MB,(cached,2MB),CPU,[0%@1344,0%@1344,0%@1344,0%@1344,0%@1344,0%@1344],GR3D_FREQ,0%,cpu@51.437C,soc2@49.5C,soc0@50.468C,gpu@51.343C,tj@51.437C,soc1@50.531C,VDD_IN,5594mW/5584mW,VDD_CPU_GPU_CV,1307mW/1307mW,VDD_SOC,2376mW/2376mW
07-27-2026,09:37:40,RAM,864/7620MB,(lfb,16x4MB),SWAP,153/3810MB,(cached,2MB),CPU,[0%@1344,0%@1344,0%@1344,0%@1344,0%@1344,0%@1344],GR3D_FREQ,0%,cpu@51.687C,soc2@49.593C,soc0@50.687C,gpu@51.75C,tj@51.75C,soc1@50.656C,VDD_IN,5555mW/5584mW,VDD_CPU_GPU_CV,1307mW/1307mW,VDD_SOC,2376mW/2376mW
07-27-2026,09:37:41,RAM,864/7620MB,(lfb,16x4MB),SWAP,153/3810MB,(cached,2MB),CPU,[0%@1344,0%@1344,0%@1344,0%@1344,0%@1344,0%@1344],GR3D_FREQ,0%,cpu@51.593C,soc2@49.625C,soc0@50.343C,gpu@51.343C,tj@51.593C,soc1@50.812C,VDD_IN,5555mW/5584mW,VDD_CPU_GPU_CV,1307mW/1307mW,VDD_SOC,2376mW/2376mW
07-27-2026,09:37:41,RAM,864/7620MB,(lfb,16x4MB),SWAP,153/3810MB,(cached,2MB),CPU,[0%@1344,0%@1344,0%@1344,0%@1344,0%@1344,0%@1344],GR3D_FREQ,0%,cpu@51.781C,soc2@49.468C,soc0@50.468C,gpu@51.187C,tj@51.593C,soc1@50.5C,VDD_IN,5555mW/5584mW,VDD_CPU_GPU_CV,1307mW/1307mW,VDD_SOC,2376mW/2376mW
07-27-2026,09:37:41,RAM,864/7620MB,(lfb,16x4MB),SWAP,153/3810MB,(cached,2MB),CPU,[0%@1344,0%@1344,0%@1344,0%@1344,0%@1344,0%@1344],GR3D_FREQ,0%,cpu@51.375C,soc2@49.5C,soc0@50.5C,gpu@51.375C,tj@51.75C,soc1@50.5C,VDD_IN,5555mW/5583mW,VDD_CPU_GPU_CV,1307mW/1307mW,VDD_SOC,2376mW/2376mW
07-27-2026,09:37:41,RAM,864/7620MB,(lfb,16x4MB),SWAP,153/3810MB,(cached,2MB),CPU,[0%@1344,0%@1344,0%@1344,0%@1344,0%@1344,0%@1344],GR3D_FREQ,0%,cpu@51.437C,soc2@49.531C,soc0@50.531C,gpu@51.25C,tj@51.437C,soc1@50.593C,VDD_IN,5555mW/5583mW,VDD_CPU_GPU_CV,1307mW/1307mW,VDD_SOC,2376mW/2376mW
07-27-2026,09:37:41,RAM,864/7620MB,(lfb,16x4MB),SWAP,153/3810MB,(cached,2MB),CPU,[0%@1344,0%@1344,9%@1344,9%@1344,0%@1344,0%@1344],GR3D_FREQ,0%,cpu@51.718C,soc2@49.656C,soc0@50.343C,gpu@51.218C,tj@51.718C,soc1@50.718C,VDD_IN,5594mW/5583mW,VDD_CPU_GPU_CV,1307mW/1307mW,VDD_SOC,2376mW/2376mW
07-27-2026,09:37:41,RAM,864/7620MB,(lfb,16x4MB),SWAP,153/3810MB,(cached,2MB),CPU,[0%@1344,0%@1344,0%@1344,0%@1344,0%@1344,0%@1344],GR3D_FREQ,0%,cpu@51.812C,soc2@49.531C,soc0@50.437C,gpu@51.343C,tj@51.812C,soc1@50.843C,VDD_IN,5594mW/5583mW,VDD_CPU_GPU_CV,1307mW/1307mW,VDD_SOC,2376mW/2376mW
07-27-2026,09:37:41,RAM,864/7620MB,(lfb,16x4MB),SWAP,153/3810MB,(cached,2MB),CPU,[0%@1344,0%@1344,0%@1344,0%@1344,0%@1344,0%@1344],GR3D_FREQ,0%,cpu@51.468C,soc2@49.531C,soc0@50.437C,gpu@51.218C,tj@51.468C,soc1@50.437C,VDD_IN,5594mW/5583mW,VDD_CPU_GPU_CV,1307mW/1307mW,VDD_SOC,2376mW/2376mW
07-27-2026,09:37:41,RAM,864/7620MB,(lfb,16x4MB),SWAP,153/3810MB,(cached,2MB),CPU,[0%@1344,0%@1344,0%@1344,0%@1344,0%@1344,0%@1344],GR3D_FREQ,0%,cpu@51.468C,soc2@49.531C,soc0@50.562C,gpu@51.218C,tj@51.468C,soc1@50.531C,VDD_IN,5594mW/5583mW,VDD_CPU_GPU_CV,1307mW/1307mW,VDD_SOC,2376mW/2376mW
07-27-2026,09:37:41,RAM,864/7620MB,(lfb,16x4MB),SWAP,153/3810MB,(cached,2MB),CPU,[0%@1344,0%@1344,0%@1344,0%@1344,0%@1344,0%@1344],GR3D_FREQ,0%,cpu@51.468C,soc2@49.593C,soc0@50.656C,gpu@51.25C,tj@51.468C,soc1@50.687C,VDD_IN,5594mW/5584mW,VDD_CPU_GPU_CV,1307mW/1307mW,VDD_SOC,2376mW/2376mW
07-27-2026,09:37:42,RAM,864/7620MB,(lfb,16x4MB),SWAP,153/3810MB,(cached,2MB),CPU,[0%@1344,8%@1344,0%@1344,0%@1344,0%@1344,0%@1344],GR3D_FREQ,0%,cpu@51.625C,soc2@49.687C,soc0@50.343C,gpu@51.187C,tj@51.625C,soc1@50.781C,VDD_IN,5555mW/5583mW,VDD_CPU_GPU_CV,1307mW/1307mW,VDD_SOC,2376mW/2376mW
07-27-2026,09:37:42,RAM,864/7620MB,(lfb,16x4MB),SWAP,153/3810MB,(cached,2MB),CPU,[0%@1344,0%@1344,0%@1344,0%@1344,0%@1344,0%@1344],GR3D_FREQ,0%,cpu@51.812C,soc2@49.531C,soc0@50.437C,gpu@51.375C,tj@51.812C,soc1@50.75C,VDD_IN,5555mW/5583mW,VDD_CPU_GPU_CV,1307mW/1307mW,VDD_SOC,2376mW/2376mW
07-27-2026,09:37:42,RAM,864/7620MB,(lfb,16x4MB),SWAP,153/3810MB,(cached,2MB),CPU,[0%@1344,0%@1344,0%@1344,0%@1344,0%@1344,0%@1344],GR3D_FREQ,0%,cpu@51.531C,soc2@49.468C,soc0@50.343C,gpu@51.25C,tj@51.531C,soc1@50.531C,VDD_IN,5555mW/5583mW,VDD_CPU_GPU_CV,1307mW/1307mW,VDD_SOC,2376mW/2376mW
07-27-2026,09:37:42,RAM,864/7620MB,(lfb,16x4MB),SWAP,153/3810MB,(cached,2MB),CPU,[0%@1344,0%@1344,0%@1344,0%@1344,0%@1344,0%@1344],GR3D_FREQ,0%,cpu@51.468C,soc2@49.531C,soc0@50.468C,gpu@51.218C,tj@51.468C,soc1@50.625C,VDD_IN,5555mW/5583mW,VDD_CPU_GPU_CV,1307mW/1307mW,VDD_SOC,2376mW/2376mW
07-27-2026,09:37:42,RAM,864/7620MB,(lfb,16x4MB),SWAP,153/3810MB,(cached,2MB),CPU,[0%@1344,0%@1344,0%@1344,0%@1344,0%@1344,0%@1344],GR3D_FREQ,0%,cpu@51.562C,soc2@49.625C,soc0@50.25C,gpu@51.343C,tj@51.562C,soc1@50.687C,VDD_IN,5555mW/5582mW,VDD_CPU_GPU_CV,1307mW/1307mW,VDD_SOC,2376mW/2376mW
07-27-2026,09:37:42,RAM,864/7620MB,(lfb,16x4MB),SWAP,153/3810MB,(cached,2MB),CPU,[0%@1344,0%@1344,0%@1344,0%@1344,0%@1344,8%@1344],GR3D_FREQ,0%,cpu@51.812C,soc2@49.718C,soc0@50.437C,gpu@51.281C,tj@51.812C,soc1@50.781C,VDD_IN,5594mW/5583mW,VDD_CPU_GPU_CV,1307mW/1307mW,VDD_SOC,2376mW/2376mW
07-27-2026,09:37:42,RAM,864/7620MB,(lfb,16x4MB),SWAP,153/3810MB,(cached,2MB),CPU,[0%@1344,0%@1344,0%@1344,0%@1344,0%@1344,0%@1344],GR3D_FREQ,0%,cpu@51.937C,soc2@49.531C,soc0@50.375C,gpu@51.218C,tj@51.937C,soc1@50.531C,VDD_IN,5594mW/5583mW,VDD_CPU_GPU_CV,1307mW/1307mW,VDD_SOC,2376mW/2376mW
07-27-2026,09:37:42,RAM,864/7620MB,(lfb,16x4MB),SWAP,153/3810MB,(cached,2MB),CPU,[0%@1344,0%@1344,0%@1344,0%@1344,0%@1344,0%@1344],GR3D_FREQ,0%,cpu@51.437C,soc2@49.625C,soc0@50.468C,gpu@51.406C,tj@51.437C,soc1@50.656C,VDD_IN,5594mW/5583mW,VDD_CPU_GPU_CV,1305mW/1307mW,VDD_SOC,2376mW/2376mW
07-27-2026,09:37:42,RAM,864/7620MB,(lfb,16x4MB),SWAP,153/3810MB,(cached,2MB),CPU,[0%@1344,0%@1344,0%@1344,0%@1344,0%@1344,0%@1344],GR3D_FREQ,0%,cpu@51.562C,soc2@49.531C,soc0@50.562C,gpu@51.125C,tj@51.562C,soc1@50.562C,VDD_IN,5585mW/5583mW,VDD_CPU_GPU_CV,1305mW/1307mW,VDD_SOC,2376mW/2376mW
07-27-2026,09:37:42,RAM,864/7620MB,(lfb,16x4MB),SWAP,153/3810MB,(cached,2MB),CPU,[0%@1344,0%@1344,0%@1344,0%@1344,0%@1344,0%@1344],GR3D_FREQ,0%,cpu@51.687C,soc2@49.656C,soc0@50.312C,gpu@51.468C,tj@51.687C,soc1@50.687C,VDD_IN,5594mW/5583mW,VDD_CPU_GPU_CV,1305mW/1307mW,VDD_SOC,2376mW/2376mW
07-27-2026,09:37:43,RAM,864/7620MB,(lfb,16x4MB),SWAP,153/3810MB,(cached,2MB),CPU,[0%@1344,0%@1344,0%@1344,0%@1344,0%@1344,0%@1344],GR3D_FREQ,0%,cpu@51.906C,soc2@49.593C,soc0@50.406C,gpu@51.312C,tj@51.906C,soc1@50.5C,VDD_IN,5555mW/5583mW,VDD_CPU_GPU_CV,1307mW/1307mW,VDD_SOC,2376mW/2376mW
07-27-2026,09:37:43,RAM,864/7620MB,(lfb,16x4MB),SWAP,153/3810MB,(cached,2MB),CPU,[0%@1344,0%@1344,0%@1344,0%@1344,0%@1344,0%@1344],GR3D_FREQ,0%,cpu@51.468C,soc2@49.531C,soc0@50.437C,gpu@51.25C,tj@51.468C,soc1@50.656C,VDD_IN,5555mW/5582mW,VDD_CPU_GPU_CV,1307mW/1307mW,VDD_SOC,2376mW/2376mW
07-27-2026,09:37:43,RAM,864/7620MB,(lfb,16x4MB),SWAP,153/3810MB,(cached,2MB),CPU,[9%@1344,0%@1344,0%@1344,0%@1344,0%@1344,0%@1344],GR3D_FREQ,0%,cpu@51.593C,soc2@49.531C,soc0@50.562C,gpu@51.562C,tj@51.593C,soc1@50.656C,VDD_IN,5555mW/5582mW,VDD_CPU_GPU_CV,1307mW/1307mW,VDD_SOC,2376mW/2376mW
07-27-2026,09:37:43,RAM,864/7620MB,(lfb,16x4MB),SWAP,153/3810MB,(cached,2MB),CPU,[0%@1344,0%@1344,0%@1344,0%@1344,0%@1344,0%@1344],GR3D_FREQ,0%,cpu@51.656C,soc2@49.687C,soc0@50.312C,gpu@51.25C,tj@51.656C,soc1@50.687C,VDD_IN,5594mW/5582mW,VDD_CPU_GPU_CV,1307mW/1307mW,VDD_SOC,2376mW/2376mW
07-27-2026,09:37:43,RAM,864/7620MB,(lfb,16x4MB),SWAP,153/3810MB,(cached,2MB),CPU,[0%@1344,0%@1344,0%@1344,0%@1344,0%@1344,8%@1344],GR3D_FREQ,0%,cpu@51.781C,soc2@49.656C,soc0@50.343C,gpu@51.218C,tj@51.781C,soc1@50.875C,VDD_IN,5594mW/5582mW,VDD_CPU_GPU_CV,1307mW/1307mW,VDD_SOC,2376mW/2376mW
07-27-2026,09:37:43,RAM,864/7620MB,(lfb,16x4MB),SWAP,153/3810MB,(cached,2MB),CPU,[0%@1344,0%@1344,0%@1344,0%@1344,0%@1344,0%@1344],GR3D_FREQ,0%,cpu@51.937C,soc2@49.656C,soc0@50.437C,gpu@51.437C,tj@51.437C,soc1@50.437C,VDD_IN,5594mW/5582mW,VDD_CPU_GPU_CV,1307mW/1307mW,VDD_SOC,2376mW/2376mW
07-27-2026,09:37:43,RAM,864/7620MB,(lfb,16x4MB),SWAP,153/3810MB,(cached,2MB),CPU,[0%@1344,0%@1344,0%@1344,0%@1344,0%@1344,0%@1344],GR3D_FREQ,0%,cpu@51.437C,soc2@49.593C,soc0@50.468C,gpu@51.375C,tj@51.437C,soc1@50.531C,VDD_IN,5594mW/5583mW,VDD_CPU_GPU_CV,1307mW/1307mW,VDD_SOC,2376mW/2376mW
07-27-2026,09:37:43,RAM,864/7620MB,(lfb,16x4MB),SWAP,153/3810MB,(cached,2MB),CPU,[0%@1344,0%@1344,0%@1344,0%@1344,0%@1344,0%@1344],GR3D_FREQ,0%,cpu@51.75C,soc2@49.593C,soc0@50.468C,gpu@51.218C,tj@51.75C,soc1@50.656C,VDD_IN,5594mW/5583mW,VDD_CPU_GPU_CV,1307mW/1307mW,VDD_SOC,2376mW/2376mW
07-27-2026,09:37:43,RAM,864/7620MB,(lfb,16x4MB),SWAP,153/3810MB,(cached,2MB),CPU,[0%@1344,0%@1344,0%@1344,0%@1344,0%@1344,0%@1344],GR3D_FREQ,0%,cpu@51.656C,soc2@49.656C,soc0@50.375C,gpu@51.343C,tj@51.656C,soc1@50.656C,VDD_IN,5594mW/5583mW,VDD_CPU_GPU_CV,1307mW/1307mW,VDD_SOC,2376mW/2376mW
07-27-2026,09:37:44,RAM,864/7620MB,(lfb,16x4MB),SWAP,153/3810MB,(cached,2MB),CPU,[0%@1344,0%@1344,0%@1344,0%@1344,0%@1344,0%@1344],GR3D_FREQ,0%,cpu@51.75C,soc2@49.5C,soc0@50.375C,gpu@51.343C,tj@51.75C,soc1@50.593C,VDD_IN,5594mW/5583mW,VDD_CPU_GPU_CV,1307mW/1307mW,VDD_SOC,2376mW/2376mW
07-27-2026,09:37:44,RAM,864/7620MB,(lfb,16x4MB),SWAP,153/3810MB,(cached,2MB),CPU,[0%@1344,0%@1344,0%@1344,0%@1344,0%@1344,0%@1344],GR3D_FREQ,0%,cpu@51.437C,soc2@49.531C,soc0@50.468C,gpu@51.25C,tj@51.437C,soc1@50.531C,VDD_IN,5594mW/5583mW,VDD_CPU_GPU_CV,1307mW/1307mW,VDD_SOC,2376mW/2376mW
07-27-2026,09:37:44,RAM,864/7620MB,(lfb,16x4MB),SWAP,153/3810MB,(cached,2MB),CPU,[0%@1344,0%@1344,0%@1344,0%@1344,0%@1344,0%@1344],GR3D_FREQ,0%,cpu@51.5C,soc2@49.625C,soc0@50.5C,gpu@51.406C,tj@51.5C,soc1@50.625C,VDD_IN,5594mW/5583mW,VDD_CPU_GPU_CV,1307mW/1307mW,VDD_SOC,2376mW/2376mW
07-27-2026,09:37:44,RAM,864/7620MB,(lfb,16x4MB),SWAP,153/3810MB,(cached,2MB),CPU,[0%@1344,0%@1344,0%@1344,0%@1344,0%@1344,0%@1344],GR3D_FREQ,0%,cpu@51.625C,soc2@49.625C,soc0@50.25C,gpu@51.25C,tj@51.625C,soc1@50.687C,VDD_IN,5555mW/5583mW,VDD_CPU_GPU_CV,1307mW/1307mW,VDD_SOC,2376mW/2376mW
07-27-2026,09:37:44,RAM,864/7620MB,(lfb,16x4MB),SWAP,153/3810MB,(cached,2MB),CPU,[0%@1344,0%@1344,0%@1344,0%@1344,0%@1344,0%@1344],GR3D_FREQ,0%,cpu@51.812C,soc2@49.468C,soc0@50.343C,gpu@51.562C,tj@51.812C,soc1@50.906C,VDD_IN,5594mW/5583mW,VDD_CPU_GPU_CV,1307mW/1307mW,VDD_SOC,2376mW/2376mW
07-27-2026,09:37:44,RAM,863/7620MB,(lfb,16x4MB),SWAP,153/3810MB,(cached,2MB),CPU,[0%@1344,0%@1344,9%@1344,0%@1344,0%@1344,0%@1344],GR3D_FREQ,0%,cpu@51.406C,soc2@49.5C,soc0@50.437C,gpu@51.375C,tj@51.406C,soc1@50.406C,VDD_IN,5594mW/5583mW,VDD_CPU_GPU_CV,1307mW/1307mW,VDD_SOC,2376mW/2376mW
07-27-2026,09:37:44,RAM,863/7620MB,(lfb,16x4MB),SWAP,153/3810MB,(cached,2MB),CPU,[0%@1344,0%@1344,0%@1344,0%@1344,0%@1344,0%@1344],GR3D_FREQ,0%,cpu@51.531C,soc2@49.531C,soc0@50.531C,gpu@51.218C,tj@51.531C,soc1@50.531C,VDD_IN,5594mW/5583mW,VDD_CPU_GPU_CV,1307mW/1307mW,VDD_SOC,2376mW/2376mW
07-27-2026,09:37:44,RAM,863/7620MB,(lfb,16x4MB),SWAP,153/3810MB,(cached,2MB),CPU,[0%@1344,0%@1344,0%@1344,0%@1344,0%@1344,0%@1344],GR3D_FREQ,0%,cpu@51.5C,soc2@49.625C,soc0@50.625C,gpu@51.437C,tj@51.531C,soc1@50.656C,VDD_IN,5594mW/5583mW,VDD_CPU_GPU_CV,1307mW/1307mW,VDD_SOC,2376mW/2376mW
07-27-2026,09:37:44,RAM,863/7620MB,(lfb,16x4MB),SWAP,153/3810MB,(cached,2MB),CPU,[0%@1344,0%@1344,0%@1344,0%@1344,0%@1344,0%@1344],GR3D_FREQ,0%,cpu@51.75C,soc2@49.625C,soc0@50.375C,gpu@51.375C,tj@51.75C,soc1@50.656C,VDD_IN,5594mW/5583mW,VDD_CPU_GPU_CV,1307mW/1307mW,VDD_SOC,2376mW/2376mW
07-27-2026,09:37:44,RAM,863/7620MB,(lfb,16x4MB),SWAP,153/3810MB,(cached,2MB),CPU,[0%@1344,0%@1344,0%@1344,0%@1344,0%@1344,0%@1344],GR3D_FREQ,0%,cpu@51.937C,soc2@49.5C,soc0@50.375C,gpu@51.218C,tj@51.937C,soc1@50.656C,VDD_IN,5594mW/5583mW,VDD_CPU_GPU_CV,1307mW/1307mW,VDD_SOC,2376mW/2376mW
07-27-2026,09:37:45,RAM,863/7620MB,(lfb,16x4MB),SWAP,153/3810MB,(cached,2MB),CPU,[8%@1344,0%@1344,0%@1344,0%@1344,0%@1344,0%@1344],GR3D_FREQ,0%,cpu@51.312C,soc2@49.531C,soc0@50.468C,gpu@51.406C,tj@51.406C,soc1@50.593C,VDD_IN,5555mW/5583mW,VDD_CPU_GPU_CV,1307mW/1307mW,VDD_SOC,2376mW/2376mW
07-27-2026,09:37:45,RAM,863/7620MB,(lfb,16x4MB),SWAP,153/3810MB,(cached,2MB),CPU,[0%@1344,0%@1344,0%@1344,0%@1344,0%@1344,0%@1344],GR3D_FREQ,0%,cpu@51.531C,soc2@49.5C,soc0@50.562C,gpu@51.343C,tj@51.531C,soc1@50.687C,VDD_IN,5555mW/5583mW,VDD_CPU_GPU_CV,1307mW/1307mW,VDD_SOC,2376mW/2376mW
07-27-2026,09:37:45,RAM,863/7620MB,(lfb,16x4MB),SWAP,153/3810MB,(cached,2MB),CPU,[0%@1344,0%@1344,0%@1344,0%@1344,0%@1344,0%@1344],GR3D_FREQ,0%,cpu@51.687C,soc2@49.5C,soc0@50.593C,gpu@51.5C,tj@51.687C,soc1@50.687C,VDD_IN,5555mW/5583mW,VDD_CPU_GPU_CV,1307mW/1307mW,VDD_SOC,2376mW/2376mW
07-27-2026,09:37:45,RAM,863/7620MB,(lfb,16x4MB),SWAP,153/3810MB,(cached,2MB),CPU,[8%@1344,0%@1344,0%@1344,0%@1344,0%@1344,0%@1344],GR3D_FREQ,0%,cpu@51.781C,soc2@49.718C,soc0@50.375C,gpu@51.468C,tj@51.781C,soc1@50.656C,VDD_IN,5555mW/5582mW,VDD_CPU_GPU_CV,1307mW/1307mW,VDD_SOC,2376mW/2376mW
07-27-2026,09:37:45,RAM,864/7620MB,(lfb,16x4MB),SWAP,153/3810MB,(cached,2MB),CPU,[0%@1344,0%@1344,0%@1344,8%@1344,0%@1344,0%@1344],GR3D_FREQ,0%,cpu@51.406C,soc2@49.562C,soc0@50.343C,gpu@51.312C,tj@51.406C,soc1@50.531C,VDD_IN,5594mW/5583mW,VDD_CPU_GPU_CV,1307mW/1307mW,VDD_SOC,2376mW/2376mW
07-27-2026,09:37:45,RAM,863/7620MB,(lfb,16x4MB),SWAP,153/3810MB,(cached,2MB),CPU,[0%@1344,0%@1344,0%@1344,0%@1344,0%@1344,0%@1344],GR3D_FREQ,0%,cpu@51.531C,soc2@49.625C,soc0@50.468C,gpu@51.562C,tj@51.562C,soc1@50.625C,VDD_IN,5594mW/5583mW,VDD_CPU_GPU_CV,1307mW/1307mW,VDD_SOC,2376mW/2376mW
07-27-2026,09:37:45,RAM,863/7620MB,(lfb,16x4MB),SWAP,153/3810MB,(cached,2MB),CPU,[0%@1344,0%@1344,0%@1344,0%@1344,0%@1344,0%@1344],GR3D_FREQ,0%,cpu@51.656C,soc2@49.562C,soc0@50.468C,gpu@51.343C,tj@51.656C,soc1@50.625C,VDD_IN,5594mW/5583mW,VDD_CPU_GPU_CV,1307mW/1307mW,VDD_SOC,2376mW/2376mW
07-27-2026,09:37:45,RAM,863/7620MB,(lfb,16x4MB),SWAP,153/3810MB,(cached,2MB),CPU,[0%@1344,0%@1344,0%@1344,0%@1344,0%@1344,0%@1344],GR3D_FREQ,0%,cpu@51.75C,soc2@49.687C,soc0@50.375C,gpu@51.343C,tj@51.75C,soc1@50.718C,VDD_IN,5594mW/5583mW,VDD_CPU_GPU_CV,1307mW/1307mW,VDD_SOC,2376mW/2376mW
07-27-2026,09:37:45,RAM,863/7620MB,(lfb,16x4MB),SWAP,153/3810MB,(cached,2MB),CPU,[9%@1344,0%@1344,0%@1344,0%@1344,0%@1344,0%@1344],GR3D_FREQ,0%,cpu@51.875C,soc2@49.5C,soc0@50.375C,gpu@51.531C,tj@51.875C,soc1@50.531C,VDD_IN,5594mW/5583mW,VDD_CPU_GPU_CV,1307mW/1307mW,VDD_SOC,2376mW/2376mW
07-27-2026,09:37:46,RAM,863/7620MB,(lfb,16x4MB),SWAP,153/3810MB,(cached,2MB),CPU,[8%@1344,0%@1344,0%@1344,0%@1344,0%@1344,0%@1344],GR3D_FREQ,0%,cpu@51.343C,soc2@49.562C,soc0@50.375C,gpu@51.375C,tj@51.375C,soc1@50.531C,VDD_IN,5594mW/5583mW,VDD_CPU_GPU_CV,1307mW/1307mW,VDD_SOC,2376mW/2376mW
07-27-2026,09:37:46,RAM,863/7620MB,(lfb,16x4MB),SWAP,153/3810MB,(cached,2MB),CPU,[0%@1344,0%@1344,0%@1344,0%@1344,0%@1344,0%@1344],GR3D_FREQ,0%,cpu@51.656C,soc2@49.593C,soc0@50.531C,gpu@51.656C,tj@51.656C,soc1@50.531C,VDD_IN,5594mW/5583mW,VDD_CPU_GPU_CV,1307mW/1307mW,VDD_SOC,2376mW/2376mW
07-27-2026,09:37:46,RAM,863/7620MB,(lfb,16x4MB),SWAP,153/3810MB,(cached,2MB),CPU,[0%@1344,0%@1344,0%@1344,0%@1344,0%@1344,0%@1344],GR3D_FREQ,0%,cpu@51.625C,soc2@49.562C,soc0@50.687C,gpu@51.5C,tj@51.625C,soc1@50.718C,VDD_IN,5555mW/5583mW,VDD_CPU_GPU_CV,1307mW/1307mW,VDD_SOC,2376mW/2376mW
07-27-2026,09:37:46,RAM,863/7620MB,(lfb,16x4MB),SWAP,153/3810MB,(cached,2MB),CPU,[0%@1344,0%@1344,0%@1344,0%@1344,0%@1344,0%@1344],GR3D_FREQ,0%,cpu@51.843C,soc2@49.625C,soc0@50.375C,gpu@51.281C,tj@51.843C,soc1@50.718C,VDD_IN,5555mW/5583mW,VDD_CPU_GPU_CV,1307mW/1307mW,VDD_SOC,2376mW/2376mW
07-27-2026,09:37:46,RAM,863/7620MB,(lfb,16x4MB),SWAP,153/3810MB,(cached,2MB),CPU,[0%@1344,0%@1344,0%@1344,0%@1344,0%@1344,0%@1344],GR3D_FREQ,0%,cpu@51.375C,soc2@49.562C,soc0@50.406C,gpu@51.593C,tj@51.593C,soc1@50.562C,VDD_IN,5594mW/5583mW,VDD_CPU_GPU_CV,1307mW/1307mW,VDD_SOC,2376mW/2376mW
07-27-2026,09:37:46,RAM,863/7620MB,(lfb,16x4MB),SWAP,153/3810MB,(cached,2MB),CPU,[0%@1344,0%@1344,0%@1344,0%@1344,0%@1344,0%@1344],GR3D_FREQ,0%,cpu@51.437C,soc2@49.531C,soc0@50.5C,gpu@51.468C,tj@51.656C,soc1@50.625C,VDD_IN,5594mW/5583mW,VDD_CPU_GPU_CV,1307mW/1307mW,VDD_SOC,2376mW/2376mW
07-27-2026,09:37:46,RAM,863/7620MB,(lfb,16x4MB),SWAP,153/3810MB,(cached,2MB),CPU,[0%@1344,0%@1344,0%@1344,0%@1344,0%@1344,0%@1344],GR3D_FREQ,0%,cpu@51.531C,soc2@49.531C,soc0@50.593C,gpu@51.281C,tj@51.531C,soc1@50.687C,VDD_IN,5594mW/5583mW,VDD_CPU_GPU_CV,1307mW/1307mW,VDD_SOC,2376mW/2376mW
07-27-2026,09:37:46,RAM,863/7620MB,(lfb,16x4MB),SWAP,153/3810MB,(cached,2MB),CPU,[9%@1344,0%@1344,0%@1344,0%@1344,0%@1344,0%@1344],GR3D_FREQ,0%,cpu@51.812C,soc2@49.562C,soc0@50.406C,gpu@51.562C,tj@51.812C,soc1@50.781C,VDD_IN,5594mW/5583mW,VDD_CPU_GPU_CV,1307mW/1307mW,VDD_SOC,2376mW/2376mW
07-27-2026,09:37:46,RAM,863/7620MB,(lfb,16x4MB),SWAP,153/3810MB,(cached,2MB),CPU,[0%@1344,0%@1344,0%@1344,0%@1344,0%@1344,0%@1344],GR3D_FREQ,0%,cpu@51.5C,soc2@49.531C,soc0@50.468C,gpu@51.343C,tj@51.468C,soc1@50.468C,VDD_IN,5594mW/5583mW,VDD_CPU_GPU_CV,1307mW/1307mW,VDD_SOC,2376mW/2376mW
07-27-2026,09:37:46,RAM,863/7620MB,(lfb,16x4MB),SWAP,153/3810MB,(cached,2MB),CPU,[0%@1344,0%@1344,0%@1344,0%@1344,0%@1344,0%@1344],GR3D_FREQ,0%,cpu@51.437C,soc2@49.531C,soc0@50.437C,gpu@51.781C,tj@51.781C,soc1@50.562C,VDD_IN,5594mW/5583mW,VDD_CPU_GPU_CV,1307mW/1307mW,VDD_SOC,2376mW/2376mW
07-27-2026,09:37:47,RAM,863/7620MB,(lfb,16x4MB),SWAP,153/3810MB,(cached,2MB),CPU,[0%@1344,0%@1344,0%@1344,0%@1344,0%@1344,0%@1344],GR3D_FREQ,0%,cpu@51.625C,soc2@49.562C,soc0@50.562C,gpu@51.531C,tj@51.625C,soc1@50.593C,VDD_IN,5594mW/5583mW,VDD_CPU_GPU_CV,1307mW/1307mW,VDD_SOC,2376mW/2376mW
07-27-2026,09:37:47,RAM,863/7620MB,(lfb,16x4MB),SWAP,153/3810MB,(cached,2MB),CPU,[0%@1344,0%@1344,0%@1344,0%@1344,0%@1344,0%@1344],GR3D_FREQ,0%,cpu@51.812C,soc2@49.562C,soc0@50.312C,gpu@51.437C,tj@51.812C,soc1@50.781C,VDD_IN,5555mW/5583mW,VDD_CPU_GPU_CV,1307mW/1307mW,VDD_SOC,2376mW/2376mW
07-27-2026,09:37:47,RAM,863/7620MB,(lfb,16x4MB),SWAP,153/3810MB,(cached,2MB),CPU,[0%@1344,9%@1344,0%@1344,0%@1344,0%@1344,0%@1344],GR3D_FREQ,0%,cpu@51.812C,soc2@49.625C,soc0@50.343C,gpu@51.593C,tj@51.812C,soc1@50.75C,VDD_IN,5555mW/5583mW,VDD_CPU_GPU_CV,1307mW/1307mW,VDD_SOC,2376mW/2376mW
07-27-2026,09:37:47,RAM,863/7620MB,(lfb,16x4MB),SWAP,153/3810MB,(cached,2MB),CPU,[0%@1344,0%@1344,0%@1344,0%@1344,0%@1344,0%@1344],GR3D_FREQ,0%,cpu@51.406C,soc2@49.5C,soc0@50.375C,gpu@51.5C,tj@51.5C,soc1@50.437C,VDD_IN,5555mW/5583mW,VDD_CPU_GPU_CV,1307mW/1307mW,VDD_SOC,2376mW/2376mW
07-27-2026,09:37:47,RAM,863/7620MB,(lfb,16x4MB),SWAP,153/3810MB,(cached,2MB),CPU,[0%@1344,0%@1344,0%@1344,0%@1344,0%@1344,0%@1344],GR3D_FREQ,0%,cpu@51.281C,soc2@49.531C,soc0@50.5C,gpu@51.406C,tj@51.406C,soc1@50.5C,VDD_IN,5555mW/5582mW,VDD_CPU_GPU_CV,1307mW/1307mW,VDD_SOC,2376mW/2376mW
07-27-2026,09:37:47,RAM,863/7620MB,(lfb,16x4MB),SWAP,153/3810MB,(cached,2MB),CPU,[0%@1344,0%@1344,0%@1344,0%@1344,0%@1344,9%@1344],GR3D_FREQ,0%,cpu@51.593C,soc2@49.531C,soc0@50.593C,gpu@51.656C,tj@51.656C,soc1@50.562C,VDD_IN,5594mW/5583mW,VDD_CPU_GPU_CV,1307mW/1307mW,VDD_SOC,2376mW/2376mW
07-27-2026,09:37:47,RAM,863/7620MB,(lfb,16x4MB),SWAP,153/3810MB,(cached,2MB),CPU,[0%@1344,0%@1344,0%@1344,0%@1344,0%@1344,0%@1344],GR3D_FREQ,0%,cpu@51.937C,soc2@49.593C,soc0@50.375C,gpu@51.531C,tj@51.937C,soc1@50.656C,VDD_IN,5594mW/5583mW,VDD_CPU_GPU_CV,1307mW/1307mW,VDD_SOC,2376mW/2376mW
07-27-2026,09:37:47,RAM,863/7620MB,(lfb,16x4MB),SWAP,153/3810MB,(cached,2MB),CPU,[0%@1344,0%@1344,0%@1344,0%@1344,0%@1344,0%@1344],GR3D_FREQ,0%,cpu@51.468C,soc2@49.5C,soc0@50.468C,gpu@51.187C,tj@51.468C,soc1@50.75C,VDD_IN,5594mW/5583mW,VDD_CPU_GPU_CV,1307mW/1307mW,VDD_SOC,2376mW/2376mW
07-27-2026,09:37:47,RAM,863/7620MB,(lfb,16x4MB),SWAP,153/3810MB,(cached,2MB),CPU,[9%@1344,0%@1344,0%@1344,0%@1344,0%@1344,0%@1344],GR3D_FREQ,0%,cpu@51.406C,soc2@49.5C,soc0@50.437C,gpu@51.687C,tj@51.687C,soc1@50.562C,VDD_IN,5594mW/5583mW,VDD_CPU_GPU_CV,1307mW/1307mW,VDD_SOC,2376mW/2376mW
07-27-2026,09:37:48,RAM,863/7620MB,(lfb,16x4MB),SWAP,153/3810MB,(cached,2MB),CPU,[0%@1344,0%@1344,0%@1344,0%@1344,0%@1344,0%@1344],GR3D_FREQ,0%,cpu@51.593C,soc2@49.593C,soc0@50.531C,gpu@51.437C,tj@51.593C,soc1@50.593C,VDD_IN,5594mW/5583mW,VDD_CPU_GPU_CV,1307mW/1307mW,VDD_SOC,2376mW/2376mW
07-27-2026,09:37:48,RAM,863/7620MB,(lfb,16x4MB),SWAP,153/3810MB,(cached,2MB),CPU,[0%@1344,0%@1344,0%@1344,0%@1344,0%@1344,0%@1344],GR3D_FREQ,0%,cpu@51.75C,soc2@49.593C,soc0@50.343C,gpu@51.156C,tj@51.75C,soc1@50.687C,VDD_IN,5555mW/5583mW,VDD_CPU_GPU_CV,1307mW/1307mW,VDD_SOC,2376mW/2376mW
07-27-2026,09:37:48,RAM,863/7620MB,(lfb,16x4MB),SWAP,153/3810MB,(cached,2MB),CPU,[0%@1344,0%@1344,0%@1344,0%@1344,0%@1344,0%@1344],GR3D_FREQ,0%,cpu@51.937C,soc2@49.5C,soc0@50.343C,gpu@51.531C,tj@51.937C,soc1@50.718C,VDD_IN,5555mW/5582mW,VDD_CPU_GPU_CV,1307mW/1307mW,VDD_SOC,2376mW/2376mW
07-27-2026,09:37:48,RAM,863/7620MB,(lfb,16x4MB),SWAP,153/3810MB,(cached,2MB),CPU,[0%@1344,0%@1344,0%@1344,0%@1344,0%@1344,0%@1344],GR3D_FREQ,0%,cpu@51.531C,soc2@49.5C,soc0@50.468C,gpu@51.5C,tj@51.5C,soc1@50.531C,VDD_IN,5555mW/5582mW,VDD_CPU_GPU_CV,1307mW/1307mW,VDD_SOC,2376mW/2376mW
07-27-2026,09:37:48,RAM,863/7620MB,(lfb,16x4MB),SWAP,153/3810MB,(cached,2MB),CPU,[0%@1344,0%@1344,0%@1344,0%@1344,0%@1344,0%@1344],GR3D_FREQ,0%,cpu@51.406C,soc2@49.531C,soc0@50.468C,gpu@51.812C,tj@51.812C,soc1@50.468C,VDD_IN,5555mW/5582mW,VDD_CPU_GPU_CV,1307mW/1307mW,VDD_SOC,2376mW/2376mW
07-27-2026,09:37:48,RAM,863/7620MB,(lfb,16x4MB),SWAP,153/3810MB,(cached,2MB),CPU,[9%@1344,0%@1344,0%@1344,0%@1344,0%@1344,9%@1344],GR3D_FREQ,0%,cpu@51.656C,soc2@49.625C,soc0@50.656C,gpu@51.625C,tj@51.656C,soc1@50.593C,VDD_IN,5594mW/5582mW,VDD_CPU_GPU_CV,1307mW/1307mW,VDD_SOC,2376mW/2376mW
07-27-2026,09:37:48,RAM,863/7620MB,(lfb,16x4MB),SWAP,153/3810MB,(cached,2MB),CPU,[0%@1344,0%@1344,0%@1344,0%@1344,0%@1344,0%@1344],GR3D_FREQ,0%,cpu@51.781C,soc2@49.687C,soc0@50.375C,gpu@51.406C,tj@51.781C,soc1@50.718C,VDD_IN,5594mW/5582mW,VDD_CPU_GPU_CV,1307mW/1307mW,VDD_SOC,2376mW/2376mW
07-27-2026,09:37:48,RAM,863/7620MB,(lfb,16x4MB),SWAP,153/3810MB,(cached,2MB),CPU,[0%@1344,0%@1344,0%@1344,0%@1344,0%@1344,0%@1344],GR3D_FREQ,0%,cpu@51.562C,soc2@49.5C,soc0@50.375C,gpu@51.718C,tj@51.718C,soc1@50.781C,VDD_IN,5594mW/5582mW,VDD_CPU_GPU_CV,1307mW/1307mW,VDD_SOC,2376mW/2376mW
07-27-2026,09:37:48,RAM,863/7620MB,(lfb,16x4MB),SWAP,153/3810MB,(cached,2MB),CPU,[0%@1344,0%@1344,0%@1344,0%@1344,0%@1344,0%@1344],GR3D_FREQ,0%,cpu@51.406C,soc2@49.5C,soc0@50.437C,gpu@51.468C,tj@51.468C,soc1@50.625C,VDD_IN,5594mW/5582mW,VDD_CPU_GPU_CV,1307mW/1307mW,VDD_SOC,2376mW/2376mW
07-27-2026,09:37:48,RAM,863/7620MB,(lfb,16x4MB),SWAP,153/3810MB,(cached,2MB),CPU,[0%@1344,0%@1344,0%@1344,0%@1344,0%@1344,0%@1344],GR3D_FREQ,0%,cpu@51.375C,soc2@49.531C,soc0@50.5C,gpu@51.218C,tj@51.593C,soc1@50.656C,VDD_IN,5594mW/5582mW,VDD_CPU_GPU_CV,1307mW/1307mW,VDD_SOC,2376mW/2376mW
07-27-2026,09:37:49,RAM,863/7620MB,(lfb,16x4MB),SWAP,153/3810MB,(cached,2MB),CPU,[0%@1344,0%@1344,0%@1344,0%@1344,0%@1344,0%@1344],GR3D_FREQ,0%,cpu@51.781C,soc2@49.5C,soc0@50.406C,gpu@51.656C,tj@51.781C,soc1@50.687C,VDD_IN,5594mW/5583mW,VDD_CPU_GPU_CV,1307mW/1307mW,VDD_SOC,2376mW/2376mW
07-27-2026,09:37:49,RAM,863/7620MB,(lfb,16x4MB),SWAP,153/3810MB,(cached,2MB),CPU,[0%@1344,0%@1344,0%@1344,0%@1344,0%@1344,0%@1344],GR3D_FREQ,0%,cpu@51.437C,soc2@49.593C,soc0@50.375C,gpu@51.531C,tj@51.531C,soc1@50.781C,VDD_IN,5594mW/5583mW,VDD_CPU_GPU_CV,1307mW/1307mW,VDD_SOC,2376mW/2376mW
07-27-2026,09:37:49,RAM,863/7620MB,(lfb,16x4MB),SWAP,153/3810MB,(cached,2MB),CPU,[0%@1344,0%@1344,0%@1344,0%@1344,0%@1344,0%@1344],GR3D_FREQ,0%,cpu@51.531C,soc2@49.562C,soc0@50.437C,gpu@51.312C,tj@51.312C,soc1@50.625C,VDD_IN,5594mW/5583mW,VDD_CPU_GPU_CV,1307mW/1307mW,VDD_SOC,2376mW/2376mW
07-27-2026,09:37:49,RAM,863/7620MB,(lfb,16x4MB),SWAP,153/3810MB,(cached,2MB),CPU,[0%@1344,0%@1344,0%@1344,0%@1344,0%@1344,0%@1344],GR3D_FREQ,0%,cpu@51.312C,soc2@49.625C,soc0@50.468C,gpu@51.687C,tj@51.687C,soc1@50.437C,VDD_IN,5594mW/5583mW,VDD_CPU_GPU_CV,1307mW/1307mW,VDD_SOC,2376mW/2376mW
07-27-2026,09:37:49,RAM,863/7620MB,(lfb,16x4MB),SWAP,153/3810MB,(cached,2MB),CPU,[0%@1344,0%@1344,0%@1344,0%@1344,0%@1344,0%@1344],GR3D_FREQ,0%,cpu@51.812C,soc2@49.625C,soc0@50.562C,gpu@51.593C,tj@51.812C,soc1@50.562C,VDD_IN,5594mW/5583mW,VDD_CPU_GPU_CV,1307mW/1307mW,VDD_SOC,2376mW/2376mW
07-27-2026,09:37:49,RAM,863/7620MB,(lfb,16x4MB),SWAP,153/3810MB,(cached,2MB),CPU,[0%@1344,0%@1344,9%@1344,0%@1344,0%@1344,0%@1344],GR3D_FREQ,0%,cpu@51.906C,soc2@49.656C,soc0@50.281C,gpu@51.187C,tj@51.906C,soc1@50.812C,VDD_IN,5594mW/5583mW,VDD_CPU_GPU_CV,1307mW/1307mW,VDD_SOC,2376mW/2376mW
07-27-2026,09:37:49,RAM,863/7620MB,(lfb,16x4MB),SWAP,153/3810MB,(cached,2MB),CPU,[9%@1344,0%@1344,0%@1344,0%@1344,0%@1344,0%@1344],GR3D_FREQ,0%,cpu@51.562C,soc2@49.437C,soc0@50.468C,gpu@51.562C,tj@51.562C,soc1@50.437C,VDD_IN,5594mW/5583mW,VDD_CPU_GPU_CV,1307mW/1307mW,VDD_SOC,2376mW/2376mW
07-27-2026,09:37:49,RAM,863/7620MB,(lfb,16x4MB),SWAP,153/3810MB,(cached,2MB),CPU,[0%@1344,0%@1344,0%@1344,0%@1344,0%@1344,0%@1344],GR3D_FREQ,0%,cpu@51.281C,soc2@49.656C,soc0@50.468C,gpu@51.312C,tj@51.312C,soc1@50.656C,VDD_IN,5594mW/5583mW,VDD_CPU_GPU_CV,1307mW/1307mW,VDD_SOC,2376mW/2376mW
07-27-2026,09:37:49,RAM,863/7620MB,(lfb,16x4MB),SWAP,153/3810MB,(cached,2MB),CPU,[9%@1344,0%@1344,0%@1344,0%@1344,0%@1344,0%@1344],GR3D_FREQ,0%,cpu@51.437C,soc2@49.593C,soc0@50.5C,gpu@51.218C,tj@51.437C,soc1@50.5C,VDD_IN,5594mW/5583mW,VDD_CPU_GPU_CV,1307mW/1307mW,VDD_SOC,2376mW/2376mW
07-27-2026,09:37:50,RAM,863/7620MB,(lfb,16x4MB),SWAP,153/3810MB,(cached,2MB),CPU,[0%@1344,0%@1344,0%@1344,0%@1344,0%@1344,0%@1344],GR3D_FREQ,0%,cpu@51.75C,soc2@49.531C,soc0@50.281C,gpu@51.531C,tj@51.75C,soc1@50.656C,VDD_IN,5594mW/5583mW,VDD_CPU_GPU_CV,1307mW/1307mW,VDD_SOC,2376mW/2376mW
07-27-2026,09:37:50,RAM,863/7620MB,(lfb,16x4MB),SWAP,153/3810MB,(cached,2MB),CPU,[0%@1344,0%@1344,0%@1344,0%@1344,0%@1344,0%@1344],GR3D_FREQ,0%,cpu@51.375C,soc2@49.562C,soc0@50.281C,gpu@51.218C,tj@51.375C,soc1@50.843C,VDD_IN,5594mW/5583mW,VDD_CPU_GPU_CV,1307mW/1307mW,VDD_SOC,2376mW/2376mW
07-27-2026,09:37:50,RAM,863/7620MB,(lfb,16x4MB),SWAP,153/3810MB,(cached,2MB),CPU,[0%@1344,0%@1344,0%@1344,0%@1344,0%@1344,0%@1344],GR3D_FREQ,0%,cpu@51.656C,soc2@49.531C,soc0@50.468C,gpu@51.718C,tj@51.718C,soc1@50.531C,VDD_IN,5555mW/5583mW,VDD_CPU_GPU_CV,1307mW/1307mW,VDD_SOC,2376mW/2376mW
07-27-2026,09:37:50,RAM,863/7620MB,(lfb,16x4MB),SWAP,153/3810MB,(cached,2MB),CPU,[0%@1344,0%@1344,0%@1344,0%@1344,0%@1344,0%@1344],GR3D_FREQ,0%,cpu@51.343C,soc2@49.5C,soc0@50.468C,gpu@51.562C,tj@51.562C,soc1@50.5C,VDD_IN,5555mW/5583mW,VDD_CPU_GPU_CV,1307mW/1307mW,VDD_SOC,2376mW/2376mW
07-27-2026,09:37:50,RAM,863/7620MB,(lfb,16x4MB),SWAP,153/3810MB,(cached,2MB),CPU,[0%@1344,0%@1344,0%@1344,0%@1344,0%@1344,0%@1344],GR3D_FREQ,0%,cpu@51.687C,soc2@49.531C,soc0@50.5C,gpu@51.218C,tj@51.687C,soc1@50.656C,VDD_IN,5555mW/5583mW,VDD_CPU_GPU_CV,1307mW/1307mW,VDD_SOC,2376mW/2376mW
07-27-2026,09:37:50,RAM,863/7620MB,(lfb,16x4MB),SWAP,153/3810MB,(cached,2MB),CPU,[0%@1344,0%@1344,0%@1344,0%@1344,8%@1344,0%@1344],GR3D_FREQ,0%,cpu@52.093C,soc2@49.687C,soc0@50.343C,gpu@51.656C,tj@52.093C,soc1@50.718C,VDD_IN,5594mW/5583mW,VDD_CPU_GPU_CV,1307mW/1307mW,VDD_SOC,2376mW/2376mW
07-27-2026,09:37:50,RAM,863/7620MB,(lfb,16x4MB),SWAP,153/3810MB,(cached,2MB),CPU,[0%@1344,0%@1344,0%@1344,0%@1344,0%@1344,0%@1344],GR3D_FREQ,0%,cpu@51.531C,soc2@49.562C,soc0@50.406C,gpu@51.218C,tj@51.531C,soc1@50.593C,VDD_IN,5594mW/5583mW,VDD_CPU_GPU_CV,1307mW/1307mW,VDD_SOC,2376mW/2376mW
07-27-2026,09:37:50,RAM,863/7620MB,(lfb,16x4MB),SWAP,153/3810MB,(cached,2MB),CPU,[9%@1344,0%@1344,0%@1344,0%@1344,0%@1344,0%@1344],GR3D_FREQ,0%,cpu@51.437C,soc2@49.5C,soc0@50.5C,gpu@51.187C,tj@51.437C,soc1@50.562C,VDD_IN,5594mW/5583mW,VDD_CPU_GPU_CV,1307mW/1307mW,VDD_SOC,2376mW/2376mW
07-27-2026,09:37:50,RAM,863/7620MB,(lfb,16x4MB),SWAP,153/3810MB,(cached,2MB),CPU,[0%@1344,0%@1344,0%@1344,0%@1344,0%@1344,0%@1344],GR3D_FREQ,0%,cpu@51.468C,soc2@49.531C,soc0@50.5C,gpu@51.656C,tj@51.656C,soc1@50.468C,VDD_IN,5594mW/5583mW,VDD_CPU_GPU_CV,1307mW/1307mW,VDD_SOC,2376mW/2376mW
07-27-2026,09:37:50,RAM,863/7620MB,(lfb,16x4MB),SWAP,153/3810MB,(cached,2MB),CPU,[0%@1344,0%@1344,0%@1344,0%@1344,0%@1344,0%@1344],GR3D_FREQ,0%,cpu@51.781C,soc2@49.593C,soc0@50.593C,gpu@51.25C,tj@51.781C,soc1@50.75C,VDD_IN,5594mW/5583mW,VDD_CPU_GPU_CV,1307mW/1307mW,VDD_SOC,2376mW/2376mW
07-27-2026,09:37:51,RAM,863/7620MB,(lfb,16x4MB),SWAP,153/3810MB,(cached,2MB),CPU,[0%@1344,0%@1344,0%@1344,0%@1344,0%@1344,0%@1344],GR3D_FREQ,0%,cpu@51.531C,soc2@49.687C,soc0@50.312C,gpu@51.156C,tj@51.531C,soc1@50.843C,VDD_IN,5555mW/5583mW,VDD_CPU_GPU_CV,1307mW/1307mW,VDD_SOC,2376mW/2376mW
07-27-2026,09:37:51,RAM,863/7620MB,(lfb,16x4MB),SWAP,153/3810MB,(cached,2MB),CPU,[9%@1344,0%@1344,0%@1344,0%@1344,0%@1344,0%@1344],GR3D_FREQ,0%,cpu@51.625C,soc2@49.437C,soc0@50.437C,gpu@51.687C,tj@51.687C,soc1@50.468C,VDD_IN,5555mW/5583mW,VDD_CPU_GPU_CV,1307mW/1307mW,VDD_SOC,2376mW/2376mW
07-27-2026,09:37:51,RAM,863/7620MB,(lfb,16x4MB),SWAP,153/3810MB,(cached,2MB),CPU,[0%@1344,0%@1344,0%@1344,0%@1344,0%@1344,0%@1344],GR3D_FREQ,0%,cpu@51.343C,soc2@49.593C,soc0@50.468C,gpu@51.25C,tj@51.343C,soc1@50.593C,VDD_IN,5555mW/5583mW,VDD_CPU_GPU_CV,1307mW/1307mW,VDD_SOC,2376mW/2376mW
07-27-2026,09:37:51,RAM,863/7620MB,(lfb,16x4MB),SWAP,153/3810MB,(cached,2MB),CPU,[0%@1344,0%@1344,0%@1344,0%@1344,0%@1344,0%@1344],GR3D_FREQ,0%,cpu@51.406C,soc2@49.5C,soc0@50.531C,gpu@51.156C,tj@51.781C,soc1@50.531C,VDD_IN,5555mW/5582mW,VDD_CPU_GPU_CV,1307mW/1307mW,VDD_SOC,2376mW/2376mW
07-27-2026,09:37:51,RAM,863/7620MB,(lfb,16x4MB),SWAP,153/3810MB,(cached,2MB),CPU,[0%@1344,0%@1344,0%@1344,0%@1344,0%@1344,0%@1344],GR3D_FREQ,0%,cpu@51.437C,soc2@49.656C,soc0@50.343C,gpu@51.343C,tj@51.437C,soc1@50.625C,VDD_IN,5555mW/5582mW,VDD_CPU_GPU_CV,1307mW/1307mW,VDD_SOC,2376mW/2376mW
07-27-2026,09:37:51,RAM,863/7620MB,(lfb,16x4MB),SWAP,153/3810MB,(cached,2MB),CPU,[0%@1344,0%@1344,0%@1344,0%@1344,0%@1344,9%@1344],GR3D_FREQ,0%,cpu@51.687C,soc2@49.468C,soc0@50.406C,gpu@51.281C,tj@51.687C,soc1@50.468C,VDD_IN,5594mW/5582mW,VDD_CPU_GPU_CV,1307mW/1307mW,VDD_SOC,2376mW/2376mW
07-27-2026,09:37:51,RAM,863/7620MB,(lfb,16x4MB),SWAP,153/3810MB,(cached,2MB),CPU,[0%@1344,0%@1344,0%@1344,0%@1344,0%@1344,0%@1344],GR3D_FREQ,0%,cpu@51.468C,soc2@49.5C,soc0@50.375C,gpu@51.218C,tj@51.468C,soc1@50.562C,VDD_IN,5594mW/5582mW,VDD_CPU_GPU_CV,1307mW/1307mW,VDD_SOC,2376mW/2376mW
07-27-2026,09:37:51,RAM,863/7620MB,(lfb,16x4MB),SWAP,153/3810MB,(cached,2MB),CPU,[0%@1344,0%@1344,0%@1344,0%@1344,0%@1344,0%@1344],GR3D_FREQ,0%,cpu@51.406C,soc2@49.593C,soc0@50.5C,gpu@51.343C,tj@51.406C,soc1@50.593C,VDD_IN,5594mW/5582mW,VDD_CPU_GPU_CV,1307mW/1307mW,VDD_SOC,2376mW/2376mW
07-27-2026,09:37:51,RAM,863/7620MB,(lfb,16x4MB),SWAP,153/3810MB,(cached,2MB),CPU,[0%@1344,0%@1344,0%@1344,0%@1344,0%@1344,0%@1344],GR3D_FREQ,0%,cpu@51.843C,soc2@49.531C,soc0@50.562C,gpu@51.281C,tj@51.843C,soc1@50.687C,VDD_IN,5594mW/5583mW,VDD_CPU_GPU_CV,1307mW/1307mW,VDD_SOC,2376mW/2376mW
07-27-2026,09:37:52,RAM,863/7620MB,(lfb,16x4MB),SWAP,153/3810MB,(cached,2MB),CPU,[0%@1344,0%@1344,0%@1344,0%@1344,0%@1344,0%@1344],GR3D_FREQ,0%,cpu@51.531C,soc2@49.625C,soc0@50.437C,gpu@51.75C,tj@51.75C,soc1@50.812C,VDD_IN,5594mW/5583mW,VDD_CPU_GPU_CV,1307mW/1307mW,VDD_SOC,2376mW/2376mW
07-27-2026,09:37:52,RAM,863/7620MB,(lfb,16x4MB),SWAP,153/3810MB,(cached,2MB),CPU,[0%@1344,0%@1344,0%@1344,0%@1344,0%@1344,0%@1344],GR3D_FREQ,0%,cpu@51.656C,soc2@49.5C,soc0@50.375C,gpu@51.281C,tj@51.656C,soc1@50.468C,VDD_IN,5555mW/5582mW,VDD_CPU_GPU_CV,1307mW/1307mW,VDD_SOC,2376mW/2376mW
07-27-2026,09:37:52,RAM,863/7620MB,(lfb,16x4MB),SWAP,153/3810MB,(cached,2MB),CPU,[0%@1344,0%@1344,0%@1344,0%@1344,0%@1344,0%@1344],GR3D_FREQ,0%,cpu@51.468C,soc2@49.593C,soc0@50.468C,gpu@51.25C,tj@51.468C,soc1@50.593C,VDD_IN,5555mW/5582mW,VDD_CPU_GPU_CV,1307mW/1307mW,VDD_SOC,2376mW/2376mW
07-27-2026,09:37:52,RAM,867/7620MB,(lfb,16x4MB),SWAP,153/3810MB,(cached,2MB),CPU,[0%@1344,0%@1344,0%@1344,0%@1344,0%@1344,0%@1344],GR3D_FREQ,0%,cpu@51.406C,soc2@49.5C,soc0@50.5C,gpu@51.781C,tj@51.781C,soc1@50.687C,VDD_IN,5555mW/5582mW,VDD_CPU_GPU_CV,1307mW/1307mW,VDD_SOC,2376mW/2376mW
07-27-2026,09:37:52,RAM,867/7620MB,(lfb,16x4MB),SWAP,153/3810MB,(cached,2MB),CPU,[0%@1344,0%@1344,0%@1344,0%@1344,0%@1344,0%@1344],GR3D_FREQ,0%,cpu@51.468C,soc2@49.687C,soc0@50.406C,gpu@51.218C,tj@51.468C,soc1@50.625C,VDD_IN,5555mW/5582mW,VDD_CPU_GPU_CV,1307mW/1307mW,VDD_SOC,2376mW/2376mW
07-27-2026,09:37:52,RAM,867/7620MB,(lfb,16x4MB),SWAP,153/3810MB,(cached,2MB),CPU,[0%@1344,0%@1344,0%@1344,0%@1344,0%@1344,0%@1344],GR3D_FREQ,0%,cpu@51.718C,soc2@49.531C,soc0@50.375C,gpu@51.156C,tj@51.718C,soc1@50.593C,VDD_IN,5555mW/5582mW,VDD_CPU_GPU_CV,1307mW/1307mW,VDD_SOC,2376mW/2376mW
07-27-2026,09:37:52,RAM,868/7620MB,(lfb,16x4MB),SWAP,153/3810MB,(cached,2MB),CPU,[0%@1344,0%@1344,0%@1344,0%@1344,0%@1344,9%@1344],GR3D_FREQ,0%,cpu@51.437C,soc2@49.531C,soc0@50.468C,gpu@51.343C,tj@51.437C,soc1@50.5C,VDD_IN,5594mW/5582mW,VDD_CPU_GPU_CV,1307mW/1307mW,VDD_SOC,2376mW/2376mW
07-27-2026,09:37:52,RAM,868/7620MB,(lfb,16x4MB),SWAP,153/3810MB,(cached,2MB),CPU,[0%@1344,0%@1344,0%@1344,0%@1344,0%@1344,0%@1344],GR3D_FREQ,0%,cpu@51.375C,soc2@49.5C,soc0@50.593C,gpu@51.281C,tj@51.375C,soc1@50.656C,VDD_IN,5594mW/5582mW,VDD_CPU_GPU_CV,1307mW/1307mW,VDD_SOC,2376mW/2376mW
07-27-2026,09:37:52,RAM,868/7620MB,(lfb,16x4MB),SWAP,153/3810MB,(cached,2MB),CPU,[0%@1344,0%@1344,0%@1344,0%@1344,0%@1344,0%@1344],GR3D_FREQ,0%,cpu@51.5C,soc2@49.718C,soc0@50.593C,gpu@51.25C,tj@51.937C,soc1@50.75C,VDD_IN,5594mW/5582mW,VDD_CPU_GPU_CV,1307mW/1307mW,VDD_SOC,2376mW/2376mW
07-27-2026,09:37:52,RAM,868/7620MB,(lfb,16x4MB),SWAP,153/3810MB,(cached,2MB),CPU,[8%@1344,0%@1344,0%@1344,0%@1344,0%@1344,0%@1344],GR3D_FREQ,0%,cpu@51.531C,soc2@49.687C,soc0@50.437C,gpu@51.343C,tj@51.531C,soc1@50.781C,VDD_IN,5594mW/5582mW,VDD_CPU_GPU_CV,1307mW/1307mW,VDD_SOC,2376mW/2376mW
07-27-2026,09:37:53,RAM,868/7620MB,(lfb,16x4MB),SWAP,153/3810MB,(cached,2MB),CPU,[0%@1344,0%@1344,0%@1344,0%@1344,0%@1344,0%@1344],GR3D_FREQ,0%,cpu@51.468C,soc2@49.531C,soc0@50.375C,gpu@51.281C,tj@51.406C,soc1@50.593C,VDD_IN,5594mW/5582mW,VDD_CPU_GPU_CV,1307mW/1307mW,VDD_SOC,2376mW/2376mW
07-27-2026,09:37:53,RAM,868/7620MB,(lfb,16x4MB),SWAP,153/3810MB,(cached,2MB),CPU,[0%@1344,0%@1344,0%@1344,0%@1344,0%@1344,0%@1344],GR3D_FREQ,0%,cpu@51.312C,soc2@49.5C,soc0@50.5C,gpu@51.156C,tj@51.312C,soc1@50.562C,VDD_IN,5555mW/5582mW,VDD_CPU_GPU_CV,1307mW/1307mW,VDD_SOC,2376mW/2376mW
07-27-2026,09:37:53,RAM,868/7620MB,(lfb,16x4MB),SWAP,153/3810MB,(cached,2MB),CPU,[0%@1344,0%@1344,0%@1344,0%@1344,0%@1344,0%@1344],GR3D_FREQ,0%,cpu@51.406C,soc2@49.562C,soc0@50.593C,gpu@51.281C,tj@51.406C,soc1@50.687C,VDD_IN,5546mW/5582mW,VDD_CPU_GPU_CV,1305mW/1307mW,VDD_SOC,2376mW/2376mW
07-27-2026,09:37:53,RAM,868/7620MB,(lfb,16x4MB),SWAP,153/3810MB,(cached,2MB),CPU,[0%@1344,0%@1344,0%@1344,0%@1344,0%@1344,0%@1344],GR3D_FREQ,0%,cpu@51.531C,soc2@49.531C,soc0@50.343C,gpu@51.218C,tj@51.531C,soc1@50.812C,VDD_IN,5555mW/5582mW,VDD_CPU_GPU_CV,1307mW/1307mW,VDD_SOC,2376mW/2376mW
07-27-2026,09:37:53,RAM,868/7620MB,(lfb,16x4MB),SWAP,153/3810MB,(cached,2MB),CPU,[0%@1344,0%@1344,0%@1344,0%@1344,0%@1344,0%@1344],GR3D_FREQ,0%,cpu@51.656C,soc2@49.5C,soc0@50.343C,gpu@51.343C,tj@51.656C,soc1@50.468C,VDD_IN,5555mW/5582mW,VDD_CPU_GPU_CV,1305mW/1307mW,VDD_SOC,2376mW/2376mW
07-27-2026,09:37:53,RAM,868/7620MB,(lfb,16x4MB),SWAP,153/3810MB,(cached,2MB),CPU,[0%@1344,0%@1344,9%@1344,0%@1344,0%@1344,0%@1344],GR3D_FREQ,0%,cpu@51.437C,soc2@49.5C,soc0@50.437C,gpu@51.343C,tj@51.437C,soc1@50.531C,VDD_IN,5594mW/5582mW,VDD_CPU_GPU_CV,1305mW/1307mW,VDD_SOC,2376mW/2376mW
07-27-2026,09:37:53,RAM,868/7620MB,(lfb,16x4MB),SWAP,153/3810MB,(cached,2MB),CPU,[0%@1344,9%@1344,0%@1344,0%@1344,0%@1344,0%@1344],GR3D_FREQ,0%,cpu@51.437C,soc2@49.531C,soc0@50.531C,gpu@51.25C,tj@51.437C,soc1@50.687C,VDD_IN,5585mW/5582mW,VDD_CPU_GPU_CV,1307mW/1307mW,VDD_SOC,2376mW/2376mW
07-27-2026,09:37:53,RAM,868/7620MB,(lfb,16x4MB),SWAP,153/3810MB,(cached,2MB),CPU,[9%@1344,0%@1344,0%@1344,0%@1344,0%@1344,0%@1344],GR3D_FREQ,0%,cpu@51.437C,soc2@49.593C,soc0@50.312C,gpu@51.437C,tj@51.937C,soc1@50.687C,VDD_IN,5585mW/5582mW,VDD_CPU_GPU_CV,1307mW/1307mW,VDD_SOC,2376mW/2376mW
07-27-2026,09:37:53,RAM,868/7620MB,(lfb,16x4MB),SWAP,153/3810MB,(cached,2MB),CPU,[0%@1344,0%@1344,0%@1344,0%@1344,0%@1344,0%@1344],GR3D_FREQ,0%,cpu@51.562C,soc2@49.625C,soc0@50.406C,gpu@51.281C,tj@51.562C,soc1@50.718C,VDD_IN,5594mW/5582mW,VDD_CPU_GPU_CV,1307mW/1307mW,VDD_SOC,2376mW/2376mW
07-27-2026,09:37:54,RAM,868/7620MB,(lfb,16x4MB),SWAP,153/3810MB,(cached,2MB),CPU,[0%@1344,0%@1344,0%@1344,0%@1344,0%@1344,0%@1344],GR3D_FREQ,0%,cpu@51.5C,soc2@49.531C,soc0@50.468C,gpu@51.218C,tj@51.406C,soc1@50.593C,VDD_IN,5585mW/5582mW,VDD_CPU_GPU_CV,1305mW/1307mW,VDD_SOC,2376mW/2376mW
07-27-2026,09:37:54,RAM,868/7620MB,(lfb,16x4MB),SWAP,153/3810MB,(cached,2MB),CPU,[0%@1344,0%@1344,0%@1344,0%@1344,0%@1344,0%@1344],GR3D_FREQ,0%,cpu@51.437C,soc2@49.5C,soc0@50.468C,gpu@51.343C,tj@51.437C,soc1@50.625C,VDD_IN,5594mW/5582mW,VDD_CPU_GPU_CV,1305mW/1307mW,VDD_SOC,2376mW/2376mW
07-27-2026,09:37:54,RAM,868/7620MB,(lfb,16x4MB),SWAP,153/3810MB,(cached,2MB),CPU,[0%@1344,0%@1344,0%@1344,0%@1344,0%@1344,0%@1344],GR3D_FREQ,0%,cpu@51.437C,soc2@49.625C,soc0@50.562C,gpu@51.25C,tj@51.437C,soc1@50.656C,VDD_IN,5594mW/5582mW,VDD_CPU_GPU_CV,1307mW/1307mW,VDD_SOC,2376mW/2376mW
07-27-2026,09:37:54,RAM,868/7620MB,(lfb,16x4MB),SWAP,153/3810MB,(cached,2MB),CPU,[9%@1344,0%@1344,0%@1344,0%@1344,0%@1344,0%@1344],GR3D_FREQ,0%,cpu@51.531C,soc2@49.593C,soc0@50.343C,gpu@51.218C,tj@51.531C,soc1@50.718C,VDD_IN,5555mW/5582mW,VDD_CPU_GPU_CV,1307mW/1307mW,VDD_SOC,2376mW/2376mW
07-27-2026,09:37:54,RAM,868/7620MB,(lfb,16x4MB),SWAP,153/3810MB,(cached,2MB),CPU,[0%@1344,0%@1344,0%@1344,0%@1344,0%@1344,0%@1344],GR3D_FREQ,0%,cpu@51.562C,soc2@49.531C,soc0@50.343C,gpu@51.343C,tj@51.562C,soc1@50.468C,VDD_IN,5555mW/5582mW,VDD_CPU_GPU_CV,1307mW/1307mW,VDD_SOC,2376mW/2376mW
07-27-2026,09:37:54,RAM,868/7620MB,(lfb,16x4MB),SWAP,153/3810MB,(cached,2MB),CPU,[0%@1344,0%@1344,0%@1344,0%@1344,0%@1344,0%@1344],GR3D_FREQ,0%,cpu@51.312C,soc2@49.437C,soc0@50.468C,gpu@51.25C,tj@51.312C,soc1@50.468C,VDD_IN,5555mW/5582mW,VDD_CPU_GPU_CV,1307mW/1307mW,VDD_SOC,2376mW/2376mW
07-27-2026,09:37:54,RAM,868/7620MB,(lfb,16x4MB),SWAP,153/3810MB,(cached,2MB),CPU,[0%@1344,0%@1344,16%@1344,0%@1344,0%@1344,0%@1344],GR3D_FREQ,0%,cpu@51.468C,soc2@49.687C,soc0@50.562C,gpu@51.437C,tj@51.468C,soc1@50.687C,VDD_IN,5594mW/5582mW,VDD_CPU_GPU_CV,1307mW/1307mW,VDD_SOC,2376mW/2376mW
07-27-2026,09:37:54,RAM,868/7620MB,(lfb,16x4MB),SWAP,153/3810MB,(cached,2MB),CPU,[0%@1344,0%@1344,0%@1344,0%@1344,0%@1344,0%@1344],GR3D_FREQ,0%,cpu@51.468C,soc2@49.562C,soc0@50.281C,gpu@51.281C,tj@51.437C,soc1@50.781C,VDD_IN,5594mW/5582mW,VDD_CPU_GPU_CV,1307mW/1307mW,VDD_SOC,2376mW/2376mW
07-27-2026,09:37:54,RAM,868/7620MB,(lfb,16x4MB),SWAP,153/3810MB,(cached,2MB),CPU,[8%@1344,0%@1344,0%@1344,0%@1344,0%@1344,0%@1344],GR3D_FREQ,0%,cpu@51.593C,soc2@49.5C,soc0@50.406C,gpu@51.218C,tj@51.593C,soc1@50.781C,VDD_IN,5594mW/5582mW,VDD_CPU_GPU_CV,1307mW/1307mW,VDD_SOC,2376mW/2376mW
07-27-2026,09:37:54,RAM,868/7620MB,(lfb,16x4MB),SWAP,153/3810MB,(cached,2MB),CPU,[0%@1344,0%@1344,0%@1344,0%@1344,0%@1344,0%@1344],GR3D_FREQ,0%,cpu@51.5C,soc2@49.5C,soc0@50.437C,gpu@51.437C,tj@51.5C,soc1@50.593C,VDD_IN,5594mW/5582mW,VDD_CPU_GPU_CV,1307mW/1307mW,VDD_SOC,2376mW/2376mW
07-27-2026,09:37:55,RAM,867/7620MB,(lfb,16x4MB),SWAP,153/3810MB,(cached,2MB),CPU,[0%@1344,0%@1344,0%@1344,0%@1344,0%@1344,0%@1344],GR3D_FREQ,0%,cpu@51.437C,soc2@49.5C,soc0@50.406C,gpu@51.343C,tj@51.437C,soc1@50.656C,VDD_IN,5555mW/5582mW,VDD_CPU_GPU_CV,1307mW/1307mW,VDD_SOC,2376mW/2376mW
07-27-2026,09:37:55,RAM,867/7620MB,(lfb,16x4MB),SWAP,153/3810MB,(cached,2MB),CPU,[0%@1344,0%@1344,0%@1344,0%@1344,0%@1344,0%@1344],GR3D_FREQ,0%,cpu@51.5C,soc2@49.687C,soc0@50.593C,gpu@51.25C,tj@51.5C,soc1@50.656C,VDD_IN,5555mW/5582mW,VDD_CPU_GPU_CV,1307mW/1307mW,VDD_SOC,2376mW/2376mW
07-27-2026,09:37:55,RAM,867/7620MB,(lfb,16x4MB),SWAP,153/3810MB,(cached,2MB),CPU,[0%@1344,0%@1344,0%@1344,0%@1344,0%@1344,0%@1344],GR3D_FREQ,0%,cpu@51.562C,soc2@49.75C,soc0@50.25C,gpu@51.375C,tj@51.562C,soc1@50.75C,VDD_IN,5555mW/5582mW,VDD_CPU_GPU_CV,1307mW/1307mW,VDD_SOC,2376mW/2376mW
07-27-2026,09:37:55,RAM,867/7620MB,(lfb,16x4MB),SWAP,153/3810MB,(cached,2MB),CPU,[0%@1344,0%@1344,0%@1344,0%@1344,0%@1344,0%@1344],GR3D_FREQ,0%,cpu@51.718C,soc2@49.562C,soc0@50.437C,gpu@51.218C,tj@51.718C,soc1@50.875C,VDD_IN,5555mW/5581mW,VDD_CPU_GPU_CV,1307mW/1307mW,VDD_SOC,2376mW/2376mW
07-27-2026,09:37:55,RAM,867/7620MB,(lfb,16x4MB),SWAP,153/3810MB,(cached,2MB),CPU,[0%@1344,0%@1344,0%@1344,0%@1344,0%@1344,0%@1344],GR3D_FREQ,0%,cpu@51.468C,soc2@49.5C,soc0@50.437C,gpu@51.406C,tj@51.468C,soc1@50.468C,VDD_IN,5555mW/5581mW,VDD_CPU_GPU_CV,1307mW/1307mW,VDD_SOC,2376mW/2376mW
07-27-2026,09:37:55,RAM,868/7620MB,(lfb,16x4MB),SWAP,153/3810MB,(cached,2MB),CPU,[9%@1344,0%@1344,0%@1344,0%@1344,9%@1344,9%@1344],GR3D_FREQ,0%,cpu@51.468C,soc2@49.531C,soc0@50.468C,gpu@51.375C,tj@51.468C,soc1@50.687C,VDD_IN,5594mW/5581mW,VDD_CPU_GPU_CV,1307mW/1307mW,VDD_SOC,2376mW/2376mW
07-27-2026,09:37:55,RAM,868/7620MB,(lfb,16x4MB),SWAP,153/3810MB,(cached,2MB),CPU,[9%@1344,0%@1344,0%@1344,0%@1344,0%@1344,0%@1344],GR3D_FREQ,0%,cpu@51.562C,soc2@49.593C,soc0@50.312C,gpu@51.25C,tj@51.562C,soc1@50.687C,VDD_IN,5594mW/5581mW,VDD_CPU_GPU_CV,1307mW/1307mW,VDD_SOC,2376mW/2376mW
07-27-2026,09:37:55,RAM,868/7620MB,(lfb,16x4MB),SWAP,153/3810MB,(cached,2MB),CPU,[0%@1344,0%@1344,0%@1344,0%@1344,0%@1344,0%@1344],GR3D_FREQ,0%,cpu@51.625C,soc2@49.656C,soc0@50.343C,gpu@51.437C,tj@51.625C,soc1@50.812C,VDD_IN,5594mW/5581mW,VDD_CPU_GPU_CV,1307mW/1307mW,VDD_SOC,2376mW/2376mW
07-27-2026,09:37:55,RAM,868/7620MB,(lfb,16x4MB),SWAP,153/3810MB,(cached,2MB),CPU,[0%@1344,0%@1344,0%@1344,0%@1344,0%@1344,0%@1344],GR3D_FREQ,0%,cpu@51.5C,soc2@49.562C,soc0@50.406C,gpu@51.281C,tj@51.437C,soc1@50.625C,VDD_IN,5594mW/5582mW,VDD_CPU_GPU_CV,1307mW/1307mW,VDD_SOC,2376mW/2376mW
07-27-2026,09:37:55,RAM,868/7620MB,(lfb,16x4MB),SWAP,153/3810MB,(cached,2MB),CPU,[0%@1344,0%@1344,0%@1344,0%@1344,0%@1344,0%@1344],GR3D_FREQ,0%,cpu@51.437C,soc2@49.531C,soc0@50.468C,gpu@51.281C,tj@51.437C,soc1@50.625C,VDD_IN,5594mW/5582mW,VDD_CPU_GPU_CV,1307mW/1307mW,VDD_SOC,2376mW/2376mW
07-27-2026,09:37:56,RAM,868/7620MB,(lfb,16x4MB),SWAP,153/3810MB,(cached,2MB),CPU,[0%@1344,0%@1344,0%@1344,0%@1344,0%@1344,0%@1344],GR3D_FREQ,0%,cpu@51.531C,soc2@49.656C,soc0@50.531C,gpu@51.437C,tj@51.531C,soc1@50.687C,VDD_IN,5594mW/5582mW,VDD_CPU_GPU_CV,1307mW/1307mW,VDD_SOC,2376mW/2376mW
07-27-2026,09:37:56,RAM,868/7620MB,(lfb,16x4MB),SWAP,153/3810MB,(cached,2MB),CPU,[0%@1344,0%@1344,0%@1344,0%@1344,0%@1344,0%@1344],GR3D_FREQ,0%,cpu@51.625C,soc2@49.625C,soc0@50.281C,gpu@51.25C,tj@51.625C,soc1@50.781C,VDD_IN,5594mW/5582mW,VDD_CPU_GPU_CV,1307mW/1307mW,VDD_SOC,2376mW/2376mW
07-27-2026,09:37:56,RAM,868/7620MB,(lfb,16x4MB),SWAP,153/3810MB,(cached,2MB),CPU,[0%@1344,0%@1344,0%@1344,0%@1344,0%@1344,0%@1344],GR3D_FREQ,0%,cpu@51.531C,soc2@49.468C,soc0@50.5C,gpu@51.218C,tj@51.531C,soc1@50.843C,VDD_IN,5594mW/5582mW,VDD_CPU_GPU_CV,1307mW/1307mW,VDD_SOC,2376mW/2376mW
07-27-2026,09:37:56,RAM,868/7620MB,(lfb,16x4MB),SWAP,153/3810MB,(cached,2MB),CPU,[0%@1344,0%@1344,0%@1344,0%@1344,0%@1344,0%@1344],GR3D_FREQ,0%,cpu@51.437C,soc2@49.531C,soc0@50.468C,gpu@51.375C,tj@51.437C,soc1@50.562C,VDD_IN,5555mW/5582mW,VDD_CPU_GPU_CV,1307mW/1307mW,VDD_SOC,2376mW/2376mW
07-27-2026,09:37:56,RAM,868/7620MB,(lfb,16x4MB),SWAP,153/3810MB,(cached,2MB),CPU,[9%@1344,0%@1344,0%@1344,0%@1344,0%@1344,0%@1344],GR3D_FREQ,0%,cpu@51.406C,soc2@49.531C,soc0@50.5C,gpu@51.281C,tj@51.406C,soc1@50.656C,VDD_IN,5555mW/5582mW,VDD_CPU_GPU_CV,1307mW/1307mW,VDD_SOC,2376mW/2376mW
07-27-2026,09:37:56,RAM,868/7620MB,(lfb,16x4MB),SWAP,153/3810MB,(cached,2MB),CPU,[0%@1344,0%@1344,0%@1344,9%@1344,0%@1344,0%@1344],GR3D_FREQ,0%,cpu@51.625C,soc2@49.562C,soc0@50.375C,gpu@51.5C,tj@51.625C,soc1@50.531C,VDD_IN,5594mW/5582mW,VDD_CPU_GPU_CV,1307mW/1307mW,VDD_SOC,2376mW/2376mW
07-27-2026,09:37:56,RAM,868/7620MB,(lfb,16x4MB),SWAP,153/3810MB,(cached,2MB),CPU,[0%@1344,0%@1344,0%@1344,0%@1344,0%@1344,0%@1344],GR3D_FREQ,0%,cpu@51.593C,soc2@49.625C,soc0@50.312C,gpu@51.437C,tj@51.593C,soc1@50.843C,VDD_IN,5594mW/5582mW,VDD_CPU_GPU_CV,1307mW/1307mW,VDD_SOC,2376mW/2376mW
07-27-2026,09:37:56,RAM,868/7620MB,(lfb,16x4MB),SWAP,153/3810MB,(cached,2MB),CPU,[0%@1344,0%@1344,0%@1344,0%@1344,0%@1344,0%@1344],GR3D_FREQ,0%,cpu@51.656C,soc2@49.5C,soc0@50.375C,gpu@51.375C,tj@51.375C,soc1@50.5C,VDD_IN,5594mW/5582mW,VDD_CPU_GPU_CV,1307mW/1307mW,VDD_SOC,2376mW/2376mW
07-27-2026,09:37:56,RAM,868/7620MB,(lfb,16x4MB),SWAP,153/3810MB,(cached,2MB),CPU,[0%@1344,0%@1344,0%@1344,0%@1344,0%@1344,0%@1344],GR3D_FREQ,0%,cpu@51.437C,soc2@49.593C,soc0@50.468C,gpu@51.437C,tj@51.437C,soc1@50.5C,VDD_IN,5594mW/5582mW,VDD_CPU_GPU_CV,1307mW/1307mW,VDD_SOC,2376mW/2376mW
07-27-2026,09:37:57,RAM,868/7620MB,(lfb,16x4MB),SWAP,153/3810MB,(cached,2MB),CPU,[0%@1344,0%@1344,0%@1344,0%@1344,0%@1344,0%@1344],GR3D_FREQ,0%,cpu@51.437C,soc2@49.531C,soc0@50.5C,gpu@51.375C,tj@51.437C,soc1@50.687C,VDD_IN,5594mW/5582mW,VDD_CPU_GPU_CV,1307mW/1307mW,VDD_SOC,2376mW/2376mW
07-27-2026,09:37:57,RAM,868/7620MB,(lfb,16x4MB),SWAP,153/3810MB,(cached,2MB),CPU,[9%@1344,0%@1344,0%@1344,0%@1344,0%@1344,0%@1344],GR3D_FREQ,0%,cpu@51.562C,soc2@49.625C,soc0@50.25C,gpu@51.25C,tj@51.562C,soc1@50.718C,VDD_IN,5594mW/5582mW,VDD_CPU_GPU_CV,1307mW/1307mW,VDD_SOC,2376mW/2376mW
07-27-2026,09:37:57,RAM,868/7620MB,(lfb,16x4MB),SWAP,153/3810MB,(cached,2MB),CPU,[0%@1344,0%@1344,0%@1344,0%@1344,0%@1344,0%@1344],GR3D_FREQ,0%,cpu@51.593C,soc2@49.562C,soc0@50.437C,gpu@51.437C,tj@51.593C,soc1@50.625C,VDD_IN,5555mW/5582mW,VDD_CPU_GPU_CV,1307mW/1307mW,VDD_SOC,2376mW/2376mW
07-27-2026,09:37:57,RAM,868/7620MB,(lfb,16x4MB),SWAP,153/3810MB,(cached,2MB),CPU,[0%@1344,0%@1344,0%@1344,0%@1344,0%@1344,0%@1344],GR3D_FREQ,0%,cpu@51.437C,soc2@49.531C,soc0@50.406C,gpu@51.343C,tj@51.437C,soc1@50.531C,VDD_IN,5555mW/5582mW,VDD_CPU_GPU_CV,1307mW/1307mW,VDD_SOC,2376mW/2376mW
07-27-2026,09:37:57,RAM,868/7620MB,(lfb,16x4MB),SWAP,153/3810MB,(cached,2MB),CPU,[9%@1344,0%@1344,0%@1344,0%@1344,0%@1344,0%@1344],GR3D_FREQ,0%,cpu@51.437C,soc2@49.562C,soc0@50.375C,gpu@51.281C,tj@51.437C,soc1@50.656C,VDD_IN,5555mW/5582mW,VDD_CPU_GPU_CV,1307mW/1307mW,VDD_SOC,2376mW/2376mW
07-27-2026,09:37:57,RAM,868/7620MB,(lfb,16x4MB),SWAP,153/3810MB,(cached,2MB),CPU,[0%@1344,0%@1344,0%@1344,0%@1344,0%@1344,0%@1344],GR3D_FREQ,0%,cpu@51.625C,soc2@49.562C,soc0@50.375C,gpu@51.468C,tj@51.625C,soc1@50.625C,VDD_IN,5555mW/5581mW,VDD_CPU_GPU_CV,1307mW/1307mW,VDD_SOC,2376mW/2376mW
07-27-2026,09:37:57,RAM,867/7620MB,(lfb,16x4MB),SWAP,153/3810MB,(cached,2MB),CPU,[0%@1344,0%@1344,0%@1344,0%@1344,0%@1344,9%@1344],GR3D_FREQ,0%,cpu@51.656C,soc2@49.531C,soc0@50.343C,gpu@51.375C,tj@51.656C,soc1@50.843C,VDD_IN,5594mW/5581mW,VDD_CPU_GPU_CV,1307mW/1307mW,VDD_SOC,2376mW/2376mW
07-27-2026,09:37:57,RAM,867/7620MB,(lfb,16x4MB),SWAP,153/3810MB,(cached,2MB),CPU,[9%@1344,0%@1344,0%@1344,0%@1344,0%@1344,0%@1344],GR3D_FREQ,0%,cpu@51.5C,soc2@49.531C,soc0@50.406C,gpu@51.593C,tj@51.593C,soc1@50.5C,VDD_IN,5594mW/5582mW,VDD_CPU_GPU_CV,1307mW/1307mW,VDD_SOC,2376mW/2376mW
07-27-2026,09:37:57,RAM,867/7620MB,(lfb,16x4MB),SWAP,153/3810MB,(cached,2MB),CPU,[0%@1344,0%@1344,0%@1344,0%@1344,0%@1344,0%@1344],GR3D_FREQ,0%,cpu@51.468C,soc2@49.5C,soc0@50.437C,gpu@51.5C,tj@51.5C,soc1@50.687C,VDD_IN,5594mW/5582mW,VDD_CPU_GPU_CV,1307mW/1307mW,VDD_SOC,2376mW/2376mW
07-27-2026,09:37:57,RAM,867/7620MB,(lfb,16x4MB),SWAP,153/3810MB,(cached,2MB),CPU,[0%@1344,0%@1344,0%@1344,0%@1344,0%@1344,0%@1344],GR3D_FREQ,0%,cpu@51.562C,soc2@49.5C,soc0@50.531C,gpu@51.312C,tj@51.562C,soc1@50.687C,VDD_IN,5594mW/5582mW,VDD_CPU_GPU_CV,1307mW/1307mW,VDD_SOC,2376mW/2376mW
07-27-2026,09:37:58,RAM,867/7620MB,(lfb,16x4MB),SWAP,153/3810MB,(cached,2MB),CPU,[0%@1344,0%@1344,0%@1344,0%@1344,0%@1344,0%@1344],GR3D_FREQ,0%,cpu@51.687C,soc2@49.593C,soc0@50.406C,gpu@51.625C,tj@51.687C,soc1@50.687C,VDD_IN,5594mW/5582mW,VDD_CPU_GPU_CV,1307mW/1307mW,VDD_SOC,2376mW/2376mW
07-27-2026,09:37:58,RAM,867/7620MB,(lfb,16x4MB),SWAP,153/3810MB,(cached,2MB),CPU,[9%@1344,0%@1344,0%@1344,0%@1344,0%@1344,0%@1344],GR3D_FREQ,0%,cpu@51.656C,soc2@49.562C,soc0@50.406C,gpu@51.406C,tj@51.656C,soc1@50.5C,VDD_IN,5594mW/5582mW,VDD_CPU_GPU_CV,1307mW/1307mW,VDD_SOC,2376mW/2376mW
07-27-2026,09:37:58,RAM,867/7620MB,(lfb,16x4MB),SWAP,153/3810MB,(cached,2MB),CPU,[0%@1344,0%@1344,0%@1344,0%@1344,0%@1344,0%@1344],GR3D_FREQ,0%,cpu@51.437C,soc2@49.468C,soc0@50.468C,gpu@51.25C,tj@51.437C,soc1@50.593C,VDD_IN,5594mW/5582mW,VDD_CPU_GPU_CV,1307mW/1307mW,VDD_SOC,2376mW/2376mW
07-27-2026,09:37:58,RAM,867/7620MB,(lfb,16x4MB),SWAP,153/3810MB,(cached,2MB),CPU,[0%@1344,0%@1344,0%@1344,0%@1344,0%@1344,0%@1344],GR3D_FREQ,0%,cpu@51.437C,soc2@49.5C,soc0@50.625C,gpu@51.531C,tj@51.531C,soc1@50.593C,VDD_IN,5594mW/5582mW,VDD_CPU_GPU_CV,1307mW/1307mW,VDD_SOC,2376mW/2376mW
07-27-2026,09:37:58,RAM,867/7620MB,(lfb,16x4MB),SWAP,153/3810MB,(cached,2MB),CPU,[0%@1344,0%@1344,0%@1344,0%@1344,0%@1344,0%@1344],GR3D_FREQ,0%,cpu@51.531C,soc2@49.562C,soc0@50.312C,gpu@51.343C,tj@51.531C,soc1@50.656C,VDD_IN,5594mW/5582mW,VDD_CPU_GPU_CV,1307mW/1307mW,VDD_SOC,2376mW/2376mW
07-27-2026,09:37:58,RAM,868/7620MB,(lfb,16x4MB),SWAP,153/3810MB,(cached,2MB),CPU,[0%@1344,0%@1344,0%@1344,0%@1344,0%@1344,0%@1344],GR3D_FREQ,0%,cpu@51.625C,soc2@49.687C,soc0@50.437C,gpu@51.687C,tj@51.687C,soc1@50.906C,VDD_IN,5594mW/5582mW,VDD_CPU_GPU_CV,1307mW/1307mW,VDD_SOC,2376mW/2376mW
07-27-2026,09:37:58,RAM,867/7620MB,(lfb,16x4MB),SWAP,153/3810MB,(cached,2MB),CPU,[0%@1344,0%@1344,0%@1344,0%@1344,0%@1344,0%@1344],GR3D_FREQ,0%,cpu@51.718C,soc2@49.5C,soc0@50.406C,gpu@51.531C,tj@51.531C,soc1@50.437C,VDD_IN,5594mW/5582mW,VDD_CPU_GPU_CV,1307mW/1307mW,VDD_SOC,2376mW/2376mW
07-27-2026,09:37:58,RAM,867/7620MB,(lfb,16x4MB),SWAP,153/3810MB,(cached,2MB),CPU,[9%@1344,0%@1344,0%@1344,0%@1344,0%@1344,0%@1344],GR3D_FREQ,0%,cpu@51.562C,soc2@49.5C,soc0@50.343C,gpu@51.375C,tj@51.562C,soc1@50.593C,VDD_IN,5594mW/5582mW,VDD_CPU_GPU_CV,1307mW/1307mW,VDD_SOC,2376mW/2376mW
07-27-2026,09:37:58,RAM,867/7620MB,(lfb,16x4MB),SWAP,153/3810MB,(cached,2MB),CPU,[0%@1344,0%@1344,0%@1344,0%@1344,0%@1344,0%@1344],GR3D_FREQ,0%,cpu@51.437C,soc2@49.593C,soc0@50.562C,gpu@51.593C,tj@51.593C,soc1@50.718C,VDD_IN,5594mW/5582mW,VDD_CPU_GPU_CV,1307mW/1307mW,VDD_SOC,2376mW/2376mW
07-27-2026,09:37:59,RAM,867/7620MB,(lfb,16x4MB),SWAP,153/3810MB,(cached,2MB),CPU,[0%@1344,0%@1344,0%@1344,0%@1344,0%@1344,0%@1344],GR3D_FREQ,0%,cpu@51.625C,soc2@49.593C,soc0@50.312C,gpu@51.468C,tj@51.625C,soc1@50.656C,VDD_IN,5594mW/5582mW,VDD_CPU_GPU_CV,1307mW/1307mW,VDD_SOC,2376mW/2376mW
07-27-2026,09:37:59,RAM,867/7620MB,(lfb,16x4MB),SWAP,153/3810MB,(cached,2MB),CPU,[0%@1344,0%@1344,0%@1344,0%@1344,0%@1344,0%@1344],GR3D_FREQ,0%,cpu@51.687C,soc2@49.406C,soc0@50.406C,gpu@51.281C,tj@51.687C,soc1@50.562C,VDD_IN,5594mW/5582mW,VDD_CPU_GPU_CV,1307mW/1307mW,VDD_SOC,2376mW/2376mW
07-27-2026,09:37:59,RAM,867/7620MB,(lfb,16x4MB),SWAP,153/3810MB,(cached,2MB),CPU,[0%@1344,0%@1344,0%@1344,0%@1344,0%@1344,0%@1344],GR3D_FREQ,0%,cpu@51.437C,soc2@49.5C,soc0@50.5C,gpu@51.593C,tj@51.593C,soc1@50.562C,VDD_IN,5594mW/5582mW,VDD_CPU_GPU_CV,1307mW/1307mW,VDD_SOC,2376mW/2376mW
07-27-2026,09:37:59,RAM,867/7620MB,(lfb,16x4MB),SWAP,153/3810MB,(cached,2MB),CPU,[0%@1344,0%@1344,0%@1344,0%@1344,0%@1344,0%@1344],GR3D_FREQ,0%,cpu@51.437C,soc2@49.5C,soc0@50.562C,gpu@51.531C,tj@51.531C,soc1@50.593C,VDD_IN,5594mW/5582mW,VDD_CPU_GPU_CV,1307mW/1307mW,VDD_SOC,2376mW/2376mW
07-27-2026,09:37:59,RAM,867/7620MB,(lfb,16x4MB),SWAP,153/3810MB,(cached,2MB),CPU,[0%@1344,0%@1344,0%@1344,0%@1344,0%@1344,0%@1344],GR3D_FREQ,0%,cpu@51.562C,soc2@49.562C,soc0@50.656C,gpu@51.812C,tj@51.812C,soc1@50.718C,VDD_IN,5555mW/5582mW,VDD_CPU_GPU_CV,1307mW/1307mW,VDD_SOC,2376mW/2376mW
07-27-2026,09:37:59,RAM,867/7620MB,(lfb,16x4MB),SWAP,153/3810MB,(cached,2MB),CPU,[0%@1344,0%@1344,0%@1344,0%@1344,0%@1344,0%@1344],GR3D_FREQ,0%,cpu@51.656C,soc2@49.625C,soc0@50.375C,gpu@51.562C,tj@51.656C,soc1@50.718C,VDD_IN,5555mW/5582mW,VDD_CPU_GPU_CV,1307mW/1307mW,VDD_SOC,2376mW/2376mW
07-27-2026,09:37:59,RAM,867/7620MB,(lfb,16x4MB),SWAP,153/3810MB,(cached,2MB),CPU,[0%@1344,0%@1344,0%@1344,0%@1344,0%@1344,9%@1344],GR3D_FREQ,0%,cpu@51.687C,soc2@49.531C,soc0@50.468C,gpu@51.375C,tj@51.687C,soc1@50.468C,VDD_IN,5594mW/5582mW,VDD_CPU_GPU_CV,1307mW/1307mW,VDD_SOC,2376mW/2376mW
07-27-2026,09:37:59,RAM,867/7620MB,(lfb,16x4MB),SWAP,153/3810MB,(cached,2MB),CPU,[0%@1344,0%@1344,0%@1344,0%@1344,0%@1344,0%@1344],GR3D_FREQ,0%,cpu@51.437C,soc2@49.562C,soc0@50.468C,gpu@51.656C,tj@51.656C,soc1@50.625C,VDD_IN,5594mW/5582mW,VDD_CPU_GPU_CV,1307mW/1307mW,VDD_SOC,2376mW/2376mW
07-27-2026,09:37:59,RAM,867/7620MB,(lfb,16x4MB),SWAP,153/3810MB,(cached,2MB),CPU,[0%@1344,0%@1344,0%@1344,0%@1344,0%@1344,0%@1344],GR3D_FREQ,0%,cpu@51.531C,soc2@49.593C,soc0@50.531C,gpu@51.562C,tj@51.562C,soc1@50.562C,VDD_IN,5594mW/5582mW,VDD_CPU_GPU_CV,1307mW/1307mW,VDD_SOC,2376mW/2376mW
07-27-2026,09:37:59,RAM,867/7620MB,(lfb,16x4MB),SWAP,153/3810MB,(cached,2MB),CPU,[0%@1344,0%@1344,0%@1344,0%@1344,0%@1344,0%@1344],GR3D_FREQ,0%,cpu@51.593C,soc2@49.593C,soc0@50.406C,gpu@51.437C,tj@51.593C,soc1@50.75C,VDD_IN,5594mW/5582mW,VDD_CPU_GPU_CV,1307mW/1307mW,VDD_SOC,2376mW/2376mW
07-27-2026,09:38:00,RAM,867/7620MB,(lfb,16x4MB),SWAP,153/3810MB,(cached,2MB),CPU,[0%@1344,0%@1344,0%@1344,0%@1344,0%@1344,0%@1344],GR3D_FREQ,0%,cpu@51.718C,soc2@49.593C,soc0@50.375C,gpu@51.656C,tj@51.718C,soc1@50.562C,VDD_IN,5594mW/5582mW,VDD_CPU_GPU_CV,1307mW/1307mW,VDD_SOC,2376mW/2376mW
07-27-2026,09:38:00,RAM,867/7620MB,(lfb,16x4MB),SWAP,153/3810MB,(cached,2MB),CPU,[0%@1344,0%@1344,0%@1344,0%@1344,0%@1344,0%@1344],GR3D_FREQ,0%,cpu@51.437C,soc2@49.5C,soc0@50.468C,gpu@51.5C,tj@51.5C,soc1@50.5C,VDD_IN,5594mW/5582mW,VDD_CPU_GPU_CV,1307mW/1307mW,VDD_SOC,2376mW/2376mW
07-27-2026,09:38:00,RAM,867/7620MB,(lfb,16x4MB),SWAP,153/3810MB,(cached,2MB),CPU,[8%@1344,0%@1344,0%@1344,0%@1344,0%@1344,0%@1344],GR3D_FREQ,0%,cpu@51.468C,soc2@49.5C,soc0@50.562C,gpu@51.218C,tj@51.468C,soc1@50.656C,VDD_IN,5555mW/5582mW,VDD_CPU_GPU_CV,1307mW/1307mW,VDD_SOC,2376mW/2376mW
07-27-2026,09:38:00,RAM,867/7620MB,(lfb,16x4MB),SWAP,153/3810MB,(cached,2MB),CPU,[0%@1344,0%@1344,0%@1344,0%@1344,0%@1344,0%@1344],GR3D_FREQ,0%,cpu@51.593C,soc2@49.5C,soc0@50.5C,gpu@51.562C,tj@51.625C,soc1@50.687C,VDD_IN,5555mW/5582mW,VDD_CPU_GPU_CV,1307mW/1307mW,VDD_SOC,2376mW/2376mW
07-27-2026,09:38:00,RAM,867/7620MB,(lfb,16x4MB),SWAP,153/3810MB,(cached,2MB),CPU,[0%@1344,0%@1344,0%@1344,0%@1344,0%@1344,8%@1344],GR3D_FREQ,0%,cpu@51.656C,soc2@49.5C,soc0@50.437C,gpu@51.468C,tj@51.656C,soc1@50.718C,VDD_IN,5555mW/5582mW,VDD_CPU_GPU_CV,1307mW/1307mW,VDD_SOC,2376mW/2376mW
07-27-2026,09:38:00,RAM,867/7620MB,(lfb,16x4MB),SWAP,153/3810MB,(cached,2MB),CPU,[0%@1344,0%@1344,0%@1344,0%@1344,0%@1344,0%@1344],GR3D_FREQ,0%,cpu@51.593C,soc2@49.562C,soc0@50.343C,gpu@51.093C,tj@51.312C,soc1@50.593C,VDD_IN,5555mW/5582mW,VDD_CPU_GPU_CV,1307mW/1307mW,VDD_SOC,2376mW/2376mW
07-27-2026,09:38:00,RAM,867/7620MB,(lfb,16x4MB),SWAP,153/3810MB,(cached,2MB),CPU,[9%@1344,0%@1344,9%@1344,0%@1344,0%@1344,0%@1344],GR3D_FREQ,0%,cpu@51.375C,soc2@49.531C,soc0@50.468C,gpu@51.468C,tj@51.468C,soc1@50.531C,VDD_IN,5594mW/5582mW,VDD_CPU_GPU_CV,1307mW/1307mW,VDD_SOC,2376mW/2376mW
07-27-2026,09:38:00,RAM,867/7620MB,(lfb,16x4MB),SWAP,153/3810MB,(cached,2MB),CPU,[0%@1344,0%@1344,0%@1344,0%@1344,0%@1344,0%@1344],GR3D_FREQ,0%,cpu@51.562C,soc2@49.5C,soc0@50.625C,gpu@51.5C,tj@51.562C,soc1@50.687C,VDD_IN,5594mW/5582mW,VDD_CPU_GPU_CV,1307mW/1307mW,VDD_SOC,2376mW/2376mW
07-27-2026,09:38:00,RAM,867/7620MB,(lfb,16x4MB),SWAP,153/3810MB,(cached,2MB),CPU,[8%@1344,0%@1344,0%@1344,0%@1344,0%@1344,0%@1344],GR3D_FREQ,0%,cpu@51.531C,soc2@49.687C,soc0@50.406C,gpu@51.062C,tj@51.531C,soc1@50.843C,VDD_IN,5594mW/5582mW,VDD_CPU_GPU_CV,1307mW/1307mW,VDD_SOC,2376mW/2376mW
07-27-2026,09:38:01,RAM,867/7620MB,(lfb,16x4MB),SWAP,153/3810MB,(cached,2MB),CPU,[0%@1344,0%@1344,0%@1344,0%@1344,0%@1344,0%@1344],GR3D_FREQ,0%,cpu@51.718C,soc2@49.531C,soc0@50.406C,gpu@51.656C,tj@51.687C,soc1@50.468C,VDD_IN,5594mW/5582mW,VDD_CPU_GPU_CV,1307mW/1307mW,VDD_SOC,2376mW/2376mW
07-27-2026,09:38:01,RAM,867/7620MB,(lfb,16x4MB),SWAP,153/3810MB,(cached,2MB),CPU,[0%@1344,0%@1344,0%@1344,0%@1344,0%@1344,0%@1344],GR3D_FREQ,0%,cpu@51.406C,soc2@49.531C,soc0@50.531C,gpu@51.218C,tj@51.406C,soc1@50.437C,VDD_IN,5594mW/5582mW,VDD_CPU_GPU_CV,1307mW/1307mW,VDD_SOC,2376mW/2376mW
07-27-2026,09:38:01,RAM,867/7620MB,(lfb,16x4MB),SWAP,153/3810MB,(cached,2MB),CPU,[0%@1344,0%@1344,0%@1344,0%@1344,0%@1344,0%@1344],GR3D_FREQ,0%,cpu@51.468C,soc2@49.625C,soc0@50.5C,gpu@51.812C,tj@51.812C,soc1@50.687C,VDD_IN,5555mW/5582mW,VDD_CPU_GPU_CV,1307mW/1307mW,VDD_SOC,2376mW/2376mW
07-27-2026,09:38:01,RAM,867/7620MB,(lfb,16x4MB),SWAP,153/3810MB,(cached,2MB),CPU,[0%@1344,0%@1344,0%@1344,0%@1344,0%@1344,0%@1344],GR3D_FREQ,0%,cpu@51.5C,soc2@49.593C,soc0@50.312C,gpu@51.593C,tj@51.593C,soc1@50.718C,VDD_IN,5555mW/5582mW,VDD_CPU_GPU_CV,1307mW/1307mW,VDD_SOC,2376mW/2376mW
07-27-2026,09:38:01,RAM,867/7620MB,(lfb,16x4MB),SWAP,153/3810MB,(cached,2MB),CPU,[0%@1344,0%@1344,0%@1344,0%@1344,0%@1344,0%@1344],GR3D_FREQ,0%,cpu@51.75C,soc2@49.562C,soc0@50.375C,gpu@51.156C,tj@51.75C,soc1@50.781C,VDD_IN,5555mW/5582mW,VDD_CPU_GPU_CV,1307mW/1307mW,VDD_SOC,2376mW/2376mW
07-27-2026,09:38:01,RAM,867/7620MB,(lfb,16x4MB),SWAP,153/3810MB,(cached,2MB),CPU,[0%@1344,0%@1344,0%@1344,0%@1344,0%@1344,0%@1344],GR3D_FREQ,0%,cpu@51.625C,soc2@49.531C,soc0@50.375C,gpu@51.718C,tj@51.718C,soc1@50.468C,VDD_IN,5555mW/5582mW,VDD_CPU_GPU_CV,1307mW/1307mW,VDD_SOC,2376mW/2376mW
07-27-2026,09:38:01,RAM,867/7620MB,(lfb,16x4MB),SWAP,153/3810MB,(cached,2MB),CPU,[0%@1344,0%@1344,9%@1344,0%@1344,0%@1344,9%@1344],GR3D_FREQ,0%,cpu@51.468C,soc2@49.562C,soc0@50.468C,gpu@51.437C,tj@51.468C,soc1@50.593C,VDD_IN,5594mW/5582mW,VDD_CPU_GPU_CV,1307mW/1307mW,VDD_SOC,2376mW/2376mW
07-27-2026,09:38:01,RAM,867/7620MB,(lfb,16x4MB),SWAP,153/3810MB,(cached,2MB),CPU,[0%@1344,0%@1344,0%@1344,0%@1344,0%@1344,0%@1344],GR3D_FREQ,0%,cpu@51.593C,soc2@49.593C,soc0@50.687C,gpu@51.25C,tj@51.593C,soc1@50.687C,VDD_IN,5594mW/5582mW,VDD_CPU_GPU_CV,1307mW/1307mW,VDD_SOC,2376mW/2376mW
07-27-2026,09:38:01,RAM,867/7620MB,(lfb,16x4MB),SWAP,153/3810MB,(cached,2MB),CPU,[0%@1344,0%@1344,0%@1344,0%@1344,0%@1344,0%@1344],GR3D_FREQ,0%,cpu@51.562C,soc2@49.531C,soc0@50.375C,gpu@51.687C,tj@51.687C,soc1@50.75C,VDD_IN,5594mW/5582mW,VDD_CPU_GPU_CV,1307mW/1307mW,VDD_SOC,2376mW/2376mW
07-27-2026,09:38:01,RAM,867/7620MB,(lfb,16x4MB),SWAP,153/3810MB,(cached,2MB),CPU,[0%@1344,0%@1344,0%@1344,0%@1344,0%@1344,0%@1344],GR3D_FREQ,0%,cpu@51.75C,soc2@49.5C,soc0@50.437C,gpu@51.531C,tj@51.75C,soc1@50.781C,VDD_IN,5594mW/5582mW,VDD_CPU_GPU_CV,1307mW/1307mW,VDD_SOC,2376mW/2376mW
07-27-2026,09:38:02,RAM,867/7620MB,(lfb,16x4MB),SWAP,153/3810MB,(cached,2MB),CPU,[0%@1344,0%@1344,0%@1344,0%@1344,0%@1344,0%@1344],GR3D_FREQ,0%,cpu@51.406C,soc2@49.531C,soc0@50.468C,gpu@51.156C,tj@51.406C,soc1@50.531C,VDD_IN,5594mW/5582mW,VDD_CPU_GPU_CV,1307mW/1307mW,VDD_SOC,2376mW/2376mW
07-27-2026,09:38:02,RAM,867/7620MB,(lfb,16x4MB),SWAP,153/3810MB,(cached,2MB),CPU,[0%@1344,0%@1344,0%@1344,0%@1344,0%@1344,0%@1344],GR3D_FREQ,0%,cpu@51.5C,soc2@49.625C,soc0@50.562C,gpu@51.625C,tj@51.625C,soc1@50.625C,VDD_IN,5555mW/5582mW,VDD_CPU_GPU_CV,1307mW/1307mW,VDD_SOC,2376mW/2376mW
07-27-2026,09:38:02,RAM,867/7620MB,(lfb,16x4MB),SWAP,153/3810MB,(cached,2MB),CPU,[0%@1344,0%@1344,0%@1344,0%@1344,0%@1344,0%@1344],GR3D_FREQ,0%,cpu@51.5C,soc2@49.562C,soc0@50.312C,gpu@51.281C,tj@51.656C,soc1@50.687C,VDD_IN,5555mW/5582mW,VDD_CPU_GPU_CV,1307mW/1307mW,VDD_SOC,2376mW/2376mW
07-27-2026,09:38:02,RAM,867/7620MB,(lfb,16x4MB),SWAP,153/3810MB,(cached,2MB),CPU,[0%@1344,0%@1344,0%@1344,0%@1344,0%@1344,0%@1344],GR3D_FREQ,0%,cpu@51.625C,soc2@49.5C,soc0@50.281C,gpu@51.125C,tj@51.625C,soc1@50.75C,VDD_IN,5555mW/5582mW,VDD_CPU_GPU_CV,1307mW/1307mW,VDD_SOC,2376mW/2376mW
07-27-2026,09:38:02,RAM,867/7620MB,(lfb,16x4MB),SWAP,153/3810MB,(cached,2MB),CPU,[0%@1344,0%@1344,0%@1344,0%@1344,0%@1344,0%@1344],GR3D_FREQ,0%,cpu@51.875C,soc2@49.468C,soc0@50.468C,gpu@51.593C,tj@51.593C,soc1@50.437C,VDD_IN,5555mW/5582mW,VDD_CPU_GPU_CV,1307mW/1307mW,VDD_SOC,2376mW/2376mW
07-27-2026,09:38:02,RAM,867/7620MB,(lfb,16x4MB),SWAP,153/3810MB,(cached,2MB),CPU,[0%@1344,0%@1344,0%@1344,0%@1344,0%@1344,0%@1344],GR3D_FREQ,0%,cpu@51.437C,soc2@49.562C,soc0@50.468C,gpu@51.218C,tj@51.437C,soc1@50.5C,VDD_IN,5555mW/5581mW,VDD_CPU_GPU_CV,1307mW/1307mW,VDD_SOC,2376mW/2376mW
07-27-2026,09:38:02,RAM,867/7620MB,(lfb,16x4MB),SWAP,153/3810MB,(cached,2MB),CPU,[0%@1344,0%@1344,0%@1344,0%@1344,0%@1344,0%@1344],GR3D_FREQ,0%,cpu@51.562C,soc2@49.531C,soc0@50.562C,gpu@51.218C,tj@51.562C,soc1@50.687C,VDD_IN,5594mW/5582mW,VDD_CPU_GPU_CV,1307mW/1307mW,VDD_SOC,2376mW/2376mW
07-27-2026,09:38:02,RAM,866/7620MB,(lfb,16x4MB),SWAP,153/3810MB,(cached,2MB),CPU,[0%@1344,0%@1344,0%@1344,0%@1344,0%@1344,0%@1344],GR3D_FREQ,0%,cpu@51.75C,soc2@49.625C,soc0@50.25C,gpu@51.593C,tj@51.75C,soc1@50.812C,VDD_IN,5594mW/5582mW,VDD_CPU_GPU_CV,1307mW/1307mW,VDD_SOC,2376mW/2376mW
07-27-2026,09:38:02,RAM,866/7620MB,(lfb,16x4MB),SWAP,153/3810MB,(cached,2MB),CPU,[0%@1344,0%@1344,0%@1344,0%@1344,0%@1344,0%@1344],GR3D_FREQ,0%,cpu@51.718C,soc2@49.531C,soc0@50.468C,gpu@51.281C,tj@51.718C,soc1@50.812C,VDD_IN,5594mW/5582mW,VDD_CPU_GPU_CV,1307mW/1307mW,VDD_SOC,2376mW/2376mW
07-27-2026,09:38:03,RAM,866/7620MB,(lfb,16x4MB),SWAP,153/3810MB,(cached,2MB),CPU,[9%@1344,0%@1344,0%@1344,0%@1344,0%@1344,0%@1344],GR3D_FREQ,0%,cpu@51.437C,soc2@49.468C,soc0@50.437C,gpu@51.812C,tj@51.812C,soc1@50.593C,VDD_IN,5594mW/5582mW,VDD_CPU_GPU_CV,1307mW/1307mW,VDD_SOC,2376mW/2376mW
07-27-2026,09:38:03,RAM,866/7620MB,(lfb,16x4MB),SWAP,153/3810MB,(cached,2MB),CPU,[0%@1344,0%@1344,0%@1344,0%@1344,0%@1344,0%@1344],GR3D_FREQ,0%,cpu@51.5C,soc2@49.5C,soc0@50.531C,gpu@51.281C,tj@51.5C,soc1@50.625C,VDD_IN,5594mW/5582mW,VDD_CPU_GPU_CV,1307mW/1307mW,VDD_SOC,2376mW/2376mW
07-27-2026,09:38:03,RAM,866/7620MB,(lfb,16x4MB),SWAP,153/3810MB,(cached,2MB),CPU,[8%@1344,0%@1344,0%@1344,0%@1344,0%@1344,0%@1344],GR3D_FREQ,0%,cpu@51.5C,soc2@49.593C,soc0@50.343C,gpu@51.25C,tj@51.687C,soc1@50.656C,VDD_IN,5555mW/5582mW,VDD_CPU_GPU_CV,1307mW/1307mW,VDD_SOC,2376mW/2376mW
07-27-2026,09:38:03,RAM,866/7620MB,(lfb,16x4MB),SWAP,153/3810MB,(cached,2MB),CPU,[0%@1344,0%@1344,0%@1344,0%@1344,0%@1344,0%@1344],GR3D_FREQ,0%,cpu@51.843C,soc2@49.687C,soc0@50.375C,gpu@51.781C,tj@51.843C,soc1@50.75C,VDD_IN,5555mW/5582mW,VDD_CPU_GPU_CV,1307mW/1307mW,VDD_SOC,2376mW/2376mW
07-27-2026,09:38:03,RAM,866/7620MB,(lfb,16x4MB),SWAP,153/3810MB,(cached,2MB),CPU,[0%@1344,0%@1344,0%@1344,0%@1344,0%@1344,0%@1344],GR3D_FREQ,0%,cpu@51.75C,soc2@49.531C,soc0@50.343C,gpu@51.218C,tj@51.75C,soc1@50.531C,VDD_IN,5555mW/5581mW,VDD_CPU_GPU_CV,1307mW/1307mW,VDD_SOC,2376mW/2376mW
07-27-2026,09:38:03,RAM,866/7620MB,(lfb,16x4MB),SWAP,153/3810MB,(cached,2MB),CPU,[0%@1344,0%@1344,0%@1344,0%@1344,0%@1344,0%@1344],GR3D_FREQ,0%,cpu@51.437C,soc2@49.593C,soc0@50.468C,gpu@51.218C,tj@51.437C,soc1@50.468C,VDD_IN,5555mW/5581mW,VDD_CPU_GPU_CV,1307mW/1307mW,VDD_SOC,2376mW/2376mW
07-27-2026,09:38:03,RAM,867/7620MB,(lfb,16x4MB),SWAP,153/3810MB,(cached,2MB),CPU,[0%@1344,0%@1344,0%@1344,8%@1344,0%@1344,0%@1344],GR3D_FREQ,0%,cpu@51.468C,soc2@49.625C,soc0@50.468C,gpu@51.75C,tj@51.75C,soc1@50.687C,VDD_IN,5594mW/5581mW,VDD_CPU_GPU_CV,1307mW/1307mW,VDD_SOC,2376mW/2376mW
07-27-2026,09:38:03,RAM,867/7620MB,(lfb,16x4MB),SWAP,153/3810MB,(cached,2MB),CPU,[9%@1344,0%@1344,0%@1344,0%@1344,0%@1344,0%@1344],GR3D_FREQ,0%,cpu@51.687C,soc2@49.562C,soc0@50.437C,gpu@51.218C,tj@51.687C,soc1@50.75C,VDD_IN,5594mW/5581mW,VDD_CPU_GPU_CV,1307mW/1307mW,VDD_SOC,2376mW/2376mW
07-27-2026,09:38:03,RAM,866/7620MB,(lfb,16x4MB),SWAP,153/3810MB,(cached,2MB),CPU,[0%@1344,0%@1344,0%@1344,0%@1344,0%@1344,0%@1344],GR3D_FREQ,0%,cpu@51.875C,soc2@49.531C,soc0@50.406C,gpu@51.125C,tj@51.875C,soc1@50.375C,VDD_IN,5594mW/5581mW,VDD_CPU_GPU_CV,1307mW/1307mW,VDD_SOC,2376mW/2376mW
07-27-2026,09:38:03,RAM,866/7620MB,(lfb,16x4MB),SWAP,153/3810MB,(cached,2MB),CPU,[0%@1344,0%@1344,0%@1344,0%@1344,0%@1344,0%@1344],GR3D_FREQ,0%,cpu@51.468C,soc2@49.5C,soc0@50.406C,gpu@51.375C,tj@51.468C,soc1@50.531C,VDD_IN,5594mW/5581mW,VDD_CPU_GPU_CV,1307mW/1307mW,VDD_SOC,2376mW/2376mW
07-27-2026,09:38:04,RAM,866/7620MB,(lfb,16x4MB),SWAP,153/3810MB,(cached,2MB),CPU,[0%@1344,0%@1344,0%@1344,0%@1344,0%@1344,0%@1344],GR3D_FREQ,0%,cpu@51.531C,soc2@49.5C,soc0@50.562C,gpu@51.218C,tj@51.531C,soc1@50.531C,VDD_IN,5594mW/5582mW,VDD_CPU_GPU_CV,1307mW/1307mW,VDD_SOC,2376mW/2376mW
07-27-2026,09:38:04,RAM,866/7620MB,(lfb,16x4MB),SWAP,153/3810MB,(cached,2MB),CPU,[0%@1344,0%@1344,0%@1344,0%@1344,0%@1344,0%@1344],GR3D_FREQ,0%,cpu@51.531C,soc2@49.625C,soc0@50.281C,gpu@51.125C,tj@51.531C,soc1@50.625C,VDD_IN,5594mW/5582mW,VDD_CPU_GPU_CV,1307mW/1307mW,VDD_SOC,2376mW/2376mW
07-27-2026,09:38:04,RAM,866/7620MB,(lfb,16x4MB),SWAP,153/3810MB,(cached,2MB),CPU,[0%@1344,0%@1344,0%@1344,0%@1344,0%@1344,0%@1344],GR3D_FREQ,0%,cpu@51.718C,soc2@49.5C,soc0@50.468C,gpu@51.406C,tj@51.718C,soc1@50.843C,VDD_IN,5594mW/5582mW,VDD_CPU_GPU_CV,1307mW/1307mW,VDD_SOC,2376mW/2376mW
07-27-2026,09:38:04,RAM,866/7620MB,(lfb,16x4MB),SWAP,153/3810MB,(cached,2MB),CPU,[0%@1344,0%@1344,0%@1344,0%@1344,0%@1344,0%@1344],GR3D_FREQ,0%,cpu@51.812C,soc2@49.437C,soc0@50.375C,gpu@51.218C,tj@51.812C,soc1@50.5C,VDD_IN,5555mW/5582mW,VDD_CPU_GPU_CV,1307mW/1307mW,VDD_SOC,2376mW/2376mW
07-27-2026,09:38:04,RAM,866/7620MB,(lfb,16x4MB),SWAP,153/3810MB,(cached,2MB),CPU,[0%@1344,0%@1344,0%@1344,0%@1344,0%@1344,0%@1344],GR3D_FREQ,0%,cpu@51.562C,soc2@49.5C,soc0@50.468C,gpu@51.187C,tj@51.562C,soc1@50.562C,VDD_IN,5555mW/5581mW,VDD_CPU_GPU_CV,1307mW/1307mW,VDD_SOC,2376mW/2376mW
07-27-2026,09:38:04,RAM,866/7620MB,(lfb,16x4MB),SWAP,153/3810MB,(cached,2MB),CPU,[9%@1344,0%@1344,0%@1344,0%@1344,0%@1344,0%@1344],GR3D_FREQ,0%,cpu@51.562C,soc2@49.625C,soc0@50.531C,gpu@51.218C,tj@51.562C,soc1@50.687C,VDD_IN,5555mW/5581mW,VDD_CPU_GPU_CV,1307mW/1307mW,VDD_SOC,2376mW/2376mW
07-27-2026,09:38:04,RAM,866/7620MB,(lfb,16x4MB),SWAP,153/3810MB,(cached,2MB),CPU,[0%@1344,0%@1344,0%@1344,0%@1344,0%@1344,9%@1344],GR3D_FREQ,0%,cpu@51.687C,soc2@49.593C,soc0@50.343C,gpu@51.25C,tj@51.687C,soc1@50.75C,VDD_IN,5594mW/5581mW,VDD_CPU_GPU_CV,1307mW/1307mW,VDD_SOC,2376mW/2376mW
07-27-2026,09:38:04,RAM,866/7620MB,(lfb,16x4MB),SWAP,153/3810MB,(cached,2MB),CPU,[8%@1344,0%@1344,0%@1344,0%@1344,0%@1344,0%@1344],GR3D_FREQ,0%,cpu@51.75C,soc2@49.5C,soc0@50.375C,gpu@51.781C,tj@51.781C,soc1@50.437C,VDD_IN,5594mW/5581mW,VDD_CPU_GPU_CV,1307mW/1307mW,VDD_SOC,2376mW/2376mW
07-27-2026,09:38:04,RAM,866/7620MB,(lfb,16x4MB),SWAP,153/3810MB,(cached,2MB),CPU,[0%@1344,0%@1344,0%@1344,0%@1344,0%@1344,0%@1344],GR3D_FREQ,0%,cpu@51.312C,soc2@49.5C,soc0@50.437C,gpu@51.281C,tj@51.406C,soc1@50.625C,VDD_IN,5594mW/5581mW,VDD_CPU_GPU_CV,1307mW/1307mW,VDD_SOC,2376mW/2376mW
07-27-2026,09:38:05,RAM,866/7620MB,(lfb,16x4MB),SWAP,153/3810MB,(cached,2MB),CPU,[0%@1344,0%@1344,0%@1344,0%@1344,0%@1344,0%@1344],GR3D_FREQ,0%,cpu@51.562C,soc2@49.593C,soc0@50.5C,gpu@51.187C,tj@51.562C,soc1@50.562C,VDD_IN,5594mW/5582mW,VDD_CPU_GPU_CV,1305mW/1307mW,VDD_SOC,2376mW/2376mW
07-27-2026,09:38:05,RAM,866/7620MB,(lfb,16x4MB),SWAP,153/3810MB,(cached,2MB),CPU,[0%@1344,0%@1344,0%@1344,0%@1344,0%@1344,0%@1344],GR3D_FREQ,0%,cpu@51.687C,soc2@49.531C,soc0@50.531C,gpu@51.343C,tj@51.687C,soc1@50.687C,VDD_IN,5585mW/5582mW,VDD_CPU_GPU_CV,1305mW/1307mW,VDD_SOC,2376mW/2376mW
07-27-2026,09:38:05,RAM,866/7620MB,(lfb,16x4MB),SWAP,153/3810MB,(cached,2MB),CPU,[0%@1344,9%@1344,0%@1344,0%@1344,0%@1344,0%@1344],GR3D_FREQ,0%,cpu@51.812C,soc2@49.687C,soc0@50.406C,gpu@51.281C,tj@51.812C,soc1@50.843C,VDD_IN,5585mW/5582mW,VDD_CPU_GPU_CV,1305mW/1307mW,VDD_SOC,2376mW/2376mW
07-27-2026,09:38:05,RAM,866/7620MB,(lfb,16x4MB),SWAP,153/3810MB,(cached,2MB),CPU,[0%@1344,0%@1344,0%@1344,0%@1344,0%@1344,0%@1344],GR3D_FREQ,0%,cpu@51.312C,soc2@49.531C,soc0@50.375C,gpu@51.187C,tj@51.312C,soc1@50.562C,VDD_IN,5546mW/5581mW,VDD_CPU_GPU_CV,1305mW/1307mW,VDD_SOC,2376mW/2376mW
07-27-2026,09:38:05,RAM,866/7620MB,(lfb,16x4MB),SWAP,153/3810MB,(cached,2MB),CPU,[0%@1344,0%@1344,0%@1344,0%@1344,0%@1344,0%@1344],GR3D_FREQ,0%,cpu@51.531C,soc2@49.5C,soc0@50.468C,gpu@51.312C,tj@51.531C,soc1@50.625C,VDD_IN,5555mW/5581mW,VDD_CPU_GPU_CV,1305mW/1307mW,VDD_SOC,2376mW/2376mW
07-27-2026,09:38:05,RAM,866/7620MB,(lfb,16x4MB),SWAP,153/3810MB,(cached,2MB),CPU,[0%@1344,9%@1344,10%@1344,0%@1344,0%@1344,0%@1344],GR3D_FREQ,0%,cpu@51.625C,soc2@49.531C,soc0@50.625C,gpu@51.218C,tj@51.625C,soc1@50.656C,VDD_IN,5585mW/5581mW,VDD_CPU_GPU_CV,1305mW/1307mW,VDD_SOC,2376mW/2376mW
07-27-2026,09:38:05,RAM,866/7620MB,(lfb,16x4MB),SWAP,153/3810MB,(cached,2MB),CPU,[0%@1344,0%@1344,0%@1344,0%@1344,0%@1344,0%@1344],GR3D_FREQ,0%,cpu@51.656C,soc2@49.718C,soc0@50.375C,gpu@51.218C,tj@51.656C,soc1@50.718C,VDD_IN,5585mW/5581mW,VDD_CPU_GPU_CV,1305mW/1307mW,VDD_SOC,2376mW/2376mW
07-27-2026,09:38:05,RAM,867/7620MB,(lfb,16x4MB),SWAP,153/3810MB,(cached,2MB),CPU,[8%@1344,0%@1344,0%@1344,0%@1344,0%@1344,8%@1344],GR3D_FREQ,0%,cpu@51.906C,soc2@49.562C,soc0@50.375C,gpu@51.281C,tj@51.906C,soc1@50.5C,VDD_IN,5594mW/5581mW,VDD_CPU_GPU_CV,1305mW/1307mW,VDD_SOC,2376mW/2376mW
07-27-2026,09:38:05,RAM,866/7620MB,(lfb,16x4MB),SWAP,153/3810MB,(cached,2MB),CPU,[0%@1344,9%@1344,0%@1344,0%@1344,0%@1344,0%@1344],GR3D_FREQ,0%,cpu@51.312C,soc2@49.5C,soc0@50.437C,gpu@51.218C,tj@51.5C,soc1@50.531C,VDD_IN,5585mW/5581mW,VDD_CPU_GPU_CV,1305mW/1307mW,VDD_SOC,2376mW/2376mW
07-27-2026,09:38:05,RAM,866/7620MB,(lfb,16x4MB),SWAP,153/3810MB,(cached,2MB),CPU,[0%@1344,0%@1344,0%@1344,0%@1344,0%@1344,0%@1344],GR3D_FREQ,0%,cpu@51.531C,soc2@49.468C,soc0@50.5C,gpu@51.406C,tj@51.531C,soc1@50.531C,VDD_IN,5594mW/5581mW,VDD_CPU_GPU_CV,1305mW/1307mW,VDD_SOC,2376mW/2376mW
07-27-2026,09:38:06,RAM,866/7620MB,(lfb,16x4MB),SWAP,153/3810MB,(cached,2MB),CPU,[0%@1344,0%@1344,0%@1344,0%@1344,0%@1344,0%@1344],GR3D_FREQ,0%,cpu@51.656C,soc2@49.593C,soc0@50.625C,gpu@51.25C,tj@51.656C,soc1@50.687C,VDD_IN,5594mW/5581mW,VDD_CPU_GPU_CV,1305mW/1307mW,VDD_SOC,2376mW/2376mW
07-27-2026,09:38:06,RAM,866/7620MB,(lfb,16x4MB),SWAP,153/3810MB,(cached,2MB),CPU,[0%@1344,0%@1344,0%@1344,0%@1344,0%@1344,0%@1344],GR3D_FREQ,0%,cpu@51.781C,soc2@49.562C,soc0@50.375C,gpu@51.218C,tj@51.781C,soc1@50.718C,VDD_IN,5594mW/5582mW,VDD_CPU_GPU_CV,1305mW/1307mW,VDD_SOC,2376mW/2376mW
07-27-2026,09:38:06,RAM,866/7620MB,(lfb,16x4MB),SWAP,153/3810MB,(cached,2MB),CPU,[0%@1344,0%@1344,0%@1344,0%@1344,0%@1344,0%@1344],GR3D_FREQ,0%,cpu@51.281C,soc2@49.5C,soc0@50.468C,gpu@51.406C,tj@51.406C,soc1@50.468C,VDD_IN,5594mW/5582mW,VDD_CPU_GPU_CV,1305mW/1307mW,VDD_SOC,2376mW/2376mW
07-27-2026,09:38:06,RAM,866/7620MB,(lfb,16x4MB),SWAP,153/3810MB,(cached,2MB),CPU,[0%@1344,0%@1344,0%@1344,0%@1344,0%@1344,0%@1344],GR3D_FREQ,0%,cpu@51.5C,soc2@49.593C,soc0@50.5C,gpu@51.218C,tj@51.5C,soc1@50.593C,VDD_IN,5555mW/5581mW,VDD_CPU_GPU_CV,1305mW/1307mW,VDD_SOC,2376mW/2376mW
07-27-2026,09:38:06,RAM,866/7620MB,(lfb,16x4MB),SWAP,153/3810MB,(cached,2MB),CPU,[0%@1344,0%@1344,0%@1344,0%@1344,0%@1344,0%@1344],GR3D_FREQ,0%,cpu@51.656C,soc2@49.625C,soc0@50.562C,gpu@51.187C,tj@51.656C,soc1@50.593C,VDD_IN,5555mW/5581mW,VDD_CPU_GPU_CV,1305mW/1307mW,VDD_SOC,2376mW/2376mW
07-27-2026,09:38:06,RAM,866/7620MB,(lfb,16x4MB),SWAP,153/3810MB,(cached,2MB),CPU,[0%@1344,0%@1344,0%@1344,0%@1344,0%@1344,0%@1344],GR3D_FREQ,0%,cpu@51.718C,soc2@49.593C,soc0@50.375C,gpu@51.375C,tj@51.718C,soc1@50.687C,VDD_IN,5555mW/5581mW,VDD_CPU_GPU_CV,1307mW/1307mW,VDD_SOC,2376mW/2376mW
07-27-2026,09:38:06,RAM,867/7620MB,(lfb,16x4MB),SWAP,153/3810MB,(cached,2MB),CPU,[0%@1344,0%@1344,9%@1344,0%@1344,0%@1344,0%@1344],GR3D_FREQ,0%,cpu@51.906C,soc2@49.531C,soc0@50.312C,gpu@51.25C,tj@51.906C,soc1@50.531C,VDD_IN,5594mW/5581mW,VDD_CPU_GPU_CV,1307mW/1307mW,VDD_SOC,2376mW/2376mW
07-27-2026,09:38:06,RAM,866/7620MB,(lfb,16x4MB),SWAP,153/3810MB,(cached,2MB),CPU,[0%@1344,0%@1344,0%@1344,0%@1344,0%@1344,0%@1344],GR3D_FREQ,0%,cpu@51.375C,soc2@49.531C,soc0@50.468C,gpu@51.468C,tj@51.375C,soc1@50.531C,VDD_IN,5594mW/5581mW,VDD_CPU_GPU_CV,1307mW/1307mW,VDD_SOC,2376mW/2376mW
07-27-2026,09:38:06,RAM,866/7620MB,(lfb,16x4MB),SWAP,153/3810MB,(cached,2MB),CPU,[0%@1344,0%@1344,0%@1344,0%@1344,0%@1344,0%@1344],GR3D_FREQ,0%,cpu@51.593C,soc2@49.625C,soc0@50.468C,gpu@51.312C,tj@51.593C,soc1@50.562C,VDD_IN,5594mW/5581mW,VDD_CPU_GPU_CV,1307mW/1307mW,VDD_SOC,2376mW/2376mW
07-27-2026,09:38:07,RAM,866/7620MB,(lfb,16x4MB),SWAP,153/3810MB,(cached,2MB),CPU,[0%@1344,0%@1344,0%@1344,0%@1344,0%@1344,0%@1344],GR3D_FREQ,0%,cpu@51.656C,soc2@49.625C,soc0@50.687C,gpu@51.25C,tj@51.687C,soc1@50.687C,VDD_IN,5594mW/5581mW,VDD_CPU_GPU_CV,1307mW/1307mW,VDD_SOC,2376mW/2376mW
07-27-2026,09:38:07,RAM,866/7620MB,(lfb,16x4MB),SWAP,153/3810MB,(cached,2MB),CPU,[0%@1344,0%@1344,0%@1344,0%@1344,0%@1344,0%@1344],GR3D_FREQ,0%,cpu@51.718C,soc2@49.5C,soc0@50.281C,gpu@51.406C,tj@51.718C,soc1@50.718C,VDD_IN,5594mW/5582mW,VDD_CPU_GPU_CV,1307mW/1307mW,VDD_SOC,2376mW/2376mW
07-27-2026,09:38:07,RAM,866/7620MB,(lfb,16x4MB),SWAP,153/3810MB,(cached,2MB),CPU,[0%@1344,0%@1344,0%@1344,0%@1344,0%@1344,0%@1344],GR3D_FREQ,0%,cpu@51.312C,soc2@49.531C,soc0@50.406C,gpu@51.343C,tj@51.343C,soc1@50.5C,VDD_IN,5555mW/5581mW,VDD_CPU_GPU_CV,1307mW/1307mW,VDD_SOC,2376mW/2376mW
07-27-2026,09:38:07,RAM,866/7620MB,(lfb,16x4MB),SWAP,153/3810MB,(cached,2MB),CPU,[0%@1344,0%@1344,0%@1344,0%@1344,0%@1344,0%@1344],GR3D_FREQ,0%,cpu@51.406C,soc2@49.531C,soc0@50.531C,gpu@51.25C,tj@51.437C,soc1@50.656C,VDD_IN,5555mW/5581mW,VDD_CPU_GPU_CV,1307mW/1307mW,VDD_SOC,2376mW/2376mW
07-27-2026,09:38:07,RAM,866/7620MB,(lfb,16x4MB),SWAP,153/3810MB,(cached,2MB),CPU,[0%@1344,8%@1344,0%@1344,0%@1344,0%@1344,0%@1344],GR3D_FREQ,0%,cpu@51.718C,soc2@49.562C,soc0@50.625C,gpu@51.468C,tj@51.718C,soc1@50.625C,VDD_IN,5594mW/5581mW,VDD_CPU_GPU_CV,1307mW/1307mW,VDD_SOC,2376mW/2376mW
07-27-2026,09:38:07,RAM,866/7620MB,(lfb,16x4MB),SWAP,153/3810MB,(cached,2MB),CPU,[0%@1344,0%@1344,0%@1344,0%@1344,0%@1344,0%@1344],GR3D_FREQ,0%,cpu@51.812C,soc2@49.593C,soc0@50.25C,gpu@51.25C,tj@51.812C,soc1@50.656C,VDD_IN,5594mW/5581mW,VDD_CPU_GPU_CV,1307mW/1307mW,VDD_SOC,2376mW/2376mW
07-27-2026,09:38:07,RAM,866/7620MB,(lfb,16x4MB),SWAP,153/3810MB,(cached,2MB),CPU,[0%@1344,0%@1344,0%@1344,0%@1344,0%@1344,0%@1344],GR3D_FREQ,0%,cpu@51.468C,soc2@49.531C,soc0@50.312C,gpu@51.312C,tj@51.437C,soc1@50.468C,VDD_IN,5594mW/5581mW,VDD_CPU_GPU_CV,1307mW/1307mW,VDD_SOC,2376mW/2376mW
07-27-2026,09:38:07,RAM,867/7620MB,(lfb,16x4MB),SWAP,153/3810MB,(cached,2MB),CPU,[0%@1344,8%@1344,0%@1344,9%@1344,0%@1344,9%@1344],GR3D_FREQ,0%,cpu@51.406C,soc2@49.375C,soc0@50.468C,gpu@51.468C,tj@51.468C,soc1@50.562C,VDD_IN,5594mW/5582mW,VDD_CPU_GPU_CV,1307mW/1307mW,VDD_SOC,2376mW/2376mW
07-27-2026,09:38:07,RAM,867/7620MB,(lfb,16x4MB),SWAP,153/3810MB,(cached,2MB),CPU,[9%@1344,0%@1344,0%@1344,0%@1344,0%@1344,0%@1344],GR3D_FREQ,0%,cpu@51.687C,soc2@49.531C,soc0@50.531C,gpu@51.25C,tj@51.687C,soc1@50.593C,VDD_IN,5594mW/5582mW,VDD_CPU_GPU_CV,1305mW/1307mW,VDD_SOC,2376mW/2376mW
07-27-2026,09:38:07,RAM,867/7620MB,(lfb,16x4MB),SWAP,153/3810MB,(cached,2MB),CPU,[0%@1344,0%@1344,0%@1344,0%@1344,0%@1344,0%@1344],GR3D_FREQ,0%,cpu@51.718C,soc2@49.593C,soc0@50.312C,gpu@51.531C,tj@51.718C,soc1@50.687C,VDD_IN,5594mW/5582mW,VDD_CPU_GPU_CV,1305mW/1307mW,VDD_SOC,2376mW/2376mW
07-27-2026,09:38:08,RAM,867/7620MB,(lfb,16x4MB),SWAP,153/3810MB,(cached,2MB),CPU,[0%@1344,0%@1344,0%@1344,0%@1344,0%@1344,0%@1344],GR3D_FREQ,0%,cpu@51.968C,soc2@49.625C,soc0@50.375C,gpu@51.406C,tj@51.968C,soc1@50.812C,VDD_IN,5594mW/5582mW,VDD_CPU_GPU_CV,1305mW/1307mW,VDD_SOC,2376mW/2376mW
07-27-2026,09:38:08,RAM,867/7620MB,(lfb,16x4MB),SWAP,153/3810MB,(cached,2MB),CPU,[0%@1344,0%@1344,0%@1344,0%@1344,0%@1344,0%@1344],GR3D_FREQ,0%,cpu@51.375C,soc2@49.468C,soc0@50.437C,gpu@51.312C,tj@51.375C,soc1@50.531C,VDD_IN,5585mW/5582mW,VDD_CPU_GPU_CV,1305mW/1307mW,VDD_SOC,2376mW/2376mW
07-27-2026,09:38:08,RAM,867/7620MB,(lfb,16x4MB),SWAP,153/3810MB,(cached,2MB),CPU,[0%@1344,0%@1344,0%@1344,0%@1344,0%@1344,0%@1344],GR3D_FREQ,0%,cpu@51.281C,soc2@49.5C,soc0@50.468C,gpu@51.437C,tj@51.687C,soc1@50.5C,VDD_IN,5585mW/5582mW,VDD_CPU_GPU_CV,1305mW/1307mW,VDD_SOC,2376mW/2376mW
07-27-2026,09:38:08,RAM,867/7620MB,(lfb,16x4MB),SWAP,153/3810MB,(cached,2MB),CPU,[0%@1344,0%@1344,0%@1344,0%@1344,0%@1344,0%@1344],GR3D_FREQ,0%,cpu@51.687C,soc2@49.625C,soc0@50.562C,gpu@51.281C,tj@51.687C,soc1@50.718C,VDD_IN,5546mW/5582mW,VDD_CPU_GPU_CV,1305mW/1307mW,VDD_SOC,2376mW/2376mW
07-27-2026,09:38:08,RAM,867/7620MB,(lfb,16x4MB),SWAP,153/3810MB,(cached,2MB),CPU,[0%@1344,0%@1344,0%@1344,0%@1344,0%@1344,0%@1344],GR3D_FREQ,0%,cpu@51.75C,soc2@49.656C,soc0@50.375C,gpu@51.218C,tj@51.75C,soc1@50.75C,VDD_IN,5546mW/5581mW,VDD_CPU_GPU_CV,1305mW/1307mW,VDD_SOC,2376mW/2376mW
07-27-2026,09:38:08,RAM,867/7620MB,(lfb,16x4MB),SWAP,153/3810MB,(cached,2MB),CPU,[0%@1344,8%@1344,0%@1344,0%@1344,0%@1344,0%@1344],GR3D_FREQ,0%,cpu@51.531C,soc2@49.5C,soc0@50.468C,gpu@51.468C,tj@51.468C,soc1@50.812C,VDD_IN,5555mW/5581mW,VDD_CPU_GPU_CV,1305mW/1307mW,VDD_SOC,2376mW/2376mW
07-27-2026,09:38:08,RAM,868/7620MB,(lfb,16x4MB),SWAP,153/3810MB,(cached,2MB),CPU,[0%@1344,0%@1344,0%@1344,0%@1344,0%@1344,0%@1344],GR3D_FREQ,0%,cpu@51.343C,soc2@49.5C,soc0@50.437C,gpu@51.343C,tj@51.343C,soc1@50.593C,VDD_IN,5594mW/5581mW,VDD_CPU_GPU_CV,1305mW/1307mW,VDD_SOC,2376mW/2376mW
07-27-2026,09:38:08,RAM,867/7620MB,(lfb,16x4MB),SWAP,153/3810MB,(cached,2MB),CPU,[0%@1344,0%@1344,0%@1344,0%@1344,0%@1344,0%@1344],GR3D_FREQ,0%,cpu@51.593C,soc2@49.468C,soc0@50.468C,gpu@51.25C,tj@51.593C,soc1@50.593C,VDD_IN,5594mW/5581mW,VDD_CPU_GPU_CV,1305mW/1307mW,VDD_SOC,2376mW/2376mW
07-27-2026,09:38:08,RAM,867/7620MB,(lfb,16x4MB),SWAP,153/3810MB,(cached,2MB),CPU,[0%@1344,0%@1344,0%@1344,0%@1344,0%@1344,0%@1344],GR3D_FREQ,0%,cpu@51.843C,soc2@49.531C,soc0@50.281C,gpu@51.406C,tj@51.843C,soc1@50.593C,VDD_IN,5594mW/5581mW,VDD_CPU_GPU_CV,1305mW/1307mW,VDD_SOC,2376mW/2376mW
07-27-2026,09:38:09,RAM,867/7620MB,(lfb,16x4MB),SWAP,153/3810MB,(cached,2MB),CPU,[0%@1344,0%@1344,0%@1344,0%@1344,0%@1344,0%@1344],GR3D_FREQ,0%,cpu@51.937C,soc2@49.625C,soc0@50.437C,gpu@51.281C,tj@51.937C,soc1@50.75C,VDD_IN,5594mW/5582mW,VDD_CPU_GPU_CV,1305mW/1307mW,VDD_SOC,2376mW/2376mW
07-27-2026,09:38:09,RAM,867/7620MB,(lfb,16x4MB),SWAP,153/3810MB,(cached,2MB),CPU,[0%@1344,0%@1344,0%@1344,0%@1344,0%@1344,0%@1344],GR3D_FREQ,0%,cpu@51.343C,soc2@49.468C,soc0@50.437C,gpu@51.5C,tj@51.5C,soc1@50.468C,VDD_IN,5594mW/5582mW,VDD_CPU_GPU_CV,1307mW/1307mW,VDD_SOC,2376mW/2376mW
07-27-2026,09:38:09,RAM,867/7620MB,(lfb,16x4MB),SWAP,153/3810MB,(cached,2MB),CPU,[8%@1344,0%@1344,0%@1344,0%@1344,0%@1344,0%@1344],GR3D_FREQ,0%,cpu@51.437C,soc2@49.593C,soc0@50.406C,gpu@51.406C,tj@51.437C,soc1@50.562C,VDD_IN,5594mW/5582mW,VDD_CPU_GPU_CV,1307mW/1307mW,VDD_SOC,2376mW/2376mW
07-27-2026,09:38:09,RAM,867/7620MB,(lfb,16x4MB),SWAP,153/3810MB,(cached,2MB),CPU,[0%@1344,0%@1344,0%@1344,0%@1344,0%@1344,0%@1344],GR3D_FREQ,0%,cpu@51.687C,soc2@49.468C,soc0@50.593C,gpu@51.343C,tj@51.687C,soc1@50.656C,VDD_IN,5585mW/5582mW,VDD_CPU_GPU_CV,1305mW/1307mW,VDD_SOC,2376mW/2376mW
07-27-2026,09:38:09,RAM,867/7620MB,(lfb,16x4MB),SWAP,153/3810MB,(cached,2MB),CPU,[0%@1344,0%@1344,0%@1344,0%@1344,0%@1344,0%@1344],GR3D_FREQ,0%,cpu@51.75C,soc2@49.625C,soc0@50.343C,gpu@51.593C,tj@51.75C,soc1@50.781C,VDD_IN,5594mW/5582mW,VDD_CPU_GPU_CV,1305mW/1307mW,VDD_SOC,2376mW/2376mW
07-27-2026,09:38:09,RAM,867/7620MB,(lfb,16x4MB),SWAP,153/3810MB,(cached,2MB),CPU,[0%@1344,8%@1344,0%@1344,0%@1344,0%@1344,0%@1344],GR3D_FREQ,0%,cpu@51.562C,soc2@49.531C,soc0@50.437C,gpu@51.406C,tj@51.562C,soc1@50.875C,VDD_IN,5555mW/5582mW,VDD_CPU_GPU_CV,1307mW/1307mW,VDD_SOC,2376mW/2376mW
07-27-2026,09:38:09,RAM,867/7620MB,(lfb,16x4MB),SWAP,153/3810MB,(cached,2MB),CPU,[0%@1344,0%@1344,0%@1344,0%@1344,0%@1344,0%@1344],GR3D_FREQ,0%,cpu@51.343C,soc2@49.562C,soc0@50.468C,gpu@51.281C,tj@51.343C,soc1@50.625C,VDD_IN,5555mW/5581mW,VDD_CPU_GPU_CV,1307mW/1307mW,VDD_SOC,2376mW/2376mW
07-27-2026,09:38:09,RAM,863/7620MB,(lfb,16x4MB),SWAP,153/3810MB,(cached,2MB),CPU,[0%@1344,0%@1344,58%@1344,0%@1344,16%@1344,16%@1344],GR3D_FREQ,0%,cpu@51.75C,soc2@49.593C,soc0@50.5C,gpu@51.468C,tj@51.75C,soc1@50.593C,VDD_IN,5753mW/5582mW,VDD_CPU_GPU_CV,1386mW/1307mW,VDD_SOC,2376mW/2376mW
07-27-2026,09:38:09,RAM,863/7620MB,(lfb,16x4MB),SWAP,153/3810MB,(cached,2MB),CPU,[0%@1344,0%@1344,0%@1344,0%@1344,0%@1344,0%@1344],GR3D_FREQ,0%,cpu@51.812C,soc2@49.656C,soc0@50.343C,gpu@51.375C,tj@51.812C,soc1@50.687C,VDD_IN,5713mW/5582mW,VDD_CPU_GPU_CV,1386mW/1307mW,VDD_SOC,2376mW/2376mW
07-27-2026,09:38:09,RAM,866/7620MB,(lfb,16x4MB),SWAP,153/3810MB,(cached,2MB),CPU,[0%@1344,0%@1344,0%@1344,0%@1344,0%@1344,0%@1344],GR3D_FREQ,0%,cpu@51.5C,soc2@49.562C,soc0@50.437C,gpu@51.687C,tj@51.5C,soc1@50.718C,VDD_IN,5713mW/5583mW,VDD_CPU_GPU_CV,1346mW/1307mW,VDD_SOC,2376mW/2376mW
07-27-2026,09:38:10,RAM,866/7620MB,(lfb,16x4MB),SWAP,153/3810MB,(cached,2MB),CPU,[0%@1344,8%@1344,0%@1344,0%@1344,0%@1344,0%@1344],GR3D_FREQ,0%,cpu@51.25C,soc2@49.5C,soc0@50.437C,gpu@51.437C,tj@51.437C,soc1@50.531C,VDD_IN,5674mW/5583mW,VDD_CPU_GPU_CV,1346mW/1307mW,VDD_SOC,2376mW/2376mW
07-27-2026,09:38:10,RAM,866/7620MB,(lfb,16x4MB),SWAP,153/3810MB,(cached,2MB),CPU,[0%@1344,0%@1344,0%@1344,0%@1344,0%@1344,0%@1344],GR3D_FREQ,0%,cpu@51.406C,soc2@49.562C,soc0@50.468C,gpu@51.375C,tj@51.406C,soc1@50.437C,VDD_IN,5674mW/5583mW,VDD_CPU_GPU_CV,1346mW/1307mW,VDD_SOC,2376mW/2376mW
07-27-2026,09:38:10,RAM,866/7620MB,(lfb,16x4MB),SWAP,153/3810MB,(cached,2MB),CPU,[0%@1344,0%@1344,0%@1344,0%@1344,0%@1344,0%@1344],GR3D_FREQ,0%,cpu@51.75C,soc2@49.531C,soc0@50.25C,gpu@51.593C,tj@51.75C,soc1@50.687C,VDD_IN,5674mW/5583mW,VDD_CPU_GPU_CV,1346mW/1307mW,VDD_SOC,2376mW/2376mW
07-27-2026,09:38:10,RAM,866/7620MB,(lfb,16x4MB),SWAP,153/3810MB,(cached,2MB),CPU,[0%@1344,0%@1344,0%@1344,0%@1344,0%@1344,0%@1344],GR3D_FREQ,0%,cpu@51.875C,soc2@49.625C,soc0@50.468C,gpu@51.562C,tj@51.875C,soc1@50.718C,VDD_IN,5674mW/5583mW,VDD_CPU_GPU_CV,1307mW/1307mW,VDD_SOC,2376mW/2376mW
07-27-2026,09:38:10,RAM,867/7620MB,(lfb,16x4MB),SWAP,153/3810MB,(cached,2MB),CPU,[0%@1344,9%@1344,0%@1344,0%@1344,0%@1344,0%@1344],GR3D_FREQ,0%,cpu@51.531C,soc2@49.5C,soc0@50.375C,gpu@51.375C,tj@51.531C,soc1@50.875C,VDD_IN,5634mW/5584mW,VDD_CPU_GPU_CV,1307mW/1307mW,VDD_SOC,2376mW/2376mW
07-27-2026,09:38:10,RAM,869/7620MB,(lfb,16x4MB),SWAP,153/3810MB,(cached,2MB),CPU,[0%@1344,0%@1344,0%@1344,0%@1344,0%@1344,0%@1344],GR3D_FREQ,0%,cpu@51.437C,soc2@49.468C,soc0@50.468C,gpu@51.687C,tj@51.687C,soc1@50.468C,VDD_IN,5634mW/5584mW,VDD_CPU_GPU_CV,1307mW/1307mW,VDD_SOC,2376mW/2376mW
07-27-2026,09:38:10,RAM,871/7620MB,(lfb,16x4MB),SWAP,153/3810MB,(cached,2MB),CPU,[9%@1344,0%@1344,0%@1344,0%@1344,0%@1344,0%@1344],GR3D_FREQ,0%,cpu@51.718C,soc2@49.437C,soc0@50.531C,gpu@51.406C,tj@51.718C,soc1@50.593C,VDD_IN,5634mW/5584mW,VDD_CPU_GPU_CV,1307mW/1307mW,VDD_SOC,2380mW/2376mW
07-27-2026,09:38:10,RAM,873/7620MB,(lfb,16x4MB),SWAP,153/3810MB,(cached,2MB),CPU,[9%@1344,0%@1344,0%@1344,0%@1344,0%@1344,0%@1344],GR3D_FREQ,0%,cpu@51.812C,soc2@49.625C,soc0@50.312C,gpu@51.281C,tj@51.812C,soc1@50.687C,VDD_IN,5683mW/5584mW,VDD_CPU_GPU_CV,1349mW/1308mW,VDD_SOC,2380mW/2376mW
07-27-2026,09:38:10,RAM,876/7620MB,(lfb,16x4MB),SWAP,153/3810MB,(cached,2MB),CPU,[0%@1344,0%@1344,9%@1344,0%@1344,0%@1344,0%@1344],GR3D_FREQ,0%,cpu@51.75C,soc2@49.625C,soc0@50.312C,gpu@51.531C,tj@51.562C,soc1@50.875C,VDD_IN,5723mW/5584mW,VDD_CPU_GPU_CV,1349mW/1308mW,VDD_SOC,2380mW/2376mW
07-27-2026,09:38:11,RAM,878/7620MB,(lfb,16x4MB),SWAP,153/3810MB,(cached,2MB),CPU,[18%@1344,9%@1344,10%@1344,0%@1344,8%@1344,0%@1344],GR3D_FREQ,0%,cpu@51.437C,soc2@49.5C,soc0@50.468C,gpu@51.375C,tj@51.437C,soc1@50.468C,VDD_IN,5723mW/5585mW,VDD_CPU_GPU_CV,1349mW/1308mW,VDD_SOC,2380mW/2376mW
07-27-2026,09:38:11,RAM,881/7620MB,(lfb,16x4MB),SWAP,153/3810MB,(cached,2MB),CPU,[9%@1344,9%@1344,9%@1344,0%@1344,0%@1344,0%@1344],GR3D_FREQ,0%,cpu@51.718C,soc2@49.562C,soc0@50.468C,gpu@51.281C,tj@51.718C,soc1@50.687C,VDD_IN,5762mW/5585mW,VDD_CPU_GPU_CV,1388mW/1308mW,VDD_SOC,2380mW/2376mW
07-27-2026,09:38:11,RAM,884/7620MB,(lfb,16x4MB),SWAP,153/3810MB,(cached,2MB),CPU,[10%@1344,0%@1344,9%@1344,0%@1344,0%@1344,0%@1344],GR3D_FREQ,0%,cpu@51.812C,soc2@49.562C,soc0@50.375C,gpu@51.218C,tj@51.812C,soc1@50.687C,VDD_IN,5762mW/5586mW,VDD_CPU_GPU_CV,1388mW/1308mW,VDD_SOC,2380mW/2376mW
07-27-2026,09:38:11,RAM,886/7620MB,(lfb,16x4MB),SWAP,153/3810MB,(cached,2MB),CPU,[0%@1344,0%@1344,9%@1344,0%@1344,0%@1344,0%@1344],GR3D_FREQ,0%,cpu@51.812C,soc2@49.531C,soc0@50.343C,gpu@51.406C,tj@51.812C,soc1@50.468C,VDD_IN,5802mW/5586mW,VDD_CPU_GPU_CV,1388mW/1308mW,VDD_SOC,2420mW/2376mW
07-27-2026,09:38:11,RAM,888/7620MB,(lfb,16x4MB),SWAP,153/3810MB,(cached,2MB),CPU,[10%@1344,0%@1344,10%@1344,0%@1344,0%@1344,0%@1344],GR3D_FREQ,0%,cpu@51.437C,soc2@49.468C,soc0@50.375C,gpu@51.25C,tj@51.437C,soc1@50.531C,VDD_IN,5802mW/5587mW,VDD_CPU_GPU_CV,1388mW/1309mW,VDD_SOC,2420mW/2376mW
07-27-2026,09:38:11,RAM,891/7620MB,(lfb,16x4MB),SWAP,153/3810MB,(cached,2MB),CPU,[9%@1344,0%@1344,9%@1344,0%@1344,0%@1344,8%@1344],GR3D_FREQ,0%,cpu@51.781C,soc2@49.531C,soc0@50.468C,gpu@51.218C,tj@51.781C,soc1@50.5C,VDD_IN,5802mW/5587mW,VDD_CPU_GPU_CV,1388mW/1309mW,VDD_SOC,2380mW/2376mW
07-27-2026,09:38:11,RAM,893/7620MB,(lfb,16x4MB),SWAP,153/3810MB,(cached,2MB),CPU,[18%@1344,0%@1344,9%@1344,0%@1344,0%@1344,0%@1344],GR3D_FREQ,0%,cpu@51.75C,soc2@49.593C,soc0@50.375C,gpu@51.218C,tj@51.75C,soc1@50.718C,VDD_IN,5802mW/5588mW,VDD_CPU_GPU_CV,1388mW/1309mW,VDD_SOC,2420mW/2376mW
07-27-2026,09:38:11,RAM,895/7620MB,(lfb,16x4MB),SWAP,153/3810MB,(cached,2MB),CPU,[9%@1344,9%@1344,10%@1344,0%@1344,0%@1344,0%@1344],GR3D_FREQ,0%,cpu@51.906C,soc2@49.531C,soc0@50.343C,gpu@51.312C,tj@51.906C,soc1@50.468C,VDD_IN,5802mW/5588mW,VDD_CPU_GPU_CV,1428mW/1309mW,VDD_SOC,2420mW/2376mW
07-27-2026,09:38:11,RAM,898/7620MB,(lfb,16x4MB),SWAP,153/3810MB,(cached,2MB),CPU,[0%@1344,9%@1344,0%@1344,0%@1344,0%@1344,0%@1344],GR3D_FREQ,0%,cpu@51.468C,soc2@49.531C,soc0@50.5C,gpu@51.218C,tj@51.468C,soc1@50.625C,VDD_IN,5802mW/5589mW,VDD_CPU_GPU_CV,1428mW/1310mW,VDD_SOC,2420mW/2377mW
07-27-2026,09:38:11,RAM,901/7620MB,(lfb,16x4MB),SWAP,153/3810MB,(cached,2MB),CPU,[16%@1344,9%@1344,9%@1344,0%@1344,0%@1344,0%@1344],GR3D_FREQ,0%,cpu@51.5C,soc2@49.625C,soc0@50.531C,gpu@51.75C,tj@51.75C,soc1@50.656C,VDD_IN,5802mW/5589mW,VDD_CPU_GPU_CV,1428mW/1310mW,VDD_SOC,2420mW/2377mW
07-27-2026,09:38:12,RAM,903/7620MB,(lfb,16x4MB),SWAP,153/3810MB,(cached,2MB),CPU,[10%@1344,0%@1344,10%@1344,0%@1344,0%@1344,0%@1344],GR3D_FREQ,0%,cpu@51.687C,soc2@49.562C,soc0@50.406C,gpu@51.656C,tj@51.687C,soc1@50.75C,VDD_IN,5802mW/5590mW,VDD_CPU_GPU_CV,1428mW/1310mW,VDD_SOC,2420mW/2377mW
07-27-2026,09:38:12,RAM,905/7620MB,(lfb,16x4MB),SWAP,153/3810MB,(cached,2MB),CPU,[9%@1344,9%@1344,9%@1344,9%@1344,0%@1344,0%@1344],GR3D_FREQ,0%,cpu@51.687C,soc2@49.5C,soc0@50.468C,gpu@51.187C,tj@51.687C,soc1@50.625C,VDD_IN,5802mW/5590mW,VDD_CPU_GPU_CV,1428mW/1310mW,VDD_SOC,2420mW/2377mW
07-27-2026,09:38:12,RAM,905/7620MB,(lfb,16x4MB),SWAP,153/3810MB,(cached,2MB),CPU,[0%@1344,0%@1344,9%@1344,8%@1344,0%@1344,0%@1344],GR3D_FREQ,0%,cpu@51.531C,soc2@49.625C,soc0@50.468C,gpu@51.718C,tj@51.718C,soc1@50.593C,VDD_IN,5802mW/5591mW,VDD_CPU_GPU_CV,1388mW/1311mW,VDD_SOC,2420mW/2377mW
07-27-2026,09:38:12,RAM,906/7620MB,(lfb,16x4MB),SWAP,153/3810MB,(cached,2MB),CPU,[9%@1344,0%@1344,10%@1344,0%@1344,0%@1344,0%@1344],GR3D_FREQ,0%,cpu@51.562C,soc2@49.531C,soc0@50.625C,gpu@51.531C,tj@51.562C,soc1@50.625C,VDD_IN,5802mW/5591mW,VDD_CPU_GPU_CV,1388mW/1311mW,VDD_SOC,2420mW/2377mW
07-27-2026,09:38:12,RAM,907/7620MB,(lfb,16x4MB),SWAP,153/3810MB,(cached,2MB),CPU,[25%@1344,0%@1344,9%@1344,0%@1344,0%@1344,0%@1344],GR3D_FREQ,0%,cpu@51.437C,soc2@49.5C,soc0@50.406C,gpu@51.218C,tj@51.437C,soc1@50.437C,VDD_IN,5802mW/5592mW,VDD_CPU_GPU_CV,1428mW/1311mW,VDD_SOC,2420mW/2377mW
07-27-2026,09:38:12,RAM,907/7620MB,(lfb,16x4MB),SWAP,153/3810MB,(cached,2MB),CPU,[9%@1344,0%@1344,9%@1344,0%@1344,0%@1344,0%@1344],GR3D_FREQ,0%,cpu@51.468C,soc2@49.531C,soc0@50.562C,gpu@51.625C,tj@51.718C,soc1@50.593C,VDD_IN,5802mW/5592mW,VDD_CPU_GPU_CV,1428mW/1311mW,VDD_SOC,2420mW/2377mW
07-27-2026,09:38:12,RAM,908/7620MB,(lfb,16x4MB),SWAP,153/3810MB,(cached,2MB),CPU,[0%@1344,9%@1344,10%@1344,0%@1344,0%@1344,0%@1344],GR3D_FREQ,0%,cpu@51.781C,soc2@49.656C,soc0@50.312C,gpu@51.468C,tj@51.781C,soc1@50.625C,VDD_IN,5802mW/5593mW,VDD_CPU_GPU_CV,1428mW/1312mW,VDD_SOC,2420mW/2377mW
07-27-2026,09:38:12,RAM,909/7620MB,(lfb,16x4MB),SWAP,153/3810MB,(cached,2MB),CPU,[10%@1344,0%@1344,9%@1344,0%@1344,9%@1344,9%@1344],GR3D_FREQ,0%,cpu@51.593C,soc2@49.468C,soc0@50.468C,gpu@51.187C,tj@51.468C,soc1@50.843C,VDD_IN,5842mW/5593mW,VDD_CPU_GPU_CV,1428mW/1312mW,VDD_SOC,2420mW/2378mW
07-27-2026,09:38:12,RAM,910/7620MB,(lfb,16x4MB),SWAP,153/3810MB,(cached,2MB),CPU,[9%@1344,0%@1344,0%@1344,0%@1344,0%@1344,0%@1344],GR3D_FREQ,0%,cpu@51.437C,soc2@49.656C,soc0@50.406C,gpu@51.593C,tj@51.593C,soc1@50.562C,VDD_IN,5842mW/5594mW,VDD_CPU_GPU_CV,1428mW/1312mW,VDD_SOC,2420mW/2378mW
07-27-2026,09:38:13,RAM,910/7620MB,(lfb,16x4MB),SWAP,153/3810MB,(cached,2MB),CPU,[10%@1344,0%@1344,10%@1344,0%@1344,0%@1344,0%@1344],GR3D_FREQ,0%,cpu@51.625C,soc2@49.593C,soc0@50.531C,gpu@51.406C,tj@51.625C,soc1@50.625C,VDD_IN,5842mW/5595mW,VDD_CPU_GPU_CV,1428mW/1312mW,VDD_SOC,2420mW/2378mW
07-27-2026,09:38:13,RAM,910/7620MB,(lfb,16x4MB),SWAP,153/3810MB,(cached,2MB),CPU,[16%@1344,0%@1344,16%@1344,0%@1344,0%@1344,0%@1344],GR3D_FREQ,0%,cpu@51.718C,soc2@49.562C,soc0@50.281C,gpu@51.25C,tj@51.718C,soc1@50.687C,VDD_IN,5842mW/5595mW,VDD_CPU_GPU_CV,1428mW/1313mW,VDD_SOC,2420mW/2378mW
07-27-2026,09:38:13,RAM,911/7620MB,(lfb,16x4MB),SWAP,153/3810MB,(cached,2MB),CPU,[0%@1344,0%@1344,9%@1344,0%@1344,0%@1344,0%@1344],GR3D_FREQ,0%,cpu@51.906C,soc2@49.718C,soc0@50.375C,gpu@51.531C,tj@51.906C,soc1@50.531C,VDD_IN,5842mW/5596mW,VDD_CPU_GPU_CV,1428mW/1313mW,VDD_SOC,2420mW/2378mW
07-27-2026,09:38:13,RAM,911/7620MB,(lfb,16x4MB),SWAP,153/3810MB,(cached,2MB),CPU,[16%@1344,0%@1344,0%@1344,0%@1344,0%@1344,0%@1344],GR3D_FREQ,0%,cpu@51.375C,soc2@49.5C,soc0@50.468C,gpu@51.437C,tj@51.437C,soc1@50.531C,VDD_IN,5842mW/5596mW,VDD_CPU_GPU_CV,1428mW/1313mW,VDD_SOC,2420mW/2378mW
07-27-2026,09:38:13,RAM,913/7620MB,(lfb,16x4MB),SWAP,153/3810MB,(cached,2MB),CPU,[9%@1344,0%@1344,18%@1344,9%@1344,0%@1344,9%@1344],GR3D_FREQ,0%,cpu@51.562C,soc2@49.531C,soc0@50.593C,gpu@51.312C,tj@51.562C,soc1@50.656C,VDD_IN,5842mW/5597mW,VDD_CPU_GPU_CV,1428mW/1313mW,VDD_SOC,2420mW/2378mW
07-27-2026,09:38:13,RAM,914/7620MB,(lfb,16x4MB),SWAP,153/3810MB,(cached,2MB),CPU,[10%@1344,0%@1344,0%@1344,0%@1344,0%@1344,0%@1344],GR3D_FREQ,0%,cpu@51.812C,soc2@49.593C,soc0@50.375C,gpu@51.562C,tj@51.812C,soc1@50.718C,VDD_IN,5842mW/5597mW,VDD_CPU_GPU_CV,1428mW/1314mW,VDD_SOC,2420mW/2378mW
07-27-2026,09:38:13,RAM,914/7620MB,(lfb,16x4MB),SWAP,153/3810MB,(cached,2MB),CPU,[9%@1344,0%@1344,9%@1344,0%@1344,0%@1344,0%@1344],GR3D_FREQ,0%,cpu@51.875C,soc2@49.593C,soc0@50.375C,gpu@51.5C,tj@51.875C,soc1@50.531C,VDD_IN,5842mW/5598mW,VDD_CPU_GPU_CV,1428mW/1314mW,VDD_SOC,2420mW/2378mW
07-27-2026,09:38:13,RAM,915/7620MB,(lfb,16x4MB),SWAP,153/3810MB,(cached,2MB),CPU,[10%@1344,0%@1344,18%@1344,0%@1344,0%@1344,0%@1344],GR3D_FREQ,0%,cpu@51.593C,soc2@49.5C,soc0@50.468C,gpu@51.312C,tj@51.593C,soc1@50.531C,VDD_IN,5842mW/5598mW,VDD_CPU_GPU_CV,1428mW/1314mW,VDD_SOC,2420mW/2378mW
07-27-2026,09:38:13,RAM,915/7620MB,(lfb,16x4MB),SWAP,153/3810MB,(cached,2MB),CPU,[9%@1344,8%@1344,0%@1344,0%@1344,0%@1344,0%@1344],GR3D_FREQ,0%,cpu@51.562C,soc2@49.531C,soc0@50.468C,gpu@51.218C,tj@51.562C,soc1@50.656C,VDD_IN,5842mW/5599mW,VDD_CPU_GPU_CV,1428mW/1315mW,VDD_SOC,2420mW/2378mW
07-27-2026,09:38:13,RAM,916/7620MB,(lfb,16x4MB),SWAP,153/3810MB,(cached,2MB),CPU,[10%@1344,0%@1344,9%@1344,0%@1344,0%@1344,0%@1344],GR3D_FREQ,0%,cpu@51.687C,soc2@49.562C,soc0@50.375C,gpu@51.218C,tj@51.687C,soc1@50.812C,VDD_IN,5802mW/5600mW,VDD_CPU_GPU_CV,1428mW/1315mW,VDD_SOC,2420mW/2379mW
07-27-2026,09:38:14,RAM,916/7620MB,(lfb,16x4MB),SWAP,153/3810MB,(cached,2MB),CPU,[9%@1344,0%@1344,0%@1344,8%@1344,0%@1344,0%@1344],GR3D_FREQ,0%,cpu@51.718C,soc2@49.593C,soc0@50.437C,gpu@51.281C,tj@51.718C,soc1@50.843C,VDD_IN,5802mW/5600mW,VDD_CPU_GPU_CV,1388mW/1315mW,VDD_SOC,2420mW/2379mW
07-27-2026,09:38:14,RAM,917/7620MB,(lfb,16x4MB),SWAP,153/3810MB,(cached,2MB),CPU,[25%@1344,0%@1344,16%@1344,0%@1344,0%@1344,0%@1344],GR3D_FREQ,0%,cpu@51.468C,soc2@49.562C,soc0@50.531C,gpu@51.343C,tj@51.468C,soc1@50.562C,VDD_IN,5802mW/5600mW,VDD_CPU_GPU_CV,1388mW/1315mW,VDD_SOC,2420mW/2379mW
07-27-2026,09:38:14,RAM,918/7620MB,(lfb,16x4MB),SWAP,153/3810MB,(cached,2MB),CPU,[9%@1344,0%@1344,0%@1344,0%@1344,0%@1344,0%@1344],GR3D_FREQ,0%,cpu@51.562C,soc2@49.656C,soc0@50.312C,gpu@51.375C,tj@51.562C,soc1@50.906C,VDD_IN,5802mW/5601mW,VDD_CPU_GPU_CV,1388mW/1315mW,VDD_SOC,2420mW/2379mW
07-27-2026,09:38:14,RAM,919/7620MB,(lfb,16x4MB),SWAP,153/3810MB,(cached,2MB),CPU,[10%@1344,9%@1344,18%@1344,0%@1344,10%@1344,0%@1344],GR3D_FREQ,0%,cpu@51.468C,soc2@49.5C,soc0@50.468C,gpu@51.218C,tj@51.468C,soc1@50.562C,VDD_IN,5921mW/5602mW,VDD_CPU_GPU_CV,1428mW/1316mW,VDD_SOC,2420mW/2379mW
07-27-2026,09:38:14,RAM,919/7620MB,(lfb,16x4MB),SWAP,153/3810MB,(cached,2MB),CPU,[16%@1344,0%@1344,10%@1344,0%@1344,0%@1344,0%@1344],GR3D_FREQ,0%,cpu@51.5C,soc2@49.593C,soc0@50.5C,gpu@51.25C,tj@51.5C,soc1@50.593C,VDD_IN,5961mW/5602mW,VDD_CPU_GPU_CV,1428mW/1316mW,VDD_SOC,2420mW/2379mW
07-27-2026,09:38:14,RAM,920/7620MB,(lfb,16x4MB),SWAP,153/3810MB,(cached,2MB),CPU,[10%@1344,0%@1344,9%@1344,0%@1344,0%@1344,0%@1344],GR3D_FREQ,0%,cpu@51.875C,soc2@49.656C,soc0@50.343C,gpu@51.406C,tj@51.875C,soc1@50.687C,VDD_IN,6041mW/5603mW,VDD_CPU_GPU_CV,1428mW/1316mW,VDD_SOC,2420mW/2379mW
07-27-2026,09:38:14,RAM,920/7620MB,(lfb,16x4MB),SWAP,153/3810MB,(cached,2MB),CPU,[0%@1344,0%@1344,9%@1344,0%@1344,0%@1344,9%@1344],GR3D_FREQ,0%,cpu@51.593C,soc2@49.593C,soc0@50.375C,gpu@51.25C,tj@51.593C,soc1@50.812C,VDD_IN,6041mW/5604mW,VDD_CPU_GPU_CV,1428mW/1316mW,VDD_SOC,2420mW/2379mW
07-27-2026,09:38:14,RAM,921/7620MB,(lfb,16x4MB),SWAP,153/3810MB,(cached,2MB),CPU,[10%@1344,0%@1344,0%@1344,0%@1344,0%@1344,0%@1344],GR3D_FREQ,0%,cpu@51.437C,soc2@49.5C,soc0@50.437C,gpu@51.218C,tj@51.437C,soc1@50.468C,VDD_IN,6080mW/5605mW,VDD_CPU_GPU_CV,1428mW/1317mW,VDD_SOC,2424mW/2379mW
07-27-2026,09:38:14,RAM,921/7620MB,(lfb,16x4MB),SWAP,153/3810MB,(cached,2MB),CPU,[18%@1344,16%@1344,16%@1344,0%@1344,9%@1344,0%@1344],GR3D_FREQ,0%,cpu@51.625C,soc2@49.531C,soc0@50.468C,gpu@51.656C,tj@51.656C,soc1@50.531C,VDD_IN,6120mW/5607mW,VDD_CPU_GPU_CV,1428mW/1317mW,VDD_SOC,2424mW/2379mW
07-27-2026,09:38:15,RAM,922/7620MB,(lfb,16x4MB),SWAP,153/3810MB,(cached,2MB),CPU,[16%@1344,0%@1344,0%@1344,0%@1344,0%@1344,0%@1344],GR3D_FREQ,0%,cpu@51.781C,soc2@49.687C,soc0@50.406C,gpu@51.281C,tj@51.781C,soc1@50.687C,VDD_IN,6120mW/5608mW,VDD_CPU_GPU_CV,1428mW/1317mW,VDD_SOC,2420mW/2380mW
07-27-2026,09:38:15,RAM,923/7620MB,(lfb,16x4MB),SWAP,153/3810MB,(cached,2MB),CPU,[10%@1344,0%@1344,0%@1344,0%@1344,0%@1344,0%@1344],GR3D_FREQ,0%,cpu@51.906C,soc2@49.625C,soc0@50.312C,gpu@51.187C,tj@51.906C,soc1@50.812C,VDD_IN,6080mW/5609mW,VDD_CPU_GPU_CV,1428mW/1317mW,VDD_SOC,2420mW/2380mW
07-27-2026,09:38:15,RAM,923/7620MB,(lfb,16x4MB),SWAP,153/3810MB,(cached,2MB),CPU,[9%@1344,0%@1344,16%@1344,0%@1344,0%@1344,0%@1344],GR3D_FREQ,0%,cpu@51.375C,soc2@49.5C,soc0@50.406C,gpu@51.656C,tj@51.656C,soc1@50.625C,VDD_IN,6001mW/5610mW,VDD_CPU_GPU_CV,1428mW/1318mW,VDD_SOC,2420mW/2380mW
07-27-2026,09:38:15,RAM,924/7620MB,(lfb,16x4MB),SWAP,153/3810MB,(cached,2MB),CPU,[10%@1344,0%@1344,0%@1344,0%@1344,0%@1344,0%@1344],GR3D_FREQ,0%,cpu@51.593C,soc2@49.718C,soc0@50.593C,gpu@51.468C,tj@51.593C,soc1@50.625C,VDD_IN,5961mW/5610mW,VDD_CPU_GPU_CV,1428mW/1318mW,VDD_SOC,2420mW/2380mW
07-27-2026,09:38:15,RAM,924/7620MB,(lfb,16x4MB),SWAP,153/3810MB,(cached,2MB),CPU,[9%@1344,0%@1344,10%@1344,0%@1344,0%@1344,9%@1344],GR3D_FREQ,0%,cpu@51.687C,soc2@49.718C,soc0@50.625C,gpu@51.781C,tj@51.781C,soc1@50.75C,VDD_IN,5961mW/5611mW,VDD_CPU_GPU_CV,1428mW/1318mW,VDD_SOC,2420mW/2380mW
07-27-2026,09:38:15,RAM,925/7620MB,(lfb,16x4MB),SWAP,153/3810MB,(cached,2MB),CPU,[18%@1344,0%@1344,9%@1344,0%@1344,0%@1344,0%@1344],GR3D_FREQ,0%,cpu@51.937C,soc2@49.687C,soc0@50.343C,gpu@51.531C,tj@51.937C,soc1@51C,VDD_IN,5921mW/5612mW,VDD_CPU_GPU_CV,1428mW/1318mW,VDD_SOC,2420mW/2380mW
07-27-2026,09:38:15,RAM,926/7620MB,(lfb,16x4MB),SWAP,153/3810MB,(cached,2MB),CPU,[9%@1344,0%@1344,9%@1344,0%@1344,0%@1344,0%@1344],GR3D_FREQ,0%,cpu@51.437C,soc2@49.531C,soc0@50.468C,gpu@51.468C,tj@51.562C,soc1@50.625C,VDD_IN,5882mW/5613mW,VDD_CPU_GPU_CV,1428mW/1318mW,VDD_SOC,2420mW/2380mW
07-27-2026,09:38:15,RAM,926/7620MB,(lfb,16x4MB),SWAP,153/3810MB,(cached,2MB),CPU,[10%@1344,0%@1344,9%@1344,0%@1344,0%@1344,0%@1344],GR3D_FREQ,0%,cpu@51.562C,soc2@49.593C,soc0@50.5C,gpu@51.343C,tj@51.562C,soc1@50.656C,VDD_IN,5882mW/5613mW,VDD_CPU_GPU_CV,1428mW/1319mW,VDD_SOC,2420mW/2380mW
07-27-2026,09:38:15,RAM,927/7620MB,(lfb,16x4MB),SWAP,153/3810MB,(cached,2MB),CPU,[9%@1344,0%@1344,0%@1344,0%@1344,0%@1344,0%@1344],GR3D_FREQ,0%,cpu@51.625C,soc2@49.687C,soc0@50.375C,gpu@51.593C,tj@51.625C,soc1@50.718C,VDD_IN,5842mW/5614mW,VDD_CPU_GPU_CV,1388mW/1319mW,VDD_SOC,2420mW/2380mW
07-27-2026,09:38:15,RAM,927/7620MB,(lfb,16x4MB),SWAP,153/3810MB,(cached,2MB),CPU,[18%@1344,0%@1344,9%@1344,0%@1344,0%@1344,0%@1344],GR3D_FREQ,0%,cpu@51.781C,soc2@49.718C,soc0@50.468C,gpu@51.437C,tj@51.781C,soc1@50.812C,VDD_IN,5842mW/5614mW,VDD_CPU_GPU_CV,1388mW/1319mW,VDD_SOC,2420mW/2380mW
07-27-2026,09:38:16,RAM,927/7620MB,(lfb,16x4MB),SWAP,153/3810MB,(cached,2MB),CPU,[9%@1344,0%@1344,9%@1344,0%@1344,0%@1344,0%@1344],GR3D_FREQ,0%,cpu@51.437C,soc2@49.625C,soc0@50.468C,gpu@51.375C,tj@51.437C,soc1@50.593C,VDD_IN,5802mW/5615mW,VDD_CPU_GPU_CV,1388mW/1319mW,VDD_SOC,2420mW/2380mW
07-27-2026,09:38:16,RAM,927/7620MB,(lfb,16x4MB),SWAP,153/3810MB,(cached,2MB),CPU,[10%@1344,0%@1344,18%@1344,0%@1344,0%@1344,9%@1344],GR3D_FREQ,0%,cpu@51.531C,soc2@49.718C,soc0@50.375C,gpu@51.375C,tj@51.531C,soc1@50.812C,VDD_IN,5842mW/5615mW,VDD_CPU_GPU_CV,1428mW/1319mW,VDD_SOC,2420mW/2380mW
07-27-2026,09:38:16,RAM,927/7620MB,(lfb,16x4MB),SWAP,153/3810MB,(cached,2MB),CPU,[9%@1344,0%@1344,0%@1344,0%@1344,0%@1344,0%@1344],GR3D_FREQ,0%,cpu@51.718C,soc2@49.625C,soc0@50.375C,gpu@51.343C,tj@51.718C,soc1@50.593C,VDD_IN,5842mW/5616mW,VDD_CPU_GPU_CV,1428mW/1320mW,VDD_SOC,2420mW/2381mW
07-27-2026,09:38:16,RAM,928/7620MB,(lfb,16x4MB),SWAP,153/3810MB,(cached,2MB),CPU,[16%@1344,0%@1344,10%@1344,9%@1344,0%@1344,0%@1344],GR3D_FREQ,0%,cpu@51.531C,soc2@49.531C,soc0@50.437C,gpu@51.687C,tj@51.687C,soc1@50.562C,VDD_IN,5842mW/5616mW,VDD_CPU_GPU_CV,1428mW/1320mW,VDD_SOC,2420mW/2381mW
07-27-2026,09:38:16,RAM,927/7620MB,(lfb,16x4MB),SWAP,153/3810MB,(cached,2MB),CPU,[10%@1344,0%@1344,9%@1344,0%@1344,0%@1344,0%@1344],GR3D_FREQ,0%,cpu@51.531C,soc2@49.593C,soc0@50.562C,gpu@51.437C,tj@51.531C,soc1@50.687C,VDD_IN,5842mW/5617mW,VDD_CPU_GPU_CV,1428mW/1320mW,VDD_SOC,2420mW/2381mW
07-27-2026,09:38:16,RAM,928/7620MB,(lfb,16x4MB),SWAP,153/3810MB,(cached,2MB),CPU,[9%@1344,0%@1344,9%@1344,0%@1344,0%@1344,0%@1344],GR3D_FREQ,0%,cpu@51.593C,soc2@49.687C,soc0@50.406C,gpu@51.406C,tj@51.593C,soc1@50.781C,VDD_IN,5842mW/5617mW,VDD_CPU_GPU_CV,1428mW/1320mW,VDD_SOC,2420mW/2381mW
07-27-2026,09:38:16,RAM,928/7620MB,(lfb,16x4MB),SWAP,153/3810MB,(cached,2MB),CPU,[10%@1344,0%@1344,10%@1344,0%@1344,0%@1344,0%@1344],GR3D_FREQ,0%,cpu@51.75C,soc2@49.593C,soc0@50.437C,gpu@51.218C,tj@51.75C,soc1@50.531C,VDD_IN,5842mW/5617mW,VDD_CPU_GPU_CV,1428mW/1321mW,VDD_SOC,2420mW/2381mW
07-27-2026,09:38:16,RAM,927/7620MB,(lfb,16x4MB),SWAP,153/3810MB,(cached,2MB),CPU,[16%@1344,0%@1344,0%@1344,0%@1344,0%@1344,0%@1344],GR3D_FREQ,0%,cpu@51.468C,soc2@49.5C,soc0@50.468C,gpu@51.437C,tj@51.468C,soc1@50.593C,VDD_IN,5842mW/5618mW,VDD_CPU_GPU_CV,1428mW/1321mW,VDD_SOC,2420mW/2381mW
07-27-2026,09:38:16,RAM,928/7620MB,(lfb,16x4MB),SWAP,153/3810MB,(cached,2MB),CPU,[0%@1344,9%@1344,9%@1344,0%@1344,0%@1344,0%@1344],GR3D_FREQ,0%,cpu@51.718C,soc2@49.656C,soc0@50.593C,gpu@51.343C,tj@51.718C,soc1@50.687C,VDD_IN,5842mW/5618mW,VDD_CPU_GPU_CV,1428mW/1321mW,VDD_SOC,2420mW/2381mW
07-27-2026,09:38:17,RAM,927/7620MB,(lfb,16x4MB),SWAP,153/3810MB,(cached,2MB),CPU,[10%@1344,0%@1344,10%@1344,0%@1344,0%@1344,0%@1344],GR3D_FREQ,0%,cpu@51.937C,soc2@49.593C,soc0@50.437C,gpu@51.25C,tj@51.937C,soc1@50.843C,VDD_IN,5842mW/5619mW,VDD_CPU_GPU_CV,1428mW/1321mW,VDD_SOC,2420mW/2381mW
07-27-2026,09:38:17,RAM,927/7620MB,(lfb,16x4MB),SWAP,153/3810MB,(cached,2MB),CPU,[9%@1344,0%@1344,9%@1344,0%@1344,9%@1344,0%@1344],GR3D_FREQ,0%,cpu@51.562C,soc2@49.593C,soc0@50.437C,gpu@51.437C,tj@51.562C,soc1@50.906C,VDD_IN,5802mW/5619mW,VDD_CPU_GPU_CV,1428mW/1322mW,VDD_SOC,2420mW/2381mW
07-27-2026,09:38:17,RAM,928/7620MB,(lfb,16x4MB),SWAP,153/3810MB,(cached,2MB),CPU,[9%@1344,0%@1344,9%@1344,0%@1344,0%@1344,0%@1344],GR3D_FREQ,0%,cpu@51.437C,soc2@49.531C,soc0@50.468C,gpu@51.375C,tj@51.437C,soc1@50.656C,VDD_IN,5802mW/5620mW,VDD_CPU_GPU_CV,1428mW/1322mW,VDD_SOC,2420mW/2381mW
07-27-2026,09:38:17,RAM,927/7620MB,(lfb,16x4MB),SWAP,153/3810MB,(cached,2MB),CPU,[18%@1344,0%@1344,0%@1344,0%@1344,0%@1344,0%@1344],GR3D_FREQ,0%,cpu@51.781C,soc2@49.593C,soc0@50.562C,gpu@51.343C,tj@51.781C,soc1@50.687C,VDD_IN,5802mW/5620mW,VDD_CPU_GPU_CV,1388mW/1322mW,VDD_SOC,2420mW/2381mW
07-27-2026,09:38:17,RAM,928/7620MB,(lfb,16x4MB),SWAP,153/3810MB,(cached,2MB),CPU,[9%@1344,0%@1344,10%@1344,9%@1344,0%@1344,0%@1344],GR3D_FREQ,0%,cpu@51.937C,soc2@49.625C,soc0@50.437C,gpu@51.187C,tj@51.937C,soc1@50.75C,VDD_IN,5842mW/5621mW,VDD_CPU_GPU_CV,1428mW/1322mW,VDD_SOC,2420mW/2382mW
07-27-2026,09:38:17,RAM,928/7620MB,(lfb,16x4MB),SWAP,153/3810MB,(cached,2MB),CPU,[10%@1344,0%@1344,9%@1344,0%@1344,0%@1344,0%@1344],GR3D_FREQ,0%,cpu@51.5C,soc2@49.5C,soc0@50.343C,gpu@51.281C,tj@51.375C,soc1@50.593C,VDD_IN,5842mW/5621mW,VDD_CPU_GPU_CV,1428mW/1322mW,VDD_SOC,2420mW/2382mW
07-27-2026,09:38:17,RAM,928/7620MB,(lfb,16x4MB),SWAP,153/3810MB,(cached,2MB),CPU,[9%@1344,0%@1344,10%@1344,0%@1344,0%@1344,0%@1344],GR3D_FREQ,0%,cpu@51.312C,soc2@49.625C,soc0@50.5C,gpu@51.375C,tj@51.375C,soc1@50.625C,VDD_IN,5802mW/5621mW,VDD_CPU_GPU_CV,1428mW/1323mW,VDD_SOC,2420mW/2382mW
07-27-2026,09:38:17,RAM,928/7620MB,(lfb,16x4MB),SWAP,153/3810MB,(cached,2MB),CPU,[10%@1344,0%@1344,9%@1344,0%@1344,0%@1344,0%@1344],GR3D_FREQ,0%,cpu@51.656C,soc2@49.656C,soc0@50.562C,gpu@51.218C,tj@51.656C,soc1@50.687C,VDD_IN,5802mW/5622mW,VDD_CPU_GPU_CV,1428mW/1323mW,VDD_SOC,2420mW/2382mW
07-27-2026,09:38:17,RAM,928/7620MB,(lfb,16x4MB),SWAP,153/3810MB,(cached,2MB),CPU,[9%@1344,0%@1344,0%@1344,0%@1344,0%@1344,0%@1344],GR3D_FREQ,0%,cpu@51.843C,soc2@49.687C,soc0@50.437C,gpu@51.343C,tj@51.843C,soc1@50.687C,VDD_IN,5802mW/5622mW,VDD_CPU_GPU_CV,1388mW/1323mW,VDD_SOC,2420mW/2382mW
07-27-2026,09:38:17,RAM,928/7620MB,(lfb,16x4MB),SWAP,153/3810MB,(cached,2MB),CPU,[9%@1344,0%@1344,9%@1344,0%@1344,0%@1344,0%@1344],GR3D_FREQ,0%,cpu@51.937C,soc2@49.5C,soc0@50.375C,gpu@51.281C,tj@51.937C,soc1@50.531C,VDD_IN,5802mW/5623mW,VDD_CPU_GPU_CV,1388mW/1323mW,VDD_SOC,2420mW/2382mW
07-27-2026,09:38:18,RAM,928/7620MB,(lfb,16x4MB),SWAP,153/3810MB,(cached,2MB),CPU,[18%@1344,0%@1344,10%@1344,0%@1344,0%@1344,0%@1344],GR3D_FREQ,0%,cpu@51.562C,soc2@49.593C,soc0@50.625C,gpu@51.312C,tj@51.562C,soc1@50.687C,VDD_IN,5802mW/5623mW,VDD_CPU_GPU_CV,1428mW/1323mW,VDD_SOC,2420mW/2382mW
07-27-2026,09:38:18,RAM,928/7620MB,(lfb,16x4MB),SWAP,153/3810MB,(cached,2MB),CPU,[9%@1344,8%@1344,18%@1344,0%@1344,0%@1344,0%@1344],GR3D_FREQ,0%,cpu@51.781C,soc2@49.562C,soc0@50.468C,gpu@51.25C,tj@51.781C,soc1@50.718C,VDD_IN,5842mW/5623mW,VDD_CPU_GPU_CV,1428mW/1324mW,VDD_SOC,2420mW/2382mW
07-27-2026,09:38:18,RAM,928/7620MB,(lfb,16x4MB),SWAP,153/3810MB,(cached,2MB),CPU,[9%@1344,0%@1344,0%@1344,0%@1344,0%@1344,0%@1344],GR3D_FREQ,0%,cpu@51.75C,soc2@49.531C,soc0@50.468C,gpu@51.437C,tj@51.75C,soc1@50.625C,VDD_IN,5842mW/5624mW,VDD_CPU_GPU_CV,1428mW/1324mW,VDD_SOC,2420mW/2382mW
07-27-2026,09:38:18,RAM,928/7620MB,(lfb,16x4MB),SWAP,153/3810MB,(cached,2MB),CPU,[10%@1344,0%@1344,9%@1344,0%@1344,0%@1344,9%@1344],GR3D_FREQ,0%,cpu@51.437C,soc2@49.5C,soc0@50.406C,gpu@51.406C,tj@51.437C,soc1@50.625C,VDD_IN,5802mW/5624mW,VDD_CPU_GPU_CV,1428mW/1324mW,VDD_SOC,2420mW/2382mW
07-27-2026,09:38:18,RAM,928/7620MB,(lfb,16x4MB),SWAP,153/3810MB,(cached,2MB),CPU,[9%@1344,0%@1344,10%@1344,0%@1344,0%@1344,9%@1344],GR3D_FREQ,0%,cpu@51.593C,soc2@49.562C,soc0@50.531C,gpu@51.218C,tj@51.593C,soc1@50.687C,VDD_IN,5842mW/5625mW,VDD_CPU_GPU_CV,1428mW/1324mW,VDD_SOC,2420mW/2382mW
07-27-2026,09:38:18,RAM,929/7620MB,(lfb,16x4MB),SWAP,153/3810MB,(cached,2MB),CPU,[9%@1344,0%@1344,9%@1344,0%@1344,0%@1344,0%@1344],GR3D_FREQ,0%,cpu@51.781C,soc2@49.656C,soc0@50.343C,gpu@51.187C,tj@51.781C,soc1@50.781C,VDD_IN,5842mW/5625mW,VDD_CPU_GPU_CV,1428mW/1324mW,VDD_SOC,2420mW/2382mW
07-27-2026,09:38:18,RAM,928/7620MB,(lfb,16x4MB),SWAP,153/3810MB,(cached,2MB),CPU,[10%@1344,0%@1344,9%@1344,0%@1344,0%@1344,0%@1344],GR3D_FREQ,0%,cpu@51.656C,soc2@49.531C,soc0@50.406C,gpu@51.312C,tj@51.656C,soc1@50.968C,VDD_IN,5842mW/5626mW,VDD_CPU_GPU_CV,1428mW/1325mW,VDD_SOC,2420mW/2382mW
07-27-2026,09:38:18,RAM,928/7620MB,(lfb,16x4MB),SWAP,153/3810MB,(cached,2MB),CPU,[9%@1344,0%@1344,0%@1344,0%@1344,0%@1344,0%@1344],GR3D_FREQ,0%,cpu@51.468C,soc2@49.625C,soc0@50.437C,gpu@51.25C,tj@51.468C,soc1@50.687C,VDD_IN,5842mW/5626mW,VDD_CPU_GPU_CV,1428mW/1325mW,VDD_SOC,2420mW/2383mW
07-27-2026,09:38:18,RAM,928/7620MB,(lfb,16x4MB),SWAP,153/3810MB,(cached,2MB),CPU,[18%@1344,0%@1344,9%@1344,0%@1344,0%@1344,9%@1344],GR3D_FREQ,0%,cpu@51.5C,soc2@49.562C,soc0@50.531C,gpu@51.25C,tj@51.5C,soc1@50.687C,VDD_IN,5802mW/5626mW,VDD_CPU_GPU_CV,1428mW/1325mW,VDD_SOC,2420mW/2383mW
07-27-2026,09:38:19,RAM,928/7620MB,(lfb,16x4MB),SWAP,153/3810MB,(cached,2MB),CPU,[0%@1344,0%@1344,9%@1344,0%@1344,0%@1344,0%@1344],GR3D_FREQ,0%,cpu@51.593C,soc2@49.593C,soc0@50.375C,gpu@51.312C,tj@51.593C,soc1@50.75C,VDD_IN,5802mW/5627mW,VDD_CPU_GPU_CV,1388mW/1325mW,VDD_SOC,2420mW/2383mW
07-27-2026,09:38:19,RAM,928/7620MB,(lfb,16x4MB),SWAP,153/3810MB,(cached,2MB),CPU,[9%@1344,0%@1344,9%@1344,0%@1344,0%@1344,0%@1344],GR3D_FREQ,0%,cpu@51.812C,soc2@49.718C,soc0@50.375C,gpu@51.218C,tj@51.812C,soc1@50.875C,VDD_IN,5802mW/5627mW,VDD_CPU_GPU_CV,1388mW/1325mW,VDD_SOC,2420mW/2383mW
07-27-2026,09:38:19,RAM,928/7620MB,(lfb,16x4MB),SWAP,153/3810MB,(cached,2MB),CPU,[10%@1344,0%@1344,10%@1344,0%@1344,0%@1344,0%@1344],GR3D_FREQ,0%,cpu@51.437C,soc2@49.562C,soc0@50.5C,gpu@51.906C,tj@51.906C,soc1@50.625C,VDD_IN,5802mW/5627mW,VDD_CPU_GPU_CV,1388mW/1325mW,VDD_SOC,2420mW/2383mW
07-27-2026,09:38:19,RAM,928/7620MB,(lfb,16x4MB),SWAP,153/3810MB,(cached,2MB),CPU,[9%@1344,0%@1344,0%@1344,0%@1344,0%@1344,0%@1344],GR3D_FREQ,0%,cpu@51.468C,soc2@49.625C,soc0@50.468C,gpu@51.281C,tj@51.468C,soc1@50.625C,VDD_IN,5802mW/5628mW,VDD_CPU_GPU_CV,1388mW/1326mW,VDD_SOC,2420mW/2383mW
07-27-2026,09:38:19,RAM,927/7620MB,(lfb,16x4MB),SWAP,153/3810MB,(cached,2MB),CPU,[9%@1344,0%@1344,9%@1344,9%@1344,8%@1344,0%@1344],GR3D_FREQ,0%,cpu@51.656C,soc2@49.687C,soc0@50.343C,gpu@51.281C,tj@51.656C,soc1@50.687C,VDD_IN,5842mW/5628mW,VDD_CPU_GPU_CV,1428mW/1326mW,VDD_SOC,2420mW/2383mW
07-27-2026,09:38:19,RAM,927/7620MB,(lfb,16x4MB),SWAP,153/3810MB,(cached,2MB),CPU,[0%@1344,0%@1344,10%@1344,0%@1344,0%@1344,0%@1344],GR3D_FREQ,0%,cpu@51.687C,soc2@49.593C,soc0@50.468C,gpu@51.812C,tj@51.812C,soc1@50.875C,VDD_IN,5842mW/5629mW,VDD_CPU_GPU_CV,1428mW/1326mW,VDD_SOC,2420mW/2383mW
07-27-2026,09:38:19,RAM,927/7620MB,(lfb,16x4MB),SWAP,153/3810MB,(cached,2MB),CPU,[9%@1344,0%@1344,9%@1344,0%@1344,0%@1344,0%@1344],GR3D_FREQ,0%,cpu@51.437C,soc2@49.562C,soc0@50.5C,gpu@51.625C,tj@51.625C,soc1@50.5C,VDD_IN,5842mW/5629mW,VDD_CPU_GPU_CV,1428mW/1326mW,VDD_SOC,2420mW/2383mW
07-27-2026,09:38:19,RAM,927/7620MB,(lfb,16x4MB),SWAP,153/3810MB,(cached,2MB),CPU,[25%@1344,0%@1344,9%@1344,0%@1344,0%@1344,0%@1344],GR3D_FREQ,0%,cpu@51.468C,soc2@49.625C,soc0@50.5C,gpu@51.25C,tj@51.468C,soc1@50.687C,VDD_IN,5802mW/5630mW,VDD_CPU_GPU_CV,1388mW/1326mW,VDD_SOC,2420mW/2383mW
07-27-2026,09:38:19,RAM,927/7620MB,(lfb,16x4MB),SWAP,153/3810MB,(cached,2MB),CPU,[9%@1344,0%@1344,0%@1344,0%@1344,0%@1344,0%@1344],GR3D_FREQ,0%,cpu@51.875C,soc2@49.625C,soc0@50.687C,gpu@51.75C,tj@51.875C,soc1@50.812C,VDD_IN,5802mW/5630mW,VDD_CPU_GPU_CV,1388mW/1326mW,VDD_SOC,2420mW/2383mW
07-27-2026,09:38:19,RAM,927/7620MB,(lfb,16x4MB),SWAP,153/3810MB,(cached,2MB),CPU,[10%@1344,0%@1344,16%@1344,0%@1344,0%@1344,0%@1344],GR3D_FREQ,0%,cpu@51.531C,soc2@49.625C,soc0@50.5C,gpu@51.218C,tj@51.531C,soc1@50.656C,VDD_IN,5842mW/5630mW,VDD_CPU_GPU_CV,1428mW/1327mW,VDD_SOC,2420mW/2383mW
07-27-2026,09:38:20,RAM,927/7620MB,(lfb,16x4MB),SWAP,153/3810MB,(cached,2MB),CPU,[9%@1344,0%@1344,10%@1344,0%@1344,0%@1344,0%@1344],GR3D_FREQ,0%,cpu@51.687C,soc2@49.593C,soc0@50.593C,gpu@51.218C,tj@51.687C,soc1@50.687C,VDD_IN,5842mW/5631mW,VDD_CPU_GPU_CV,1428mW/1327mW,VDD_SOC,2420mW/2383mW
07-27-2026,09:38:20,RAM,927/7620MB,(lfb,16x4MB),SWAP,153/3810MB,(cached,2MB),CPU,[9%@1344,0%@1344,9%@1344,0%@1344,0%@1344,0%@1344],GR3D_FREQ,0%,cpu@51.75C,soc2@49.75C,soc0@50.343C,gpu@51.375C,tj@51.75C,soc1@50.75C,VDD_IN,5842mW/5631mW,VDD_CPU_GPU_CV,1428mW/1327mW,VDD_SOC,2420mW/2384mW
07-27-2026,09:38:20,RAM,927/7620MB,(lfb,16x4MB),SWAP,153/3810MB,(cached,2MB),CPU,[10%@1344,0%@1344,0%@1344,9%@1344,0%@1344,0%@1344],GR3D_FREQ,0%,cpu@51.875C,soc2@49.531C,soc0@50.406C,gpu@51.25C,tj@51.875C,soc1@50.468C,VDD_IN,5842mW/5632mW,VDD_CPU_GPU_CV,1428mW/1327mW,VDD_SOC,2420mW/2384mW
07-27-2026,09:38:20,RAM,927/7620MB,(lfb,16x4MB),SWAP,153/3810MB,(cached,2MB),CPU,[0%@1344,0%@1344,9%@1344,0%@1344,0%@1344,0%@1344],GR3D_FREQ,0%,cpu@51.593C,soc2@49.562C,soc0@50.437C,gpu@51.125C,tj@51.593C,soc1@50.593C,VDD_IN,5842mW/5632mW,VDD_CPU_GPU_CV,1428mW/1327mW,VDD_SOC,2420mW/2384mW
07-27-2026,09:38:20,RAM,928/7620MB,(lfb,16x4MB),SWAP,153/3810MB,(cached,2MB),CPU,[16%@1344,0%@1344,9%@1344,0%@1344,0%@1344,0%@1344],GR3D_FREQ,0%,cpu@51.562C,soc2@49.625C,soc0@50.5C,gpu@51.593C,tj@51.593C,soc1@50.718C,VDD_IN,5842mW/5632mW,VDD_CPU_GPU_CV,1428mW/1328mW,VDD_SOC,2420mW/2384mW
07-27-2026,09:38:20,RAM,928/7620MB,(lfb,16x4MB),SWAP,153/3810MB,(cached,2MB),CPU,[10%@1344,0%@1344,10%@1344,0%@1344,0%@1344,0%@1344],GR3D_FREQ,0%,cpu@51.75C,soc2@49.687C,soc0@50.312C,gpu@51.281C,tj@51.75C,soc1@50.718C,VDD_IN,5842mW/5633mW,VDD_CPU_GPU_CV,1428mW/1328mW,VDD_SOC,2420mW/2384mW
07-27-2026,09:38:20,RAM,928/7620MB,(lfb,16x4MB),SWAP,153/3810MB,(cached,2MB),CPU,[9%@1344,0%@1344,9%@1344,0%@1344,0%@1344,0%@1344],GR3D_FREQ,0%,cpu@51.906C,soc2@49.562C,soc0@50.5C,gpu@51.75C,tj@51.906C,soc1@50.843C,VDD_IN,5842mW/5633mW,VDD_CPU_GPU_CV,1428mW/1328mW,VDD_SOC,2420mW/2384mW
07-27-2026,09:38:20,RAM,928/7620MB,(lfb,16x4MB),SWAP,153/3810MB,(cached,2MB),CPU,[9%@1344,0%@1344,0%@1344,0%@1344,0%@1344,0%@1344],GR3D_FREQ,0%,cpu@51.468C,soc2@49.5C,soc0@50.468C,gpu@51.531C,tj@51.531C,soc1@50.593C,VDD_IN,5842mW/5634mW,VDD_CPU_GPU_CV,1428mW/1328mW,VDD_SOC,2420mW/2384mW
07-27-2026,09:38:20,RAM,928/7620MB,(lfb,16x4MB),SWAP,153/3810MB,(cached,2MB),CPU,[10%@1344,0%@1344,9%@1344,0%@1344,9%@1344,0%@1344],GR3D_FREQ,0%,cpu@51.625C,soc2@49.593C,soc0@50.437C,gpu@51.281C,tj@51.625C,soc1@50.687C,VDD_IN,5802mW/5634mW,VDD_CPU_GPU_CV,1428mW/1328mW,VDD_SOC,2420mW/2384mW
07-27-2026,09:38:21,RAM,928/7620MB,(lfb,16x4MB),SWAP,153/3810MB,(cached,2MB),CPU,[16%@1344,0%@1344,10%@1344,0%@1344,0%@1344,0%@1344],GR3D_FREQ,0%,cpu@51.75C,soc2@49.593C,soc0@50.375C,gpu@51.75C,tj@51.75C,soc1@50.812C,VDD_IN,5802mW/5634mW,VDD_CPU_GPU_CV,1388mW/1329mW,VDD_SOC,2420mW/2384mW
07-27-2026,09:38:21,RAM,928/7620MB,(lfb,16x4MB),SWAP,153/3810MB,(cached,2MB),CPU,[0%@1344,0%@1344,0%@1344,0%@1344,0%@1344,0%@1344],GR3D_FREQ,0%,cpu@51.812C,soc2@49.468C,soc0@50.375C,gpu@51.562C,tj@51.812C,soc1@50.687C,VDD_IN,5802mW/5635mW,VDD_CPU_GPU_CV,1388mW/1329mW,VDD_SOC,2420mW/2384mW
07-27-2026,09:38:21,RAM,928/7620MB,(lfb,16x4MB),SWAP,153/3810MB,(cached,2MB),CPU,[10%@1344,0%@1344,18%@1344,0%@1344,0%@1344,0%@1344],GR3D_FREQ,0%,cpu@51.5C,soc2@49.562C,soc0@50.468C,gpu@51.218C,tj@51.5C,soc1@50.593C,VDD_IN,5802mW/5635mW,VDD_CPU_GPU_CV,1388mW/1329mW,VDD_SOC,2420mW/2384mW
07-27-2026,09:38:21,RAM,928/7620MB,(lfb,16x4MB),SWAP,153/3810MB,(cached,2MB),CPU,[16%@1344,0%@1344,0%@1344,8%@1344,0%@1344,0%@1344],GR3D_FREQ,0%,cpu@51.531C,soc2@49.531C,soc0@50.468C,gpu@51.75C,tj@51.75C,soc1@50.656C,VDD_IN,5802mW/5635mW,VDD_CPU_GPU_CV,1388mW/1329mW,VDD_SOC,2420mW/2384mW
07-27-2026,09:38:21,RAM,929/7620MB,(lfb,16x4MB),SWAP,153/3810MB,(cached,2MB),CPU,[9%@1344,0%@1344,9%@1344,9%@1344,0%@1344,0%@1344],GR3D_FREQ,0%,cpu@51.75C,soc2@49.687C,soc0@50.625C,gpu@51.593C,tj@51.812C,soc1@50.75C,VDD_IN,5842mW/5636mW,VDD_CPU_GPU_CV,1428mW/1329mW,VDD_SOC,2420mW/2384mW
07-27-2026,09:38:21,RAM,928/7620MB,(lfb,16x4MB),SWAP,153/3810MB,(cached,2MB),CPU,[10%@1344,0%@1344,10%@1344,0%@1344,0%@1344,0%@1344],GR3D_FREQ,0%,cpu@51.75C,soc2@49.718C,soc0@50.437C,gpu@51.343C,tj@51.75C,soc1@50.781C,VDD_IN,5802mW/5636mW,VDD_CPU_GPU_CV,1428mW/1329mW,VDD_SOC,2420mW/2384mW
07-27-2026,09:38:21,RAM,928/7620MB,(lfb,16x4MB),SWAP,153/3810MB,(cached,2MB),CPU,[9%@1344,8%@1344,0%@1344,0%@1344,0%@1344,0%@1344],GR3D_FREQ,0%,cpu@51.812C,soc2@49.593C,soc0@50.406C,gpu@51.687C,tj@51.687C,soc1@50.531C,VDD_IN,5802mW/5636mW,VDD_CPU_GPU_CV,1388mW/1329mW,VDD_SOC,2420mW/2385mW
07-27-2026,09:38:21,RAM,928/7620MB,(lfb,16x4MB),SWAP,153/3810MB,(cached,2MB),CPU,[9%@1344,9%@1344,16%@1344,0%@1344,0%@1344,0%@1344],GR3D_FREQ,0%,cpu@51.562C,soc2@49.593C,soc0@50.531C,gpu@51.5C,tj@51.562C,soc1@50.687C,VDD_IN,5802mW/5637mW,VDD_CPU_GPU_CV,1388mW/1330mW,VDD_SOC,2420mW/2385mW
07-27-2026,09:38:21,RAM,928/7620MB,(lfb,16x4MB),SWAP,153/3810MB,(cached,2MB),CPU,[18%@1344,0%@1344,0%@1344,0%@1344,0%@1344,0%@1344],GR3D_FREQ,0%,cpu@51.687C,soc2@49.5C,soc0@50.5C,gpu@51.812C,tj@51.812C,soc1@50.531C,VDD_IN,5802mW/5637mW,VDD_CPU_GPU_CV,1428mW/1330mW,VDD_SOC,2420mW/2385mW
07-27-2026,09:38:21,RAM,928/7620MB,(lfb,16x4MB),SWAP,153/3810MB,(cached,2MB),CPU,[9%@1344,0%@1344,18%@1344,0%@1344,0%@1344,0%@1344],GR3D_FREQ,0%,cpu@51.437C,soc2@49.531C,soc0@50.468C,gpu@51.625C,tj@51.625C,soc1@50.687C,VDD_IN,5802mW/5637mW,VDD_CPU_GPU_CV,1428mW/1330mW,VDD_SOC,2420mW/2385mW
07-27-2026,09:38:22,RAM,928/7620MB,(lfb,16x4MB),SWAP,153/3810MB,(cached,2MB),CPU,[10%@1344,0%@1344,0%@1344,0%@1344,0%@1344,9%@1344],GR3D_FREQ,0%,cpu@51.75C,soc2@49.593C,soc0@50.593C,gpu@51.187C,tj@51.75C,soc1@50.687C,VDD_IN,5802mW/5638mW,VDD_CPU_GPU_CV,1428mW/1330mW,VDD_SOC,2420mW/2385mW
07-27-2026,09:38:22,RAM,928/7620MB,(lfb,16x4MB),SWAP,153/3810MB,(cached,2MB),CPU,[16%@1344,0%@1344,18%@1344,0%@1344,0%@1344,0%@1344],GR3D_FREQ,0%,cpu@51.812C,soc2@49.625C,soc0@50.312C,gpu@51.718C,tj@51.812C,soc1@50.781C,VDD_IN,5802mW/5638mW,VDD_CPU_GPU_CV,1428mW/1330mW,VDD_SOC,2420mW/2385mW
07-27-2026,09:38:22,RAM,928/7620MB,(lfb,16x4MB),SWAP,153/3810MB,(cached,2MB),CPU,[10%@1344,0%@1344,0%@1344,0%@1344,0%@1344,0%@1344],GR3D_FREQ,0%,cpu@51.656C,soc2@49.625C,soc0@50.437C,gpu@51.593C,tj@51.656C,soc1@50.906C,VDD_IN,5802mW/5638mW,VDD_CPU_GPU_CV,1428mW/1330mW,VDD_SOC,2420mW/2385mW
07-27-2026,09:38:22,RAM,928/7620MB,(lfb,16x4MB),SWAP,153/3810MB,(cached,2MB),CPU,[9%@1344,0%@1344,9%@1344,0%@1344,0%@1344,0%@1344],GR3D_FREQ,0%,cpu@51.562C,soc2@49.468C,soc0@50.531C,gpu@51.437C,tj@51.562C,soc1@50.593C,VDD_IN,5802mW/5639mW,VDD_CPU_GPU_CV,1428mW/1331mW,VDD_SOC,2420mW/2385mW
07-27-2026,09:38:22,RAM,928/7620MB,(lfb,16x4MB),SWAP,153/3810MB,(cached,2MB),CPU,[0%@1344,0%@1344,10%@1344,0%@1344,16%@1344,8%@1344],GR3D_FREQ,0%,cpu@51.812C,soc2@49.593C,soc0@50.687C,gpu@51.718C,tj@51.812C,soc1@50.562C,VDD_IN,5842mW/5639mW,VDD_CPU_GPU_CV,1428mW/1331mW,VDD_SOC,2420mW/2385mW
07-27-2026,09:38:22,RAM,929/7620MB,(lfb,16x4MB),SWAP,153/3810MB,(cached,2MB),CPU,[9%@1344,0%@1344,0%@1344,0%@1344,0%@1344,0%@1344],GR3D_FREQ,0%,cpu@51.875C,soc2@49.593C,soc0@50.468C,gpu@51.562C,tj@51.875C,soc1@50.843C,VDD_IN,5842mW/5639mW,VDD_CPU_GPU_CV,1428mW/1331mW,VDD_SOC,2420mW/2385mW
07-27-2026,09:38:22,RAM,929/7620MB,(lfb,16x4MB),SWAP,153/3810MB,(cached,2MB),CPU,[18%@1344,0%@1344,16%@1344,0%@1344,0%@1344,0%@1344],GR3D_FREQ,0%,cpu@52.093C,soc2@49.531C,soc0@50.437C,gpu@51.5C,tj@52.093C,soc1@50.437C,VDD_IN,5802mW/5640mW,VDD_CPU_GPU_CV,1428mW/1331mW,VDD_SOC,2420mW/2385mW
07-27-2026,09:38:22,RAM,928/7620MB,(lfb,16x4MB),SWAP,153/3810MB,(cached,2MB),CPU,[9%@1344,0%@1344,0%@1344,0%@1344,0%@1344,0%@1344],GR3D_FREQ,0%,cpu@51.406C,soc2@49.5C,soc0@50.468C,gpu@51.343C,tj@51.593C,soc1@50.562C,VDD_IN,5802mW/5640mW,VDD_CPU_GPU_CV,1428mW/1331mW,VDD_SOC,2420mW/2385mW
07-27-2026,09:38:22,RAM,928/7620MB,(lfb,16x4MB),SWAP,153/3810MB,(cached,2MB),CPU,[10%@1344,0%@1344,9%@1344,0%@1344,0%@1344,0%@1344],GR3D_FREQ,0%,cpu@51.718C,soc2@49.656C,soc0@50.5C,gpu@51.593C,tj@51.718C,soc1@50.687C,VDD_IN,5802mW/5640mW,VDD_CPU_GPU_CV,1428mW/1332mW,VDD_SOC,2420mW/2385mW
07-27-2026,09:38:23,RAM,928/7620MB,(lfb,16x4MB),SWAP,153/3810MB,(cached,2MB),CPU,[16%@1344,0%@1344,9%@1344,0%@1344,0%@1344,0%@1344],GR3D_FREQ,0%,cpu@51.812C,soc2@49.781C,soc0@50.312C,gpu@51.375C,tj@51.812C,soc1@50.812C,VDD_IN,5802mW/5641mW,VDD_CPU_GPU_CV,1388mW/1332mW,VDD_SOC,2420mW/2385mW
07-27-2026,09:38:23,RAM,928/7620MB,(lfb,16x4MB),SWAP,153/3810MB,(cached,2MB),CPU,[18%@1344,0%@1344,0%@1344,0%@1344,0%@1344,0%@1344],GR3D_FREQ,0%,cpu@51.906C,soc2@49.625C,soc0@50.406C,gpu@51.343C,tj@51.906C,soc1@50.625C,VDD_IN,5802mW/5641mW,VDD_CPU_GPU_CV,1388mW/1332mW,VDD_SOC,2420mW/2385mW
07-27-2026,09:38:23,RAM,928/7620MB,(lfb,16x4MB),SWAP,153/3810MB,(cached,2MB),CPU,[9%@1344,0%@1344,16%@1344,0%@1344,0%@1344,0%@1344],GR3D_FREQ,0%,cpu@51.562C,soc2@49.656C,soc0@50.468C,gpu@51.312C,tj@51.562C,soc1@50.625C,VDD_IN,5802mW/5641mW,VDD_CPU_GPU_CV,1388mW/1332mW,VDD_SOC,2420mW/2386mW
07-27-2026,09:38:23,RAM,928/7620MB,(lfb,16x4MB),SWAP,153/3810MB,(cached,2MB),CPU,[10%@1344,0%@1344,0%@1344,0%@1344,0%@1344,0%@1344],GR3D_FREQ,0%,cpu@51.562C,soc2@49.656C,soc0@50.562C,gpu@51.468C,tj@51.562C,soc1@50.718C,VDD_IN,5802mW/5642mW,VDD_CPU_GPU_CV,1388mW/1332mW,VDD_SOC,2420mW/2386mW
07-27-2026,09:38:23,RAM,929/7620MB,(lfb,16x4MB),SWAP,153/3810MB,(cached,2MB),CPU,[9%@1344,0%@1344,18%@1344,0%@1344,0%@1344,0%@1344],GR3D_FREQ,0%,cpu@51.687C,soc2@49.562C,soc0@50.281C,gpu@51.375C,tj@51.687C,soc1@50.812C,VDD_IN,5802mW/5642mW,VDD_CPU_GPU_CV,1428mW/1332mW,VDD_SOC,2420mW/2386mW
07-27-2026,09:38:23,RAM,929/7620MB,(lfb,16x4MB),SWAP,153/3810MB,(cached,2MB),CPU,[9%@1344,0%@1344,0%@1344,0%@1344,0%@1344,0%@1344],GR3D_FREQ,0%,cpu@51.937C,soc2@49.593C,soc0@50.406C,gpu@51.187C,tj@51.718C,soc1@50.531C,VDD_IN,5802mW/5642mW,VDD_CPU_GPU_CV,1428mW/1332mW,VDD_SOC,2420mW/2386mW
07-27-2026,09:38:23,RAM,929/7620MB,(lfb,16x4MB),SWAP,153/3810MB,(cached,2MB),CPU,[18%@1344,0%@1344,9%@1344,0%@1344,0%@1344,0%@1344],GR3D_FREQ,0%,cpu@51.656C,soc2@49.656C,soc0@50.718C,gpu@51.375C,tj@51.937C,soc1@50.781C,VDD_IN,5802mW/5642mW,VDD_CPU_GPU_CV,1388mW/1332mW,VDD_SOC,2420mW/2386mW
07-27-2026,09:38:23,RAM,929/7620MB,(lfb,16x4MB),SWAP,153/3810MB,(cached,2MB),CPU,[16%@1344,0%@1344,10%@1344,0%@1344,0%@1344,0%@1344],GR3D_FREQ,0%,cpu@51.593C,soc2@49.75C,soc0@50.437C,gpu@51.218C,tj@51.593C,soc1@50.906C,VDD_IN,5842mW/5643mW,VDD_CPU_GPU_CV,1428mW/1333mW,VDD_SOC,2420mW/2386mW
07-27-2026,09:38:23,RAM,929/7620MB,(lfb,16x4MB),SWAP,153/3810MB,(cached,2MB),CPU,[10%@1344,9%@1344,16%@1344,0%@1344,0%@1344,0%@1344],GR3D_FREQ,0%,cpu@51.468C,soc2@49.625C,soc0@50.5C,gpu@51.406C,tj@51.468C,soc1@50.562C,VDD_IN,5842mW/5643mW,VDD_CPU_GPU_CV,1428mW/1333mW,VDD_SOC,2420mW/2386mW
07-27-2026,09:38:24,RAM,929/7620MB,(lfb,16x4MB),SWAP,153/3810MB,(cached,2MB),CPU,[9%@1344,0%@1344,0%@1344,0%@1344,0%@1344,0%@1344],GR3D_FREQ,0%,cpu@51.562C,soc2@49.593C,soc0@50.562C,gpu@51.312C,tj@51.562C,soc1@50.656C,VDD_IN,5842mW/5644mW,VDD_CPU_GPU_CV,1428mW/1333mW,VDD_SOC,2420mW/2386mW
07-27-2026,09:38:24,RAM,929/7620MB,(lfb,16x4MB),SWAP,153/3810MB,(cached,2MB),CPU,[0%@1344,0%@1344,16%@1344,0%@1344,0%@1344,0%@1344],GR3D_FREQ,0%,cpu@51.843C,soc2@49.718C,soc0@50.437C,gpu@51.218C,tj@51.843C,soc1@50.781C,VDD_IN,5802mW/5644mW,VDD_CPU_GPU_CV,1428mW/1333mW,VDD_SOC,2420mW/2386mW
07-27-2026,09:38:24,RAM,929/7620MB,(lfb,16x4MB),SWAP,153/3810MB,(cached,2MB),CPU,[9%@1344,0%@1344,9%@1344,0%@1344,0%@1344,0%@1344],GR3D_FREQ,0%,cpu@51.656C,soc2@49.625C,soc0@50.468C,gpu@51.156C,tj@51.656C,soc1@50.937C,VDD_IN,5802mW/5644mW,VDD_CPU_GPU_CV,1428mW/1333mW,VDD_SOC,2420mW/2386mW
07-27-2026,09:38:24,RAM,929/7620MB,(lfb,16x4MB),SWAP,153/3810MB,(cached,2MB),CPU,[9%@1344,0%@1344,0%@1344,0%@1344,0%@1344,0%@1344],GR3D_FREQ,0%,cpu@51.437C,soc2@49.593C,soc0@50.406C,gpu@51.375C,tj@51.437C,soc1@50.687C,VDD_IN,5802mW/5644mW,VDD_CPU_GPU_CV,1428mW/1334mW,VDD_SOC,2420mW/2386mW
07-27-2026,09:38:24,RAM,929/7620MB,(lfb,16x4MB),SWAP,153/3810MB,(cached,2MB),CPU,[18%@1344,0%@1344,16%@1344,0%@1344,0%@1344,0%@1344],GR3D_FREQ,0%,cpu@51.375C,soc2@49.5C,soc0@50.562C,gpu@51.281C,tj@51.75C,soc1@50.625C,VDD_IN,5802mW/5645mW,VDD_CPU_GPU_CV,1428mW/1334mW,VDD_SOC,2420mW/2386mW
07-27-2026,09:38:24,RAM,929/7620MB,(lfb,16x4MB),SWAP,153/3810MB,(cached,2MB),CPU,[0%@1344,0%@1344,0%@1344,0%@1344,0%@1344,9%@1344],GR3D_FREQ,0%,cpu@51.875C,soc2@49.5C,soc0@50.375C,gpu@51.812C,tj@51.875C,soc1@50.687C,VDD_IN,5842mW/5645mW,VDD_CPU_GPU_CV,1428mW/1334mW,VDD_SOC,2420mW/2386mW
07-27-2026,09:38:24,RAM,929/7620MB,(lfb,16x4MB),SWAP,153/3810MB,(cached,2MB),CPU,[23%@1344,0%@1344,18%@1344,0%@1344,0%@1344,0%@1344],GR3D_FREQ,0%,cpu@51.937C,soc2@49.593C,soc0@50.312C,gpu@51.656C,tj@51.937C,soc1@50.875C,VDD_IN,5842mW/5646mW,VDD_CPU_GPU_CV,1428mW/1334mW,VDD_SOC,2420mW/2386mW
07-27-2026,09:38:24,RAM,929/7620MB,(lfb,16x4MB),SWAP,153/3810MB,(cached,2MB),CPU,[10%@1344,0%@1344,0%@1344,0%@1344,0%@1344,0%@1344],GR3D_FREQ,0%,cpu@51.375C,soc2@49.593C,soc0@50.437C,gpu@51.218C,tj@51.375C,soc1@50.625C,VDD_IN,5802mW/5646mW,VDD_CPU_GPU_CV,1428mW/1334mW,VDD_SOC,2420mW/2386mW
07-27-2026,09:38:24,RAM,929/7620MB,(lfb,16x4MB),SWAP,153/3810MB,(cached,2MB),CPU,[9%@1344,0%@1344,9%@1344,0%@1344,0%@1344,0%@1344],GR3D_FREQ,0%,cpu@51.437C,soc2@49.562C,soc0@50.531C,gpu@51.718C,tj@51.718C,soc1@50.656C,VDD_IN,5802mW/5646mW,VDD_CPU_GPU_CV,1428mW/1334mW,VDD_SOC,2420mW/2386mW
07-27-2026,09:38:24,RAM,929/7620MB,(lfb,16x4MB),SWAP,153/3810MB,(cached,2MB),CPU,[10%@1344,0%@1344,10%@1344,0%@1344,0%@1344,0%@1344],GR3D_FREQ,0%,cpu@51.75C,soc2@49.656C,soc0@50.656C,gpu@51.562C,tj@51.75C,soc1@50.781C,VDD_IN,5802mW/5646mW,VDD_CPU_GPU_CV,1428mW/1335mW,VDD_SOC,2420mW/2387mW
07-27-2026,09:38:25,RAM,929/7620MB,(lfb,16x4MB),SWAP,153/3810MB,(cached,2MB),CPU,[0%@1344,0%@1344,0%@1344,0%@1344,0%@1344,0%@1344],GR3D_FREQ,0%,cpu@51.843C,soc2@49.531C,soc0@50.437C,gpu@51.25C,tj@51.843C,soc1@50.812C,VDD_IN,5802mW/5647mW,VDD_CPU_GPU_CV,1388mW/1335mW,VDD_SOC,2420mW/2387mW
07-27-2026,09:38:25,RAM,929/7620MB,(lfb,16x4MB),SWAP,153/3810MB,(cached,2MB),CPU,[10%@1344,0%@1344,16%@1344,0%@1344,0%@1344,0%@1344],GR3D_FREQ,0%,cpu@51.406C,soc2@49.625C,soc0@50.468C,gpu@51.75C,tj@51.75C,soc1@50.625C,VDD_IN,5802mW/5647mW,VDD_CPU_GPU_CV,1388mW/1335mW,VDD_SOC,2420mW/2387mW
07-27-2026,09:38:25,RAM,929/7620MB,(lfb,16x4MB),SWAP,153/3810MB,(cached,2MB),CPU,[9%@1344,0%@1344,9%@1344,0%@1344,0%@1344,0%@1344],GR3D_FREQ,0%,cpu@51.562C,soc2@49.625C,soc0@50.625C,gpu@51.562C,tj@51.562C,soc1@50.625C,VDD_IN,5802mW/5647mW,VDD_CPU_GPU_CV,1388mW/1335mW,VDD_SOC,2420mW/2387mW
07-27-2026,09:38:25,RAM,929/7620MB,(lfb,16x4MB),SWAP,153/3810MB,(cached,2MB),CPU,[9%@1344,0%@1344,0%@1344,0%@1344,0%@1344,0%@1344],GR3D_FREQ,0%,cpu@51.687C,soc2@49.593C,soc0@50.687C,gpu@51.312C,tj@51.687C,soc1@50.687C,VDD_IN,5802mW/5648mW,VDD_CPU_GPU_CV,1388mW/1335mW,VDD_SOC,2420mW/2387mW
07-27-2026,09:38:25,RAM,929/7620MB,(lfb,16x4MB),SWAP,153/3810MB,(cached,2MB),CPU,[10%@1344,0%@1344,9%@1344,0%@1344,0%@1344,0%@1344],GR3D_FREQ,0%,cpu@51.843C,soc2@49.562C,soc0@50.437C,gpu@51.812C,tj@51.843C,soc1@50.906C,VDD_IN,5802mW/5648mW,VDD_CPU_GPU_CV,1388mW/1335mW,VDD_SOC,2420mW/2387mW
07-27-2026,09:38:25,RAM,929/7620MB,(lfb,16x4MB),SWAP,153/3810MB,(cached,2MB),CPU,[23%@1344,0%@1344,9%@1344,8%@1344,0%@1344,9%@1344],GR3D_FREQ,0%,cpu@51.593C,soc2@49.593C,soc0@50.531C,gpu@51.531C,tj@51.593C,soc1@50.687C,VDD_IN,5802mW/5648mW,VDD_CPU_GPU_CV,1428mW/1335mW,VDD_SOC,2420mW/2387mW
07-27-2026,09:38:25,RAM,929/7620MB,(lfb,16x4MB),SWAP,153/3810MB,(cached,2MB),CPU,[18%@1344,0%@1344,18%@1344,0%@1344,0%@1344,0%@1344],GR3D_FREQ,0%,cpu@51.718C,soc2@49.718C,soc0@50.437C,gpu@51.843C,tj@51.843C,soc1@50.875C,VDD_IN,5842mW/5648mW,VDD_CPU_GPU_CV,1428mW/1335mW,VDD_SOC,2420mW/2387mW
07-27-2026,09:38:25,RAM,929/7620MB,(lfb,16x4MB),SWAP,153/3810MB,(cached,2MB),CPU,[9%@1344,0%@1344,0%@1344,0%@1344,0%@1344,0%@1344],GR3D_FREQ,0%,cpu@51.906C,soc2@49.593C,soc0@50.406C,gpu@51.687C,tj@51.906C,soc1@50.625C,VDD_IN,5842mW/5649mW,VDD_CPU_GPU_CV,1428mW/1336mW,VDD_SOC,2420mW/2387mW
07-27-2026,09:38:25,RAM,929/7620MB,(lfb,16x4MB),SWAP,153/3810MB,(cached,2MB),CPU,[0%@1344,9%@1344,10%@1344,9%@1344,0%@1344,0%@1344],GR3D_FREQ,0%,cpu@51.531C,soc2@49.593C,soc0@50.468C,gpu@51.5C,tj@51.531C,soc1@50.593C,VDD_IN,5842mW/5649mW,VDD_CPU_GPU_CV,1428mW/1336mW,VDD_SOC,2420mW/2387mW
07-27-2026,09:38:26,RAM,929/7620MB,(lfb,16x4MB),SWAP,153/3810MB,(cached,2MB),CPU,[9%@1344,0%@1344,9%@1344,0%@1344,0%@1344,0%@1344],GR3D_FREQ,0%,cpu@51.5C,soc2@49.656C,soc0@50.593C,gpu@51.343C,tj@51.812C,soc1@50.812C,VDD_IN,5802mW/5649mW,VDD_CPU_GPU_CV,1428mW/1336mW,VDD_SOC,2420mW/2387mW
07-27-2026,09:38:26,RAM,929/7620MB,(lfb,16x4MB),SWAP,153/3810MB,(cached,2MB),CPU,[9%@1344,0%@1344,9%@1344,0%@1344,0%@1344,0%@1344],GR3D_FREQ,0%,cpu@51.625C,soc2@49.718C,soc0@50.375C,gpu@51.687C,tj@51.687C,soc1@50.687C,VDD_IN,5802mW/5650mW,VDD_CPU_GPU_CV,1428mW/1336mW,VDD_SOC,2420mW/2387mW
07-27-2026,09:38:26,RAM,929/7620MB,(lfb,16x4MB),SWAP,153/3810MB,(cached,2MB),CPU,[18%@1344,0%@1344,9%@1344,0%@1344,0%@1344,0%@1344],GR3D_FREQ,0%,cpu@51.781C,soc2@49.562C,soc0@50.531C,gpu@51.406C,tj@51.687C,soc1@50.562C,VDD_IN,5802mW/5650mW,VDD_CPU_GPU_CV,1428mW/1336mW,VDD_SOC,2420mW/2387mW
07-27-2026,09:38:26,RAM,929/7620MB,(lfb,16x4MB),SWAP,153/3810MB,(cached,2MB),CPU,[0%@1344,0%@1344,0%@1344,0%@1344,0%@1344,0%@1344],GR3D_FREQ,0%,cpu@51.531C,soc2@49.687C,soc0@50.531C,gpu@51.406C,tj@51.531C,soc1@50.625C,VDD_IN,5802mW/5650mW,VDD_CPU_GPU_CV,1428mW/1336mW,VDD_SOC,2420mW/2387mW
07-27-2026,09:38:26,RAM,929/7620MB,(lfb,16x4MB),SWAP,153/3810MB,(cached,2MB),CPU,[9%@1344,9%@1344,9%@1344,0%@1344,0%@1344,0%@1344],GR3D_FREQ,0%,cpu@51.718C,soc2@49.593C,soc0@50.562C,gpu@51.5C,tj@51.718C,soc1@50.656C,VDD_IN,5802mW/5651mW,VDD_CPU_GPU_CV,1428mW/1337mW,VDD_SOC,2420mW/2387mW
07-27-2026,09:38:26,RAM,929/7620MB,(lfb,16x4MB),SWAP,153/3810MB,(cached,2MB),CPU,[18%@1344,0%@1344,9%@1344,0%@1344,0%@1344,9%@1344],GR3D_FREQ,0%,cpu@52C,soc2@49.625C,soc0@50.437C,gpu@51.5C,tj@52C,soc1@50.906C,VDD_IN,5842mW/5651mW,VDD_CPU_GPU_CV,1428mW/1337mW,VDD_SOC,2420mW/2387mW
07-27-2026,09:38:26,RAM,929/7620MB,(lfb,16x4MB),SWAP,153/3810MB,(cached,2MB),CPU,[16%@1344,0%@1344,10%@1344,0%@1344,0%@1344,0%@1344],GR3D_FREQ,0%,cpu@51.656C,soc2@49.562C,soc0@50.437C,gpu@51.343C,tj@51.656C,soc1@50.562C,VDD_IN,5842mW/5651mW,VDD_CPU_GPU_CV,1428mW/1337mW,VDD_SOC,2420mW/2388mW
07-27-2026,09:38:26,RAM,929/7620MB,(lfb,16x4MB),SWAP,153/3810MB,(cached,2MB),CPU,[10%@1344,0%@1344,9%@1344,0%@1344,0%@1344,0%@1344],GR3D_FREQ,0%,cpu@51.437C,soc2@49.625C,soc0@50.593C,gpu@51.281C,tj@51.437C,soc1@50.625C,VDD_IN,5802mW/5651mW,VDD_CPU_GPU_CV,1428mW/1337mW,VDD_SOC,2420mW/2388mW
07-27-2026,09:38:26,RAM,929/7620MB,(lfb,16x4MB),SWAP,153/3810MB,(cached,2MB),CPU,[0%@1344,9%@1344,0%@1344,0%@1344,0%@1344,0%@1344],GR3D_FREQ,0%,cpu@51.812C,soc2@49.625C,soc0@50.718C,gpu@51.468C,tj@51.812C,soc1@50.656C,VDD_IN,5802mW/5652mW,VDD_CPU_GPU_CV,1428mW/1337mW,VDD_SOC,2420mW/2388mW
07-27-2026,09:38:26,RAM,929/7620MB,(lfb,16x4MB),SWAP,153/3810MB,(cached,2MB),CPU,[10%@1344,9%@1344,10%@1344,0%@1344,9%@1344,0%@1344],GR3D_FREQ,0%,cpu@51.875C,soc2@49.687C,soc0@50.406C,gpu@51.343C,tj@51.875C,soc1@50.812C,VDD_IN,5802mW/5652mW,VDD_CPU_GPU_CV,1388mW/1337mW,VDD_SOC,2420mW/2388mW
07-27-2026,09:38:27,RAM,929/7620MB,(lfb,16x4MB),SWAP,153/3810MB,(cached,2MB),CPU,[16%@1344,0%@1344,9%@1344,0%@1344,0%@1344,0%@1344],GR3D_FREQ,0%,cpu@51.593C,soc2@49.562C,soc0@50.343C,gpu@51.25C,tj@51.562C,soc1@50.687C,VDD_IN,5802mW/5652mW,VDD_CPU_GPU_CV,1388mW/1337mW,VDD_SOC,2420mW/2388mW
07-27-2026,09:38:27,RAM,929/7620MB,(lfb,16x4MB),SWAP,153/3810MB,(cached,2MB),CPU,[9%@1344,9%@1344,9%@1344,0%@1344,0%@1344,0%@1344],GR3D_FREQ,0%,cpu@51.406C,soc2@49.593C,soc0@50.437C,gpu@51.812C,tj@51.812C,soc1@50.593C,VDD_IN,5802mW/5653mW,VDD_CPU_GPU_CV,1388mW/1338mW,VDD_SOC,2420mW/2388mW
07-27-2026,09:38:27,RAM,929/7620MB,(lfb,16x4MB),SWAP,153/3810MB,(cached,2MB),CPU,[10%@1344,0%@1344,10%@1344,0%@1344,0%@1344,0%@1344],GR3D_FREQ,0%,cpu@51.687C,soc2@49.562C,soc0@50.687C,gpu@51.312C,tj@51.687C,soc1@50.625C,VDD_IN,5802mW/5653mW,VDD_CPU_GPU_CV,1388mW/1338mW,VDD_SOC,2420mW/2388mW
07-27-2026,09:38:27,RAM,929/7620MB,(lfb,16x4MB),SWAP,153/3810MB,(cached,2MB),CPU,[0%@1344,0%@1344,0%@1344,0%@1344,0%@1344,0%@1344],GR3D_FREQ,0%,cpu@51.906C,soc2@49.687C,soc0@50.437C,gpu@51.312C,tj@51.906C,soc1@50.812C,VDD_IN,5802mW/5653mW,VDD_CPU_GPU_CV,1388mW/1338mW,VDD_SOC,2420mW/2388mW
07-27-2026,09:38:27,RAM,929/7620MB,(lfb,16x4MB),SWAP,153/3810MB,(cached,2MB),CPU,[18%@1344,0%@1344,9%@1344,8%@1344,0%@1344,0%@1344],GR3D_FREQ,0%,cpu@51.5C,soc2@49.593C,soc0@50.468C,gpu@51.343C,tj@51.5C,soc1@50.625C,VDD_IN,5802mW/5653mW,VDD_CPU_GPU_CV,1428mW/1338mW,VDD_SOC,2420mW/2388mW
07-27-2026,09:38:27,RAM,929/7620MB,(lfb,16x4MB),SWAP,153/3810MB,(cached,2MB),CPU,[9%@1344,0%@1344,18%@1344,0%@1344,0%@1344,9%@1344],GR3D_FREQ,0%,cpu@51.781C,soc2@49.625C,soc0@50.593C,gpu@51.406C,tj@51.781C,soc1@50.75C,VDD_IN,5842mW/5654mW,VDD_CPU_GPU_CV,1428mW/1338mW,VDD_SOC,2420mW/2388mW
07-27-2026,09:38:27,RAM,928/7620MB,(lfb,16x4MB),SWAP,153/3810MB,(cached,2MB),CPU,[9%@1344,0%@1344,9%@1344,0%@1344,0%@1344,0%@1344],GR3D_FREQ,0%,cpu@51.906C,soc2@49.656C,soc0@50.375C,gpu@51.437C,tj@51.906C,soc1@50.843C,VDD_IN,5842mW/5654mW,VDD_CPU_GPU_CV,1428mW/1338mW,VDD_SOC,2420mW/2388mW
07-27-2026,09:38:27,RAM,928/7620MB,(lfb,16x4MB),SWAP,153/3810MB,(cached,2MB),CPU,[18%@1344,0%@1344,0%@1344,0%@1344,0%@1344,0%@1344],GR3D_FREQ,0%,cpu@51.781C,soc2@49.593C,soc0@50.437C,gpu@51.343C,tj@51.781C,soc1@50.656C,VDD_IN,5842mW/5654mW,VDD_CPU_GPU_CV,1428mW/1338mW,VDD_SOC,2420mW/2388mW
07-27-2026,09:38:27,RAM,929/7620MB,(lfb,16x4MB),SWAP,153/3810MB,(cached,2MB),CPU,[16%@1344,0%@1344,16%@1344,0%@1344,0%@1344,0%@1344],GR3D_FREQ,0%,cpu@51.531C,soc2@49.593C,soc0@50.562C,gpu@51.281C,tj@51.593C,soc1@50.687C,VDD_IN,5842mW/5655mW,VDD_CPU_GPU_CV,1428mW/1338mW,VDD_SOC,2420mW/2388mW
07-27-2026,09:38:28,RAM,928/7620MB,(lfb,16x4MB),SWAP,153/3810MB,(cached,2MB),CPU,[9%@1344,0%@1344,10%@1344,0%@1344,0%@1344,0%@1344],GR3D_FREQ,0%,cpu@51.656C,soc2@49.625C,soc0@50.375C,gpu@51.218C,tj@51.656C,soc1@50.687C,VDD_IN,5802mW/5655mW,VDD_CPU_GPU_CV,1428mW/1339mW,VDD_SOC,2420mW/2388mW
07-27-2026,09:38:28,RAM,928/7620MB,(lfb,16x4MB),SWAP,153/3810MB,(cached,2MB),CPU,[10%@1344,0%@1344,9%@1344,0%@1344,0%@1344,0%@1344],GR3D_FREQ,0%,cpu@51.781C,soc2@49.781C,soc0@50.375C,gpu@51.343C,tj@51.781C,soc1@50.812C,VDD_IN,5802mW/5655mW,VDD_CPU_GPU_CV,1428mW/1339mW,VDD_SOC,2420mW/2388mW
07-27-2026,09:38:28,RAM,928/7620MB,(lfb,16x4MB),SWAP,153/3810MB,(cached,2MB),CPU,[0%@1344,0%@1344,0%@1344,0%@1344,0%@1344,0%@1344],GR3D_FREQ,0%,cpu@51.687C,soc2@49.656C,soc0@50.468C,gpu@51.218C,tj@51.687C,soc1@50.687C,VDD_IN,5802mW/5655mW,VDD_CPU_GPU_CV,1428mW/1339mW,VDD_SOC,2420mW/2388mW
07-27-2026,09:38:28,RAM,928/7620MB,(lfb,16x4MB),SWAP,153/3810MB,(cached,2MB),CPU,[9%@1344,9%@1344,9%@1344,0%@1344,0%@1344,0%@1344],GR3D_FREQ,0%,cpu@51.5C,soc2@49.625C,soc0@50.468C,gpu@51.875C,tj@51.875C,soc1@50.625C,VDD_IN,5802mW/5656mW,VDD_CPU_GPU_CV,1388mW/1339mW,VDD_SOC,2420mW/2388mW
07-27-2026,09:38:28,RAM,929/7620MB,(lfb,16x4MB),SWAP,153/3810MB,(cached,2MB),CPU,[10%@1344,0%@1344,9%@1344,0%@1344,0%@1344,0%@1344],GR3D_FREQ,0%,cpu@51.562C,soc2@49.656C,soc0@50.625C,gpu@51.375C,tj@51.562C,soc1@50.656C,VDD_IN,5802mW/5656mW,VDD_CPU_GPU_CV,1428mW/1339mW,VDD_SOC,2420mW/2388mW
07-27-2026,09:38:28,RAM,928/7620MB,(lfb,16x4MB),SWAP,153/3810MB,(cached,2MB),CPU,[9%@1344,0%@1344,10%@1344,0%@1344,0%@1344,0%@1344],GR3D_FREQ,0%,cpu@51.687C,soc2@49.75C,soc0@50.406C,gpu@51.281C,tj@51.687C,soc1@50.718C,VDD_IN,5842mW/5656mW,VDD_CPU_GPU_CV,1428mW/1339mW,VDD_SOC,2420mW/2389mW
07-27-2026,09:38:28,RAM,928/7620MB,(lfb,16x4MB),SWAP,153/3810MB,(cached,2MB),CPU,[0%@1344,0%@1344,9%@1344,0%@1344,0%@1344,0%@1344],GR3D_FREQ,0%,cpu@51.781C,soc2@49.656C,soc0@50.468C,gpu@51.75C,tj@51.781C,soc1@50.593C,VDD_IN,5842mW/5657mW,VDD_CPU_GPU_CV,1428mW/1340mW,VDD_SOC,2420mW/2389mW
07-27-2026,09:38:28,RAM,928/7620MB,(lfb,16x4MB),SWAP,153/3810MB,(cached,2MB),CPU,[16%@1344,0%@1344,0%@1344,0%@1344,0%@1344,0%@1344],GR3D_FREQ,0%,cpu@51.468C,soc2@49.593C,soc0@50.5C,gpu@51.281C,tj@51.468C,soc1@50.656C,VDD_IN,5842mW/5657mW,VDD_CPU_GPU_CV,1428mW/1340mW,VDD_SOC,2420mW/2389mW
07-27-2026,09:38:28,RAM,928/7620MB,(lfb,16x4MB),SWAP,153/3810MB,(cached,2MB),CPU,[16%@1344,0%@1344,9%@1344,0%@1344,0%@1344,0%@1344],GR3D_FREQ,0%,cpu@51.531C,soc2@49.687C,soc0@50.593C,gpu@51.218C,tj@51.531C,soc1@50.687C,VDD_IN,5802mW/5657mW,VDD_CPU_GPU_CV,1428mW/1340mW,VDD_SOC,2420mW/2389mW
07-27-2026,09:38:28,RAM,925/7620MB,(lfb,16x4MB),SWAP,153/3810MB,(cached,2MB),CPU,[10%@1344,9%@1344,10%@1344,0%@1344,0%@1344,0%@1344],GR3D_FREQ,0%,cpu@51.593C,soc2@49.687C,soc0@50.375C,gpu@51.718C,tj@51.718C,soc1@50.75C,VDD_IN,5802mW/5657mW,VDD_CPU_GPU_CV,1388mW/1340mW,VDD_SOC,2420mW/2389mW
07-27-2026,09:38:29,RAM,925/7620MB,(lfb,16x4MB),SWAP,153/3810MB,(cached,2MB),CPU,[0%@1344,0%@1344,0%@1344,0%@1344,0%@1344,0%@1344],GR3D_FREQ,0%,cpu@51.687C,soc2@49.687C,soc0@50.437C,gpu@51.375C,tj@51.687C,soc1@50.687C,VDD_IN,5762mW/5658mW,VDD_CPU_GPU_CV,1388mW/1340mW,VDD_SOC,2380mW/2389mW
07-27-2026,09:38:29,RAM,866/7620MB,(lfb,16x4MB),SWAP,153/3810MB,(cached,2MB),CPU,[0%@1344,0%@1344,10%@1344,10%@1344,20%@1344,16%@1344],GR3D_FREQ,0%,cpu@51.468C,soc2@49.625C,soc0@50.468C,gpu@51.218C,tj@51.468C,soc1@50.687C,VDD_IN,5802mW/5658mW,VDD_CPU_GPU_CV,1388mW/1340mW,VDD_SOC,2420mW/2389mW
07-27-2026,09:38:29,RAM,866/7620MB,(lfb,16x4MB),SWAP,153/3810MB,(cached,2MB),CPU,[0%@1344,0%@1344,0%@1344,0%@1344,0%@1344,0%@1344],GR3D_FREQ,0%,cpu@51.437C,soc2@49.718C,soc0@50.562C,gpu@51.75C,tj@51.75C,soc1@50.687C,VDD_IN,5762mW/5658mW,VDD_CPU_GPU_CV,1388mW/1340mW,VDD_SOC,2380mW/2389mW
07-27-2026,09:38:29,RAM,866/7620MB,(lfb,16x4MB),SWAP,153/3810MB,(cached,2MB),CPU,[0%@1344,0%@1344,0%@1344,0%@1344,0%@1344,0%@1344],GR3D_FREQ,0%,cpu@51.937C,soc2@49.781C,soc0@50.687C,gpu@51.312C,tj@51.937C,soc1@50.75C,VDD_IN,5713mW/5658mW,VDD_CPU_GPU_CV,1346mW/1340mW,VDD_SOC,2380mW/2389mW
07-27-2026,09:38:29,RAM,866/7620MB,(lfb,16x4MB),SWAP,153/3810MB,(cached,2MB),CPU,[0%@1344,0%@1344,0%@1344,0%@1344,0%@1344,0%@1344],GR3D_FREQ,0%,cpu@51.687C,soc2@49.625C,soc0@50.406C,gpu@51.218C,tj@51.687C,soc1@50.875C,VDD_IN,5713mW/5658mW,VDD_CPU_GPU_CV,1346mW/1340mW,VDD_SOC,2376mW/2389mW
07-27-2026,09:38:29,RAM,866/7620MB,(lfb,16x4MB),SWAP,153/3810MB,(cached,2MB),CPU,[0%@1344,0%@1344,9%@1344,0%@1344,0%@1344,9%@1344],GR3D_FREQ,0%,cpu@51.5C,soc2@49.593C,soc0@50.562C,gpu@51.687C,tj@51.687C,soc1@50.562C,VDD_IN,5713mW/5658mW,VDD_CPU_GPU_CV,1346mW/1340mW,VDD_SOC,2376mW/2389mW
07-27-2026,09:38:29,RAM,866/7620MB,(lfb,16x4MB),SWAP,153/3810MB,(cached,2MB),CPU,[0%@1344,0%@1344,0%@1344,0%@1344,0%@1344,0%@1344],GR3D_FREQ,0%,cpu@51.468C,soc2@49.5C,soc0@50.468C,gpu@51.218C,tj@51.468C,soc1@50.656C,VDD_IN,5674mW/5658mW,VDD_CPU_GPU_CV,1346mW/1340mW,VDD_SOC,2376mW/2389mW
07-27-2026,09:38:29,RAM,865/7620MB,(lfb,16x4MB),SWAP,153/3810MB,(cached,2MB),CPU,[0%@1344,0%@1344,0%@1344,0%@1344,0%@1344,0%@1344],GR3D_FREQ,0%,cpu@51.468C,soc2@49.562C,soc0@50.625C,gpu@51.156C,tj@51.906C,soc1@50.75C,VDD_IN,5674mW/5658mW,VDD_CPU_GPU_CV,1307mW/1340mW,VDD_SOC,2376mW/2389mW
07-27-2026,09:38:29,RAM,865/7620MB,(lfb,16x4MB),SWAP,153/3810MB,(cached,2MB),CPU,[0%@1344,0%@1344,8%@1344,0%@1344,0%@1344,0%@1344],GR3D_FREQ,0%,cpu@51.531C,soc2@49.687C,soc0@50.375C,gpu@51.687C,tj@51.687C,soc1@50.75C,VDD_IN,5674mW/5658mW,VDD_CPU_GPU_CV,1307mW/1340mW,VDD_SOC,2376mW/2389mW
07-27-2026,09:38:30,RAM,865/7620MB,(lfb,16x4MB),SWAP,153/3810MB,(cached,2MB),CPU,[0%@1344,0%@1344,0%@1344,0%@1344,0%@1344,0%@1344],GR3D_FREQ,0%,cpu@51.75C,soc2@49.5C,soc0@50.468C,gpu@51.281C,tj@51.75C,soc1@50.593C,VDD_IN,5634mW/5658mW,VDD_CPU_GPU_CV,1307mW/1340mW,VDD_SOC,2376mW/2389mW
07-27-2026,09:38:30,RAM,865/7620MB,(lfb,16x4MB),SWAP,153/3810MB,(cached,2MB),CPU,[0%@1344,0%@1344,0%@1344,0%@1344,0%@1344,0%@1344],GR3D_FREQ,0%,cpu@51.406C,soc2@49.656C,soc0@50.468C,gpu@51.75C,tj@51.75C,soc1@50.656C,VDD_IN,5634mW/5658mW,VDD_CPU_GPU_CV,1307mW/1340mW,VDD_SOC,2376mW/2389mW
07-27-2026,09:38:30,RAM,865/7620MB,(lfb,16x4MB),SWAP,153/3810MB,(cached,2MB),CPU,[0%@1344,0%@1344,0%@1344,0%@1344,0%@1344,0%@1344],GR3D_FREQ,0%,cpu@51.531C,soc2@49.656C,soc0@50.593C,gpu@51.562C,tj@51.562C,soc1@50.687C,VDD_IN,5634mW/5658mW,VDD_CPU_GPU_CV,1307mW/1340mW,VDD_SOC,2376mW/2389mW
07-27-2026,09:38:30,RAM,865/7620MB,(lfb,16x4MB),SWAP,153/3810MB,(cached,2MB),CPU,[0%@1344,0%@1344,0%@1344,0%@1344,0%@1344,0%@1344],GR3D_FREQ,0%,cpu@51.531C,soc2@49.781C,soc0@50.437C,gpu@51.312C,tj@51.531C,soc1@50.812C,VDD_IN,5634mW/5658mW,VDD_CPU_GPU_CV,1307mW/1340mW,VDD_SOC,2376mW/2389mW
07-27-2026,09:38:30,RAM,865/7620MB,(lfb,16x4MB),SWAP,153/3810MB,(cached,2MB),CPU,[0%@1344,0%@1344,0%@1344,0%@1344,0%@1344,0%@1344],GR3D_FREQ,0%,cpu@51.625C,soc2@49.75C,soc0@50.375C,gpu@51.812C,tj@51.812C,soc1@50.75C,VDD_IN,5634mW/5658mW,VDD_CPU_GPU_CV,1307mW/1340mW,VDD_SOC,2376mW/2389mW
07-27-2026,09:38:30,RAM,866/7620MB,(lfb,16x4MB),SWAP,153/3810MB,(cached,2MB),CPU,[0%@1344,0%@1344,8%@1344,0%@1344,0%@1344,0%@1344],GR3D_FREQ,0%,cpu@51.375C,soc2@49.593C,soc0@50.5C,gpu@51.593C,tj@51.593C,soc1@50.593C,VDD_IN,5634mW/5658mW,VDD_CPU_GPU_CV,1307mW/1340mW,VDD_SOC,2376mW/2389mW
07-27-2026,09:38:30,RAM,865/7620MB,(lfb,16x4MB),SWAP,153/3810MB,(cached,2MB),CPU,[0%@1344,0%@1344,0%@1344,0%@1344,0%@1344,0%@1344],GR3D_FREQ,0%,cpu@51.531C,soc2@49.656C,soc0@50.531C,gpu@51.25C,tj@51.531C,soc1@50.687C,VDD_IN,5634mW/5658mW,VDD_CPU_GPU_CV,1307mW/1340mW,VDD_SOC,2376mW/2389mW
07-27-2026,09:38:30,RAM,865/7620MB,(lfb,16x4MB),SWAP,153/3810MB,(cached,2MB),CPU,[0%@1344,9%@1344,0%@1344,0%@1344,0%@1344,0%@1344],GR3D_FREQ,0%,cpu@51.562C,soc2@49.562C,soc0@50.718C,gpu@51.718C,tj@51.718C,soc1@50.562C,VDD_IN,5634mW/5658mW,VDD_CPU_GPU_CV,1307mW/1340mW,VDD_SOC,2376mW/2388mW
07-27-2026,09:38:30,RAM,865/7620MB,(lfb,16x4MB),SWAP,153/3810MB,(cached,2MB),CPU,[0%@1344,0%@1344,0%@1344,0%@1344,0%@1344,0%@1344],GR3D_FREQ,0%,cpu@51.625C,soc2@49.687C,soc0@50.375C,gpu@51.25C,tj@51.625C,soc1@50.843C,VDD_IN,5634mW/5658mW,VDD_CPU_GPU_CV,1307mW/1340mW,VDD_SOC,2376mW/2388mW
07-27-2026,09:38:30,RAM,865/7620MB,(lfb,16x4MB),SWAP,153/3810MB,(cached,2MB),CPU,[0%@1344,0%@1344,0%@1344,0%@1344,8%@1344,0%@1344],GR3D_FREQ,0%,cpu@51.718C,soc2@49.593C,soc0@50.468C,gpu@51.218C,tj@51.718C,soc1@50.562C,VDD_IN,5634mW/5658mW,VDD_CPU_GPU_CV,1307mW/1340mW,VDD_SOC,2376mW/2388mW
07-27-2026,09:38:31,RAM,865/7620MB,(lfb,16x4MB),SWAP,153/3810MB,(cached,2MB),CPU,[0%@1344,0%@1344,0%@1344,0%@1344,0%@1344,0%@1344],GR3D_FREQ,0%,cpu@51.437C,soc2@49.656C,soc0@50.468C,gpu@51.687C,tj@51.687C,soc1@50.656C,VDD_IN,5634mW/5658mW,VDD_CPU_GPU_CV,1307mW/1339mW,VDD_SOC,2376mW/2388mW
07-27-2026,09:38:31,RAM,865/7620MB,(lfb,16x4MB),SWAP,153/3810MB,(cached,2MB),CPU,[0%@1344,0%@1344,0%@1344,0%@1344,0%@1344,0%@1344],GR3D_FREQ,0%,cpu@51.5C,soc2@49.625C,soc0@50.718C,gpu@51.312C,tj@51.5C,soc1@50.75C,VDD_IN,5594mW/5658mW,VDD_CPU_GPU_CV,1307mW/1339mW,VDD_SOC,2376mW/2388mW
07-27-2026,09:38:31,RAM,865/7620MB,(lfb,16x4MB),SWAP,153/3810MB,(cached,2MB),CPU,[0%@1344,8%@1344,0%@1344,0%@1344,0%@1344,0%@1344],GR3D_FREQ,0%,cpu@51.531C,soc2@49.843C,soc0@50.437C,gpu@51.218C,tj@51.5C,soc1@50.718C,VDD_IN,5594mW/5658mW,VDD_CPU_GPU_CV,1307mW/1339mW,VDD_SOC,2376mW/2388mW
07-27-2026,09:38:31,RAM,865/7620MB,(lfb,16x4MB),SWAP,153/3810MB,(cached,2MB),CPU,[0%@1344,0%@1344,0%@1344,0%@1344,0%@1344,0%@1344],GR3D_FREQ,0%,cpu@51.625C,soc2@49.625C,soc0@50.468C,gpu@51.656C,tj@51.656C,soc1@50.843C,VDD_IN,5594mW/5658mW,VDD_CPU_GPU_CV,1307mW/1339mW,VDD_SOC,2376mW/2388mW
07-27-2026,09:38:31,RAM,865/7620MB,(lfb,16x4MB),SWAP,153/3810MB,(cached,2MB),CPU,[0%@1344,0%@1344,0%@1344,0%@1344,0%@1344,0%@1344],GR3D_FREQ,0%,cpu@51.656C,soc2@49.593C,soc0@50.468C,gpu@51.25C,tj@51.375C,soc1@50.562C,VDD_IN,5594mW/5658mW,VDD_CPU_GPU_CV,1307mW/1339mW,VDD_SOC,2376mW/2388mW
07-27-2026,09:38:31,RAM,865/7620MB,(lfb,16x4MB),SWAP,153/3810MB,(cached,2MB),CPU,[0%@1344,0%@1344,9%@1344,0%@1344,0%@1344,0%@1344],GR3D_FREQ,0%,cpu@51.5C,soc2@49.656C,soc0@50.562C,gpu@51.843C,tj@51.843C,soc1@50.687C,VDD_IN,5594mW/5657mW,VDD_CPU_GPU_CV,1307mW/1339mW,VDD_SOC,2376mW/2388mW
07-27-2026,09:38:31,RAM,865/7620MB,(lfb,16x4MB),SWAP,153/3810MB,(cached,2MB),CPU,[9%@1344,0%@1344,0%@1344,0%@1344,0%@1344,0%@1344],GR3D_FREQ,0%,cpu@51.531C,soc2@49.625C,soc0@50.625C,gpu@51.281C,tj@51.531C,soc1@50.656C,VDD_IN,5594mW/5657mW,VDD_CPU_GPU_CV,1307mW/1339mW,VDD_SOC,2376mW/2388mW
07-27-2026,09:38:31,RAM,865/7620MB,(lfb,16x4MB),SWAP,153/3810MB,(cached,2MB),CPU,[0%@1344,0%@1344,0%@1344,0%@1344,0%@1344,0%@1344],GR3D_FREQ,0%,cpu@51.625C,soc2@49.718C,soc0@50.375C,gpu@51.281C,tj@51.625C,soc1@50.781C,VDD_IN,5594mW/5657mW,VDD_CPU_GPU_CV,1307mW/1339mW,VDD_SOC,2376mW/2388mW
07-27-2026,09:38:31,RAM,865/7620MB,(lfb,16x4MB),SWAP,153/3810MB,(cached,2MB),CPU,[0%@1344,0%@1344,0%@1344,0%@1344,0%@1344,0%@1344],GR3D_FREQ,0%,cpu@51.5C,soc2@49.625C,soc0@50.468C,gpu@51.843C,tj@51.843C,soc1@50.593C,VDD_IN,5594mW/5657mW,VDD_CPU_GPU_CV,1307mW/1339mW,VDD_SOC,2376mW/2388mW
07-27-2026,09:38:32,RAM,865/7620MB,(lfb,16x4MB),SWAP,153/3810MB,(cached,2MB),CPU,[0%@1344,0%@1344,0%@1344,0%@1344,0%@1344,0%@1344],GR3D_FREQ,0%,cpu@51.531C,soc2@49.687C,soc0@50.562C,gpu@51.281C,tj@51.531C,soc1@50.656C,VDD_IN,5594mW/5657mW,VDD_CPU_GPU_CV,1307mW/1339mW,VDD_SOC,2376mW/2388mW
07-27-2026,09:38:32,RAM,865/7620MB,(lfb,16x4MB),SWAP,153/3810MB,(cached,2MB),CPU,[0%@1344,9%@1344,0%@1344,0%@1344,0%@1344,0%@1344],GR3D_FREQ,0%,cpu@51.468C,soc2@49.625C,soc0@50.468C,gpu@51.218C,tj@51.468C,soc1@50.593C,VDD_IN,5594mW/5657mW,VDD_CPU_GPU_CV,1307mW/1339mW,VDD_SOC,2376mW/2388mW
07-27-2026,09:38:32,RAM,865/7620MB,(lfb,16x4MB),SWAP,153/3810MB,(cached,2MB),CPU,[0%@1344,0%@1344,0%@1344,0%@1344,0%@1344,0%@1344],GR3D_FREQ,0%,cpu@51.562C,soc2@49.656C,soc0@50.406C,gpu@51.812C,tj@51.812C,soc1@50.687C,VDD_IN,5594mW/5657mW,VDD_CPU_GPU_CV,1307mW/1339mW,VDD_SOC,2376mW/2388mW
07-27-2026,09:38:32,RAM,865/7620MB,(lfb,16x4MB),SWAP,153/3810MB,(cached,2MB),CPU,[0%@1344,0%@1344,0%@1344,0%@1344,0%@1344,0%@1344],GR3D_FREQ,0%,cpu@51.718C,soc2@49.625C,soc0@50.406C,gpu@51.312C,tj@51.718C,soc1@50.843C,VDD_IN,5555mW/5657mW,VDD_CPU_GPU_CV,1307mW/1339mW,VDD_SOC,2376mW/2388mW
07-27-2026,09:38:32,RAM,865/7620MB,(lfb,16x4MB),SWAP,153/3810MB,(cached,2MB),CPU,[0%@1344,0%@1344,0%@1344,0%@1344,0%@1344,0%@1344],GR3D_FREQ,0%,cpu@51.437C,soc2@49.531C,soc0@50.468C,gpu@51.281C,tj@51.437C,soc1@50.5C,VDD_IN,5555mW/5656mW,VDD_CPU_GPU_CV,1307mW/1339mW,VDD_SOC,2376mW/2388mW
07-27-2026,09:38:32,RAM,865/7620MB,(lfb,16x4MB),SWAP,153/3810MB,(cached,2MB),CPU,[0%@1344,0%@1344,0%@1344,0%@1344,0%@1344,0%@1344],GR3D_FREQ,0%,cpu@51.5C,soc2@49.687C,soc0@50.531C,gpu@51.375C,tj@51.5C,soc1@50.562C,VDD_IN,5594mW/5656mW,VDD_CPU_GPU_CV,1307mW/1339mW,VDD_SOC,2376mW/2388mW
07-27-2026,09:38:32,RAM,865/7620MB,(lfb,16x4MB),SWAP,153/3810MB,(cached,2MB),CPU,[9%@1344,0%@1344,0%@1344,8%@1344,0%@1344,9%@1344],GR3D_FREQ,0%,cpu@51.562C,soc2@49.687C,soc0@50.343C,gpu@51.375C,tj@51.562C,soc1@50.687C,VDD_IN,5594mW/5656mW,VDD_CPU_GPU_CV,1307mW/1339mW,VDD_SOC,2376mW/2388mW
07-27-2026,09:38:32,RAM,865/7620MB,(lfb,16x4MB),SWAP,153/3810MB,(cached,2MB),CPU,[0%@1344,0%@1344,0%@1344,0%@1344,0%@1344,0%@1344],GR3D_FREQ,0%,cpu@51.656C,soc2@49.687C,soc0@50.375C,gpu@51.25C,tj@51.625C,soc1@50.75C,VDD_IN,5594mW/5656mW,VDD_CPU_GPU_CV,1307mW/1339mW,VDD_SOC,2376mW/2388mW
07-27-2026,09:38:32,RAM,865/7620MB,(lfb,16x4MB),SWAP,153/3810MB,(cached,2MB),CPU,[8%@1344,0%@1344,0%@1344,0%@1344,0%@1344,0%@1344],GR3D_FREQ,0%,cpu@51.593C,soc2@49.562C,soc0@50.437C,gpu@51.375C,tj@51.562C,soc1@50.968C,VDD_IN,5594mW/5656mW,VDD_CPU_GPU_CV,1307mW/1339mW,VDD_SOC,2376mW/2388mW
07-27-2026,09:38:32,RAM,864/7620MB,(lfb,16x4MB),SWAP,153/3810MB,(cached,2MB),CPU,[0%@1344,0%@1344,0%@1344,0%@1344,9%@1344,0%@1344],GR3D_FREQ,0%,cpu@51.531C,soc2@49.625C,soc0@50.593C,gpu@51.25C,tj@51.531C,soc1@50.593C,VDD_IN,5594mW/5656mW,VDD_CPU_GPU_CV,1307mW/1339mW,VDD_SOC,2376mW/2388mW
07-27-2026,09:38:33,RAM,864/7620MB,(lfb,16x4MB),SWAP,153/3810MB,(cached,2MB),CPU,[0%@1344,0%@1344,0%@1344,0%@1344,0%@1344,0%@1344],GR3D_FREQ,0%,cpu@51.562C,soc2@49.656C,soc0@50.468C,gpu@51.25C,tj@51.562C,soc1@50.656C,VDD_IN,5594mW/5656mW,VDD_CPU_GPU_CV,1307mW/1338mW,VDD_SOC,2376mW/2388mW
07-27-2026,09:38:33,RAM,864/7620MB,(lfb,16x4MB),SWAP,153/3810MB,(cached,2MB),CPU,[0%@1344,0%@1344,0%@1344,0%@1344,0%@1344,0%@1344],GR3D_FREQ,0%,cpu@51.593C,soc2@49.625C,soc0@50.375C,gpu@51.281C,tj@51.593C,soc1@50.687C,VDD_IN,5594mW/5656mW,VDD_CPU_GPU_CV,1307mW/1338mW,VDD_SOC,2376mW/2388mW
07-27-2026,09:38:33,RAM,864/7620MB,(lfb,16x4MB),SWAP,153/3810MB,(cached,2MB),CPU,[0%@1344,0%@1344,0%@1344,0%@1344,0%@1344,0%@1344],GR3D_FREQ,0%,cpu@51.687C,soc2@49.718C,soc0@50.437C,gpu@51.281C,tj@51.687C,soc1@50.843C,VDD_IN,5594mW/5656mW,VDD_CPU_GPU_CV,1307mW/1338mW,VDD_SOC,2376mW/2388mW
07-27-2026,09:38:33,RAM,864/7620MB,(lfb,16x4MB),SWAP,153/3810MB,(cached,2MB),CPU,[0%@1344,9%@1344,0%@1344,0%@1344,0%@1344,0%@1344],GR3D_FREQ,0%,cpu@51.781C,soc2@49.562C,soc0@50.562C,gpu@51.468C,tj@51.906C,soc1@50.562C,VDD_IN,5594mW/5656mW,VDD_CPU_GPU_CV,1307mW/1338mW,VDD_SOC,2376mW/2388mW
07-27-2026,09:38:33,RAM,864/7620MB,(lfb,16x4MB),SWAP,153/3810MB,(cached,2MB),CPU,[0%@1344,0%@1344,0%@1344,0%@1344,0%@1344,0%@1344],GR3D_FREQ,0%,cpu@51.5C,soc2@49.593C,soc0@50.5C,gpu@51.281C,tj@51.5C,soc1@50.625C,VDD_IN,5594mW/5655mW,VDD_CPU_GPU_CV,1307mW/1338mW,VDD_SOC,2376mW/2388mW
07-27-2026,09:38:33,RAM,864/7620MB,(lfb,16x4MB),SWAP,153/3810MB,(cached,2MB),CPU,[0%@1344,0%@1344,9%@1344,0%@1344,9%@1344,0%@1344],GR3D_FREQ,0%,cpu@51.625C,soc2@49.531C,soc0@50.656C,gpu@51.218C,tj@51.625C,soc1@50.718C,VDD_IN,5594mW/5655mW,VDD_CPU_GPU_CV,1307mW/1338mW,VDD_SOC,2376mW/2388mW
07-27-2026,09:38:33,RAM,864/7620MB,(lfb,16x4MB),SWAP,153/3810MB,(cached,2MB),CPU,[0%@1344,0%@1344,0%@1344,0%@1344,0%@1344,0%@1344],GR3D_FREQ,0%,cpu@51.718C,soc2@49.625C,soc0@50.468C,gpu@51.406C,tj@51.718C,soc1@50.812C,VDD_IN,5594mW/5655mW,VDD_CPU_GPU_CV,1307mW/1338mW,VDD_SOC,2376mW/2388mW
07-27-2026,09:38:33,RAM,863/7620MB,(lfb,16x4MB),SWAP,153/3810MB,(cached,2MB),CPU,[8%@1344,8%@1344,0%@1344,0%@1344,0%@1344,0%@1344],GR3D_FREQ,0%,cpu@51.656C,soc2@49.531C,soc0@50.468C,gpu@51.343C,tj@51.656C,soc1@50.593C,VDD_IN,5594mW/5655mW,VDD_CPU_GPU_CV,1307mW/1338mW,VDD_SOC,2376mW/2388mW
07-27-2026,09:38:33,RAM,863/7620MB,(lfb,16x4MB),SWAP,153/3810MB,(cached,2MB),CPU,[0%@1344,0%@1344,0%@1344,0%@1344,0%@1344,0%@1344],GR3D_FREQ,0%,cpu@51.437C,soc2@49.562C,soc0@50.531C,gpu@51.218C,tj@51.437C,soc1@50.625C,VDD_IN,5594mW/5655mW,VDD_CPU_GPU_CV,1307mW/1338mW,VDD_SOC,2376mW/2388mW
07-27-2026,09:38:34,RAM,863/7620MB,(lfb,16x4MB),SWAP,153/3810MB,(cached,2MB),CPU,[0%@1344,0%@1344,0%@1344,0%@1344,0%@1344,0%@1344],GR3D_FREQ,0%,cpu@51.437C,soc2@49.625C,soc0@50.593C,gpu@51.343C,tj@51.437C,soc1@50.562C,VDD_IN,5594mW/5655mW,VDD_CPU_GPU_CV,1307mW/1338mW,VDD_SOC,2376mW/2388mW
07-27-2026,09:38:34,RAM,863/7620MB,(lfb,16x4MB),SWAP,153/3810MB,(cached,2MB),CPU,[0%@1344,0%@1344,0%@1344,0%@1344,0%@1344,0%@1344],GR3D_FREQ,0%,cpu@51.656C,soc2@49.656C,soc0@50.312C,gpu@51.343C,tj@51.656C,soc1@50.687C,VDD_IN,5594mW/5655mW,VDD_CPU_GPU_CV,1307mW/1338mW,VDD_SOC,2376mW/2388mW
07-27-2026,09:38:34,RAM,863/7620MB,(lfb,16x4MB),SWAP,153/3810MB,(cached,2MB),CPU,[0%@1344,0%@1344,0%@1344,0%@1344,0%@1344,0%@1344],GR3D_FREQ,0%,cpu@51.75C,soc2@49.781C,soc0@50.468C,gpu@51.531C,tj@51.75C,soc1@51C,VDD_IN,5594mW/5655mW,VDD_CPU_GPU_CV,1307mW/1338mW,VDD_SOC,2376mW/2388mW
07-27-2026,09:38:34,RAM,863/7620MB,(lfb,16x4MB),SWAP,153/3810MB,(cached,2MB),CPU,[0%@1344,0%@1344,0%@1344,0%@1344,0%@1344,0%@1344],GR3D_FREQ,0%,cpu@51.437C,soc2@49.625C,soc0@50.468C,gpu@51.375C,tj@51.437C,soc1@50.562C,VDD_IN,5555mW/5655mW,VDD_CPU_GPU_CV,1305mW/1338mW,VDD_SOC,2376mW/2388mW
07-27-2026,09:38:34,RAM,863/7620MB,(lfb,16x4MB),SWAP,153/3810MB,(cached,2MB),CPU,[0%@1344,0%@1344,0%@1344,0%@1344,0%@1344,0%@1344],GR3D_FREQ,0%,cpu@51.468C,soc2@49.656C,soc0@50.5C,gpu@51.281C,tj@51.468C,soc1@50.687C,VDD_IN,5594mW/5655mW,VDD_CPU_GPU_CV,1307mW/1338mW,VDD_SOC,2376mW/2388mW
07-27-2026,09:38:34,RAM,863/7620MB,(lfb,16x4MB),SWAP,153/3810MB,(cached,2MB),CPU,[0%@1344,0%@1344,0%@1344,0%@1344,0%@1344,0%@1344],GR3D_FREQ,0%,cpu@51.562C,soc2@49.656C,soc0@50.593C,gpu@51.468C,tj@51.562C,soc1@50.687C,VDD_IN,5594mW/5654mW,VDD_CPU_GPU_CV,1305mW/1338mW,VDD_SOC,2376mW/2388mW
07-27-2026,09:38:34,RAM,864/7620MB,(lfb,16x4MB),SWAP,153/3810MB,(cached,2MB),CPU,[0%@1344,0%@1344,0%@1344,0%@1344,9%@1344,0%@1344],GR3D_FREQ,0%,cpu@51.718C,soc2@49.656C,soc0@50.437C,gpu@51.375C,tj@51.718C,soc1@50.687C,VDD_IN,5594mW/5654mW,VDD_CPU_GPU_CV,1307mW/1338mW,VDD_SOC,2376mW/2388mW
07-27-2026,09:38:34,RAM,864/7620MB,(lfb,16x4MB),SWAP,153/3810MB,(cached,2MB),CPU,[0%@1344,0%@1344,0%@1344,0%@1344,0%@1344,0%@1344],GR3D_FREQ,0%,cpu@51.75C,soc2@49.562C,soc0@50.406C,gpu@51.281C,tj@51.75C,soc1@50.5C,VDD_IN,5594mW/5654mW,VDD_CPU_GPU_CV,1307mW/1338mW,VDD_SOC,2376mW/2388mW
07-27-2026,09:38:34,RAM,864/7620MB,(lfb,16x4MB),SWAP,153/3810MB,(cached,2MB),CPU,[0%@1344,8%@1344,0%@1344,0%@1344,0%@1344,0%@1344],GR3D_FREQ,0%,cpu@51.437C,soc2@49.593C,soc0@50.468C,gpu@51.375C,tj@51.437C,soc1@50.625C,VDD_IN,5594mW/5654mW,VDD_CPU_GPU_CV,1307mW/1338mW,VDD_SOC,2376mW/2388mW
07-27-2026,09:38:34,RAM,864/7620MB,(lfb,16x4MB),SWAP,153/3810MB,(cached,2MB),CPU,[0%@1344,0%@1344,0%@1344,0%@1344,0%@1344,0%@1344],GR3D_FREQ,0%,cpu@51.5C,soc2@49.5C,soc0@50.5C,gpu@51.375C,tj@51.5C,soc1@50.687C,VDD_IN,5594mW/5654mW,VDD_CPU_GPU_CV,1307mW/1338mW,VDD_SOC,2376mW/2388mW
07-27-2026,09:38:35,RAM,864/7620MB,(lfb,16x4MB),SWAP,153/3810MB,(cached,2MB),CPU,[0%@1344,0%@1344,0%@1344,0%@1344,0%@1344,0%@1344],GR3D_FREQ,0%,cpu@51.593C,soc2@49.781C,soc0@50.625C,gpu@51.5C,tj@51.593C,soc1@50.781C,VDD_IN,5594mW/5654mW,VDD_CPU_GPU_CV,1307mW/1338mW,VDD_SOC,2376mW/2388mW
07-27-2026,09:38:35,RAM,864/7620MB,(lfb,16x4MB),SWAP,153/3810MB,(cached,2MB),CPU,[0%@1344,0%@1344,0%@1344,0%@1344,0%@1344,0%@1344],GR3D_FREQ,0%,cpu@51.656C,soc2@49.687C,soc0@50.437C,gpu@51.375C,tj@51.656C,soc1@50.75C,VDD_IN,5555mW/5654mW,VDD_CPU_GPU_CV,1307mW/1337mW,VDD_SOC,2376mW/2388mW
07-27-2026,09:38:35,RAM,864/7620MB,(lfb,16x4MB),SWAP,153/3810MB,(cached,2MB),CPU,[0%@1344,0%@1344,0%@1344,0%@1344,0%@1344,0%@1344],GR3D_FREQ,0%,cpu@51.687C,soc2@49.562C,soc0@50.468C,gpu@51.312C,tj@51.687C,soc1@50.625C,VDD_IN,5555mW/5654mW,VDD_CPU_GPU_CV,1307mW/1337mW,VDD_SOC,2376mW/2388mW
07-27-2026,09:38:35,RAM,864/7620MB,(lfb,16x4MB),SWAP,153/3810MB,(cached,2MB),CPU,[0%@1344,0%@1344,0%@1344,0%@1344,0%@1344,0%@1344],GR3D_FREQ,0%,cpu@51.406C,soc2@49.593C,soc0@50.468C,gpu@51.5C,tj@51.5C,soc1@50.593C,VDD_IN,5555mW/5653mW,VDD_CPU_GPU_CV,1307mW/1337mW,VDD_SOC,2376mW/2388mW
07-27-2026,09:38:35,RAM,864/7620MB,(lfb,16x4MB),SWAP,153/3810MB,(cached,2MB),CPU,[0%@1344,0%@1344,0%@1344,0%@1344,9%@1344,0%@1344],GR3D_FREQ,0%,cpu@51.562C,soc2@49.593C,soc0@50.625C,gpu@51.437C,tj@51.562C,soc1@50.656C,VDD_IN,5594mW/5653mW,VDD_CPU_GPU_CV,1307mW/1337mW,VDD_SOC,2376mW/2388mW
07-27-2026,09:38:35,RAM,864/7620MB,(lfb,16x4MB),SWAP,153/3810MB,(cached,2MB),CPU,[0%@1344,0%@1344,0%@1344,0%@1344,0%@1344,0%@1344],GR3D_FREQ,0%,cpu@51.718C,soc2@49.562C,soc0@50.437C,gpu@51.281C,tj@51.718C,soc1@50.781C,VDD_IN,5594mW/5653mW,VDD_CPU_GPU_CV,1307mW/1337mW,VDD_SOC,2376mW/2388mW
07-27-2026,09:38:35,RAM,864/7620MB,(lfb,16x4MB),SWAP,153/3810MB,(cached,2MB),CPU,[0%@1344,8%@1344,0%@1344,0%@1344,0%@1344,0%@1344],GR3D_FREQ,0%,cpu@51.75C,soc2@49.531C,soc0@50.437C,gpu@51.5C,tj@51.656C,soc1@50.562C,VDD_IN,5594mW/5653mW,VDD_CPU_GPU_CV,1307mW/1337mW,VDD_SOC,2376mW/2388mW
07-27-2026,09:38:35,RAM,864/7620MB,(lfb,16x4MB),SWAP,153/3810MB,(cached,2MB),CPU,[0%@1344,0%@1344,0%@1344,0%@1344,0%@1344,0%@1344],GR3D_FREQ,0%,cpu@51.468C,soc2@49.593C,soc0@50.468C,gpu@51.375C,tj@51.468C,soc1@50.562C,VDD_IN,5594mW/5653mW,VDD_CPU_GPU_CV,1307mW/1337mW,VDD_SOC,2376mW/2388mW
07-27-2026,09:38:35,RAM,864/7620MB,(lfb,16x4MB),SWAP,153/3810MB,(cached,2MB),CPU,[8%@1344,0%@1344,0%@1344,0%@1344,0%@1344,0%@1344],GR3D_FREQ,0%,cpu@51.468C,soc2@49.531C,soc0@50.625C,gpu@51.593C,tj@51.593C,soc1@50.593C,VDD_IN,5594mW/5653mW,VDD_CPU_GPU_CV,1307mW/1337mW,VDD_SOC,2376mW/2388mW
07-27-2026,09:38:35,RAM,864/7620MB,(lfb,16x4MB),SWAP,153/3810MB,(cached,2MB),CPU,[0%@1344,0%@1344,0%@1344,0%@1344,0%@1344,0%@1344],GR3D_FREQ,0%,cpu@51.625C,soc2@49.562C,soc0@50.75C,gpu@51.5C,tj@51.656C,soc1@50.687C,VDD_IN,5594mW/5653mW,VDD_CPU_GPU_CV,1307mW/1337mW,VDD_SOC,2376mW/2388mW
07-27-2026,09:38:36,RAM,864/7620MB,(lfb,16x4MB),SWAP,153/3810MB,(cached,2MB),CPU,[0%@1344,0%@1344,0%@1344,0%@1344,0%@1344,0%@1344],GR3D_FREQ,0%,cpu@51.687C,soc2@49.718C,soc0@50.468C,gpu@51.343C,tj@51.687C,soc1@50.875C,VDD_IN,5594mW/5653mW,VDD_CPU_GPU_CV,1305mW/1337mW,VDD_SOC,2376mW/2387mW
07-27-2026,09:38:36,RAM,864/7620MB,(lfb,16x4MB),SWAP,153/3810MB,(cached,2MB),CPU,[0%@1344,0%@1344,0%@1344,0%@1344,0%@1344,0%@1344],GR3D_FREQ,0%,cpu@51.781C,soc2@49.593C,soc0@50.468C,gpu@51.531C,tj@51.781C,soc1@50.625C,VDD_IN,5555mW/5653mW,VDD_CPU_GPU_CV,1307mW/1337mW,VDD_SOC,2376mW/2387mW
07-27-2026,09:38:36,RAM,864/7620MB,(lfb,16x4MB),SWAP,153/3810MB,(cached,2MB),CPU,[0%@1344,0%@1344,0%@1344,0%@1344,0%@1344,0%@1344],GR3D_FREQ,0%,cpu@51.468C,soc2@49.593C,soc0@50.468C,gpu@51.468C,tj@51.468C,soc1@50.531C,VDD_IN,5555mW/5653mW,VDD_CPU_GPU_CV,1307mW/1337mW,VDD_SOC,2376mW/2387mW
07-27-2026,09:38:36,RAM,864/7620MB,(lfb,16x4MB),SWAP,153/3810MB,(cached,2MB),CPU,[0%@1344,0%@1344,8%@1344,0%@1344,0%@1344,0%@1344],GR3D_FREQ,0%,cpu@51.625C,soc2@49.625C,soc0@50.593C,gpu@51.343C,tj@51.625C,soc1@50.593C,VDD_IN,5594mW/5652mW,VDD_CPU_GPU_CV,1307mW/1337mW,VDD_SOC,2376mW/2387mW
07-27-2026,09:38:36,RAM,864/7620MB,(lfb,16x4MB),SWAP,153/3810MB,(cached,2MB),CPU,[0%@1344,0%@1344,0%@1344,0%@1344,0%@1344,0%@1344],GR3D_FREQ,0%,cpu@51.812C,soc2@49.656C,soc0@50.468C,gpu@51.562C,tj@51.812C,soc1@50.875C,VDD_IN,5594mW/5652mW,VDD_CPU_GPU_CV,1307mW/1337mW,VDD_SOC,2376mW/2387mW
07-27-2026,09:38:36,RAM,864/7620MB,(lfb,16x4MB),SWAP,153/3810MB,(cached,2MB),CPU,[0%@1344,0%@1344,0%@1344,0%@1344,0%@1344,0%@1344],GR3D_FREQ,0%,cpu@51.718C,soc2@49.593C,soc0@50.468C,gpu@51.468C,tj@51.718C,soc1@50.937C,VDD_IN,5594mW/5652mW,VDD_CPU_GPU_CV,1307mW/1337mW,VDD_SOC,2376mW/2387mW
07-27-2026,09:38:36,RAM,864/7620MB,(lfb,16x4MB),SWAP,153/3810MB,(cached,2MB),CPU,[0%@1344,0%@1344,0%@1344,0%@1344,8%@1344,0%@1344],GR3D_FREQ,0%,cpu@51.562C,soc2@49.531C,soc0@50.562C,gpu@51.687C,tj@51.687C,soc1@50.562C,VDD_IN,5594mW/5652mW,VDD_CPU_GPU_CV,1307mW/1337mW,VDD_SOC,2376mW/2387mW
07-27-2026,09:38:36,RAM,864/7620MB,(lfb,16x4MB),SWAP,153/3810MB,(cached,2MB),CPU,[8%@1344,0%@1344,0%@1344,0%@1344,0%@1344,0%@1344],GR3D_FREQ,0%,cpu@51.562C,soc2@49.531C,soc0@50.531C,gpu@51.5C,tj@51.562C,soc1@50.625C,VDD_IN,5594mW/5652mW,VDD_CPU_GPU_CV,1307mW/1337mW,VDD_SOC,2376mW/2387mW
07-27-2026,09:38:36,RAM,864/7620MB,(lfb,16x4MB),SWAP,153/3810MB,(cached,2MB),CPU,[0%@1344,0%@1344,0%@1344,0%@1344,0%@1344,0%@1344],GR3D_FREQ,0%,cpu@51.656C,soc2@49.812C,soc0@50.656C,gpu@51.437C,tj@51.656C,soc1@50.625C,VDD_IN,5555mW/5652mW,VDD_CPU_GPU_CV,1307mW/1337mW,VDD_SOC,2376mW/2387mW
07-27-2026,09:38:37,RAM,864/7620MB,(lfb,16x4MB),SWAP,153/3810MB,(cached,2MB),CPU,[0%@1344,8%@1344,0%@1344,0%@1344,0%@1344,0%@1344],GR3D_FREQ,0%,cpu@51.718C,soc2@49.75C,soc0@50.5C,gpu@51.593C,tj@51.718C,soc1@50.843C,VDD_IN,5555mW/5652mW,VDD_CPU_GPU_CV,1307mW/1337mW,VDD_SOC,2376mW/2387mW
07-27-2026,09:38:37,RAM,864/7620MB,(lfb,16x4MB),SWAP,153/3810MB,(cached,2MB),CPU,[0%@1344,0%@1344,0%@1344,0%@1344,0%@1344,0%@1344],GR3D_FREQ,0%,cpu@51.843C,soc2@49.593C,soc0@50.468C,gpu@51.5C,tj@51.687C,soc1@50.406C,VDD_IN,5555mW/5652mW,VDD_CPU_GPU_CV,1307mW/1337mW,VDD_SOC,2376mW/2387mW
07-27-2026,09:38:37,RAM,864/7620MB,(lfb,16x4MB),SWAP,153/3810MB,(cached,2MB),CPU,[0%@1344,0%@1344,0%@1344,0%@1344,0%@1344,0%@1344],GR3D_FREQ,0%,cpu@51.5C,soc2@49.625C,soc0@50.468C,gpu@51.375C,tj@51.5C,soc1@50.593C,VDD_IN,5555mW/5652mW,VDD_CPU_GPU_CV,1307mW/1337mW,VDD_SOC,2376mW/2387mW
07-27-2026,09:38:37,RAM,864/7620MB,(lfb,16x4MB),SWAP,153/3810MB,(cached,2MB),CPU,[0%@1344,0%@1344,0%@1344,0%@1344,0%@1344,0%@1344],GR3D_FREQ,0%,cpu@51.562C,soc2@49.593C,soc0@50.656C,gpu@51.656C,tj@51.656C,soc1@50.531C,VDD_IN,5555mW/5651mW,VDD_CPU_GPU_CV,1307mW/1337mW,VDD_SOC,2376mW/2387mW
07-27-2026,09:38:37,RAM,864/7620MB,(lfb,16x4MB),SWAP,153/3810MB,(cached,2MB),CPU,[9%@1344,0%@1344,0%@1344,0%@1344,0%@1344,0%@1344],GR3D_FREQ,0%,cpu@51.75C,soc2@49.625C,soc0@50.343C,gpu@51.531C,tj@51.75C,soc1@50.687C,VDD_IN,5594mW/5651mW,VDD_CPU_GPU_CV,1307mW/1336mW,VDD_SOC,2376mW/2387mW
07-27-2026,09:38:37,RAM,863/7620MB,(lfb,16x4MB),SWAP,153/3810MB,(cached,2MB),CPU,[0%@1344,0%@1344,0%@1344,0%@1344,0%@1344,0%@1344],GR3D_FREQ,0%,cpu@51.75C,soc2@49.5C,soc0@50.343C,gpu@51.812C,tj@51.812C,soc1@50.875C,VDD_IN,5594mW/5651mW,VDD_CPU_GPU_CV,1307mW/1336mW,VDD_SOC,2376mW/2387mW
07-27-2026,09:38:37,RAM,863/7620MB,(lfb,16x4MB),SWAP,153/3810MB,(cached,2MB),CPU,[0%@1344,0%@1344,0%@1344,0%@1344,0%@1344,0%@1344],GR3D_FREQ,0%,cpu@51.468C,soc2@49.656C,soc0@50.562C,gpu@51.656C,tj@51.656C,soc1@50.625C,VDD_IN,5594mW/5651mW,VDD_CPU_GPU_CV,1307mW/1336mW,VDD_SOC,2376mW/2387mW
07-27-2026,09:38:37,RAM,863/7620MB,(lfb,16x4MB),SWAP,153/3810MB,(cached,2MB),CPU,[0%@1344,0%@1344,0%@1344,0%@1344,0%@1344,0%@1344],GR3D_FREQ,0%,cpu@51.562C,soc2@49.656C,soc0@50.437C,gpu@51.562C,tj@51.562C,soc1@50.656C,VDD_IN,5594mW/5651mW,VDD_CPU_GPU_CV,1307mW/1336mW,VDD_SOC,2376mW/2387mW
07-27-2026,09:38:37,RAM,863/7620MB,(lfb,16x4MB),SWAP,153/3810MB,(cached,2MB),CPU,[0%@1344,0%@1344,0%@1344,0%@1344,0%@1344,0%@1344],GR3D_FREQ,0%,cpu@51.656C,soc2@49.625C,soc0@50.406C,gpu@51.812C,tj@51.812C,soc1@50.656C,VDD_IN,5594mW/5651mW,VDD_CPU_GPU_CV,1307mW/1336mW,VDD_SOC,2376mW/2387mW
07-27-2026,09:38:37,RAM,863/7620MB,(lfb,16x4MB),SWAP,153/3810MB,(cached,2MB),CPU,[0%@1344,0%@1344,0%@1344,0%@1344,0%@1344,0%@1344],GR3D_FREQ,0%,cpu@51.781C,soc2@49.687C,soc0@50.375C,gpu@51.562C,tj@51.781C,soc1@50.843C,VDD_IN,5594mW/5651mW,VDD_CPU_GPU_CV,1307mW/1336mW,VDD_SOC,2376mW/2387mW
07-27-2026,09:38:38,RAM,863/7620MB,(lfb,16x4MB),SWAP,153/3810MB,(cached,2MB),CPU,[0%@1344,0%@1344,0%@1344,0%@1344,0%@1344,0%@1344],GR3D_FREQ,0%,cpu@51.718C,soc2@49.562C,soc0@50.437C,gpu@51.468C,tj@51.718C,soc1@50.562C,VDD_IN,5594mW/5651mW,VDD_CPU_GPU_CV,1307mW/1336mW,VDD_SOC,2376mW/2387mW
07-27-2026,09:38:38,RAM,863/7620MB,(lfb,16x4MB),SWAP,153/3810MB,(cached,2MB),CPU,[0%@1344,0%@1344,0%@1344,0%@1344,0%@1344,0%@1344],GR3D_FREQ,0%,cpu@51.437C,soc2@49.562C,soc0@50.468C,gpu@51.75C,tj@51.75C,soc1@50.593C,VDD_IN,5594mW/5651mW,VDD_CPU_GPU_CV,1305mW/1336mW,VDD_SOC,2376mW/2387mW
07-27-2026,09:38:38,RAM,863/7620MB,(lfb,16x4MB),SWAP,153/3810MB,(cached,2MB),CPU,[0%@1344,9%@1344,0%@1344,0%@1344,0%@1344,0%@1344],GR3D_FREQ,0%,cpu@51.656C,soc2@49.625C,soc0@50.468C,gpu@51.656C,tj@51.656C,soc1@50.812C,VDD_IN,5594mW/5651mW,VDD_CPU_GPU_CV,1305mW/1336mW,VDD_SOC,2376mW/2387mW
07-27-2026,09:38:38,RAM,863/7620MB,(lfb,16x4MB),SWAP,153/3810MB,(cached,2MB),CPU,[0%@1344,0%@1344,0%@1344,0%@1344,0%@1344,0%@1344],GR3D_FREQ,0%,cpu@51.781C,soc2@49.625C,soc0@50.5C,gpu@51.281C,tj@51.781C,soc1@50.687C,VDD_IN,5594mW/5651mW,VDD_CPU_GPU_CV,1305mW/1336mW,VDD_SOC,2376mW/2387mW
07-27-2026,09:38:38,RAM,863/7620MB,(lfb,16x4MB),SWAP,153/3810MB,(cached,2MB),CPU,[0%@1344,0%@1344,0%@1344,0%@1344,9%@1344,0%@1344],GR3D_FREQ,0%,cpu@51.812C,soc2@49.5C,soc0@50.468C,gpu@51.718C,tj@51.812C,soc1@50.875C,VDD_IN,5594mW/5650mW,VDD_CPU_GPU_CV,1305mW/1336mW,VDD_SOC,2376mW/2387mW
07-27-2026,09:38:38,RAM,863/7620MB,(lfb,16x4MB),SWAP,153/3810MB,(cached,2MB),CPU,[0%@1344,0%@1344,0%@1344,0%@1344,0%@1344,0%@1344],GR3D_FREQ,0%,cpu@51.5C,soc2@49.5C,soc0@50.406C,gpu@51.468C,tj@51.5C,soc1@50.687C,VDD_IN,5594mW/5650mW,VDD_CPU_GPU_CV,1307mW/1336mW,VDD_SOC,2376mW/2387mW
07-27-2026,09:38:38,RAM,863/7620MB,(lfb,16x4MB),SWAP,153/3810MB,(cached,2MB),CPU,[0%@1344,8%@1344,0%@1344,0%@1344,0%@1344,0%@1344],GR3D_FREQ,0%,cpu@51.5C,soc2@49.5C,soc0@50.5C,gpu@51.218C,tj@51.5C,soc1@50.687C,VDD_IN,5594mW/5650mW,VDD_CPU_GPU_CV,1307mW/1336mW,VDD_SOC,2376mW/2387mW
07-27-2026,09:38:38,RAM,863/7620MB,(lfb,16x4MB),SWAP,153/3810MB,(cached,2MB),CPU,[0%@1344,0%@1344,0%@1344,0%@1344,0%@1344,0%@1344],GR3D_FREQ,0%,cpu@51.625C,soc2@49.5C,soc0@50.406C,gpu@51.656C,tj@51.656C,soc1@50.781C,VDD_IN,5594mW/5650mW,VDD_CPU_GPU_CV,1307mW/1336mW,VDD_SOC,2376mW/2387mW
07-27-2026,09:38:38,RAM,863/7620MB,(lfb,16x4MB),SWAP,153/3810MB,(cached,2MB),CPU,[0%@1344,0%@1344,0%@1344,0%@1344,0%@1344,0%@1344],GR3D_FREQ,0%,cpu@51.75C,soc2@49.718C,soc0@50.437C,gpu@51.468C,tj@51.75C,soc1@50.906C,VDD_IN,5594mW/5650mW,VDD_CPU_GPU_CV,1307mW/1336mW,VDD_SOC,2376mW/2387mW
07-27-2026,09:38:39,RAM,863/7620MB,(lfb,16x4MB),SWAP,153/3810MB,(cached,2MB),CPU,[9%@1344,0%@1344,0%@1344,0%@1344,0%@1344,0%@1344],GR3D_FREQ,0%,cpu@51.937C,soc2@49.593C,soc0@50.437C,gpu@51.218C,tj@51.937C,soc1@50.625C,VDD_IN,5594mW/5650mW,VDD_CPU_GPU_CV,1307mW/1336mW,VDD_SOC,2376mW/2387mW
07-27-2026,09:38:39,RAM,863/7620MB,(lfb,16x4MB),SWAP,153/3810MB,(cached,2MB),CPU,[0%@1344,0%@1344,0%@1344,0%@1344,0%@1344,0%@1344],GR3D_FREQ,0%,cpu@51.531C,soc2@49.531C,soc0@50.468C,gpu@51.656C,tj@51.656C,soc1@50.593C,VDD_IN,5555mW/5650mW,VDD_CPU_GPU_CV,1307mW/1336mW,VDD_SOC,2376mW/2387mW
07-27-2026,09:38:39,RAM,863/7620MB,(lfb,16x4MB),SWAP,153/3810MB,(cached,2MB),CPU,[0%@1344,0%@1344,0%@1344,0%@1344,0%@1344,0%@1344],GR3D_FREQ,0%,cpu@51.656C,soc2@49.625C,soc0@50.5C,gpu@51.25C,tj@51.656C,soc1@50.593C,VDD_IN,5555mW/5650mW,VDD_CPU_GPU_CV,1307mW/1336mW,VDD_SOC,2376mW/2387mW
07-27-2026,09:38:39,RAM,863/7620MB,(lfb,16x4MB),SWAP,153/3810MB,(cached,2MB),CPU,[0%@1344,0%@1344,8%@1344,0%@1344,0%@1344,0%@1344],GR3D_FREQ,0%,cpu@51.687C,soc2@49.656C,soc0@50.437C,gpu@51.781C,tj@51.781C,soc1@50.656C,VDD_IN,5555mW/5650mW,VDD_CPU_GPU_CV,1307mW/1336mW,VDD_SOC,2376mW/2387mW
07-27-2026,09:38:39,RAM,863/7620MB,(lfb,16x4MB),SWAP,153/3810MB,(cached,2MB),CPU,[0%@1344,0%@1344,0%@1344,0%@1344,0%@1344,9%@1344],GR3D_FREQ,0%,cpu@51.875C,soc2@49.781C,soc0@50.406C,gpu@51.593C,tj@51.875C,soc1@51C,VDD_IN,5594mW/5650mW,VDD_CPU_GPU_CV,1307mW/1336mW,VDD_SOC,2376mW/2387mW
07-27-2026,09:38:39,RAM,863/7620MB,(lfb,16x4MB),SWAP,153/3810MB,(cached,2MB),CPU,[0%@1344,0%@1344,0%@1344,0%@1344,0%@1344,0%@1344],GR3D_FREQ,0%,cpu@51.375C,soc2@49.531C,soc0@50.531C,gpu@51.25C,tj@51.375C,soc1@50.531C,VDD_IN,5594mW/5649mW,VDD_CPU_GPU_CV,1307mW/1336mW,VDD_SOC,2376mW/2387mW
07-27-2026,09:38:39,RAM,863/7620MB,(lfb,16x4MB),SWAP,153/3810MB,(cached,2MB),CPU,[0%@1344,0%@1344,0%@1344,0%@1344,0%@1344,0%@1344],GR3D_FREQ,0%,cpu@51.562C,soc2@49.531C,soc0@50.531C,gpu@51.812C,tj@51.812C,soc1@50.687C,VDD_IN,5594mW/5649mW,VDD_CPU_GPU_CV,1307mW/1336mW,VDD_SOC,2376mW/2387mW
07-27-2026,09:38:39,RAM,863/7620MB,(lfb,16x4MB),SWAP,153/3810MB,(cached,2MB),CPU,[0%@1344,0%@1344,0%@1344,0%@1344,0%@1344,0%@1344],GR3D_FREQ,0%,cpu@51.718C,soc2@49.625C,soc0@50.687C,gpu@51.562C,tj@51.718C,soc1@50.687C,VDD_IN,5594mW/5649mW,VDD_CPU_GPU_CV,1307mW/1336mW,VDD_SOC,2376mW/2387mW
07-27-2026,09:38:39,RAM,863/7620MB,(lfb,16x4MB),SWAP,153/3810MB,(cached,2MB),CPU,[0%@1344,0%@1344,0%@1344,0%@1344,0%@1344,0%@1344],GR3D_FREQ,0%,cpu@51.812C,soc2@49.687C,soc0@50.468C,gpu@51.218C,tj@51.812C,soc1@50.718C,VDD_IN,5594mW/5649mW,VDD_CPU_GPU_CV,1307mW/1335mW,VDD_SOC,2376mW/2387mW
07-27-2026,09:38:39,RAM,863/7620MB,(lfb,16x4MB),SWAP,153/3810MB,(cached,2MB),CPU,[0%@1344,0%@1344,0%@1344,0%@1344,0%@1344,20%@1344],GR3D_FREQ,0%,cpu@52.062C,soc2@49.5C,soc0@50.406C,gpu@51.781C,tj@52.062C,soc1@50.625C,VDD_IN,5674mW/5649mW,VDD_CPU_GPU_CV,1346mW/1335mW,VDD_SOC,2376mW/2387mW
07-27-2026,09:38:40,RAM,863/7620MB,(lfb,16x4MB),SWAP,153/3810MB,(cached,2MB),CPU,[8%@1344,0%@1344,0%@1344,9%@1344,0%@1344,8%@1344],GR3D_FREQ,0%,cpu@51.375C,soc2@49.625C,soc0@50.468C,gpu@51.312C,tj@51.625C,soc1@50.593C,VDD_IN,5713mW/5649mW,VDD_CPU_GPU_CV,1307mW/1335mW,VDD_SOC,2376mW/2387mW
07-27-2026,09:38:40,RAM,863/7620MB,(lfb,16x4MB),SWAP,153/3810MB,(cached,2MB),CPU,[0%@1344,0%@1344,0%@1344,0%@1344,0%@1344,0%@1344],GR3D_FREQ,0%,cpu@51.656C,soc2@49.593C,soc0@50.593C,gpu@51.187C,tj@51.656C,soc1@50.625C,VDD_IN,5753mW/5649mW,VDD_CPU_GPU_CV,1307mW/1335mW,VDD_SOC,2376mW/2387mW
07-27-2026,09:38:40,RAM,863/7620MB,(lfb,16x4MB),SWAP,153/3810MB,(cached,2MB),CPU,[0%@1344,0%@1344,0%@1344,0%@1344,0%@1344,0%@1344],GR3D_FREQ,0%,cpu@51.718C,soc2@49.625C,soc0@50.718C,gpu@51.656C,tj@51.718C,soc1@50.75C,VDD_IN,5832mW/5650mW,VDD_CPU_GPU_CV,1307mW/1335mW,VDD_SOC,2376mW/2387mW
07-27-2026,09:38:40,RAM,863/7620MB,(lfb,16x4MB),SWAP,153/3810MB,(cached,2MB),CPU,[0%@1344,0%@1344,0%@1344,9%@1344,0%@1344,0%@1344],GR3D_FREQ,0%,cpu@51.843C,soc2@49.812C,soc0@50.5C,gpu@51.218C,tj@51.843C,soc1@50.562C,VDD_IN,5832mW/5650mW,VDD_CPU_GPU_CV,1307mW/1335mW,VDD_SOC,2416mW/2387mW
07-27-2026,09:38:40,RAM,863/7620MB,(lfb,16x4MB),SWAP,153/3810MB,(cached,2MB),CPU,[0%@1344,0%@1344,0%@1344,0%@1344,0%@1344,0%@1344],GR3D_FREQ,0%,cpu@51.406C,soc2@49.656C,soc0@50.531C,gpu@51.218C,tj@51.406C,soc1@50.531C,VDD_IN,5872mW/5650mW,VDD_CPU_GPU_CV,1346mW/1335mW,VDD_SOC,2416mW/2387mW
07-27-2026,09:38:40,RAM,863/7620MB,(lfb,16x4MB),SWAP,153/3810MB,(cached,2MB),CPU,[0%@1344,9%@1344,0%@1344,0%@1344,0%@1344,0%@1344],GR3D_FREQ,0%,cpu@51.718C,soc2@49.562C,soc0@50.437C,gpu@51.687C,tj@51.718C,soc1@50.562C,VDD_IN,5912mW/5651mW,VDD_CPU_GPU_CV,1307mW/1335mW,VDD_SOC,2416mW/2387mW
07-27-2026,09:38:40,RAM,863/7620MB,(lfb,16x4MB),SWAP,153/3810MB,(cached,2MB),CPU,[0%@1344,0%@1344,0%@1344,0%@1344,0%@1344,9%@1344],GR3D_FREQ,0%,cpu@51.656C,soc2@49.593C,soc0@50.687C,gpu@51.281C,tj@51.687C,soc1@50.687C,VDD_IN,5912mW/5651mW,VDD_CPU_GPU_CV,1307mW/1335mW,VDD_SOC,2416mW/2387mW
07-27-2026,09:38:40,RAM,863/7620MB,(lfb,16x4MB),SWAP,153/3810MB,(cached,2MB),CPU,[0%@1344,0%@1344,0%@1344,0%@1344,0%@1344,0%@1344],GR3D_FREQ,0%,cpu@51.781C,soc2@49.687C,soc0@50.406C,gpu@51.25C,tj@51.781C,soc1@50.781C,VDD_IN,5952mW/5652mW,VDD_CPU_GPU_CV,1307mW/1335mW,VDD_SOC,2416mW/2387mW
07-27-2026,09:38:40,RAM,863/7620MB,(lfb,16x4MB),SWAP,153/3810MB,(cached,2MB),CPU,[0%@1344,9%@1344,0%@1344,0%@1344,0%@1344,8%@1344],GR3D_FREQ,0%,cpu@51.437C,soc2@49.625C,soc0@50.468C,gpu@51.312C,tj@51.437C,soc1@50.593C,VDD_IN,5952mW/5652mW,VDD_CPU_GPU_CV,1305mW/1335mW,VDD_SOC,2416mW/2387mW
07-27-2026,09:38:41,RAM,863/7620MB,(lfb,16x4MB),SWAP,153/3810MB,(cached,2MB),CPU,[0%@1344,0%@1344,0%@1344,0%@1344,0%@1344,0%@1344],GR3D_FREQ,0%,cpu@51.375C,soc2@49.531C,soc0@50.5C,gpu@51.281C,tj@51.375C,soc1@50.593C,VDD_IN,5952mW/5652mW,VDD_CPU_GPU_CV,1305mW/1335mW,VDD_SOC,2416mW/2387mW
07-27-2026,09:38:41,RAM,863/7620MB,(lfb,16x4MB),SWAP,153/3810MB,(cached,2MB),CPU,[0%@1344,0%@1344,0%@1344,0%@1344,0%@1344,16%@1344],GR3D_FREQ,0%,cpu@51.687C,soc2@49.562C,soc0@50.562C,gpu@51.812C,tj@51.812C,soc1@50.687C,VDD_IN,5952mW/5653mW,VDD_CPU_GPU_CV,1305mW/1335mW,VDD_SOC,2416mW/2387mW
