07-26-2026,21:26:19,RAM,741/7620MB,(lfb,30x4MB),SWAP,349/3810MB,(cached,2MB),CPU,[0%@1344,0%@1344,0%@1344,0%@1344,0%@1344,0%@1344],GR3D_FREQ,0%,cpu@51.312C,soc2@49.312C,soc0@50.281C,gpu@51.531C,tj@51.531C,soc1@50.281C,VDD_IN,5594mW/5594mW,VDD_CPU_GPU_CV,1307mW/1307mW,VDD_SOC,2376mW/2376mW
07-26-2026,21:26:19,RAM,741/7620MB,(lfb,30x4MB),SWAP,349/3810MB,(cached,2MB),CPU,[0%@1344,8%@1344,0%@1344,0%@1344,0%@1344,0%@1344],GR3D_FREQ,0%,cpu@51.281C,soc2@49.312C,soc0@50C,gpu@51.343C,tj@51.468C,soc1@50.312C,VDD_IN,5594mW/5594mW,VDD_CPU_GPU_CV,1305mW/1306mW,VDD_SOC,2376mW/2376mW
07-26-2026,21:26:19,RAM,741/7620MB,(lfb,30x4MB),SWAP,349/3810MB,(cached,2MB),CPU,[0%@1344,0%@1344,0%@1344,0%@1344,0%@1344,0%@1344],GR3D_FREQ,0%,cpu@51.437C,soc2@49.343C,soc0@50.093C,gpu@51C,tj@51.437C,soc1@50.468C,VDD_IN,5585mW/5591mW,VDD_CPU_GPU_CV,1305mW/1306mW,VDD_SOC,2376mW/2376mW
07-26-2026,21:26:20,RAM,741/7620MB,(lfb,30x4MB),SWAP,349/3810MB,(cached,2MB),CPU,[0%@1344,0%@1344,0%@1344,0%@1344,0%@1344,0%@1344],GR3D_FREQ,0%,cpu@51.656C,soc2@49.25C,soc0@50.156C,gpu@51.468C,tj@51.468C,soc1@50.187C,VDD_IN,5585mW/5590mW,VDD_CPU_GPU_CV,1305mW/1306mW,VDD_SOC,2376mW/2376mW
07-26-2026,21:26:20,RAM,741/7620MB,(lfb,30x4MB),SWAP,349/3810MB,(cached,2MB),CPU,[0%@1344,0%@1344,0%@1344,0%@1344,0%@1344,0%@1344],GR3D_FREQ,0%,cpu@51.218C,soc2@49.281C,soc0@50.218C,gpu@51.343C,tj@51.343C,soc1@50.281C,VDD_IN,5585mW/5589mW,VDD_CPU_GPU_CV,1305mW/1305mW,VDD_SOC,2376mW/2376mW
07-26-2026,21:26:20,RAM,741/7620MB,(lfb,30x4MB),SWAP,349/3810MB,(cached,2MB),CPU,[8%@1344,0%@1344,0%@1344,0%@1344,0%@1344,0%@1344],GR3D_FREQ,0%,cpu@51.312C,soc2@49.281C,soc0@50.281C,gpu@51C,tj@51.312C,soc1@50.343C,VDD_IN,5585mW/5588mW,VDD_CPU_GPU_CV,1305mW/1305mW,VDD_SOC,2373mW/2376mW
07-26-2026,21:26:20,RAM,741/7620MB,(lfb,30x4MB),SWAP,349/3810MB,(cached,2MB),CPU,[0%@1344,0%@1344,0%@1344,0%@1344,0%@1344,0%@1344],GR3D_FREQ,0%,cpu@51.437C,soc2@49.25C,soc0@50.093C,gpu@51.406C,tj@51.437C,soc1@50.375C,VDD_IN,5585mW/5588mW,VDD_CPU_GPU_CV,1305mW/1305mW,VDD_SOC,2373mW/2375mW
07-26-2026,21:26:20,RAM,741/7620MB,(lfb,30x4MB),SWAP,349/3810MB,(cached,2MB),CPU,[0%@1344,0%@1344,0%@1344,0%@1344,0%@1344,0%@1344],GR3D_FREQ,0%,cpu@51.531C,soc2@49.25C,soc0@50.062C,gpu@51C,tj@51.531C,soc1@50.562C,VDD_IN,5585mW/5587mW,VDD_CPU_GPU_CV,1305mW/1305mW,VDD_SOC,2376mW/2375mW
07-26-2026,21:26:20,RAM,741/7620MB,(lfb,30x4MB),SWAP,349/3810MB,(cached,2MB),CPU,[0%@1344,0%@1344,0%@1344,0%@1344,0%@1344,0%@1344],GR3D_FREQ,0%,cpu@51.25C,soc2@49.187C,soc0@50.218C,gpu@50.875C,tj@51.25C,soc1@50.187C,VDD_IN,5585mW/5587mW,VDD_CPU_GPU_CV,1305mW/1305mW,VDD_SOC,2376mW/2375mW
07-26-2026,21:26:20,RAM,741/7620MB,(lfb,30x4MB),SWAP,349/3810MB,(cached,2MB),CPU,[0%@1344,0%@1344,0%@1344,0%@1344,0%@1344,0%@1344],GR3D_FREQ,0%,cpu@51.25C,soc2@49.312C,soc0@50.187C,gpu@51.5C,tj@51.5C,soc1@50.218C,VDD_IN,5546mW/5583mW,VDD_CPU_GPU_CV,1305mW/1305mW,VDD_SOC,2376mW/2375mW
07-26-2026,21:26:20,RAM,741/7620MB,(lfb,30x4MB),SWAP,349/3810MB,(cached,2MB),CPU,[0%@1344,0%@1344,0%@1344,0%@1344,0%@1344,0%@1344],GR3D_FREQ,0%,cpu@51.343C,soc2@49.281C,soc0@50.062C,gpu@50.937C,tj@51.406C,soc1@50.343C,VDD_IN,5546mW/5580mW,VDD_CPU_GPU_CV,1305mW/1305mW,VDD_SOC,2373mW/2375mW
07-26-2026,21:26:20,RAM,741/7620MB,(lfb,30x4MB),SWAP,349/3810MB,(cached,2MB),CPU,[0%@1344,0%@1344,0%@1344,0%@1344,0%@1344,0%@1344],GR3D_FREQ,0%,cpu@51.468C,soc2@49.375C,soc0@50.093C,gpu@50.906C,tj@51.468C,soc1@50.593C,VDD_IN,5546mW/5577mW,VDD_CPU_GPU_CV,1305mW/1305mW,VDD_SOC,2373mW/2375mW
07-26-2026,21:26:21,RAM,741/7620MB,(lfb,30x4MB),SWAP,349/3810MB,(cached,2MB),CPU,[0%@1344,8%@1344,0%@1344,0%@1344,0%@1344,0%@1344],GR3D_FREQ,0%,cpu@51.5C,soc2@49.156C,soc0@50.218C,gpu@51.375C,tj@51.375C,soc1@50.187C,VDD_IN,5546mW/5574mW,VDD_CPU_GPU_CV,1305mW/1305mW,VDD_SOC,2373mW/2375mW
07-26-2026,21:26:21,RAM,741/7620MB,(lfb,30x4MB),SWAP,349/3810MB,(cached,2MB),CPU,[0%@1344,0%@1344,0%@1344,0%@1344,0%@1344,9%@1344],GR3D_FREQ,0%,cpu@51.25C,soc2@49.281C,soc0@50.218C,gpu@51.031C,tj@51.25C,soc1@50.281C,VDD_IN,5546mW/5572mW,VDD_CPU_GPU_CV,1305mW/1305mW,VDD_SOC,2373mW/2375mW
07-26-2026,21:26:21,RAM,742/7620MB,(lfb,30x4MB),SWAP,349/3810MB,(cached,2MB),CPU,[0%@1344,0%@1344,9%@1344,9%@1344,0%@1344,0%@1344],GR3D_FREQ,0%,cpu@51.312C,soc2@49.312C,soc0@50.281C,gpu@50.875C,tj@51.312C,soc1@50.281C,VDD_IN,5585mW/5573mW,VDD_CPU_GPU_CV,1305mW/1305mW,VDD_SOC,2376mW/2375mW
07-26-2026,21:26:21,RAM,742/7620MB,(lfb,30x4MB),SWAP,349/3810MB,(cached,2MB),CPU,[0%@1344,0%@1344,0%@1344,0%@1344,0%@1344,0%@1344],GR3D_FREQ,0%,cpu@51.437C,soc2@49.375C,soc0@50.062C,gpu@51.375C,tj@51.437C,soc1@50.468C,VDD_IN,5585mW/5574mW,VDD_CPU_GPU_CV,1305mW/1305mW,VDD_SOC,2376mW/2375mW
07-26-2026,21:26:21,RAM,742/7620MB,(lfb,30x4MB),SWAP,349/3810MB,(cached,2MB),CPU,[0%@1344,0%@1344,0%@1344,0%@1344,0%@1344,0%@1344],GR3D_FREQ,0%,cpu@51.468C,soc2@49.218C,soc0@50.156C,gpu@50.968C,tj@51.468C,soc1@50.562C,VDD_IN,5585mW/5575mW,VDD_CPU_GPU_CV,1305mW/1305mW,VDD_SOC,2376mW/2375mW
07-26-2026,21:26:21,RAM,742/7620MB,(lfb,30x4MB),SWAP,349/3810MB,(cached,2MB),CPU,[0%@1344,0%@1344,0%@1344,0%@1344,0%@1344,0%@1344],GR3D_FREQ,0%,cpu@51.187C,soc2@49.187C,soc0@50.093C,gpu@51.531C,tj@51.531C,soc1@50.281C,VDD_IN,5594mW/5576mW,VDD_CPU_GPU_CV,1305mW/1305mW,VDD_SOC,2376mW/2375mW
07-26-2026,21:26:21,RAM,742/7620MB,(lfb,30x4MB),SWAP,349/3810MB,(cached,2MB),CPU,[0%@1344,0%@1344,0%@1344,0%@1344,0%@1344,0%@1344],GR3D_FREQ,0%,cpu@51.281C,soc2@49.281C,soc0@50.25C,gpu@51.062C,tj@51.281C,soc1@50.25C,VDD_IN,5546mW/5574mW,VDD_CPU_GPU_CV,1305mW/1305mW,VDD_SOC,2376mW/2375mW
07-26-2026,21:26:21,RAM,742/7620MB,(lfb,30x4MB),SWAP,349/3810MB,(cached,2MB),CPU,[0%@1344,0%@1344,0%@1344,0%@1344,0%@1344,0%@1344],GR3D_FREQ,0%,cpu@51.375C,soc2@49.343C,soc0@50.093C,gpu@51C,tj@51.375C,soc1@50.375C,VDD_IN,5546mW/5573mW,VDD_CPU_GPU_CV,1305mW/1305mW,VDD_SOC,2376mW/2375mW
07-26-2026,21:26:21,RAM,742/7620MB,(lfb,30x4MB),SWAP,349/3810MB,(cached,2MB),CPU,[0%@1344,8%@1344,0%@1344,0%@1344,0%@1344,0%@1344],GR3D_FREQ,0%,cpu@51.437C,soc2@49.375C,soc0@50.093C,gpu@51.468C,tj@51.468C,soc1@50.531C,VDD_IN,5555mW/5572mW,VDD_CPU_GPU_CV,1305mW/1305mW,VDD_SOC,2376mW/2375mW
07-26-2026,21:26:21,RAM,742/7620MB,(lfb,30x4MB),SWAP,349/3810MB,(cached,2MB),CPU,[0%@1344,0%@1344,0%@1344,0%@1344,0%@1344,0%@1344],GR3D_FREQ,0%,cpu@51.656C,soc2@49.281C,soc0@50.062C,gpu@51.062C,tj@51.656C,soc1@50.187C,VDD_IN,5546mW/5571mW,VDD_CPU_GPU_CV,1305mW/1305mW,VDD_SOC,2376mW/2375mW
07-26-2026,21:26:22,RAM,742/7620MB,(lfb,30x4MB),SWAP,349/3810MB,(cached,2MB),CPU,[0%@1344,0%@1344,0%@1344,0%@1344,0%@1344,0%@1344],GR3D_FREQ,0%,cpu@51.312C,soc2@49.343C,soc0@50.156C,gpu@50.968C,tj@51.312C,soc1@50.25C,VDD_IN,5555mW/5570mW,VDD_CPU_GPU_CV,1307mW/1305mW,VDD_SOC,2376mW/2375mW
07-26-2026,21:26:22,RAM,742/7620MB,(lfb,30x4MB),SWAP,349/3810MB,(cached,2MB),CPU,[0%@1344,0%@1344,9%@1344,0%@1344,0%@1344,0%@1344],GR3D_FREQ,0%,cpu@51.375C,soc2@49.25C,soc0@50.25C,gpu@51.406C,tj@51.406C,soc1@50.437C,VDD_IN,5594mW/5571mW,VDD_CPU_GPU_CV,1305mW/1305mW,VDD_SOC,2376mW/2375mW
07-26-2026,21:26:22,RAM,742/7620MB,(lfb,30x4MB),SWAP,349/3810MB,(cached,2MB),CPU,[0%@1344,0%@1344,0%@1344,0%@1344,0%@1344,0%@1344],GR3D_FREQ,0%,cpu@51.406C,soc2@49.375C,soc0@50.093C,gpu@51.062C,tj@51.406C,soc1@50.375C,VDD_IN,5585mW/5572mW,VDD_CPU_GPU_CV,1305mW/1305mW,VDD_SOC,2376mW/2375mW
07-26-2026,21:26:22,RAM,742/7620MB,(lfb,30x4MB),SWAP,349/3810MB,(cached,2MB),CPU,[0%@1344,0%@1344,0%@1344,0%@1344,0%@1344,0%@1344],GR3D_FREQ,0%,cpu@51.562C,soc2@49.25C,soc0@50.125C,gpu@50.937C,tj@51.562C,soc1@50.25C,VDD_IN,5585mW/5572mW,VDD_CPU_GPU_CV,1305mW/1305mW,VDD_SOC,2376mW/2375mW
07-26-2026,21:26:22,RAM,742/7620MB,(lfb,30x4MB),SWAP,349/3810MB,(cached,2MB),CPU,[0%@1344,0%@1344,0%@1344,0%@1344,0%@1344,0%@1344],GR3D_FREQ,0%,cpu@51.156C,soc2@49.281C,soc0@50.156C,gpu@51.125C,tj@51.406C,soc1@50.218C,VDD_IN,5546mW/5571mW,VDD_CPU_GPU_CV,1305mW/1305mW,VDD_SOC,2376mW/2375mW
07-26-2026,21:26:22,RAM,742/7620MB,(lfb,30x4MB),SWAP,349/3810MB,(cached,2MB),CPU,[0%@1344,0%@1344,0%@1344,0%@1344,0%@1344,0%@1344],GR3D_FREQ,0%,cpu@51.281C,soc2@49.312C,soc0@50.281C,gpu@51.031C,tj@51.281C,soc1@50.343C,VDD_IN,5546mW/5570mW,VDD_CPU_GPU_CV,1305mW/1305mW,VDD_SOC,2376mW/2375mW
07-26-2026,21:26:22,RAM,742/7620MB,(lfb,30x4MB),SWAP,349/3810MB,(cached,2MB),CPU,[0%@1344,0%@1344,0%@1344,0%@1344,0%@1344,0%@1344],GR3D_FREQ,0%,cpu@51.406C,soc2@49.343C,soc0@50.062C,gpu@50.906C,tj@51.406C,soc1@50.375C,VDD_IN,5555mW/5570mW,VDD_CPU_GPU_CV,1305mW/1305mW,VDD_SOC,2376mW/2375mW
07-26-2026,21:26:22,RAM,742/7620MB,(lfb,30x4MB),SWAP,349/3810MB,(cached,2MB),CPU,[0%@1344,9%@1344,0%@1344,0%@1344,0%@1344,0%@1344],GR3D_FREQ,0%,cpu@51.5C,soc2@49.25C,soc0@50C,gpu@51C,tj@51.5C,soc1@50.5C,VDD_IN,5555mW/5569mW,VDD_CPU_GPU_CV,1305mW/1305mW,VDD_SOC,2376mW/2375mW
07-26-2026,21:26:22,RAM,742/7620MB,(lfb,30x4MB),SWAP,349/3810MB,(cached,2MB),CPU,[8%@1344,0%@1344,0%@1344,0%@1344,0%@1344,0%@1344],GR3D_FREQ,0%,cpu@51.031C,soc2@49.25C,soc0@50.187C,gpu@51C,tj@51.031C,soc1@50.187C,VDD_IN,5546mW/5568mW,VDD_CPU_GPU_CV,1305mW/1305mW,VDD_SOC,2376mW/2375mW
07-26-2026,21:26:23,RAM,742/7620MB,(lfb,30x4MB),SWAP,349/3810MB,(cached,2MB),CPU,[0%@1344,0%@1344,0%@1344,0%@1344,0%@1344,0%@1344],GR3D_FREQ,0%,cpu@51.218C,soc2@49.312C,soc0@50.218C,gpu@50.875C,tj@51.218C,soc1@50.312C,VDD_IN,5546mW/5568mW,VDD_CPU_GPU_CV,1305mW/1305mW,VDD_SOC,2376mW/2375mW
07-26-2026,21:26:23,RAM,742/7620MB,(lfb,30x4MB),SWAP,349/3810MB,(cached,2MB),CPU,[0%@1344,0%@1344,0%@1344,0%@1344,0%@1344,0%@1344],GR3D_FREQ,0%,cpu@51.375C,soc2@49.312C,soc0@50.312C,gpu@51.031C,tj@51.375C,soc1@50.375C,VDD_IN,5555mW/5567mW,VDD_CPU_GPU_CV,1305mW/1305mW,VDD_SOC,2376mW/2375mW
07-26-2026,21:26:23,RAM,743/7620MB,(lfb,30x4MB),SWAP,349/3810MB,(cached,2MB),CPU,[0%@1344,9%@1344,0%@1344,0%@1344,9%@1344,0%@1344],GR3D_FREQ,0%,cpu@51.468C,soc2@49.375C,soc0@50C,gpu@51.031C,tj@51.468C,soc1@50.343C,VDD_IN,5585mW/5568mW,VDD_CPU_GPU_CV,1305mW/1305mW,VDD_SOC,2376mW/2375mW
07-26-2026,21:26:23,RAM,743/7620MB,(lfb,30x4MB),SWAP,349/3810MB,(cached,2MB),CPU,[0%@1344,0%@1344,0%@1344,0%@1344,0%@1344,0%@1344],GR3D_FREQ,0%,cpu@51.562C,soc2@49.281C,soc0@50.218C,gpu@51.562C,tj@51.562C,soc1@50.218C,VDD_IN,5585mW/5568mW,VDD_CPU_GPU_CV,1305mW/1305mW,VDD_SOC,2376mW/2375mW
07-26-2026,21:26:23,RAM,743/7620MB,(lfb,30x4MB),SWAP,349/3810MB,(cached,2MB),CPU,[0%@1344,0%@1344,0%@1344,0%@1344,0%@1344,0%@1344],GR3D_FREQ,0%,cpu@51.156C,soc2@49.156C,soc0@50.156C,gpu@51C,tj@51.25C,soc1@50.25C,VDD_IN,5594mW/5569mW,VDD_CPU_GPU_CV,1305mW/1305mW,VDD_SOC,2376mW/2376mW
07-26-2026,21:26:23,RAM,743/7620MB,(lfb,30x4MB),SWAP,349/3810MB,(cached,2MB),CPU,[0%@1344,0%@1344,0%@1344,0%@1344,0%@1344,0%@1344],GR3D_FREQ,0%,cpu@51.281C,soc2@49.218C,soc0@50.281C,gpu@50.968C,tj@51.281C,soc1@50.281C,VDD_IN,5585mW/5570mW,VDD_CPU_GPU_CV,1305mW/1305mW,VDD_SOC,2376mW/2376mW
07-26-2026,21:26:23,RAM,743/7620MB,(lfb,30x4MB),SWAP,349/3810MB,(cached,2MB),CPU,[0%@1344,0%@1344,0%@1344,0%@1344,0%@1344,0%@1344],GR3D_FREQ,0%,cpu@51.406C,soc2@49.281C,soc0@50.312C,gpu@51.125C,tj@51.406C,soc1@50.281C,VDD_IN,5546mW/5569mW,VDD_CPU_GPU_CV,1305mW/1305mW,VDD_SOC,2376mW/2376mW
07-26-2026,21:26:23,RAM,743/7620MB,(lfb,30x4MB),SWAP,349/3810MB,(cached,2MB),CPU,[0%@1344,0%@1344,0%@1344,0%@1344,0%@1344,0%@1344],GR3D_FREQ,0%,cpu@51.437C,soc2@49.375C,soc0@50.187C,gpu@51.062C,tj@51.437C,soc1@50.625C,VDD_IN,5546mW/5568mW,VDD_CPU_GPU_CV,1305mW/1305mW,VDD_SOC,2376mW/2376mW
07-26-2026,21:26:23,RAM,743/7620MB,(lfb,30x4MB),SWAP,349/3810MB,(cached,2MB),CPU,[0%@1344,0%@1344,0%@1344,0%@1344,0%@1344,0%@1344],GR3D_FREQ,0%,cpu@51.031C,soc2@49.25C,soc0@50.187C,gpu@50.875C,tj@51.031C,soc1@50.218C,VDD_IN,5546mW/5568mW,VDD_CPU_GPU_CV,1305mW/1305mW,VDD_SOC,2376mW/2376mW
07-26-2026,21:26:23,RAM,743/7620MB,(lfb,30x4MB),SWAP,349/3810MB,(cached,2MB),CPU,[0%@1344,0%@1344,0%@1344,0%@1344,0%@1344,0%@1344],GR3D_FREQ,0%,cpu@51.281C,soc2@49.218C,soc0@50.125C,gpu@51.125C,tj@51.281C,soc1@50.218C,VDD_IN,5585mW/5568mW,VDD_CPU_GPU_CV,1305mW/1305mW,VDD_SOC,2376mW/2376mW
07-26-2026,21:26:24,RAM,743/7620MB,(lfb,30x4MB),SWAP,349/3810MB,(cached,2MB),CPU,[0%@1344,0%@1344,0%@1344,0%@1344,0%@1344,0%@1344],GR3D_FREQ,0%,cpu@51.375C,soc2@49.343C,soc0@50.281C,gpu@50.968C,tj@51.375C,soc1@50.312C,VDD_IN,5546mW/5568mW,VDD_CPU_GPU_CV,1305mW/1305mW,VDD_SOC,2376mW/2376mW
07-26-2026,21:26:24,RAM,743/7620MB,(lfb,30x4MB),SWAP,349/3810MB,(cached,2MB),CPU,[0%@1344,0%@1344,0%@1344,0%@1344,0%@1344,0%@1344],GR3D_FREQ,0%,cpu@51.437C,soc2@49.375C,soc0@50.031C,gpu@50.968C,tj@51.437C,soc1@50.406C,VDD_IN,5594mW/5568mW,VDD_CPU_GPU_CV,1305mW/1305mW,VDD_SOC,2376mW/2376mW
07-26-2026,21:26:24,RAM,743/7620MB,(lfb,30x4MB),SWAP,349/3810MB,(cached,2MB),CPU,[9%@1344,0%@1344,0%@1344,0%@1344,0%@1344,0%@1344],GR3D_FREQ,0%,cpu@51.625C,soc2@49.343C,soc0@50.093C,gpu@51.062C,tj@51.625C,soc1@50.218C,VDD_IN,5585mW/5569mW,VDD_CPU_GPU_CV,1305mW/1305mW,VDD_SOC,2376mW/2376mW
07-26-2026,21:26:24,RAM,743/7620MB,(lfb,30x4MB),SWAP,349/3810MB,(cached,2MB),CPU,[0%@1344,0%@1344,0%@1344,0%@1344,0%@1344,0%@1344],GR3D_FREQ,0%,cpu@51.031C,soc2@49.375C,soc0@50.187C,gpu@51.031C,tj@51.031C,soc1@50.281C,VDD_IN,5585mW/5569mW,VDD_CPU_GPU_CV,1305mW/1305mW,VDD_SOC,2376mW/2376mW
07-26-2026,21:26:24,RAM,743/7620MB,(lfb,30x4MB),SWAP,349/3810MB,(cached,2MB),CPU,[0%@1344,0%@1344,0%@1344,0%@1344,0%@1344,0%@1344],GR3D_FREQ,0%,cpu@51.281C,soc2@49.281C,soc0@50.343C,gpu@51.125C,tj@51.281C,soc1@50.312C,VDD_IN,5546mW/5569mW,VDD_CPU_GPU_CV,1305mW/1305mW,VDD_SOC,2376mW/2376mW
07-26-2026,21:26:24,RAM,743/7620MB,(lfb,30x4MB),SWAP,349/3810MB,(cached,2MB),CPU,[0%@1344,0%@1344,0%@1344,0%@1344,0%@1344,0%@1344],GR3D_FREQ,0%,cpu@51.406C,soc2@49.343C,soc0@50.312C,gpu@51C,tj@51.406C,soc1@50.343C,VDD_IN,5546mW/5568mW,VDD_CPU_GPU_CV,1305mW/1305mW,VDD_SOC,2376mW/2376mW
07-26-2026,21:26:24,RAM,743/7620MB,(lfb,30x4MB),SWAP,349/3810MB,(cached,2MB),CPU,[0%@1344,0%@1344,0%@1344,0%@1344,0%@1344,0%@1344],GR3D_FREQ,0%,cpu@51.562C,soc2@49.375C,soc0@50.125C,gpu@50.968C,tj@51.562C,soc1@50.375C,VDD_IN,5546mW/5568mW,VDD_CPU_GPU_CV,1305mW/1305mW,VDD_SOC,2376mW/2376mW
07-26-2026,21:26:24,RAM,743/7620MB,(lfb,30x4MB),SWAP,349/3810MB,(cached,2MB),CPU,[9%@1344,0%@1344,0%@1344,0%@1344,0%@1344,0%@1344],GR3D_FREQ,0%,cpu@51C,soc2@49.312C,soc0@50.125C,gpu@51.031C,tj@51.031C,soc1@50.187C,VDD_IN,5546mW/5567mW,VDD_CPU_GPU_CV,1305mW/1305mW,VDD_SOC,2376mW/2376mW
07-26-2026,21:26:24,RAM,743/7620MB,(lfb,30x4MB),SWAP,349/3810MB,(cached,2MB),CPU,[0%@1344,9%@1344,0%@1344,0%@1344,9%@1344,0%@1344],GR3D_FREQ,0%,cpu@51.281C,soc2@49.25C,soc0@50.187C,gpu@51.062C,tj@51.281C,soc1@50.25C,VDD_IN,5546mW/5567mW,VDD_CPU_GPU_CV,1305mW/1305mW,VDD_SOC,2373mW/2376mW
07-26-2026,21:26:25,RAM,743/7620MB,(lfb,30x4MB),SWAP,349/3810MB,(cached,2MB),CPU,[0%@1344,0%@1344,0%@1344,0%@1344,0%@1344,9%@1344],GR3D_FREQ,0%,cpu@51.406C,soc2@49.281C,soc0@50.312C,gpu@50.968C,tj@51.406C,soc1@50.312C,VDD_IN,5585mW/5567mW,VDD_CPU_GPU_CV,1305mW/1305mW,VDD_SOC,2373mW/2376mW
07-26-2026,21:26:25,RAM,743/7620MB,(lfb,30x4MB),SWAP,349/3810MB,(cached,2MB),CPU,[0%@1344,0%@1344,0%@1344,0%@1344,0%@1344,0%@1344],GR3D_FREQ,0%,cpu@51.5C,soc2@49.375C,soc0@50.187C,gpu@51.156C,tj@51.5C,soc1@50.375C,VDD_IN,5546mW/5567mW,VDD_CPU_GPU_CV,1305mW/1305mW,VDD_SOC,2376mW/2376mW
07-26-2026,21:26:25,RAM,744/7620MB,(lfb,30x4MB),SWAP,349/3810MB,(cached,2MB),CPU,[0%@1344,0%@1344,0%@1344,8%@1344,9%@1344,0%@1344],GR3D_FREQ,0%,cpu@51.656C,soc2@49.343C,soc0@50.031C,gpu@51C,tj@51.656C,soc1@50.218C,VDD_IN,5585mW/5567mW,VDD_CPU_GPU_CV,1305mW/1305mW,VDD_SOC,2376mW/2376mW
07-26-2026,21:26:25,RAM,744/7620MB,(lfb,30x4MB),SWAP,349/3810MB,(cached,2MB),CPU,[0%@1344,0%@1344,0%@1344,0%@1344,0%@1344,0%@1344],GR3D_FREQ,0%,cpu@51.156C,soc2@49.187C,soc0@50.187C,gpu@51.156C,tj@51.156C,soc1@50.25C,VDD_IN,5585mW/5567mW,VDD_CPU_GPU_CV,1305mW/1305mW,VDD_SOC,2376mW/2376mW
07-26-2026,21:26:25,RAM,744/7620MB,(lfb,30x4MB),SWAP,349/3810MB,(cached,2MB),CPU,[0%@1344,0%@1344,0%@1344,0%@1344,0%@1344,0%@1344],GR3D_FREQ,0%,cpu@51.25C,soc2@49.25C,soc0@50.281C,gpu@51.093C,tj@51.25C,soc1@50.218C,VDD_IN,5585mW/5568mW,VDD_CPU_GPU_CV,1305mW/1305mW,VDD_SOC,2376mW/2376mW
07-26-2026,21:26:25,RAM,744/7620MB,(lfb,30x4MB),SWAP,349/3810MB,(cached,2MB),CPU,[0%@1344,0%@1344,0%@1344,0%@1344,0%@1344,0%@1344],GR3D_FREQ,0%,cpu@51.375C,soc2@49.281C,soc0@50.406C,gpu@50.968C,tj@51.375C,soc1@50.375C,VDD_IN,5585mW/5568mW,VDD_CPU_GPU_CV,1305mW/1305mW,VDD_SOC,2376mW/2376mW
07-26-2026,21:26:25,RAM,744/7620MB,(lfb,30x4MB),SWAP,349/3810MB,(cached,2MB),CPU,[0%@1344,0%@1344,0%@1344,0%@1344,0%@1344,0%@1344],GR3D_FREQ,0%,cpu@51.531C,soc2@49.187C,soc0@50.093C,gpu@51.156C,tj@51.531C,soc1@50.437C,VDD_IN,5585mW/5568mW,VDD_CPU_GPU_CV,1305mW/1305mW,VDD_SOC,2373mW/2376mW
07-26-2026,21:26:25,RAM,744/7620MB,(lfb,30x4MB),SWAP,349/3810MB,(cached,2MB),CPU,[0%@1344,0%@1344,0%@1344,0%@1344,0%@1344,0%@1344],GR3D_FREQ,0%,cpu@51C,soc2@49.187C,soc0@50.156C,gpu@51.125C,tj@51.125C,soc1@50.187C,VDD_IN,5546mW/5568mW,VDD_CPU_GPU_CV,1305mW/1305mW,VDD_SOC,2376mW/2376mW
07-26-2026,21:26:25,RAM,743/7620MB,(lfb,30x4MB),SWAP,349/3810MB,(cached,2MB),CPU,[0%@1344,9%@1344,0%@1344,0%@1344,0%@1344,0%@1344],GR3D_FREQ,0%,cpu@51.125C,soc2@49.187C,soc0@50.218C,gpu@50.968C,tj@51.343C,soc1@50.312C,VDD_IN,5546mW/5568mW,VDD_CPU_GPU_CV,1305mW/1305mW,VDD_SOC,2376mW/2376mW
07-26-2026,21:26:25,RAM,743/7620MB,(lfb,30x4MB),SWAP,349/3810MB,(cached,2MB),CPU,[0%@1344,0%@1344,0%@1344,0%@1344,0%@1344,0%@1344],GR3D_FREQ,0%,cpu@51.406C,soc2@49.343C,soc0@50.281C,gpu@51.187C,tj@51.406C,soc1@50.312C,VDD_IN,5546mW/5567mW,VDD_CPU_GPU_CV,1305mW/1305mW,VDD_SOC,2376mW/2376mW
07-26-2026,21:26:26,RAM,743/7620MB,(lfb,30x4MB),SWAP,349/3810MB,(cached,2MB),CPU,[0%@1344,0%@1344,0%@1344,0%@1344,0%@1344,0%@1344],GR3D_FREQ,0%,cpu@51.562C,soc2@49.406C,soc0@50.031C,gpu@51.062C,tj@51.562C,soc1@50.5C,VDD_IN,5546mW/5567mW,VDD_CPU_GPU_CV,1305mW/1305mW,VDD_SOC,2376mW/2376mW
07-26-2026,21:26:26,RAM,743/7620MB,(lfb,30x4MB),SWAP,349/3810MB,(cached,2MB),CPU,[0%@1344,0%@1344,0%@1344,0%@1344,0%@1344,0%@1344],GR3D_FREQ,0%,cpu@51.187C,soc2@49.218C,soc0@50C,gpu@50.968C,tj@51.156C,soc1@50.218C,VDD_IN,5546mW/5566mW,VDD_CPU_GPU_CV,1305mW/1305mW,VDD_SOC,2376mW/2376mW
07-26-2026,21:26:26,RAM,744/7620MB,(lfb,30x4MB),SWAP,349/3810MB,(cached,2MB),CPU,[0%@1344,9%@1344,8%@1344,0%@1344,0%@1344,10%@1344],GR3D_FREQ,0%,cpu@51.281C,soc2@49.437C,soc0@50.156C,gpu@51.156C,tj@51.281C,soc1@50.187C,VDD_IN,5594mW/5567mW,VDD_CPU_GPU_CV,1305mW/1305mW,VDD_SOC,2376mW/2376mW
07-26-2026,21:26:26,RAM,744/7620MB,(lfb,30x4MB),SWAP,349/3810MB,(cached,2MB),CPU,[0%@1344,0%@1344,0%@1344,0%@1344,0%@1344,0%@1344],GR3D_FREQ,0%,cpu@51.406C,soc2@49.25C,soc0@50.343C,gpu@51C,tj@51.406C,soc1@50.25C,VDD_IN,5585mW/5567mW,VDD_CPU_GPU_CV,1305mW/1305mW,VDD_SOC,2376mW/2376mW
07-26-2026,21:26:26,RAM,744/7620MB,(lfb,30x4MB),SWAP,349/3810MB,(cached,2MB),CPU,[0%@1344,0%@1344,0%@1344,0%@1344,0%@1344,0%@1344],GR3D_FREQ,0%,cpu@51.437C,soc2@49.312C,soc0@50.031C,gpu@51.031C,tj@51.437C,soc1@50.468C,VDD_IN,5585mW/5567mW,VDD_CPU_GPU_CV,1305mW/1305mW,VDD_SOC,2376mW/2376mW
07-26-2026,21:26:26,RAM,744/7620MB,(lfb,30x4MB),SWAP,349/3810MB,(cached,2MB),CPU,[0%@1344,0%@1344,0%@1344,0%@1344,0%@1344,0%@1344],GR3D_FREQ,0%,cpu@51.531C,soc2@49.406C,soc0@50.093C,gpu@51.156C,tj@51.531C,soc1@50.562C,VDD_IN,5585mW/5568mW,VDD_CPU_GPU_CV,1305mW/1305mW,VDD_SOC,2373mW/2376mW
07-26-2026,21:26:26,RAM,744/7620MB,(lfb,30x4MB),SWAP,349/3810MB,(cached,2MB),CPU,[0%@1344,0%@1344,0%@1344,0%@1344,0%@1344,0%@1344],GR3D_FREQ,0%,cpu@51.187C,soc2@49.281C,soc0@50.156C,gpu@51.031C,tj@51.187C,soc1@50.312C,VDD_IN,5585mW/5568mW,VDD_CPU_GPU_CV,1305mW/1305mW,VDD_SOC,2376mW/2376mW
07-26-2026,21:26:26,RAM,744/7620MB,(lfb,30x4MB),SWAP,349/3810MB,(cached,2MB),CPU,[0%@1344,0%@1344,0%@1344,0%@1344,0%@1344,0%@1344],GR3D_FREQ,0%,cpu@51.125C,soc2@49.25C,soc0@50.312C,gpu@51.218C,tj@51.343C,soc1@50.281C,VDD_IN,5546mW/5568mW,VDD_CPU_GPU_CV,1305mW/1305mW,VDD_SOC,2376mW/2376mW
07-26-2026,21:26:26,RAM,744/7620MB,(lfb,30x4MB),SWAP,349/3810MB,(cached,2MB),CPU,[0%@1344,0%@1344,0%@1344,0%@1344,0%@1344,0%@1344],GR3D_FREQ,0%,cpu@51.312C,soc2@49.375C,soc0@50.343C,gpu@51.187C,tj@51.343C,soc1@50.312C,VDD_IN,5555mW/5567mW,VDD_CPU_GPU_CV,1305mW/1305mW,VDD_SOC,2376mW/2376mW
07-26-2026,21:26:27,RAM,744/7620MB,(lfb,30x4MB),SWAP,349/3810MB,(cached,2MB),CPU,[0%@1344,0%@1344,0%@1344,0%@1344,0%@1344,0%@1344],GR3D_FREQ,0%,cpu@51.562C,soc2@49.375C,soc0@50.125C,gpu@51C,tj@51.562C,soc1@50.406C,VDD_IN,5555mW/5567mW,VDD_CPU_GPU_CV,1305mW/1305mW,VDD_SOC,2376mW/2376mW
07-26-2026,21:26:27,RAM,744/7620MB,(lfb,30x4MB),SWAP,349/3810MB,(cached,2MB),CPU,[0%@1344,0%@1344,0%@1344,0%@1344,0%@1344,0%@1344],GR3D_FREQ,0%,cpu@51.187C,soc2@49.25C,soc0@50.062C,gpu@51.25C,tj@51.25C,soc1@50.5C,VDD_IN,5555mW/5567mW,VDD_CPU_GPU_CV,1305mW/1305mW,VDD_SOC,2376mW/2376mW
07-26-2026,21:26:27,RAM,745/7620MB,(lfb,30x4MB),SWAP,349/3810MB,(cached,2MB),CPU,[0%@1344,9%@1344,0%@1344,0%@1344,0%@1344,0%@1344],GR3D_FREQ,0%,cpu@51.156C,soc2@49.312C,soc0@50.187C,gpu@51.062C,tj@51.156C,soc1@50.218C,VDD_IN,5594mW/5568mW,VDD_CPU_GPU_CV,1305mW/1305mW,VDD_SOC,2376mW/2376mW
07-26-2026,21:26:27,RAM,745/7620MB,(lfb,30x4MB),SWAP,349/3810MB,(cached,2MB),CPU,[0%@1344,0%@1344,0%@1344,0%@1344,0%@1344,0%@1344],GR3D_FREQ,0%,cpu@51.343C,soc2@49.406C,soc0@50.218C,gpu@51.375C,tj@51.343C,soc1@50.281C,VDD_IN,5594mW/5568mW,VDD_CPU_GPU_CV,1305mW/1305mW,VDD_SOC,2376mW/2376mW
07-26-2026,21:26:27,RAM,745/7620MB,(lfb,30x4MB),SWAP,349/3810MB,(cached,2MB),CPU,[0%@1344,0%@1344,0%@1344,0%@1344,0%@1344,0%@1344],GR3D_FREQ,0%,cpu@51.468C,soc2@49.343C,soc0@50.093C,gpu@51.187C,tj@51.468C,soc1@50.281C,VDD_IN,5594mW/5568mW,VDD_CPU_GPU_CV,1305mW/1305mW,VDD_SOC,2376mW/2376mW
07-26-2026,21:26:27,RAM,745/7620MB,(lfb,30x4MB),SWAP,349/3810MB,(cached,2MB),CPU,[0%@1344,0%@1344,0%@1344,0%@1344,0%@1344,0%@1344],GR3D_FREQ,0%,cpu@51.625C,soc2@49.375C,soc0@50.125C,gpu@51.093C,tj@51.625C,soc1@50.531C,VDD_IN,5555mW/5568mW,VDD_CPU_GPU_CV,1305mW/1305mW,VDD_SOC,2376mW/2376mW
07-26-2026,21:26:27,RAM,745/7620MB,(lfb,30x4MB),SWAP,349/3810MB,(cached,2MB),CPU,[0%@1344,0%@1344,0%@1344,0%@1344,0%@1344,0%@1344],GR3D_FREQ,0%,cpu@51.218C,soc2@49.156C,soc0@50.125C,gpu@51.25C,tj@51.25C,soc1@50.187C,VDD_IN,5555mW/5568mW,VDD_CPU_GPU_CV,1307mW/1305mW,VDD_SOC,2376mW/2376mW
07-26-2026,21:26:27,RAM,745/7620MB,(lfb,30x4MB),SWAP,349/3810MB,(cached,2MB),CPU,[0%@1344,0%@1344,0%@1344,0%@1344,0%@1344,0%@1344],GR3D_FREQ,0%,cpu@51.281C,soc2@49.218C,soc0@50.25C,gpu@51.187C,tj@51.281C,soc1@50.218C,VDD_IN,5555mW/5568mW,VDD_CPU_GPU_CV,1307mW/1305mW,VDD_SOC,2376mW/2376mW
07-26-2026,21:26:27,RAM,745/7620MB,(lfb,30x4MB),SWAP,349/3810MB,(cached,2MB),CPU,[0%@1344,0%@1344,0%@1344,0%@1344,0%@1344,0%@1344],GR3D_FREQ,0%,cpu@51.343C,soc2@49.25C,soc0@50.187C,gpu@51.031C,tj@51.343C,soc1@50.25C,VDD_IN,5555mW/5568mW,VDD_CPU_GPU_CV,1307mW/1305mW,VDD_SOC,2376mW/2376mW
07-26-2026,21:26:27,RAM,745/7620MB,(lfb,30x4MB),SWAP,349/3810MB,(cached,2MB),CPU,[0%@1344,0%@1344,0%@1344,0%@1344,0%@1344,0%@1344],GR3D_FREQ,0%,cpu@51.468C,soc2@49.312C,soc0@50C,gpu@51.25C,tj@51.468C,soc1@50.437C,VDD_IN,5555mW/5567mW,VDD_CPU_GPU_CV,1307mW/1305mW,VDD_SOC,2376mW/2376mW
07-26-2026,21:26:28,RAM,745/7620MB,(lfb,30x4MB),SWAP,349/3810MB,(cached,2MB),CPU,[0%@1344,0%@1344,0%@1344,0%@1344,0%@1344,0%@1344],GR3D_FREQ,0%,cpu@51.343C,soc2@49.218C,soc0@50.125C,gpu@51.093C,tj@51.343C,soc1@50.593C,VDD_IN,5555mW/5567mW,VDD_CPU_GPU_CV,1307mW/1305mW,VDD_SOC,2376mW/2376mW
07-26-2026,21:26:28,RAM,745/7620MB,(lfb,30x4MB),SWAP,349/3810MB,(cached,2MB),CPU,[0%@1344,0%@1344,0%@1344,0%@1344,0%@1344,0%@1344],GR3D_FREQ,0%,cpu@51.156C,soc2@49.25C,soc0@50.093C,gpu@51.437C,tj@51.437C,soc1@50.25C,VDD_IN,5555mW/5567mW,VDD_CPU_GPU_CV,1307mW/1305mW,VDD_SOC,2376mW/2376mW
07-26-2026,21:26:28,RAM,757/7620MB,(lfb,30x4MB),SWAP,349/3810MB,(cached,2MB),CPU,[0%@1344,0%@1344,0%@1344,8%@1344,0%@1344,10%@1344],GR3D_FREQ,0%,cpu@51.25C,soc2@49.25C,soc0@50.187C,gpu@51.187C,tj@51.25C,soc1@50.312C,VDD_IN,5594mW/5567mW,VDD_CPU_GPU_CV,1346mW/1306mW,VDD_SOC,2376mW/2376mW
07-26-2026,21:26:28,RAM,746/7620MB,(lfb,30x4MB),SWAP,349/3810MB,(cached,2MB),CPU,[0%@1344,0%@1344,9%@1344,0%@1344,0%@1344,45%@1344],GR3D_FREQ,0%,cpu@51.593C,soc2@49.375C,soc0@50.093C,gpu@51.093C,tj@51.593C,soc1@50.343C,VDD_IN,5713mW/5569mW,VDD_CPU_GPU_CV,1386mW/1307mW,VDD_SOC,2376mW/2376mW
07-26-2026,21:26:28,RAM,746/7620MB,(lfb,30x4MB),SWAP,349/3810MB,(cached,2MB),CPU,[0%@1344,0%@1344,0%@1344,0%@1344,0%@1344,0%@1344],GR3D_FREQ,0%,cpu@51.218C,soc2@49.375C,soc0@50.093C,gpu@51.406C,tj@51.406C,soc1@50.562C,VDD_IN,5713mW/5571mW,VDD_CPU_GPU_CV,1386mW/1308mW,VDD_SOC,2376mW/2376mW
07-26-2026,21:26:28,RAM,749/7620MB,(lfb,30x4MB),SWAP,349/3810MB,(cached,2MB),CPU,[8%@1344,0%@1344,0%@1344,0%@1344,0%@1344,0%@1344],GR3D_FREQ,0%,cpu@51.406C,soc2@49.312C,soc0@50.093C,gpu@51.25C,tj@51.406C,soc1@50.187C,VDD_IN,5674mW/5572mW,VDD_CPU_GPU_CV,1346mW/1308mW,VDD_SOC,2376mW/2376mW
07-26-2026,21:26:28,RAM,749/7620MB,(lfb,30x4MB),SWAP,349/3810MB,(cached,2MB),CPU,[9%@1344,0%@1344,0%@1344,0%@1344,0%@1344,0%@1344],GR3D_FREQ,0%,cpu@51.187C,soc2@49.218C,soc0@50.25C,gpu@51.093C,tj@51.187C,soc1@50.156C,VDD_IN,5674mW/5573mW,VDD_CPU_GPU_CV,1346mW/1309mW,VDD_SOC,2376mW/2376mW
07-26-2026,21:26:28,RAM,749/7620MB,(lfb,30x4MB),SWAP,349/3810MB,(cached,2MB),CPU,[0%@1344,0%@1344,0%@1344,0%@1344,0%@1344,0%@1344],GR3D_FREQ,0%,cpu@51.437C,soc2@49.312C,soc0@50.312C,gpu@51.343C,tj@51.437C,soc1@50.343C,VDD_IN,5674mW/5574mW,VDD_CPU_GPU_CV,1346mW/1309mW,VDD_SOC,2376mW/2376mW
07-26-2026,21:26:28,RAM,749/7620MB,(lfb,30x4MB),SWAP,349/3810MB,(cached,2MB),CPU,[0%@1344,0%@1344,0%@1344,0%@1344,0%@1344,0%@1344],GR3D_FREQ,0%,cpu@51.593C,soc2@49.343C,soc0@50.062C,gpu@51.125C,tj@51.593C,soc1@50.375C,VDD_IN,5674mW/5576mW,VDD_CPU_GPU_CV,1307mW/1309mW,VDD_SOC,2376mW/2376mW
07-26-2026,21:26:28,RAM,749/7620MB,(lfb,30x4MB),SWAP,349/3810MB,(cached,2MB),CPU,[0%@1344,0%@1344,0%@1344,0%@1344,0%@1344,0%@1344],GR3D_FREQ,0%,cpu@51.312C,soc2@49.25C,soc0@50.156C,gpu@51.031C,tj@51.312C,soc1@50.187C,VDD_IN,5634mW/5576mW,VDD_CPU_GPU_CV,1307mW/1309mW,VDD_SOC,2376mW/2376mW
07-26-2026,21:26:29,RAM,751/7620MB,(lfb,30x4MB),SWAP,349/3810MB,(cached,2MB),CPU,[8%@1344,0%@1344,0%@1344,0%@1344,0%@1344,0%@1344],GR3D_FREQ,0%,cpu@51.156C,soc2@49.25C,soc0@50.125C,gpu@51.312C,tj@51.312C,soc1@50.281C,VDD_IN,5634mW/5577mW,VDD_CPU_GPU_CV,1307mW/1309mW,VDD_SOC,2376mW/2376mW
07-26-2026,21:26:29,RAM,754/7620MB,(lfb,30x4MB),SWAP,349/3810MB,(cached,2MB),CPU,[0%@1344,0%@1344,0%@1344,0%@1344,9%@1344,0%@1344],GR3D_FREQ,0%,cpu@51.187C,soc2@49.281C,soc0@50.25C,gpu@51.187C,tj@51.468C,soc1@50.312C,VDD_IN,5674mW/5578mW,VDD_CPU_GPU_CV,1307mW/1309mW,VDD_SOC,2380mW/2376mW
07-26-2026,21:26:29,RAM,755/7620MB,(lfb,30x4MB),SWAP,349/3810MB,(cached,2MB),CPU,[9%@1344,0%@1344,0%@1344,0%@1344,0%@1344,0%@1344],GR3D_FREQ,0%,cpu@51.562C,soc2@49.375C,soc0@50.125C,gpu@51.125C,tj@51.562C,soc1@50.375C,VDD_IN,5683mW/5579mW,VDD_CPU_GPU_CV,1307mW/1309mW,VDD_SOC,2380mW/2376mW
07-26-2026,21:26:29,RAM,764/7620MB,(lfb,30x4MB),SWAP,349/3810MB,(cached,2MB),CPU,[0%@1344,0%@1344,0%@1344,8%@1344,0%@1344,0%@1344],GR3D_FREQ,0%,cpu@51.281C,soc2@49.187C,soc0@50.093C,gpu@51.281C,tj@51.281C,soc1@50.593C,VDD_IN,5683mW/5580mW,VDD_CPU_GPU_CV,1309mW/1309mW,VDD_SOC,2380mW/2376mW
07-26-2026,21:26:29,RAM,764/7620MB,(lfb,30x4MB),SWAP,349/3810MB,(cached,2MB),CPU,[0%@1344,0%@1344,0%@1344,0%@1344,0%@1344,0%@1344],GR3D_FREQ,0%,cpu@51.187C,soc2@49.218C,soc0@50.093C,gpu@51.218C,tj@51.218C,soc1@50.25C,VDD_IN,5683mW/5581mW,VDD_CPU_GPU_CV,1309mW/1309mW,VDD_SOC,2380mW/2376mW
07-26-2026,21:26:29,RAM,764/7620MB,(lfb,30x4MB),SWAP,349/3810MB,(cached,2MB),CPU,[0%@1344,0%@1344,0%@1344,0%@1344,0%@1344,0%@1344],GR3D_FREQ,0%,cpu@51.156C,soc2@49.218C,soc0@50.187C,gpu@50.937C,tj@51.406C,soc1@50.437C,VDD_IN,5683mW/5582mW,VDD_CPU_GPU_CV,1309mW/1309mW,VDD_SOC,2380mW/2376mW
07-26-2026,21:26:29,RAM,764/7620MB,(lfb,30x4MB),SWAP,349/3810MB,(cached,2MB),CPU,[0%@1344,0%@1344,0%@1344,0%@1344,0%@1344,0%@1344],GR3D_FREQ,0%,cpu@51.437C,soc2@49.312C,soc0@50.093C,gpu@51.218C,tj@51.437C,soc1@50.5C,VDD_IN,5643mW/5583mW,VDD_CPU_GPU_CV,1309mW/1309mW,VDD_SOC,2380mW/2376mW
07-26-2026,21:26:29,RAM,764/7620MB,(lfb,30x4MB),SWAP,349/3810MB,(cached,2MB),CPU,[0%@1344,0%@1344,0%@1344,0%@1344,0%@1344,0%@1344],GR3D_FREQ,0%,cpu@51.625C,soc2@49.343C,soc0@50.062C,gpu@51.093C,tj@51.625C,soc1@50.5C,VDD_IN,5683mW/5584mW,VDD_CPU_GPU_CV,1309mW/1309mW,VDD_SOC,2380mW/2376mW
07-26-2026,21:26:29,RAM,764/7620MB,(lfb,30x4MB),SWAP,349/3810MB,(cached,2MB),CPU,[9%@1344,0%@1344,0%@1344,0%@1344,0%@1344,0%@1344],GR3D_FREQ,0%,cpu@51.375C,soc2@49.343C,soc0@50.218C,gpu@51.093C,tj@51.093C,soc1@50.25C,VDD_IN,5643mW/5585mW,VDD_CPU_GPU_CV,1309mW/1309mW,VDD_SOC,2380mW/2376mW
07-26-2026,21:26:30,RAM,764/7620MB,(lfb,30x4MB),SWAP,349/3810MB,(cached,2MB),CPU,[0%@1344,0%@1344,0%@1344,0%@1344,0%@1344,0%@1344],GR3D_FREQ,0%,cpu@51.093C,soc2@49.281C,soc0@50.187C,gpu@51.25C,tj@51.25C,soc1@50.343C,VDD_IN,5643mW/5585mW,VDD_CPU_GPU_CV,1309mW/1309mW,VDD_SOC,2380mW/2376mW
07-26-2026,21:26:30,RAM,764/7620MB,(lfb,30x4MB),SWAP,349/3810MB,(cached,2MB),CPU,[0%@1344,0%@1344,0%@1344,0%@1344,0%@1344,0%@1344],GR3D_FREQ,0%,cpu@51.437C,soc2@49.25C,soc0@50.437C,gpu@51.218C,tj@51.437C,soc1@50.343C,VDD_IN,5683mW/5586mW,VDD_CPU_GPU_CV,1309mW/1309mW,VDD_SOC,2380mW/2376mW
07-26-2026,21:26:30,RAM,763/7620MB,(lfb,30x4MB),SWAP,349/3810MB,(cached,2MB),CPU,[0%@1344,0%@1344,0%@1344,0%@1344,0%@1344,0%@1344],GR3D_FREQ,0%,cpu@51.531C,soc2@49.375C,soc0@50.031C,gpu@51.031C,tj@51.531C,soc1@50.468C,VDD_IN,5683mW/5587mW,VDD_CPU_GPU_CV,1309mW/1309mW,VDD_SOC,2380mW/2376mW
07-26-2026,21:26:30,RAM,763/7620MB,(lfb,30x4MB),SWAP,349/3810MB,(cached,2MB),CPU,[10%@1344,9%@1344,0%@1344,0%@1344,0%@1344,0%@1344],GR3D_FREQ,0%,cpu@51.187C,soc2@49.281C,soc0@50.093C,gpu@51.312C,tj@51.312C,soc1@50.187C,VDD_IN,5683mW/5588mW,VDD_CPU_GPU_CV,1309mW/1309mW,VDD_SOC,2380mW/2376mW
07-26-2026,21:26:30,RAM,763/7620MB,(lfb,30x4MB),SWAP,349/3810MB,(cached,2MB),CPU,[9%@1344,0%@1344,0%@1344,0%@1344,0%@1344,0%@1344],GR3D_FREQ,0%,cpu@51.156C,soc2@49.218C,soc0@50.25C,gpu@51.062C,tj@51.156C,soc1@50.218C,VDD_IN,5683mW/5589mW,VDD_CPU_GPU_CV,1309mW/1309mW,VDD_SOC,2380mW/2376mW
07-26-2026,21:26:30,RAM,763/7620MB,(lfb,30x4MB),SWAP,349/3810MB,(cached,2MB),CPU,[0%@1344,0%@1344,0%@1344,0%@1344,0%@1344,0%@1344],GR3D_FREQ,0%,cpu@51.375C,soc2@49.375C,soc0@50.312C,gpu@51.062C,tj@51.375C,soc1@50.25C,VDD_IN,5683mW/5590mW,VDD_CPU_GPU_CV,1309mW/1309mW,VDD_SOC,2380mW/2376mW
07-26-2026,21:26:30,RAM,763/7620MB,(lfb,30x4MB),SWAP,349/3810MB,(cached,2MB),CPU,[9%@1344,0%@1344,0%@1344,0%@1344,0%@1344,0%@1344],GR3D_FREQ,0%,cpu@51.531C,soc2@49.25C,soc0@50.125C,gpu@51.156C,tj@51.531C,soc1@50.468C,VDD_IN,5683mW/5591mW,VDD_CPU_GPU_CV,1309mW/1309mW,VDD_SOC,2380mW/2376mW
07-26-2026,21:26:30,RAM,763/7620MB,(lfb,30x4MB),SWAP,349/3810MB,(cached,2MB),CPU,[0%@1344,0%@1344,0%@1344,0%@1344,0%@1344,0%@1344],GR3D_FREQ,0%,cpu@51.125C,soc2@49.343C,soc0@50.125C,gpu@51.062C,tj@51.125C,soc1@50.593C,VDD_IN,5683mW/5592mW,VDD_CPU_GPU_CV,1309mW/1309mW,VDD_SOC,2380mW/2376mW
07-26-2026,21:26:30,RAM,763/7620MB,(lfb,30x4MB),SWAP,349/3810MB,(cached,2MB),CPU,[0%@1344,0%@1344,0%@1344,0%@1344,0%@1344,0%@1344],GR3D_FREQ,0%,cpu@51.187C,soc2@49.281C,soc0@50.218C,gpu@51C,tj@51.187C,soc1@50.187C,VDD_IN,5683mW/5593mW,VDD_CPU_GPU_CV,1309mW/1309mW,VDD_SOC,2380mW/2376mW
07-26-2026,21:26:30,RAM,763/7620MB,(lfb,30x4MB),SWAP,349/3810MB,(cached,2MB),CPU,[0%@1344,0%@1344,0%@1344,0%@1344,0%@1344,0%@1344],GR3D_FREQ,0%,cpu@51.312C,soc2@49.25C,soc0@50.25C,gpu@51.156C,tj@51.312C,soc1@50.375C,VDD_IN,5683mW/5593mW,VDD_CPU_GPU_CV,1309mW/1309mW,VDD_SOC,2380mW/2376mW
07-26-2026,21:26:31,RAM,763/7620MB,(lfb,30x4MB),SWAP,349/3810MB,(cached,2MB),CPU,[0%@1344,0%@1344,0%@1344,0%@1344,0%@1344,0%@1344],GR3D_FREQ,0%,cpu@51.406C,soc2@49.312C,soc0@50.125C,gpu@51.062C,tj@51.5C,soc1@50.437C,VDD_IN,5643mW/5594mW,VDD_CPU_GPU_CV,1309mW/1309mW,VDD_SOC,2380mW/2376mW
07-26-2026,21:26:31,RAM,763/7620MB,(lfb,30x4MB),SWAP,349/3810MB,(cached,2MB),CPU,[16%@1344,0%@1344,0%@1344,0%@1344,0%@1344,0%@1344],GR3D_FREQ,0%,cpu@51.531C,soc2@49.406C,soc0@50.156C,gpu@50.937C,tj@51.531C,soc1@50.562C,VDD_IN,5643mW/5594mW,VDD_CPU_GPU_CV,1309mW/1309mW,VDD_SOC,2380mW/2376mW
07-26-2026,21:26:31,RAM,763/7620MB,(lfb,30x4MB),SWAP,349/3810MB,(cached,2MB),CPU,[0%@1344,0%@1344,8%@1344,0%@1344,0%@1344,0%@1344],GR3D_FREQ,0%,cpu@51.093C,soc2@49.218C,soc0@50.218C,gpu@51.187C,tj@51.187C,soc1@50.187C,VDD_IN,5683mW/5595mW,VDD_CPU_GPU_CV,1309mW/1309mW,VDD_SOC,2380mW/2376mW
07-26-2026,21:26:31,RAM,763/7620MB,(lfb,30x4MB),SWAP,349/3810MB,(cached,2MB),CPU,[10%@1344,0%@1344,0%@1344,0%@1344,0%@1344,0%@1344],GR3D_FREQ,0%,cpu@51.343C,soc2@49.343C,soc0@50.218C,gpu@51.125C,tj@51.343C,soc1@50.312C,VDD_IN,5683mW/5596mW,VDD_CPU_GPU_CV,1349mW/1309mW,VDD_SOC,2380mW/2377mW
07-26-2026,21:26:31,RAM,763/7620MB,(lfb,30x4MB),SWAP,349/3810MB,(cached,2MB),CPU,[0%@1344,0%@1344,0%@1344,0%@1344,0%@1344,0%@1344],GR3D_FREQ,0%,cpu@51.312C,soc2@49.281C,soc0@50.343C,gpu@51C,tj@51.312C,soc1@50.437C,VDD_IN,5683mW/5597mW,VDD_CPU_GPU_CV,1309mW/1309mW,VDD_SOC,2380mW/2377mW
07-26-2026,21:26:31,RAM,763/7620MB,(lfb,30x4MB),SWAP,349/3810MB,(cached,2MB),CPU,[0%@1344,0%@1344,0%@1344,0%@1344,0%@1344,0%@1344],GR3D_FREQ,0%,cpu@51.468C,soc2@49.406C,soc0@50C,gpu@51.187C,tj@51.468C,soc1@50.562C,VDD_IN,5683mW/5597mW,VDD_CPU_GPU_CV,1309mW/1309mW,VDD_SOC,2380mW/2377mW
07-26-2026,21:26:31,RAM,763/7620MB,(lfb,30x4MB),SWAP,349/3810MB,(cached,2MB),CPU,[0%@1344,0%@1344,0%@1344,0%@1344,8%@1344,0%@1344],GR3D_FREQ,0%,cpu@51.125C,soc2@49.218C,soc0@50.125C,gpu@51.031C,tj@51.125C,soc1@50.281C,VDD_IN,5683mW/5598mW,VDD_CPU_GPU_CV,1309mW/1309mW,VDD_SOC,2380mW/2377mW
07-26-2026,21:26:31,RAM,763/7620MB,(lfb,30x4MB),SWAP,349/3810MB,(cached,2MB),CPU,[0%@1344,0%@1344,0%@1344,0%@1344,0%@1344,0%@1344],GR3D_FREQ,0%,cpu@51.125C,soc2@49.281C,soc0@50.093C,gpu@51C,tj@51.343C,soc1@50.281C,VDD_IN,5683mW/5599mW,VDD_CPU_GPU_CV,1309mW/1309mW,VDD_SOC,2380mW/2377mW
07-26-2026,21:26:31,RAM,763/7620MB,(lfb,30x4MB),SWAP,349/3810MB,(cached,2MB),CPU,[0%@1344,0%@1344,0%@1344,0%@1344,0%@1344,0%@1344],GR3D_FREQ,0%,cpu@51.437C,soc2@49.375C,soc0@50.25C,gpu@51.125C,tj@51.437C,soc1@50.25C,VDD_IN,5683mW/5600mW,VDD_CPU_GPU_CV,1309mW/1309mW,VDD_SOC,2380mW/2377mW
07-26-2026,21:26:32,RAM,763/7620MB,(lfb,30x4MB),SWAP,349/3810MB,(cached,2MB),CPU,[0%@1344,0%@1344,0%@1344,0%@1344,0%@1344,0%@1344],GR3D_FREQ,0%,cpu@51.437C,soc2@49.312C,soc0@50.031C,gpu@51.062C,tj@51.437C,soc1@50.468C,VDD_IN,5683mW/5600mW,VDD_CPU_GPU_CV,1309mW/1309mW,VDD_SOC,2380mW/2377mW
07-26-2026,21:26:32,RAM,763/7620MB,(lfb,30x4MB),SWAP,349/3810MB,(cached,2MB),CPU,[8%@1344,0%@1344,0%@1344,0%@1344,0%@1344,0%@1344],GR3D_FREQ,0%,cpu@51.5C,soc2@49.156C,soc0@50.062C,gpu@51C,tj@51.5C,soc1@50.218C,VDD_IN,5683mW/5601mW,VDD_CPU_GPU_CV,1309mW/1309mW,VDD_SOC,2380mW/2377mW
07-26-2026,21:26:32,RAM,763/7620MB,(lfb,30x4MB),SWAP,349/3810MB,(cached,2MB),CPU,[0%@1344,0%@1344,0%@1344,0%@1344,0%@1344,0%@1344],GR3D_FREQ,0%,cpu@51.093C,soc2@49.25C,soc0@50.156C,gpu@51.093C,tj@51.25C,soc1@50.312C,VDD_IN,5643mW/5601mW,VDD_CPU_GPU_CV,1309mW/1309mW,VDD_SOC,2380mW/2377mW
07-26-2026,21:26:32,RAM,763/7620MB,(lfb,30x4MB),SWAP,349/3810MB,(cached,2MB),CPU,[18%@1344,9%@1344,0%@1344,0%@1344,0%@1344,0%@1344],GR3D_FREQ,0%,cpu@51.281C,soc2@49.25C,soc0@50.343C,gpu@51.062C,tj@51.281C,soc1@50.375C,VDD_IN,5683mW/5602mW,VDD_CPU_GPU_CV,1309mW/1309mW,VDD_SOC,2380mW/2377mW
07-26-2026,21:26:32,RAM,763/7620MB,(lfb,30x4MB),SWAP,349/3810MB,(cached,2MB),CPU,[8%@1344,0%@1344,0%@1344,0%@1344,0%@1344,0%@1344],GR3D_FREQ,0%,cpu@51.343C,soc2@49.281C,soc0@50.062C,gpu@50.937C,tj@51.343C,soc1@50.406C,VDD_IN,5683mW/5603mW,VDD_CPU_GPU_CV,1309mW/1309mW,VDD_SOC,2380mW/2377mW
07-26-2026,21:26:32,RAM,763/7620MB,(lfb,30x4MB),SWAP,349/3810MB,(cached,2MB),CPU,[0%@1344,0%@1344,0%@1344,0%@1344,0%@1344,0%@1344],GR3D_FREQ,0%,cpu@51.468C,soc2@49.343C,soc0@50.093C,gpu@51.062C,tj@51.468C,soc1@50.312C,VDD_IN,5683mW/5603mW,VDD_CPU_GPU_CV,1309mW/1309mW,VDD_SOC,2380mW/2377mW
07-26-2026,21:26:32,RAM,763/7620MB,(lfb,30x4MB),SWAP,349/3810MB,(cached,2MB),CPU,[9%@1344,0%@1344,0%@1344,0%@1344,0%@1344,0%@1344],GR3D_FREQ,0%,cpu@51.031C,soc2@49.312C,soc0@50.187C,gpu@51.093C,tj@51.281C,soc1@50.25C,VDD_IN,5683mW/5604mW,VDD_CPU_GPU_CV,1309mW/1309mW,VDD_SOC,2380mW/2377mW
07-26-2026,21:26:32,RAM,763/7620MB,(lfb,30x4MB),SWAP,349/3810MB,(cached,2MB),CPU,[0%@1344,0%@1344,0%@1344,9%@1344,0%@1344,0%@1344],GR3D_FREQ,0%,cpu@51.312C,soc2@49.375C,soc0@50.218C,gpu@50.906C,tj@51.312C,soc1@50.312C,VDD_IN,5683mW/5605mW,VDD_CPU_GPU_CV,1309mW/1309mW,VDD_SOC,2380mW/2377mW
07-26-2026,21:26:32,RAM,763/7620MB,(lfb,30x4MB),SWAP,349/3810MB,(cached,2MB),CPU,[0%@1344,0%@1344,0%@1344,0%@1344,0%@1344,0%@1344],GR3D_FREQ,0%,cpu@51.343C,soc2@49.343C,soc0@50.343C,gpu@51.093C,tj@51.343C,soc1@50.406C,VDD_IN,5683mW/5605mW,VDD_CPU_GPU_CV,1309mW/1309mW,VDD_SOC,2380mW/2377mW
07-26-2026,21:26:32,RAM,763/7620MB,(lfb,30x4MB),SWAP,349/3810MB,(cached,2MB),CPU,[0%@1344,0%@1344,0%@1344,0%@1344,0%@1344,0%@1344],GR3D_FREQ,0%,cpu@51.562C,soc2@49.437C,soc0@50.093C,gpu@51.031C,tj@51.562C,soc1@50.562C,VDD_IN,5643mW/5606mW,VDD_CPU_GPU_CV,1309mW/1309mW,VDD_SOC,2380mW/2377mW
07-26-2026,21:26:33,RAM,763/7620MB,(lfb,30x4MB),SWAP,349/3810MB,(cached,2MB),CPU,[0%@1344,0%@1344,0%@1344,0%@1344,0%@1344,0%@1344],GR3D_FREQ,0%,cpu@51.031C,soc2@49.281C,soc0@50.125C,gpu@50.937C,tj@51.031C,soc1@50.218C,VDD_IN,5643mW/5606mW,VDD_CPU_GPU_CV,1309mW/1309mW,VDD_SOC,2380mW/2377mW
07-26-2026,21:26:33,RAM,763/7620MB,(lfb,30x4MB),SWAP,349/3810MB,(cached,2MB),CPU,[0%@1344,0%@1344,0%@1344,0%@1344,0%@1344,0%@1344],GR3D_FREQ,0%,cpu@51.25C,soc2@49.281C,soc0@50.156C,gpu@51.062C,tj@51.25C,soc1@50.343C,VDD_IN,5643mW/5606mW,VDD_CPU_GPU_CV,1309mW/1309mW,VDD_SOC,2380mW/2377mW
07-26-2026,21:26:33,RAM,763/7620MB,(lfb,30x4MB),SWAP,349/3810MB,(cached,2MB),CPU,[0%@1344,0%@1344,0%@1344,0%@1344,0%@1344,0%@1344],GR3D_FREQ,0%,cpu@51.437C,soc2@49.312C,soc0@50.25C,gpu@51.062C,tj@51.437C,soc1@50.312C,VDD_IN,5643mW/5606mW,VDD_CPU_GPU_CV,1309mW/1309mW,VDD_SOC,2380mW/2377mW
07-26-2026,21:26:33,RAM,764/7620MB,(lfb,30x4MB),SWAP,349/3810MB,(cached,2MB),CPU,[9%@1344,9%@1344,0%@1344,0%@1344,0%@1344,0%@1344],GR3D_FREQ,0%,cpu@51.5C,soc2@49.437C,soc0@50.062C,gpu@50.843C,tj@51.5C,soc1@50.531C,VDD_IN,5683mW/5607mW,VDD_CPU_GPU_CV,1309mW/1309mW,VDD_SOC,2380mW/2377mW
07-26-2026,21:26:33,RAM,764/7620MB,(lfb,30x4MB),SWAP,349/3810MB,(cached,2MB),CPU,[0%@1344,0%@1344,0%@1344,0%@1344,0%@1344,0%@1344],GR3D_FREQ,0%,cpu@51.656C,soc2@49.312C,soc0@50.093C,gpu@51.031C,tj@51.656C,soc1@50.218C,VDD_IN,5683mW/5608mW,VDD_CPU_GPU_CV,1309mW/1309mW,VDD_SOC,2380mW/2377mW
07-26-2026,21:26:33,RAM,764/7620MB,(lfb,30x4MB),SWAP,349/3810MB,(cached,2MB),CPU,[9%@1344,0%@1344,0%@1344,0%@1344,0%@1344,0%@1344],GR3D_FREQ,0%,cpu@51.25C,soc2@49.281C,soc0@50.156C,gpu@51C,tj@51.25C,soc1@50.281C,VDD_IN,5683mW/5608mW,VDD_CPU_GPU_CV,1309mW/1309mW,VDD_SOC,2380mW/2377mW
07-26-2026,21:26:33,RAM,764/7620MB,(lfb,30x4MB),SWAP,349/3810MB,(cached,2MB),CPU,[0%@1344,0%@1344,9%@1344,0%@1344,9%@1344,0%@1344],GR3D_FREQ,0%,cpu@51.375C,soc2@49.312C,soc0@50.25C,gpu@50.875C,tj@51.375C,soc1@50.375C,VDD_IN,5683mW/5609mW,VDD_CPU_GPU_CV,1309mW/1309mW,VDD_SOC,2380mW/2377mW
07-26-2026,21:26:33,RAM,764/7620MB,(lfb,30x4MB),SWAP,349/3810MB,(cached,2MB),CPU,[9%@1344,0%@1344,0%@1344,0%@1344,0%@1344,0%@1344],GR3D_FREQ,0%,cpu@51.437C,soc2@49.312C,soc0@50.125C,gpu@51.062C,tj@51.437C,soc1@50.437C,VDD_IN,5683mW/5609mW,VDD_CPU_GPU_CV,1309mW/1309mW,VDD_SOC,2380mW/2377mW
07-26-2026,21:26:33,RAM,764/7620MB,(lfb,30x4MB),SWAP,349/3810MB,(cached,2MB),CPU,[0%@1344,0%@1344,0%@1344,0%@1344,0%@1344,0%@1344],GR3D_FREQ,0%,cpu@51.468C,soc2@49.25C,soc0@50.093C,gpu@50.968C,tj@51.468C,soc1@50.468C,VDD_IN,5683mW/5610mW,VDD_CPU_GPU_CV,1309mW/1309mW,VDD_SOC,2380mW/2377mW
07-26-2026,21:26:34,RAM,764/7620MB,(lfb,30x4MB),SWAP,349/3810MB,(cached,2MB),CPU,[0%@1344,0%@1344,0%@1344,0%@1344,0%@1344,0%@1344],GR3D_FREQ,0%,cpu@51.125C,soc2@49.281C,soc0@50.093C,gpu@51.5C,tj@51.5C,soc1@50.187C,VDD_IN,5683mW/5610mW,VDD_CPU_GPU_CV,1309mW/1309mW,VDD_SOC,2380mW/2377mW
07-26-2026,21:26:34,RAM,764/7620MB,(lfb,30x4MB),SWAP,349/3810MB,(cached,2MB),CPU,[16%@1344,0%@1344,0%@1344,0%@1344,0%@1344,0%@1344],GR3D_FREQ,0%,cpu@51.343C,soc2@49.375C,soc0@50.25C,gpu@51.062C,tj@51.343C,soc1@50.187C,VDD_IN,5643mW/5611mW,VDD_CPU_GPU_CV,1309mW/1309mW,VDD_SOC,2380mW/2377mW
07-26-2026,21:26:34,RAM,764/7620MB,(lfb,30x4MB),SWAP,349/3810MB,(cached,2MB),CPU,[0%@1344,0%@1344,0%@1344,0%@1344,0%@1344,0%@1344],GR3D_FREQ,0%,cpu@51.343C,soc2@49.312C,soc0@50.125C,gpu@50.937C,tj@51.343C,soc1@50.468C,VDD_IN,5643mW/5611mW,VDD_CPU_GPU_CV,1309mW/1309mW,VDD_SOC,2380mW/2377mW
07-26-2026,21:26:34,RAM,764/7620MB,(lfb,30x4MB),SWAP,349/3810MB,(cached,2MB),CPU,[9%@1344,9%@1344,0%@1344,0%@1344,0%@1344,0%@1344],GR3D_FREQ,0%,cpu@51.406C,soc2@49.218C,soc0@50.031C,gpu@51.406C,tj@51.406C,soc1@50.343C,VDD_IN,5683mW/5611mW,VDD_CPU_GPU_CV,1309mW/1309mW,VDD_SOC,2380mW/2377mW
07-26-2026,21:26:34,RAM,765/7620MB,(lfb,30x4MB),SWAP,349/3810MB,(cached,2MB),CPU,[0%@1344,0%@1344,0%@1344,0%@1344,0%@1344,0%@1344],GR3D_FREQ,0%,cpu@51.187C,soc2@49.312C,soc0@50.25C,gpu@51.25C,tj@51.25C,soc1@50.25C,VDD_IN,5683mW/5612mW,VDD_CPU_GPU_CV,1309mW/1309mW,VDD_SOC,2380mW/2377mW
07-26-2026,21:26:34,RAM,765/7620MB,(lfb,30x4MB),SWAP,349/3810MB,(cached,2MB),CPU,[0%@1344,0%@1344,0%@1344,0%@1344,0%@1344,0%@1344],GR3D_FREQ,0%,cpu@51.312C,soc2@49.375C,soc0@50.281C,gpu@51.156C,tj@51.312C,soc1@50.281C,VDD_IN,5683mW/5612mW,VDD_CPU_GPU_CV,1309mW/1309mW,VDD_SOC,2380mW/2377mW
07-26-2026,21:26:34,RAM,765/7620MB,(lfb,30x4MB),SWAP,349/3810MB,(cached,2MB),CPU,[0%@1344,0%@1344,0%@1344,0%@1344,0%@1344,0%@1344],GR3D_FREQ,0%,cpu@51.375C,soc2@49.406C,soc0@50.062C,gpu@51.437C,tj@51.437C,soc1@50.5C,VDD_IN,5683mW/5613mW,VDD_CPU_GPU_CV,1309mW/1309mW,VDD_SOC,2380mW/2377mW
07-26-2026,21:26:34,RAM,764/7620MB,(lfb,30x4MB),SWAP,349/3810MB,(cached,2MB),CPU,[9%@1344,0%@1344,0%@1344,9%@1344,0%@1344,0%@1344],GR3D_FREQ,0%,cpu@51.468C,soc2@49.312C,soc0@50.093C,gpu@51.25C,tj@51.468C,soc1@50.187C,VDD_IN,5683mW/5613mW,VDD_CPU_GPU_CV,1309mW/1309mW,VDD_SOC,2380mW/2377mW
07-26-2026,21:26:34,RAM,764/7620MB,(lfb,30x4MB),SWAP,349/3810MB,(cached,2MB),CPU,[0%@1344,0%@1344,0%@1344,0%@1344,0%@1344,0%@1344],GR3D_FREQ,0%,cpu@51.25C,soc2@49.312C,soc0@50.187C,gpu@51.218C,tj@51.25C,soc1@50.281C,VDD_IN,5683mW/5614mW,VDD_CPU_GPU_CV,1309mW/1309mW,VDD_SOC,2380mW/2377mW
07-26-2026,21:26:34,RAM,764/7620MB,(lfb,30x4MB),SWAP,349/3810MB,(cached,2MB),CPU,[0%@1344,0%@1344,0%@1344,0%@1344,0%@1344,0%@1344],GR3D_FREQ,0%,cpu@51.218C,soc2@49.406C,soc0@50.25C,gpu@51.375C,tj@51.375C,soc1@50.406C,VDD_IN,5683mW/5614mW,VDD_CPU_GPU_CV,1309mW/1309mW,VDD_SOC,2380mW/2377mW
07-26-2026,21:26:35,RAM,764/7620MB,(lfb,30x4MB),SWAP,349/3810MB,(cached,2MB),CPU,[0%@1344,0%@1344,0%@1344,0%@1344,0%@1344,0%@1344],GR3D_FREQ,0%,cpu@51.343C,soc2@49.343C,soc0@50.062C,gpu@51.281C,tj@51.343C,soc1@50.5C,VDD_IN,5683mW/5615mW,VDD_CPU_GPU_CV,1309mW/1309mW,VDD_SOC,2380mW/2377mW
07-26-2026,21:26:35,RAM,764/7620MB,(lfb,30x4MB),SWAP,349/3810MB,(cached,2MB),CPU,[9%@1344,0%@1344,0%@1344,0%@1344,0%@1344,0%@1344],GR3D_FREQ,0%,cpu@51.375C,soc2@49.312C,soc0@50.093C,gpu@51.156C,tj@51.375C,soc1@50.687C,VDD_IN,5683mW/5615mW,VDD_CPU_GPU_CV,1309mW/1309mW,VDD_SOC,2380mW/2377mW
07-26-2026,21:26:35,RAM,764/7620MB,(lfb,30x4MB),SWAP,349/3810MB,(cached,2MB),CPU,[0%@1344,0%@1344,0%@1344,0%@1344,0%@1344,0%@1344],GR3D_FREQ,0%,cpu@51.187C,soc2@49.218C,soc0@50.156C,gpu@51.437C,tj@51.437C,soc1@50.25C,VDD_IN,5723mW/5616mW,VDD_CPU_GPU_CV,1309mW/1309mW,VDD_SOC,2380mW/2377mW
07-26-2026,21:26:35,RAM,765/7620MB,(lfb,30x4MB),SWAP,349/3810MB,(cached,2MB),CPU,[0%@1344,0%@1344,0%@1344,0%@1344,0%@1344,0%@1344],GR3D_FREQ,0%,cpu@51.312C,soc2@49.312C,soc0@50.312C,gpu@51.25C,tj@51.312C,soc1@50.281C,VDD_IN,5762mW/5617mW,VDD_CPU_GPU_CV,1309mW/1309mW,VDD_SOC,2380mW/2377mW
07-26-2026,21:26:35,RAM,765/7620MB,(lfb,30x4MB),SWAP,349/3810MB,(cached,2MB),CPU,[0%@1344,0%@1344,0%@1344,0%@1344,0%@1344,0%@1344],GR3D_FREQ,0%,cpu@51.343C,soc2@49.375C,soc0@50.093C,gpu@51.125C,tj@51.343C,soc1@50.406C,VDD_IN,5723mW/5618mW,VDD_CPU_GPU_CV,1309mW/1309mW,VDD_SOC,2380mW/2377mW
07-26-2026,21:26:35,RAM,765/7620MB,(lfb,30x4MB),SWAP,349/3810MB,(cached,2MB),CPU,[0%@1344,0%@1344,0%@1344,0%@1344,0%@1344,0%@1344],GR3D_FREQ,0%,cpu@51.375C,soc2@49.437C,soc0@50.062C,gpu@51.406C,tj@51.406C,soc1@50.5C,VDD_IN,5723mW/5618mW,VDD_CPU_GPU_CV,1309mW/1309mW,VDD_SOC,2380mW/2377mW
07-26-2026,21:26:35,RAM,765/7620MB,(lfb,30x4MB),SWAP,349/3810MB,(cached,2MB),CPU,[0%@1344,0%@1344,0%@1344,9%@1344,0%@1344,0%@1344],GR3D_FREQ,0%,cpu@51.437C,soc2@49.312C,soc0@50.093C,gpu@51.218C,tj@51.437C,soc1@50.187C,VDD_IN,5723mW/5619mW,VDD_CPU_GPU_CV,1309mW/1309mW,VDD_SOC,2380mW/2377mW
07-26-2026,21:26:35,RAM,765/7620MB,(lfb,30x4MB),SWAP,349/3810MB,(cached,2MB),CPU,[8%@1344,0%@1344,0%@1344,0%@1344,0%@1344,0%@1344],GR3D_FREQ,0%,cpu@51.25C,soc2@49.343C,soc0@50.281C,gpu@51.093C,tj@51.25C,soc1@50.343C,VDD_IN,5683mW/5619mW,VDD_CPU_GPU_CV,1309mW/1309mW,VDD_SOC,2380mW/2377mW
07-26-2026,21:26:35,RAM,765/7620MB,(lfb,30x4MB),SWAP,349/3810MB,(cached,2MB),CPU,[16%@1344,0%@1344,0%@1344,0%@1344,0%@1344,0%@1344],GR3D_FREQ,0%,cpu@51.312C,soc2@49.343C,soc0@50.406C,gpu@51.218C,tj@51.312C,soc1@50.406C,VDD_IN,5683mW/5620mW,VDD_CPU_GPU_CV,1309mW/1309mW,VDD_SOC,2380mW/2377mW
07-26-2026,21:26:36,RAM,765/7620MB,(lfb,30x4MB),SWAP,349/3810MB,(cached,2MB),CPU,[9%@1344,0%@1344,0%@1344,0%@1344,0%@1344,0%@1344],GR3D_FREQ,0%,cpu@51.343C,soc2@49.343C,soc0@50C,gpu@51.187C,tj@51.343C,soc1@50.593C,VDD_IN,5683mW/5620mW,VDD_CPU_GPU_CV,1309mW/1309mW,VDD_SOC,2380mW/2377mW
07-26-2026,21:26:36,RAM,765/7620MB,(lfb,30x4MB),SWAP,349/3810MB,(cached,2MB),CPU,[9%@1344,0%@1344,0%@1344,0%@1344,0%@1344,0%@1344],GR3D_FREQ,0%,cpu@51.437C,soc2@49.281C,soc0@50.187C,gpu@51.093C,tj@51.437C,soc1@50.25C,VDD_IN,5683mW/5621mW,VDD_CPU_GPU_CV,1309mW/1309mW,VDD_SOC,2380mW/2378mW
07-26-2026,21:26:36,RAM,765/7620MB,(lfb,30x4MB),SWAP,349/3810MB,(cached,2MB),CPU,[0%@1344,0%@1344,0%@1344,0%@1344,0%@1344,0%@1344],GR3D_FREQ,0%,cpu@51.218C,soc2@49.218C,soc0@50.25C,gpu@51.343C,tj@51.343C,soc1@50.281C,VDD_IN,5683mW/5621mW,VDD_CPU_GPU_CV,1309mW/1309mW,VDD_SOC,2380mW/2378mW
07-26-2026,21:26:36,RAM,765/7620MB,(lfb,30x4MB),SWAP,349/3810MB,(cached,2MB),CPU,[9%@1344,0%@1344,0%@1344,0%@1344,0%@1344,0%@1344],GR3D_FREQ,0%,cpu@51.593C,soc2@49.312C,soc0@50.406C,gpu@51C,tj@51.593C,soc1@50.406C,VDD_IN,5683mW/5621mW,VDD_CPU_GPU_CV,1309mW/1309mW,VDD_SOC,2380mW/2378mW
07-26-2026,21:26:36,RAM,765/7620MB,(lfb,30x4MB),SWAP,349/3810MB,(cached,2MB),CPU,[0%@1344,9%@1344,0%@1344,0%@1344,0%@1344,0%@1344],GR3D_FREQ,0%,cpu@51.281C,soc2@49.437C,soc0@50.156C,gpu@51.093C,tj@51.406C,soc1@50.218C,VDD_IN,5683mW/5622mW,VDD_CPU_GPU_CV,1309mW/1309mW,VDD_SOC,2380mW/2378mW
07-26-2026,21:26:36,RAM,765/7620MB,(lfb,30x4MB),SWAP,349/3810MB,(cached,2MB),CPU,[0%@1344,0%@1344,0%@1344,0%@1344,0%@1344,0%@1344],GR3D_FREQ,0%,cpu@51.437C,soc2@49.218C,soc0@50.25C,gpu@51C,tj@51.093C,soc1@50.281C,VDD_IN,5683mW/5622mW,VDD_CPU_GPU_CV,1309mW/1309mW,VDD_SOC,2380mW/2378mW
07-26-2026,21:26:36,RAM,765/7620MB,(lfb,30x4MB),SWAP,349/3810MB,(cached,2MB),CPU,[0%@1344,0%@1344,0%@1344,0%@1344,0%@1344,0%@1344],GR3D_FREQ,0%,cpu@51.156C,soc2@49.281C,soc0@50.25C,gpu@50.906C,tj@51.156C,soc1@50.375C,VDD_IN,5683mW/5622mW,VDD_CPU_GPU_CV,1309mW/1309mW,VDD_SOC,2380mW/2378mW
07-26-2026,21:26:36,RAM,765/7620MB,(lfb,30x4MB),SWAP,349/3810MB,(cached,2MB),CPU,[0%@1344,0%@1344,0%@1344,0%@1344,9%@1344,0%@1344],GR3D_FREQ,0%,cpu@51.531C,soc2@49.343C,soc0@50.281C,gpu@50.968C,tj@51.531C,soc1@50.406C,VDD_IN,5683mW/5623mW,VDD_CPU_GPU_CV,1309mW/1309mW,VDD_SOC,2380mW/2378mW
07-26-2026,21:26:36,RAM,765/7620MB,(lfb,30x4MB),SWAP,349/3810MB,(cached,2MB),CPU,[0%@1344,0%@1344,0%@1344,0%@1344,0%@1344,0%@1344],GR3D_FREQ,0%,cpu@51.187C,soc2@49.343C,soc0@50.062C,gpu@50.937C,tj@51.187C,soc1@50.437C,VDD_IN,5683mW/5623mW,VDD_CPU_GPU_CV,1309mW/1309mW,VDD_SOC,2380mW/2378mW
07-26-2026,21:26:36,RAM,765/7620MB,(lfb,30x4MB),SWAP,349/3810MB,(cached,2MB),CPU,[0%@1344,0%@1344,0%@1344,0%@1344,0%@1344,0%@1344],GR3D_FREQ,0%,cpu@51.375C,soc2@49.25C,soc0@50.093C,gpu@51.562C,tj@51.562C,soc1@50.187C,VDD_IN,5683mW/5624mW,VDD_CPU_GPU_CV,1309mW/1309mW,VDD_SOC,2380mW/2378mW
07-26-2026,21:26:37,RAM,765/7620MB,(lfb,30x4MB),SWAP,349/3810MB,(cached,2MB),CPU,[0%@1344,0%@1344,0%@1344,0%@1344,0%@1344,0%@1344],GR3D_FREQ,0%,cpu@51.156C,soc2@49.218C,soc0@50.187C,gpu@51.031C,tj@51.156C,soc1@50.281C,VDD_IN,5643mW/5624mW,VDD_CPU_GPU_CV,1309mW/1309mW,VDD_SOC,2380mW/2378mW
07-26-2026,21:26:37,RAM,765/7620MB,(lfb,30x4MB),SWAP,349/3810MB,(cached,2MB),CPU,[0%@1344,0%@1344,0%@1344,0%@1344,0%@1344,0%@1344],GR3D_FREQ,0%,cpu@51.187C,soc2@49.25C,soc0@50.343C,gpu@51.031C,tj@51.468C,soc1@50.312C,VDD_IN,5643mW/5624mW,VDD_CPU_GPU_CV,1309mW/1309mW,VDD_SOC,2380mW/2378mW
07-26-2026,21:26:37,RAM,765/7620MB,(lfb,30x4MB),SWAP,349/3810MB,(cached,2MB),CPU,[9%@1344,0%@1344,0%@1344,0%@1344,0%@1344,0%@1344],GR3D_FREQ,0%,cpu@51.593C,soc2@49.406C,soc0@50.125C,gpu@51.468C,tj@51.593C,soc1@50.5C,VDD_IN,5643mW/5624mW,VDD_CPU_GPU_CV,1309mW/1309mW,VDD_SOC,2380mW/2378mW
07-26-2026,21:26:37,RAM,766/7620MB,(lfb,30x4MB),SWAP,349/3810MB,(cached,2MB),CPU,[0%@1344,9%@1344,0%@1344,0%@1344,0%@1344,0%@1344],GR3D_FREQ,0%,cpu@51.343C,soc2@49.281C,soc0@50.062C,gpu@51C,tj@51.343C,soc1@50.187C,VDD_IN,5683mW/5624mW,VDD_CPU_GPU_CV,1309mW/1309mW,VDD_SOC,2380mW/2378mW
07-26-2026,21:26:37,RAM,766/7620MB,(lfb,30x4MB),SWAP,349/3810MB,(cached,2MB),CPU,[9%@1344,0%@1344,0%@1344,0%@1344,0%@1344,0%@1344],GR3D_FREQ,0%,cpu@51.093C,soc2@49.281C,soc0@50.156C,gpu@50.937C,tj@51.093C,soc1@50.406C,VDD_IN,5683mW/5625mW,VDD_CPU_GPU_CV,1309mW/1309mW,VDD_SOC,2380mW/2378mW
07-26-2026,21:26:37,RAM,766/7620MB,(lfb,30x4MB),SWAP,349/3810MB,(cached,2MB),CPU,[0%@1344,0%@1344,0%@1344,0%@1344,0%@1344,0%@1344],GR3D_FREQ,0%,cpu@51.156C,soc2@49.343C,soc0@50.218C,gpu@51.468C,tj@51.468C,soc1@50.25C,VDD_IN,5683mW/5625mW,VDD_CPU_GPU_CV,1309mW/1309mW,VDD_SOC,2380mW/2378mW
07-26-2026,21:26:37,RAM,766/7620MB,(lfb,30x4MB),SWAP,349/3810MB,(cached,2MB),CPU,[8%@1344,0%@1344,0%@1344,0%@1344,0%@1344,0%@1344],GR3D_FREQ,0%,cpu@51.562C,soc2@49.375C,soc0@50.125C,gpu@51.031C,tj@51.562C,soc1@50.406C,VDD_IN,5643mW/5625mW,VDD_CPU_GPU_CV,1309mW/1309mW,VDD_SOC,2380mW/2378mW
07-26-2026,21:26:37,RAM,766/7620MB,(lfb,30x4MB),SWAP,349/3810MB,(cached,2MB),CPU,[9%@1344,0%@1344,0%@1344,0%@1344,0%@1344,0%@1344],GR3D_FREQ,0%,cpu@51.218C,soc2@49.25C,soc0@50.062C,gpu@50.968C,tj@51.218C,soc1@50.625C,VDD_IN,5683mW/5625mW,VDD_CPU_GPU_CV,1309mW/1309mW,VDD_SOC,2380mW/2378mW
07-26-2026,21:26:37,RAM,766/7620MB,(lfb,30x4MB),SWAP,349/3810MB,(cached,2MB),CPU,[0%@1344,0%@1344,0%@1344,0%@1344,0%@1344,0%@1344],GR3D_FREQ,0%,cpu@51.062C,soc2@49.281C,soc0@50.125C,gpu@51.437C,tj@51.437C,soc1@50.218C,VDD_IN,5683mW/5626mW,VDD_CPU_GPU_CV,1309mW/1309mW,VDD_SOC,2380mW/2378mW
07-26-2026,21:26:38,RAM,766/7620MB,(lfb,30x4MB),SWAP,349/3810MB,(cached,2MB),CPU,[0%@1344,0%@1344,0%@1344,0%@1344,0%@1344,0%@1344],GR3D_FREQ,0%,cpu@51.125C,soc2@49.218C,soc0@50.25C,gpu@50.937C,tj@51.125C,soc1@50.25C,VDD_IN,5643mW/5626mW,VDD_CPU_GPU_CV,1309mW/1309mW,VDD_SOC,2380mW/2378mW
07-26-2026,21:26:38,RAM,766/7620MB,(lfb,30x4MB),SWAP,349/3810MB,(cached,2MB),CPU,[0%@1344,0%@1344,0%@1344,0%@1344,0%@1344,0%@1344],GR3D_FREQ,0%,cpu@51.593C,soc2@49.343C,soc0@50C,gpu@50.937C,tj@51.593C,soc1@50.375C,VDD_IN,5643mW/5626mW,VDD_CPU_GPU_CV,1309mW/1309mW,VDD_SOC,2380mW/2378mW
07-26-2026,21:26:38,RAM,766/7620MB,(lfb,30x4MB),SWAP,349/3810MB,(cached,2MB),CPU,[0%@1344,0%@1344,0%@1344,0%@1344,0%@1344,0%@1344],GR3D_FREQ,0%,cpu@51.218C,soc2@49.343C,soc0@50.093C,gpu@51.375C,tj@51.375C,soc1@50.562C,VDD_IN,5643mW/5626mW,VDD_CPU_GPU_CV,1309mW/1309mW,VDD_SOC,2380mW/2378mW
07-26-2026,21:26:38,RAM,766/7620MB,(lfb,30x4MB),SWAP,349/3810MB,(cached,2MB),CPU,[10%@1344,0%@1344,0%@1344,0%@1344,0%@1344,0%@1344],GR3D_FREQ,0%,cpu@51.343C,soc2@49.25C,soc0@50.187C,gpu@51.187C,tj@51.343C,soc1@50.375C,VDD_IN,5683mW/5626mW,VDD_CPU_GPU_CV,1309mW/1309mW,VDD_SOC,2380mW/2378mW
07-26-2026,21:26:38,RAM,766/7620MB,(lfb,30x4MB),SWAP,349/3810MB,(cached,2MB),CPU,[0%@1344,9%@1344,0%@1344,0%@1344,0%@1344,0%@1344],GR3D_FREQ,0%,cpu@51.281C,soc2@49.343C,soc0@50.312C,gpu@51.062C,tj@51.281C,soc1@50.343C,VDD_IN,5683mW/5627mW,VDD_CPU_GPU_CV,1309mW/1309mW,VDD_SOC,2380mW/2378mW
07-26-2026,21:26:38,RAM,766/7620MB,(lfb,30x4MB),SWAP,349/3810MB,(cached,2MB),CPU,[9%@1344,0%@1344,0%@1344,0%@1344,0%@1344,0%@1344],GR3D_FREQ,0%,cpu@51.468C,soc2@49.406C,soc0@50.156C,gpu@50.968C,tj@51.468C,soc1@50.531C,VDD_IN,5683mW/5627mW,VDD_CPU_GPU_CV,1309mW/1309mW,VDD_SOC,2380mW/2378mW
07-26-2026,21:26:38,RAM,766/7620MB,(lfb,30x4MB),SWAP,349/3810MB,(cached,2MB),CPU,[0%@1344,0%@1344,0%@1344,0%@1344,0%@1344,0%@1344],GR3D_FREQ,0%,cpu@51.625C,soc2@49.25C,soc0@50.062C,gpu@51.156C,tj@51.625C,soc1@50.187C,VDD_IN,5683mW/5627mW,VDD_CPU_GPU_CV,1309mW/1309mW,VDD_SOC,2380mW/2378mW
07-26-2026,21:26:38,RAM,767/7620MB,(lfb,30x4MB),SWAP,349/3810MB,(cached,2MB),CPU,[0%@1344,0%@1344,0%@1344,0%@1344,0%@1344,0%@1344],GR3D_FREQ,0%,cpu@51.062C,soc2@49.281C,soc0@50.25C,gpu@51.125C,tj@51.218C,soc1@50.25C,VDD_IN,5683mW/5628mW,VDD_CPU_GPU_CV,1309mW/1309mW,VDD_SOC,2380mW/2378mW
07-26-2026,21:26:38,RAM,766/7620MB,(lfb,30x4MB),SWAP,349/3810MB,(cached,2MB),CPU,[0%@1344,0%@1344,0%@1344,0%@1344,0%@1344,0%@1344],GR3D_FREQ,0%,cpu@51.312C,soc2@49.312C,soc0@50.281C,gpu@51C,tj@51.312C,soc1@50.281C,VDD_IN,5683mW/5628mW,VDD_CPU_GPU_CV,1309mW/1309mW,VDD_SOC,2380mW/2378mW
07-26-2026,21:26:38,RAM,766/7620MB,(lfb,30x4MB),SWAP,349/3810MB,(cached,2MB),CPU,[9%@1344,0%@1344,0%@1344,0%@1344,0%@1344,0%@1344],GR3D_FREQ,0%,cpu@51.437C,soc2@49.343C,soc0@50C,gpu@51.187C,tj@51.437C,soc1@50.375C,VDD_IN,5683mW/5628mW,VDD_CPU_GPU_CV,1309mW/1309mW,VDD_SOC,2380mW/2378mW
07-26-2026,21:26:39,RAM,766/7620MB,(lfb,30x4MB),SWAP,349/3810MB,(cached,2MB),CPU,[9%@1344,0%@1344,0%@1344,0%@1344,0%@1344,0%@1344],GR3D_FREQ,0%,cpu@51.531C,soc2@49.281C,soc0@50.156C,gpu@51.062C,tj@51.531C,soc1@50.562C,VDD_IN,5643mW/5628mW,VDD_CPU_GPU_CV,1309mW/1309mW,VDD_SOC,2380mW/2378mW
07-26-2026,21:26:39,RAM,766/7620MB,(lfb,30x4MB),SWAP,349/3810MB,(cached,2MB),CPU,[0%@1344,0%@1344,0%@1344,0%@1344,0%@1344,0%@1344],GR3D_FREQ,0%,cpu@51.156C,soc2@49.343C,soc0@50.156C,gpu@51.031C,tj@51.156C,soc1@50.375C,VDD_IN,5643mW/5628mW,VDD_CPU_GPU_CV,1309mW/1309mW,VDD_SOC,2380mW/2378mW
07-26-2026,21:26:39,RAM,766/7620MB,(lfb,30x4MB),SWAP,349/3810MB,(cached,2MB),CPU,[0%@1344,0%@1344,0%@1344,0%@1344,0%@1344,0%@1344],GR3D_FREQ,0%,cpu@51.281C,soc2@49.281C,soc0@50.25C,gpu@51.156C,tj@51.281C,soc1@50.25C,VDD_IN,5643mW/5628mW,VDD_CPU_GPU_CV,1309mW/1309mW,VDD_SOC,2380mW/2378mW
07-26-2026,21:26:39,RAM,767/7620MB,(lfb,30x4MB),SWAP,349/3810MB,(cached,2MB),CPU,[9%@1344,0%@1344,0%@1344,0%@1344,0%@1344,0%@1344],GR3D_FREQ,0%,cpu@51.406C,soc2@49.343C,soc0@50.343C,gpu@51.093C,tj@51.406C,soc1@50.312C,VDD_IN,5683mW/5629mW,VDD_CPU_GPU_CV,1309mW/1309mW,VDD_SOC,2380mW/2378mW
07-26-2026,21:26:39,RAM,767/7620MB,(lfb,30x4MB),SWAP,349/3810MB,(cached,2MB),CPU,[9%@1344,0%@1344,0%@1344,0%@1344,0%@1344,0%@1344],GR3D_FREQ,0%,cpu@51.437C,soc2@49.375C,soc0@49.968C,gpu@51C,tj@51.437C,soc1@50.531C,VDD_IN,5683mW/5629mW,VDD_CPU_GPU_CV,1309mW/1309mW,VDD_SOC,2380mW/2378mW
07-26-2026,21:26:39,RAM,767/7620MB,(lfb,30x4MB),SWAP,349/3810MB,(cached,2MB),CPU,[0%@1344,0%@1344,0%@1344,0%@1344,0%@1344,0%@1344],GR3D_FREQ,0%,cpu@51.562C,soc2@49.375C,soc0@50.218C,gpu@51.218C,tj@51.562C,soc1@50.218C,VDD_IN,5683mW/5629mW,VDD_CPU_GPU_CV,1309mW/1309mW,VDD_SOC,2380mW/2378mW
07-26-2026,21:26:39,RAM,767/7620MB,(lfb,30x4MB),SWAP,349/3810MB,(cached,2MB),CPU,[0%@1344,0%@1344,0%@1344,0%@1344,0%@1344,0%@1344],GR3D_FREQ,0%,cpu@51.312C,soc2@49.312C,soc0@50.406C,gpu@51.093C,tj@51.312C,soc1@50.218C,VDD_IN,5643mW/5629mW,VDD_CPU_GPU_CV,1309mW/1309mW,VDD_SOC,2380mW/2378mW
07-26-2026,21:26:39,RAM,768/7620MB,(lfb,30x4MB),SWAP,349/3810MB,(cached,2MB),CPU,[9%@1344,0%@1344,9%@1344,9%@1344,0%@1344,0%@1344],GR3D_FREQ,0%,cpu@51.375C,soc2@49.25C,soc0@50.218C,gpu@50.937C,tj@51.375C,soc1@50.406C,VDD_IN,5683mW/5630mW,VDD_CPU_GPU_CV,1309mW/1309mW,VDD_SOC,2380mW/2378mW
07-26-2026,21:26:39,RAM,768/7620MB,(lfb,30x4MB),SWAP,349/3810MB,(cached,2MB),CPU,[0%@1344,0%@1344,0%@1344,0%@1344,0%@1344,0%@1344],GR3D_FREQ,0%,cpu@51.437C,soc2@49.281C,soc0@50C,gpu@51.125C,tj@51.437C,soc1@50.406C,VDD_IN,5683mW/5630mW,VDD_CPU_GPU_CV,1309mW/1309mW,VDD_SOC,2380mW/2378mW
07-26-2026,21:26:40,RAM,768/7620MB,(lfb,30x4MB),SWAP,349/3810MB,(cached,2MB),CPU,[0%@1344,0%@1344,0%@1344,0%@1344,0%@1344,0%@1344],GR3D_FREQ,0%,cpu@51.687C,soc2@49.218C,soc0@50.125C,gpu@51.062C,tj@51.687C,soc1@50.187C,VDD_IN,5683mW/5630mW,VDD_CPU_GPU_CV,1309mW/1309mW,VDD_SOC,2380mW/2378mW
07-26-2026,21:26:40,RAM,768/7620MB,(lfb,30x4MB),SWAP,349/3810MB,(cached,2MB),CPU,[0%@1344,0%@1344,0%@1344,0%@1344,0%@1344,0%@1344],GR3D_FREQ,0%,cpu@51.343C,soc2@49.343C,soc0@50.218C,gpu@50.968C,tj@51.343C,soc1@50.218C,VDD_IN,5683mW/5630mW,VDD_CPU_GPU_CV,1309mW/1309mW,VDD_SOC,2380mW/2378mW
07-26-2026,21:26:40,RAM,768/7620MB,(lfb,30x4MB),SWAP,349/3810MB,(cached,2MB),CPU,[0%@1344,0%@1344,0%@1344,0%@1344,0%@1344,0%@1344],GR3D_FREQ,0%,cpu@51.375C,soc2@49.312C,soc0@50.218C,gpu@51.156C,tj@51.375C,soc1@50.312C,VDD_IN,5683mW/5631mW,VDD_CPU_GPU_CV,1309mW/1309mW,VDD_SOC,2380mW/2378mW
07-26-2026,21:26:40,RAM,768/7620MB,(lfb,30x4MB),SWAP,349/3810MB,(cached,2MB),CPU,[0%@1344,8%@1344,0%@1344,0%@1344,0%@1344,0%@1344],GR3D_FREQ,0%,cpu@51.437C,soc2@49.281C,soc0@50.093C,gpu@51.312C,tj@51.437C,soc1@50.406C,VDD_IN,5683mW/5631mW,VDD_CPU_GPU_CV,1309mW/1309mW,VDD_SOC,2380mW/2378mW
07-26-2026,21:26:40,RAM,768/7620MB,(lfb,30x4MB),SWAP,349/3810MB,(cached,2MB),CPU,[0%@1344,0%@1344,0%@1344,0%@1344,0%@1344,0%@1344],GR3D_FREQ,0%,cpu@51.5C,soc2@49.375C,soc0@50.218C,gpu@50.968C,tj@51.156C,soc1@50.187C,VDD_IN,5683mW/5631mW,VDD_CPU_GPU_CV,1309mW/1309mW,VDD_SOC,2380mW/2378mW
07-26-2026,21:26:40,RAM,768/7620MB,(lfb,30x4MB),SWAP,349/3810MB,(cached,2MB),CPU,[0%@1344,0%@1344,0%@1344,0%@1344,0%@1344,0%@1344],GR3D_FREQ,0%,cpu@51.187C,soc2@49.25C,soc0@50.25C,gpu@51.5C,tj@51.5C,soc1@50.375C,VDD_IN,5683mW/5632mW,VDD_CPU_GPU_CV,1309mW/1309mW,VDD_SOC,2380mW/2378mW
07-26-2026,21:26:40,RAM,768/7620MB,(lfb,30x4MB),SWAP,349/3810MB,(cached,2MB),CPU,[0%@1344,0%@1344,0%@1344,0%@1344,0%@1344,0%@1344],GR3D_FREQ,0%,cpu@51.281C,soc2@49.406C,soc0@50.343C,gpu@51.281C,tj@51.281C,soc1@50.343C,VDD_IN,5683mW/5632mW,VDD_CPU_GPU_CV,1309mW/1309mW,VDD_SOC,2380mW/2378mW
07-26-2026,21:26:40,RAM,768/7620MB,(lfb,30x4MB),SWAP,349/3810MB,(cached,2MB),CPU,[9%@1344,0%@1344,0%@1344,0%@1344,9%@1344,9%@1344],GR3D_FREQ,0%,cpu@51.437C,soc2@49.437C,soc0@50.093C,gpu@50.968C,tj@51.437C,soc1@50.437C,VDD_IN,5683mW/5632mW,VDD_CPU_GPU_CV,1309mW/1309mW,VDD_SOC,2380mW/2378mW
07-26-2026,21:26:40,RAM,768/7620MB,(lfb,30x4MB),SWAP,349/3810MB,(cached,2MB),CPU,[8%@1344,0%@1344,0%@1344,0%@1344,0%@1344,0%@1344],GR3D_FREQ,0%,cpu@51.468C,soc2@49.25C,soc0@50.25C,gpu@51.375C,tj@51.468C,soc1@50.156C,VDD_IN,5683mW/5632mW,VDD_CPU_GPU_CV,1309mW/1309mW,VDD_SOC,2380mW/2378mW
07-26-2026,21:26:40,RAM,768/7620MB,(lfb,30x4MB),SWAP,349/3810MB,(cached,2MB),CPU,[0%@1344,9%@1344,0%@1344,0%@1344,0%@1344,0%@1344],GR3D_FREQ,0%,cpu@51.125C,soc2@49.281C,soc0@50.187C,gpu@51.156C,tj@51.156C,soc1@50.187C,VDD_IN,5683mW/5633mW,VDD_CPU_GPU_CV,1309mW/1309mW,VDD_SOC,2380mW/2378mW
07-26-2026,21:26:41,RAM,768/7620MB,(lfb,30x4MB),SWAP,349/3810MB,(cached,2MB),CPU,[0%@1344,0%@1344,0%@1344,0%@1344,0%@1344,0%@1344],GR3D_FREQ,0%,cpu@51.312C,soc2@49.406C,soc0@50.218C,gpu@50.906C,tj@51.312C,soc1@50.375C,VDD_IN,5643mW/5633mW,VDD_CPU_GPU_CV,1309mW/1309mW,VDD_SOC,2380mW/2378mW
07-26-2026,21:26:41,RAM,768/7620MB,(lfb,30x4MB),SWAP,349/3810MB,(cached,2MB),CPU,[9%@1344,0%@1344,0%@1344,0%@1344,0%@1344,0%@1344],GR3D_FREQ,0%,cpu@51.406C,soc2@49.312C,soc0@50C,gpu@51.406C,tj@51.406C,soc1@50.375C,VDD_IN,5643mW/5633mW,VDD_CPU_GPU_CV,1309mW/1309mW,VDD_SOC,2380mW/2378mW
07-26-2026,21:26:41,RAM,768/7620MB,(lfb,30x4MB),SWAP,349/3810MB,(cached,2MB),CPU,[0%@1344,0%@1344,0%@1344,0%@1344,0%@1344,0%@1344],GR3D_FREQ,0%,cpu@51.343C,soc2@49.156C,soc0@50.187C,gpu@51.218C,tj@51.343C,soc1@50.156C,VDD_IN,5643mW/5633mW,VDD_CPU_GPU_CV,1309mW/1309mW,VDD_SOC,2380mW/2378mW
07-26-2026,21:26:41,RAM,768/7620MB,(lfb,30x4MB),SWAP,349/3810MB,(cached,2MB),CPU,[9%@1344,0%@1344,0%@1344,0%@1344,0%@1344,0%@1344],GR3D_FREQ,0%,cpu@51.312C,soc2@49.25C,soc0@50C,gpu@50.937C,tj@51.312C,soc1@50.25C,VDD_IN,5683mW/5633mW,VDD_CPU_GPU_CV,1309mW/1309mW,VDD_SOC,2380mW/2378mW
07-26-2026,21:26:41,RAM,768/7620MB,(lfb,30x4MB),SWAP,349/3810MB,(cached,2MB),CPU,[0%@1344,0%@1344,0%@1344,0%@1344,0%@1344,0%@1344],GR3D_FREQ,0%,cpu@51.312C,soc2@49.375C,soc0@50.406C,gpu@51.406C,tj@51.406C,soc1@50.375C,VDD_IN,5683mW/5633mW,VDD_CPU_GPU_CV,1309mW/1309mW,VDD_SOC,2380mW/2378mW
07-26-2026,21:26:41,RAM,768/7620MB,(lfb,30x4MB),SWAP,349/3810MB,(cached,2MB),CPU,[0%@1344,0%@1344,0%@1344,0%@1344,0%@1344,0%@1344],GR3D_FREQ,0%,cpu@51.375C,soc2@49.406C,soc0@50.125C,gpu@51.218C,tj@51.375C,soc1@50.468C,VDD_IN,5683mW/5633mW,VDD_CPU_GPU_CV,1309mW/1309mW,VDD_SOC,2380mW/2378mW
07-26-2026,21:26:41,RAM,768/7620MB,(lfb,30x4MB),SWAP,349/3810MB,(cached,2MB),CPU,[0%@1344,0%@1344,0%@1344,0%@1344,0%@1344,0%@1344],GR3D_FREQ,0%,cpu@51.312C,soc2@49.343C,soc0@50.093C,gpu@51.531C,tj@51.531C,soc1@50.593C,VDD_IN,5643mW/5633mW,VDD_CPU_GPU_CV,1309mW/1309mW,VDD_SOC,2380mW/2378mW
07-26-2026,21:26:41,RAM,768/7620MB,(lfb,30x4MB),SWAP,349/3810MB,(cached,2MB),CPU,[0%@1344,0%@1344,8%@1344,0%@1344,9%@1344,0%@1344],GR3D_FREQ,0%,cpu@51.25C,soc2@49.281C,soc0@50.156C,gpu@51.312C,tj@51.312C,soc1@50.187C,VDD_IN,5683mW/5634mW,VDD_CPU_GPU_CV,1309mW/1309mW,VDD_SOC,2380mW/2378mW
07-26-2026,21:26:41,RAM,768/7620MB,(lfb,30x4MB),SWAP,349/3810MB,(cached,2MB),CPU,[9%@1344,9%@1344,0%@1344,0%@1344,0%@1344,0%@1344],GR3D_FREQ,0%,cpu@51.156C,soc2@49.187C,soc0@50.281C,gpu@51C,tj@51.218C,soc1@50.312C,VDD_IN,5683mW/5634mW,VDD_CPU_GPU_CV,1309mW/1309mW,VDD_SOC,2380mW/2378mW
07-26-2026,21:26:42,RAM,768/7620MB,(lfb,30x4MB),SWAP,349/3810MB,(cached,2MB),CPU,[0%@1344,0%@1344,0%@1344,0%@1344,0%@1344,0%@1344],GR3D_FREQ,0%,cpu@51.312C,soc2@49.281C,soc0@50.343C,gpu@51.468C,tj@51.468C,soc1@50.343C,VDD_IN,5643mW/5634mW,VDD_CPU_GPU_CV,1309mW/1309mW,VDD_SOC,2380mW/2378mW
07-26-2026,21:26:42,RAM,768/7620MB,(lfb,30x4MB),SWAP,349/3810MB,(cached,2MB),CPU,[8%@1344,0%@1344,0%@1344,0%@1344,0%@1344,0%@1344],GR3D_FREQ,0%,cpu@51.375C,soc2@49.312C,soc0@50.156C,gpu@51.312C,tj@51.375C,soc1@50.437C,VDD_IN,5643mW/5634mW,VDD_CPU_GPU_CV,1309mW/1309mW,VDD_SOC,2380mW/2378mW
07-26-2026,21:26:42,RAM,768/7620MB,(lfb,30x4MB),SWAP,349/3810MB,(cached,2MB),CPU,[0%@1344,0%@1344,0%@1344,0%@1344,0%@1344,0%@1344],GR3D_FREQ,0%,cpu@51.406C,soc2@49.25C,soc0@50.25C,gpu@51.25C,tj@51.406C,soc1@50.218C,VDD_IN,5643mW/5634mW,VDD_CPU_GPU_CV,1309mW/1309mW,VDD_SOC,2380mW/2378mW
07-26-2026,21:26:42,RAM,768/7620MB,(lfb,30x4MB),SWAP,349/3810MB,(cached,2MB),CPU,[9%@1344,9%@1344,0%@1344,0%@1344,0%@1344,0%@1344],GR3D_FREQ,0%,cpu@51.156C,soc2@49.312C,soc0@50.281C,gpu@51.031C,tj@51.156C,soc1@50.343C,VDD_IN,5643mW/5634mW,VDD_CPU_GPU_CV,1309mW/1309mW,VDD_SOC,2380mW/2378mW
07-26-2026,21:26:42,RAM,768/7620MB,(lfb,30x4MB),SWAP,349/3810MB,(cached,2MB),CPU,[0%@1344,0%@1344,0%@1344,0%@1344,0%@1344,0%@1344],GR3D_FREQ,0%,cpu@51.718C,soc2@49.281C,soc0@50.093C,gpu@51.062C,tj@51.718C,soc1@50.406C,VDD_IN,5683mW/5634mW,VDD_CPU_GPU_CV,1309mW/1309mW,VDD_SOC,2380mW/2378mW
07-26-2026,21:26:42,RAM,768/7620MB,(lfb,30x4MB),SWAP,349/3810MB,(cached,2MB),CPU,[9%@1344,0%@1344,0%@1344,0%@1344,0%@1344,0%@1344],GR3D_FREQ,0%,cpu@51.312C,soc2@49.187C,soc0@50.187C,gpu@51.187C,tj@51.312C,soc1@50.281C,VDD_IN,5683mW/5635mW,VDD_CPU_GPU_CV,1309mW/1309mW,VDD_SOC,2380mW/2378mW
07-26-2026,21:26:42,RAM,768/7620MB,(lfb,30x4MB),SWAP,349/3810MB,(cached,2MB),CPU,[0%@1344,0%@1344,0%@1344,0%@1344,0%@1344,0%@1344],GR3D_FREQ,0%,cpu@51.062C,soc2@49.25C,soc0@50.25C,gpu@51C,tj@51.062C,soc1@50.343C,VDD_IN,5643mW/5635mW,VDD_CPU_GPU_CV,1309mW/1309mW,VDD_SOC,2380mW/2378mW
07-26-2026,21:26:42,RAM,768/7620MB,(lfb,30x4MB),SWAP,349/3810MB,(cached,2MB),CPU,[0%@1344,0%@1344,0%@1344,0%@1344,0%@1344,0%@1344],GR3D_FREQ,0%,cpu@51.25C,soc2@49.343C,soc0@50.312C,gpu@51C,tj@51.25C,soc1@50.312C,VDD_IN,5683mW/5635mW,VDD_CPU_GPU_CV,1309mW/1309mW,VDD_SOC,2380mW/2378mW
07-26-2026,21:26:42,RAM,768/7620MB,(lfb,30x4MB),SWAP,349/3810MB,(cached,2MB),CPU,[0%@1344,0%@1344,0%@1344,0%@1344,0%@1344,0%@1344],GR3D_FREQ,0%,cpu@51.593C,soc2@49.406C,soc0@50.375C,gpu@51.031C,tj@51.593C,soc1@50.437C,VDD_IN,5683mW/5635mW,VDD_CPU_GPU_CV,1309mW/1309mW,VDD_SOC,2380mW/2378mW
07-26-2026,21:26:42,RAM,768/7620MB,(lfb,30x4MB),SWAP,349/3810MB,(cached,2MB),CPU,[0%@1344,0%@1344,0%@1344,0%@1344,0%@1344,0%@1344],GR3D_FREQ,0%,cpu@51.25C,soc2@49.25C,soc0@50.062C,gpu@51.062C,tj@51.25C,soc1@50.687C,VDD_IN,5683mW/5635mW,VDD_CPU_GPU_CV,1309mW/1309mW,VDD_SOC,2380mW/2378mW
07-26-2026,21:26:43,RAM,768/7620MB,(lfb,30x4MB),SWAP,349/3810MB,(cached,2MB),CPU,[16%@1344,0%@1344,0%@1344,0%@1344,0%@1344,0%@1344],GR3D_FREQ,0%,cpu@51.218C,soc2@49.312C,soc0@50.125C,gpu@51.031C,tj@51.218C,soc1@50.25C,VDD_IN,5643mW/5635mW,VDD_CPU_GPU_CV,1309mW/1309mW,VDD_SOC,2380mW/2378mW
07-26-2026,21:26:43,RAM,768/7620MB,(lfb,30x4MB),SWAP,349/3810MB,(cached,2MB),CPU,[0%@1344,0%@1344,0%@1344,0%@1344,0%@1344,0%@1344],GR3D_FREQ,0%,cpu@51.125C,soc2@49.187C,soc0@50.187C,gpu@51.125C,tj@51.125C,soc1@50.218C,VDD_IN,5643mW/5635mW,VDD_CPU_GPU_CV,1309mW/1309mW,VDD_SOC,2380mW/2378mW
07-26-2026,21:26:43,RAM,768/7620MB,(lfb,30x4MB),SWAP,349/3810MB,(cached,2MB),CPU,[0%@1344,0%@1344,0%@1344,0%@1344,0%@1344,0%@1344],GR3D_FREQ,0%,cpu@51.437C,soc2@49.312C,soc0@50.375C,gpu@50.968C,tj@51.437C,soc1@50.468C,VDD_IN,5643mW/5635mW,VDD_CPU_GPU_CV,1309mW/1309mW,VDD_SOC,2380mW/2378mW
07-26-2026,21:26:43,RAM,768/7620MB,(lfb,30x4MB),SWAP,349/3810MB,(cached,2MB),CPU,[16%@1344,9%@1344,0%@1344,0%@1344,0%@1344,0%@1344],GR3D_FREQ,0%,cpu@51.312C,soc2@49.375C,soc0@50.093C,gpu@51C,tj@51.312C,soc1@50.437C,VDD_IN,5683mW/5636mW,VDD_CPU_GPU_CV,1309mW/1309mW,VDD_SOC,2380mW/2378mW
07-26-2026,21:26:43,RAM,768/7620MB,(lfb,30x4MB),SWAP,349/3810MB,(cached,2MB),CPU,[0%@1344,0%@1344,0%@1344,0%@1344,0%@1344,0%@1344],GR3D_FREQ,0%,cpu@51.281C,soc2@49.343C,soc0@50.187C,gpu@51.093C,tj@51.281C,soc1@50.187C,VDD_IN,5683mW/5636mW,VDD_CPU_GPU_CV,1309mW/1309mW,VDD_SOC,2380mW/2378mW
07-26-2026,21:26:43,RAM,768/7620MB,(lfb,30x4MB),SWAP,349/3810MB,(cached,2MB),CPU,[0%@1344,0%@1344,0%@1344,0%@1344,0%@1344,0%@1344],GR3D_FREQ,0%,cpu@51.25C,soc2@49.312C,soc0@50.281C,gpu@51C,tj@51.25C,soc1@50.312C,VDD_IN,5683mW/5636mW,VDD_CPU_GPU_CV,1309mW/1309mW,VDD_SOC,2380mW/2378mW
07-26-2026,21:26:43,RAM,768/7620MB,(lfb,30x4MB),SWAP,349/3810MB,(cached,2MB),CPU,[0%@1344,0%@1344,0%@1344,0%@1344,0%@1344,0%@1344],GR3D_FREQ,0%,cpu@51.218C,soc2@49.25C,soc0@50.312C,gpu@51.031C,tj@51.5C,soc1@50.375C,VDD_IN,5643mW/5636mW,VDD_CPU_GPU_CV,1309mW/1309mW,VDD_SOC,2380mW/2378mW
07-26-2026,21:26:43,RAM,768/7620MB,(lfb,30x4MB),SWAP,349/3810MB,(cached,2MB),CPU,[0%@1344,0%@1344,0%@1344,9%@1344,0%@1344,9%@1344],GR3D_FREQ,0%,cpu@51.625C,soc2@49.312C,soc0@50.093C,gpu@51.156C,tj@51.625C,soc1@50.343C,VDD_IN,5683mW/5636mW,VDD_CPU_GPU_CV,1309mW/1309mW,VDD_SOC,2380mW/2378mW
07-26-2026,21:26:43,RAM,768/7620MB,(lfb,30x4MB),SWAP,349/3810MB,(cached,2MB),CPU,[8%@1344,0%@1344,0%@1344,0%@1344,0%@1344,0%@1344],GR3D_FREQ,0%,cpu@51.343C,soc2@49.218C,soc0@50.062C,gpu@50.968C,tj@51.343C,soc1@50.218C,VDD_IN,5683mW/5636mW,VDD_CPU_GPU_CV,1309mW/1309mW,VDD_SOC,2380mW/2378mW
07-26-2026,21:26:44,RAM,768/7620MB,(lfb,30x4MB),SWAP,349/3810MB,(cached,2MB),CPU,[0%@1344,0%@1344,9%@1344,0%@1344,0%@1344,0%@1344],GR3D_FREQ,0%,cpu@51.156C,soc2@49.281C,soc0@50.093C,gpu@50.937C,tj@51.156C,soc1@50.218C,VDD_IN,5683mW/5637mW,VDD_CPU_GPU_CV,1309mW/1309mW,VDD_SOC,2380mW/2378mW
07-26-2026,21:26:44,RAM,768/7620MB,(lfb,30x4MB),SWAP,349/3810MB,(cached,2MB),CPU,[0%@1344,0%@1344,0%@1344,0%@1344,0%@1344,0%@1344],GR3D_FREQ,0%,cpu@51.281C,soc2@49.281C,soc0@50.25C,gpu@51.093C,tj@51.281C,soc1@50.312C,VDD_IN,5643mW/5637mW,VDD_CPU_GPU_CV,1309mW/1309mW,VDD_SOC,2380mW/2378mW
07-26-2026,21:26:44,RAM,768/7620MB,(lfb,30x4MB),SWAP,349/3810MB,(cached,2MB),CPU,[0%@1344,0%@1344,0%@1344,0%@1344,0%@1344,0%@1344],GR3D_FREQ,0%,cpu@51.437C,soc2@49.343C,soc0@50C,gpu@50.968C,tj@51.437C,soc1@50.5C,VDD_IN,5643mW/5637mW,VDD_CPU_GPU_CV,1309mW/1309mW,VDD_SOC,2380mW/2378mW
07-26-2026,21:26:44,RAM,768/7620MB,(lfb,30x4MB),SWAP,349/3810MB,(cached,2MB),CPU,[9%@1344,0%@1344,0%@1344,0%@1344,0%@1344,0%@1344],GR3D_FREQ,0%,cpu@51.125C,soc2@49.343C,soc0@50.062C,gpu@50.875C,tj@51.125C,soc1@50.218C,VDD_IN,5683mW/5637mW,VDD_CPU_GPU_CV,1309mW/1309mW,VDD_SOC,2380mW/2378mW
07-26-2026,21:26:44,RAM,768/7620MB,(lfb,30x4MB),SWAP,349/3810MB,(cached,2MB),CPU,[0%@1344,0%@1344,0%@1344,0%@1344,0%@1344,0%@1344],GR3D_FREQ,0%,cpu@51.343C,soc2@49.312C,soc0@50.281C,gpu@51.375C,tj@51.375C,soc1@50.281C,VDD_IN,5683mW/5637mW,VDD_CPU_GPU_CV,1309mW/1309mW,VDD_SOC,2380mW/2378mW
07-26-2026,21:26:44,RAM,768/7620MB,(lfb,30x4MB),SWAP,349/3810MB,(cached,2MB),CPU,[8%@1344,0%@1344,0%@1344,0%@1344,0%@1344,0%@1344],GR3D_FREQ,0%,cpu@51.375C,soc2@49.312C,soc0@50.312C,gpu@51.281C,tj@51.375C,soc1@50.468C,VDD_IN,5683mW/5637mW,VDD_CPU_GPU_CV,1309mW/1309mW,VDD_SOC,2380mW/2378mW
07-26-2026,21:26:44,RAM,768/7620MB,(lfb,30x4MB),SWAP,349/3810MB,(cached,2MB),CPU,[0%@1344,0%@1344,0%@1344,0%@1344,0%@1344,0%@1344],GR3D_FREQ,0%,cpu@51.437C,soc2@49.437C,soc0@50.093C,gpu@50.906C,tj@51.437C,soc1@50.437C,VDD_IN,5683mW/5637mW,VDD_CPU_GPU_CV,1309mW/1309mW,VDD_SOC,2380mW/2378mW
07-26-2026,21:26:44,RAM,768/7620MB,(lfb,30x4MB),SWAP,349/3810MB,(cached,2MB),CPU,[0%@1344,9%@1344,0%@1344,0%@1344,0%@1344,0%@1344],GR3D_FREQ,0%,cpu@51.625C,soc2@49.156C,soc0@50.25C,gpu@51.343C,tj@51.625C,soc1@50.187C,VDD_IN,5643mW/5637mW,VDD_CPU_GPU_CV,1309mW/1309mW,VDD_SOC,2380mW/2378mW
07-26-2026,21:26:44,RAM,768/7620MB,(lfb,30x4MB),SWAP,349/3810MB,(cached,2MB),CPU,[9%@1344,0%@1344,0%@1344,0%@1344,8%@1344,8%@1344],GR3D_FREQ,0%,cpu@51.25C,soc2@49.25C,soc0@50.156C,gpu@51.25C,tj@51.25C,soc1@50.281C,VDD_IN,5683mW/5638mW,VDD_CPU_GPU_CV,1309mW/1309mW,VDD_SOC,2380mW/2378mW
07-26-2026,21:26:44,RAM,768/7620MB,(lfb,30x4MB),SWAP,349/3810MB,(cached,2MB),CPU,[0%@1344,0%@1344,0%@1344,0%@1344,0%@1344,9%@1344],GR3D_FREQ,0%,cpu@51.437C,soc2@49.343C,soc0@50.25C,gpu@51.593C,tj@51.593C,soc1@50.5C,VDD_IN,5683mW/5638mW,VDD_CPU_GPU_CV,1309mW/1309mW,VDD_SOC,2380mW/2378mW
07-26-2026,21:26:45,RAM,768/7620MB,(lfb,30x4MB),SWAP,349/3810MB,(cached,2MB),CPU,[8%@1344,0%@1344,0%@1344,0%@1344,0%@1344,0%@1344],GR3D_FREQ,0%,cpu@51.468C,soc2@49.468C,soc0@50.125C,gpu@51.343C,tj@51.468C,soc1@50.5C,VDD_IN,5683mW/5638mW,VDD_CPU_GPU_CV,1309mW/1309mW,VDD_SOC,2380mW/2378mW
07-26-2026,21:26:45,RAM,768/7620MB,(lfb,30x4MB),SWAP,349/3810MB,(cached,2MB),CPU,[0%@1344,0%@1344,0%@1344,0%@1344,0%@1344,0%@1344],GR3D_FREQ,0%,cpu@51.625C,soc2@49.312C,soc0@50C,gpu@51.218C,tj@51.625C,soc1@50.343C,VDD_IN,5643mW/5638mW,VDD_CPU_GPU_CV,1309mW/1309mW,VDD_SOC,2380mW/2378mW
07-26-2026,21:26:45,RAM,768/7620MB,(lfb,30x4MB),SWAP,349/3810MB,(cached,2MB),CPU,[0%@1344,0%@1344,0%@1344,0%@1344,0%@1344,0%@1344],GR3D_FREQ,0%,cpu@51.062C,soc2@49.406C,soc0@50.218C,gpu@51.468C,tj@51.468C,soc1@50.218C,VDD_IN,5643mW/5638mW,VDD_CPU_GPU_CV,1309mW/1309mW,VDD_SOC,2380mW/2378mW
07-26-2026,21:26:45,RAM,768/7620MB,(lfb,30x4MB),SWAP,349/3810MB,(cached,2MB),CPU,[9%@1344,10%@1344,0%@1344,0%@1344,0%@1344,0%@1344],GR3D_FREQ,0%,cpu@51.343C,soc2@49.375C,soc0@50.343C,gpu@51.343C,tj@51.343C,soc1@50.312C,VDD_IN,5683mW/5638mW,VDD_CPU_GPU_CV,1309mW/1309mW,VDD_SOC,2380mW/2378mW
07-26-2026,21:26:45,RAM,768/7620MB,(lfb,30x4MB),SWAP,349/3810MB,(cached,2MB),CPU,[0%@1344,0%@1344,0%@1344,0%@1344,0%@1344,0%@1344],GR3D_FREQ,0%,cpu@51.406C,soc2@49.375C,soc0@50.125C,gpu@51.156C,tj@51.406C,soc1@50.437C,VDD_IN,5683mW/5638mW,VDD_CPU_GPU_CV,1309mW/1309mW,VDD_SOC,2380mW/2378mW
07-26-2026,21:26:45,RAM,768/7620MB,(lfb,30x4MB),SWAP,349/3810MB,(cached,2MB),CPU,[0%@1344,0%@1344,0%@1344,0%@1344,0%@1344,0%@1344],GR3D_FREQ,0%,cpu@51.562C,soc2@49.25C,soc0@50.093C,gpu@51.406C,tj@51.562C,soc1@50.656C,VDD_IN,5683mW/5639mW,VDD_CPU_GPU_CV,1309mW/1309mW,VDD_SOC,2380mW/2378mW
07-26-2026,21:26:45,RAM,768/7620MB,(lfb,30x4MB),SWAP,349/3810MB,(cached,2MB),CPU,[0%@1344,0%@1344,0%@1344,0%@1344,0%@1344,0%@1344],GR3D_FREQ,0%,cpu@51.062C,soc2@49.25C,soc0@50.125C,gpu@51.312C,tj@51.312C,soc1@50.281C,VDD_IN,5643mW/5639mW,VDD_CPU_GPU_CV,1309mW/1309mW,VDD_SOC,2380mW/2378mW
07-26-2026,21:26:45,RAM,768/7620MB,(lfb,30x4MB),SWAP,349/3810MB,(cached,2MB),CPU,[15%@1344,0%@1344,8%@1344,0%@1344,0%@1344,0%@1344],GR3D_FREQ,0%,cpu@51.343C,soc2@49.312C,soc0@50.187C,gpu@51.187C,tj@51.343C,soc1@50.218C,VDD_IN,5683mW/5639mW,VDD_CPU_GPU_CV,1309mW/1309mW,VDD_SOC,2380mW/2378mW
07-26-2026,21:26:45,RAM,768/7620MB,(lfb,30x4MB),SWAP,349/3810MB,(cached,2MB),CPU,[0%@1344,0%@1344,0%@1344,8%@1344,0%@1344,0%@1344],GR3D_FREQ,0%,cpu@51.437C,soc2@49.25C,soc0@50C,gpu@51.468C,tj@51.437C,soc1@50.375C,VDD_IN,5683mW/5639mW,VDD_CPU_GPU_CV,1309mW/1309mW,VDD_SOC,2380mW/2378mW
07-26-2026,21:26:46,RAM,768/7620MB,(lfb,30x4MB),SWAP,349/3810MB,(cached,2MB),CPU,[0%@1344,0%@1344,0%@1344,0%@1344,0%@1344,0%@1344],GR3D_FREQ,0%,cpu@51.437C,soc2@49.437C,soc0@50C,gpu@51.218C,tj@51.437C,soc1@50.593C,VDD_IN,5683mW/5639mW,VDD_CPU_GPU_CV,1309mW/1309mW,VDD_SOC,2380mW/2378mW
07-26-2026,21:26:46,RAM,768/7620MB,(lfb,30x4MB),SWAP,349/3810MB,(cached,2MB),CPU,[0%@1344,0%@1344,0%@1344,0%@1344,0%@1344,0%@1344],GR3D_FREQ,0%,cpu@51.531C,soc2@49.218C,soc0@50.062C,gpu@51.125C,tj@51.531C,soc1@50.156C,VDD_IN,5643mW/5639mW,VDD_CPU_GPU_CV,1309mW/1309mW,VDD_SOC,2380mW/2378mW
07-26-2026,21:26:46,RAM,768/7620MB,(lfb,30x4MB),SWAP,349/3810MB,(cached,2MB),CPU,[0%@1344,0%@1344,0%@1344,0%@1344,0%@1344,0%@1344],GR3D_FREQ,0%,cpu@51.281C,soc2@49.312C,soc0@50.187C,gpu@51C,tj@51.281C,soc1@50.312C,VDD_IN,5643mW/5639mW,VDD_CPU_GPU_CV,1309mW/1309mW,VDD_SOC,2380mW/2378mW
07-26-2026,21:26:46,RAM,768/7620MB,(lfb,30x4MB),SWAP,349/3810MB,(cached,2MB),CPU,[0%@1344,0%@1344,0%@1344,0%@1344,0%@1344,9%@1344],GR3D_FREQ,0%,cpu@51.375C,soc2@49.343C,soc0@50.031C,gpu@50.937C,tj@51.375C,soc1@50.437C,VDD_IN,5683mW/5639mW,VDD_CPU_GPU_CV,1309mW/1309mW,VDD_SOC,2380mW/2378mW
07-26-2026,21:26:46,RAM,768/7620MB,(lfb,30x4MB),SWAP,349/3810MB,(cached,2MB),CPU,[0%@1344,0%@1344,0%@1344,0%@1344,0%@1344,0%@1344],GR3D_FREQ,0%,cpu@51.406C,soc2@49.25C,soc0@50.125C,gpu@51.468C,tj@51.468C,soc1@50.156C,VDD_IN,5683mW/5640mW,VDD_CPU_GPU_CV,1309mW/1309mW,VDD_SOC,2380mW/2378mW
07-26-2026,21:26:46,RAM,768/7620MB,(lfb,30x4MB),SWAP,349/3810MB,(cached,2MB),CPU,[0%@1344,0%@1344,0%@1344,0%@1344,0%@1344,0%@1344],GR3D_FREQ,0%,cpu@51.25C,soc2@49.25C,soc0@50.156C,gpu@50.906C,tj@51.25C,soc1@50.25C,VDD_IN,5683mW/5640mW,VDD_CPU_GPU_CV,1309mW/1309mW,VDD_SOC,2380mW/2378mW
07-26-2026,21:26:46,RAM,768/7620MB,(lfb,30x4MB),SWAP,349/3810MB,(cached,2MB),CPU,[9%@1344,0%@1344,0%@1344,0%@1344,0%@1344,0%@1344],GR3D_FREQ,0%,cpu@51.187C,soc2@49.281C,soc0@50.25C,gpu@50.937C,tj@51.25C,soc1@50.281C,VDD_IN,5683mW/5640mW,VDD_CPU_GPU_CV,1309mW/1309mW,VDD_SOC,2380mW/2378mW
07-26-2026,21:26:46,RAM,768/7620MB,(lfb,30x4MB),SWAP,349/3810MB,(cached,2MB),CPU,[0%@1344,0%@1344,0%@1344,0%@1344,0%@1344,0%@1344],GR3D_FREQ,0%,cpu@51.343C,soc2@49.281C,soc0@50.093C,gpu@51.375C,tj@51.375C,soc1@50.406C,VDD_IN,5643mW/5640mW,VDD_CPU_GPU_CV,1309mW/1309mW,VDD_SOC,2380mW/2378mW
07-26-2026,21:26:46,RAM,768/7620MB,(lfb,30x4MB),SWAP,349/3810MB,(cached,2MB),CPU,[9%@1344,0%@1344,0%@1344,0%@1344,0%@1344,0%@1344],GR3D_FREQ,0%,cpu@51.281C,soc2@49.156C,soc0@50.125C,gpu@51C,tj@51.281C,soc1@50.656C,VDD_IN,5683mW/5640mW,VDD_CPU_GPU_CV,1309mW/1309mW,VDD_SOC,2380mW/2378mW
07-26-2026,21:26:46,RAM,768/7620MB,(lfb,30x4MB),SWAP,349/3810MB,(cached,2MB),CPU,[9%@1344,0%@1344,0%@1344,0%@1344,0%@1344,0%@1344],GR3D_FREQ,0%,cpu@51.218C,soc2@49.218C,soc0@50.093C,gpu@51C,tj@51.218C,soc1@50.312C,VDD_IN,5683mW/5640mW,VDD_CPU_GPU_CV,1309mW/1309mW,VDD_SOC,2380mW/2378mW
07-26-2026,21:26:47,RAM,768/7620MB,(lfb,30x4MB),SWAP,349/3810MB,(cached,2MB),CPU,[0%@1344,0%@1344,0%@1344,0%@1344,0%@1344,0%@1344],GR3D_FREQ,0%,cpu@51.187C,soc2@49.312C,soc0@50.25C,gpu@51.406C,tj@51.406C,soc1@50.406C,VDD_IN,5683mW/5640mW,VDD_CPU_GPU_CV,1309mW/1309mW,VDD_SOC,2380mW/2379mW
07-26-2026,21:26:47,RAM,768/7620MB,(lfb,30x4MB),SWAP,349/3810MB,(cached,2MB),CPU,[0%@1344,0%@1344,0%@1344,0%@1344,0%@1344,0%@1344],GR3D_FREQ,0%,cpu@51.312C,soc2@49.312C,soc0@50.031C,gpu@51.031C,tj@51.312C,soc1@50.375C,VDD_IN,5643mW/5640mW,VDD_CPU_GPU_CV,1309mW/1309mW,VDD_SOC,2380mW/2379mW
07-26-2026,21:26:47,RAM,768/7620MB,(lfb,30x4MB),SWAP,349/3810MB,(cached,2MB),CPU,[0%@1344,0%@1344,0%@1344,0%@1344,0%@1344,0%@1344],GR3D_FREQ,0%,cpu@51.406C,soc2@49.375C,soc0@50.218C,gpu@50.937C,tj@51.406C,soc1@50.562C,VDD_IN,5643mW/5640mW,VDD_CPU_GPU_CV,1309mW/1309mW,VDD_SOC,2380mW/2379mW
07-26-2026,21:26:47,RAM,768/7620MB,(lfb,30x4MB),SWAP,349/3810MB,(cached,2MB),CPU,[10%@1344,18%@1344,0%@1344,0%@1344,0%@1344,0%@1344],GR3D_FREQ,0%,cpu@51.437C,soc2@49.281C,soc0@50.062C,gpu@51.343C,tj@51.437C,soc1@50.25C,VDD_IN,5683mW/5641mW,VDD_CPU_GPU_CV,1309mW/1309mW,VDD_SOC,2380mW/2379mW
07-26-2026,21:26:47,RAM,768/7620MB,(lfb,30x4MB),SWAP,349/3810MB,(cached,2MB),CPU,[8%@1344,0%@1344,0%@1344,0%@1344,0%@1344,0%@1344],GR3D_FREQ,0%,cpu@51.218C,soc2@49.281C,soc0@50.281C,gpu@51C,tj@51.218C,soc1@50.343C,VDD_IN,5683mW/5641mW,VDD_CPU_GPU_CV,1309mW/1309mW,VDD_SOC,2380mW/2379mW
07-26-2026,21:26:47,RAM,768/7620MB,(lfb,30x4MB),SWAP,349/3810MB,(cached,2MB),CPU,[0%@1344,0%@1344,0%@1344,0%@1344,0%@1344,0%@1344],GR3D_FREQ,0%,cpu@51.25C,soc2@49.312C,soc0@50.312C,gpu@50.906C,tj@51.25C,soc1@50.312C,VDD_IN,5683mW/5641mW,VDD_CPU_GPU_CV,1309mW/1309mW,VDD_SOC,2380mW/2379mW
07-26-2026,21:26:47,RAM,768/7620MB,(lfb,30x4MB),SWAP,349/3810MB,(cached,2MB),CPU,[0%@1344,0%@1344,0%@1344,0%@1344,0%@1344,0%@1344],GR3D_FREQ,0%,cpu@51.312C,soc2@49.343C,soc0@50.125C,gpu@51.281C,tj@51.312C,soc1@50.593C,VDD_IN,5683mW/5641mW,VDD_CPU_GPU_CV,1309mW/1309mW,VDD_SOC,2380mW/2379mW
07-26-2026,21:26:47,RAM,768/7620MB,(lfb,30x4MB),SWAP,349/3810MB,(cached,2MB),CPU,[9%@1344,0%@1344,0%@1344,0%@1344,0%@1344,0%@1344],GR3D_FREQ,0%,cpu@51.343C,soc2@49.25C,soc0@50.187C,gpu@50.875C,tj@51.343C,soc1@50.187C,VDD_IN,5683mW/5641mW,VDD_CPU_GPU_CV,1309mW/1309mW,VDD_SOC,2380mW/2379mW
07-26-2026,21:26:47,RAM,768/7620MB,(lfb,30x4MB),SWAP,349/3810MB,(cached,2MB),CPU,[0%@1344,0%@1344,0%@1344,0%@1344,0%@1344,0%@1344],GR3D_FREQ,0%,cpu@51.156C,soc2@49.25C,soc0@50.156C,gpu@51.593C,tj@51.593C,soc1@50.25C,VDD_IN,5683mW/5641mW,VDD_CPU_GPU_CV,1309mW/1309mW,VDD_SOC,2380mW/2379mW
07-26-2026,21:26:48,RAM,768/7620MB,(lfb,30x4MB),SWAP,349/3810MB,(cached,2MB),CPU,[0%@1344,0%@1344,0%@1344,0%@1344,0%@1344,0%@1344],GR3D_FREQ,0%,cpu@51.281C,soc2@49.312C,soc0@50.343C,gpu@51.281C,tj@51.281C,soc1@50.375C,VDD_IN,5683mW/5642mW,VDD_CPU_GPU_CV,1309mW/1309mW,VDD_SOC,2380mW/2379mW
07-26-2026,21:26:48,RAM,768/7620MB,(lfb,30x4MB),SWAP,349/3810MB,(cached,2MB),CPU,[9%@1344,0%@1344,0%@1344,0%@1344,0%@1344,0%@1344],GR3D_FREQ,0%,cpu@51.281C,soc2@49.343C,soc0@50.125C,gpu@50.937C,tj@51.281C,soc1@50.437C,VDD_IN,5643mW/5642mW,VDD_CPU_GPU_CV,1309mW/1309mW,VDD_SOC,2380mW/2379mW
07-26-2026,21:26:48,RAM,768/7620MB,(lfb,30x4MB),SWAP,349/3810MB,(cached,2MB),CPU,[0%@1344,0%@1344,0%@1344,0%@1344,0%@1344,0%@1344],GR3D_FREQ,0%,cpu@51.437C,soc2@49.25C,soc0@50.125C,gpu@51.468C,tj@51.468C,soc1@50.5C,VDD_IN,5643mW/5642mW,VDD_CPU_GPU_CV,1309mW/1309mW,VDD_SOC,2380mW/2379mW
07-26-2026,21:26:48,RAM,768/7620MB,(lfb,30x4MB),SWAP,349/3810MB,(cached,2MB),CPU,[9%@1344,0%@1344,0%@1344,0%@1344,0%@1344,0%@1344],GR3D_FREQ,0%,cpu@51.125C,soc2@49.312C,soc0@50.281C,gpu@51.281C,tj@51.281C,soc1@50.312C,VDD_IN,5683mW/5642mW,VDD_CPU_GPU_CV,1309mW/1309mW,VDD_SOC,2380mW/2379mW
07-26-2026,21:26:48,RAM,768/7620MB,(lfb,30x4MB),SWAP,349/3810MB,(cached,2MB),CPU,[9%@1344,0%@1344,0%@1344,0%@1344,0%@1344,0%@1344],GR3D_FREQ,0%,cpu@51.5C,soc2@49.312C,soc0@50.312C,gpu@51.25C,tj@51.5C,soc1@50.375C,VDD_IN,5683mW/5642mW,VDD_CPU_GPU_CV,1309mW/1309mW,VDD_SOC,2380mW/2379mW
07-26-2026,21:26:48,RAM,768/7620MB,(lfb,30x4MB),SWAP,349/3810MB,(cached,2MB),CPU,[0%@1344,0%@1344,0%@1344,0%@1344,0%@1344,0%@1344],GR3D_FREQ,0%,cpu@51.218C,soc2@49.25C,soc0@50.093C,gpu@51.125C,tj@51.218C,soc1@50.406C,VDD_IN,5683mW/5642mW,VDD_CPU_GPU_CV,1309mW/1309mW,VDD_SOC,2380mW/2379mW
07-26-2026,21:26:48,RAM,768/7620MB,(lfb,30x4MB),SWAP,349/3810MB,(cached,2MB),CPU,[0%@1344,0%@1344,0%@1344,0%@1344,0%@1344,0%@1344],GR3D_FREQ,0%,cpu@51.468C,soc2@49.343C,soc0@50.125C,gpu@51.281C,tj@51.468C,soc1@50.281C,VDD_IN,5683mW/5642mW,VDD_CPU_GPU_CV,1309mW/1309mW,VDD_SOC,2380mW/2379mW
07-26-2026,21:26:48,RAM,768/7620MB,(lfb,30x4MB),SWAP,349/3810MB,(cached,2MB),CPU,[0%@1344,0%@1344,0%@1344,0%@1344,0%@1344,0%@1344],GR3D_FREQ,0%,cpu@51.218C,soc2@49.187C,soc0@50.218C,gpu@51.156C,tj@51.218C,soc1@50.218C,VDD_IN,5643mW/5642mW,VDD_CPU_GPU_CV,1309mW/1309mW,VDD_SOC,2380mW/2379mW
07-26-2026,21:26:48,RAM,767/7620MB,(lfb,30x4MB),SWAP,349/3810MB,(cached,2MB),CPU,[0%@1344,0%@1344,8%@1344,0%@1344,0%@1344,0%@1344],GR3D_FREQ,0%,cpu@51.25C,soc2@49.406C,soc0@50.312C,gpu@51.062C,tj@51.437C,soc1@50.375C,VDD_IN,5683mW/5642mW,VDD_CPU_GPU_CV,1309mW/1309mW,VDD_SOC,2380mW/2379mW
07-26-2026,21:26:48,RAM,767/7620MB,(lfb,30x4MB),SWAP,349/3810MB,(cached,2MB),CPU,[9%@1344,0%@1344,0%@1344,0%@1344,0%@1344,0%@1344],GR3D_FREQ,0%,cpu@51.593C,soc2@49.312C,soc0@50.093C,gpu@51.25C,tj@51.593C,soc1@50.531C,VDD_IN,5683mW/5642mW,VDD_CPU_GPU_CV,1309mW/1309mW,VDD_SOC,2380mW/2379mW
07-26-2026,21:26:49,RAM,767/7620MB,(lfb,30x4MB),SWAP,349/3810MB,(cached,2MB),CPU,[0%@1344,0%@1344,0%@1344,0%@1344,0%@1344,0%@1344],GR3D_FREQ,0%,cpu@51.281C,soc2@49.312C,soc0@50.218C,gpu@51.156C,tj@51.281C,soc1@50.187C,VDD_IN,5643mW/5642mW,VDD_CPU_GPU_CV,1309mW/1309mW,VDD_SOC,2380mW/2379mW
07-26-2026,21:26:49,RAM,767/7620MB,(lfb,30x4MB),SWAP,349/3810MB,(cached,2MB),CPU,[0%@1344,0%@1344,0%@1344,0%@1344,0%@1344,0%@1344],GR3D_FREQ,0%,cpu@51.125C,soc2@49.156C,soc0@50.062C,gpu@51C,tj@51.125C,soc1@50.281C,VDD_IN,5643mW/5642mW,VDD_CPU_GPU_CV,1309mW/1309mW,VDD_SOC,2380mW/2379mW
07-26-2026,21:26:49,RAM,767/7620MB,(lfb,30x4MB),SWAP,349/3810MB,(cached,2MB),CPU,[0%@1344,0%@1344,0%@1344,0%@1344,0%@1344,0%@1344],GR3D_FREQ,0%,cpu@51.156C,soc2@49.375C,soc0@50.218C,gpu@51.218C,tj@51.218C,soc1@50.343C,VDD_IN,5643mW/5642mW,VDD_CPU_GPU_CV,1309mW/1309mW,VDD_SOC,2380mW/2379mW
07-26-2026,21:26:49,RAM,767/7620MB,(lfb,30x4MB),SWAP,349/3810MB,(cached,2MB),CPU,[18%@1344,10%@1344,0%@1344,0%@1344,0%@1344,0%@1344],GR3D_FREQ,0%,cpu@51.562C,soc2@49.406C,soc0@50.093C,gpu@51.125C,tj@51.562C,soc1@50.437C,VDD_IN,5683mW/5643mW,VDD_CPU_GPU_CV,1309mW/1309mW,VDD_SOC,2380mW/2379mW
07-26-2026,21:26:49,RAM,767/7620MB,(lfb,30x4MB),SWAP,349/3810MB,(cached,2MB),CPU,[0%@1344,0%@1344,0%@1344,0%@1344,0%@1344,0%@1344],GR3D_FREQ,0%,cpu@51.25C,soc2@49.218C,soc0@50.125C,gpu@51C,tj@51.25C,soc1@50.625C,VDD_IN,5683mW/5643mW,VDD_CPU_GPU_CV,1309mW/1309mW,VDD_SOC,2380mW/2379mW
07-26-2026,21:26:49,RAM,767/7620MB,(lfb,30x4MB),SWAP,349/3810MB,(cached,2MB),CPU,[0%@1344,0%@1344,0%@1344,0%@1344,0%@1344,0%@1344],GR3D_FREQ,0%,cpu@51.156C,soc2@49.312C,soc0@50.125C,gpu@51.187C,tj@51.187C,soc1@50.281C,VDD_IN,5683mW/5643mW,VDD_CPU_GPU_CV,1309mW/1309mW,VDD_SOC,2380mW/2379mW
07-26-2026,21:26:49,RAM,767/7620MB,(lfb,30x4MB),SWAP,349/3810MB,(cached,2MB),CPU,[0%@1344,0%@1344,0%@1344,0%@1344,0%@1344,0%@1344],GR3D_FREQ,0%,cpu@51.156C,soc2@49.25C,soc0@50.187C,gpu@51C,tj@51.406C,soc1@50.312C,VDD_IN,5683mW/5643mW,VDD_CPU_GPU_CV,1309mW/1309mW,VDD_SOC,2380mW/2379mW
07-26-2026,21:26:49,RAM,767/7620MB,(lfb,30x4MB),SWAP,349/3810MB,(cached,2MB),CPU,[9%@1344,9%@1344,0%@1344,0%@1344,0%@1344,0%@1344],GR3D_FREQ,0%,cpu@51.5C,soc2@49.218C,soc0@50.093C,gpu@51C,tj@51.5C,soc1@50.437C,VDD_IN,5643mW/5643mW,VDD_CPU_GPU_CV,1309mW/1309mW,VDD_SOC,2380mW/2379mW
07-26-2026,21:26:49,RAM,767/7620MB,(lfb,30x4MB),SWAP,349/3810MB,(cached,2MB),CPU,[0%@1344,0%@1344,9%@1344,0%@1344,16%@1344,0%@1344],GR3D_FREQ,0%,cpu@51.718C,soc2@49.375C,soc0@50C,gpu@51.156C,tj@51.718C,soc1@50.468C,VDD_IN,5683mW/5643mW,VDD_CPU_GPU_CV,1309mW/1309mW,VDD_SOC,2380mW/2379mW
07-26-2026,21:26:50,RAM,767/7620MB,(lfb,30x4MB),SWAP,349/3810MB,(cached,2MB),CPU,[0%@1344,0%@1344,0%@1344,0%@1344,0%@1344,0%@1344],GR3D_FREQ,0%,cpu@51.406C,soc2@49.25C,soc0@50.125C,gpu@51.062C,tj@51.156C,soc1@50.218C,VDD_IN,5683mW/5643mW,VDD_CPU_GPU_CV,1309mW/1309mW,VDD_SOC,2380mW/2379mW
07-26-2026,21:26:50,RAM,767/7620MB,(lfb,30x4MB),SWAP,349/3810MB,(cached,2MB),CPU,[9%@1344,0%@1344,0%@1344,0%@1344,0%@1344,0%@1344],GR3D_FREQ,0%,cpu@51.187C,soc2@49.343C,soc0@50.281C,gpu@51.031C,tj@51.187C,soc1@50.25C,VDD_IN,5683mW/5643mW,VDD_CPU_GPU_CV,1309mW/1309mW,VDD_SOC,2380mW/2379mW
07-26-2026,21:26:50,RAM,767/7620MB,(lfb,30x4MB),SWAP,349/3810MB,(cached,2MB),CPU,[0%@1344,0%@1344,0%@1344,0%@1344,0%@1344,0%@1344],GR3D_FREQ,0%,cpu@51.406C,soc2@49.343C,soc0@50.375C,gpu@51.156C,tj@51.406C,soc1@50.281C,VDD_IN,5683mW/5644mW,VDD_CPU_GPU_CV,1309mW/1309mW,VDD_SOC,2380mW/2379mW
07-26-2026,21:26:50,RAM,767/7620MB,(lfb,30x4MB),SWAP,349/3810MB,(cached,2MB),CPU,[9%@1344,0%@1344,0%@1344,0%@1344,0%@1344,0%@1344],GR3D_FREQ,0%,cpu@51.718C,soc2@49.281C,soc0@50.125C,gpu@51.406C,tj@51.718C,soc1@50.218C,VDD_IN,5683mW/5644mW,VDD_CPU_GPU_CV,1309mW/1309mW,VDD_SOC,2380mW/2379mW
07-26-2026,21:26:50,RAM,766/7620MB,(lfb,30x4MB),SWAP,349/3810MB,(cached,2MB),CPU,[9%@1344,0%@1344,0%@1344,0%@1344,0%@1344,0%@1344],GR3D_FREQ,0%,cpu@51.187C,soc2@49.343C,soc0@50.281C,gpu@50.968C,tj@51.312C,soc1@50.218C,VDD_IN,5683mW/5644mW,VDD_CPU_GPU_CV,1309mW/1309mW,VDD_SOC,2380mW/2379mW
07-26-2026,21:26:50,RAM,766/7620MB,(lfb,30x4MB),SWAP,349/3810MB,(cached,2MB),CPU,[0%@1344,0%@1344,0%@1344,0%@1344,0%@1344,0%@1344],GR3D_FREQ,0%,cpu@51.343C,soc2@49.312C,soc0@50.281C,gpu@50.968C,tj@51.343C,soc1@50.281C,VDD_IN,5683mW/5644mW,VDD_CPU_GPU_CV,1309mW/1309mW,VDD_SOC,2380mW/2379mW
07-26-2026,21:26:50,RAM,766/7620MB,(lfb,30x4MB),SWAP,349/3810MB,(cached,2MB),CPU,[9%@1344,0%@1344,0%@1344,0%@1344,0%@1344,0%@1344],GR3D_FREQ,0%,cpu@51.437C,soc2@49.343C,soc0@50.062C,gpu@51.343C,tj@51.437C,soc1@50.468C,VDD_IN,5683mW/5644mW,VDD_CPU_GPU_CV,1309mW/1309mW,VDD_SOC,2380mW/2379mW
07-26-2026,21:26:50,RAM,766/7620MB,(lfb,30x4MB),SWAP,349/3810MB,(cached,2MB),CPU,[0%@1344,0%@1344,0%@1344,0%@1344,0%@1344,0%@1344],GR3D_FREQ,0%,cpu@51.562C,soc2@49.156C,soc0@50.156C,gpu@50.968C,tj@51.562C,soc1@50.656C,VDD_IN,5683mW/5644mW,VDD_CPU_GPU_CV,1309mW/1309mW,VDD_SOC,2380mW/2379mW
07-26-2026,21:26:50,RAM,766/7620MB,(lfb,30x4MB),SWAP,349/3810MB,(cached,2MB),CPU,[0%@1344,0%@1344,0%@1344,0%@1344,0%@1344,0%@1344],GR3D_FREQ,0%,cpu@51.156C,soc2@49.25C,soc0@50.156C,gpu@51.562C,tj@51.562C,soc1@50.187C,VDD_IN,5683mW/5644mW,VDD_CPU_GPU_CV,1309mW/1309mW,VDD_SOC,2380mW/2379mW
07-26-2026,21:26:50,RAM,766/7620MB,(lfb,30x4MB),SWAP,349/3810MB,(cached,2MB),CPU,[0%@1344,0%@1344,0%@1344,0%@1344,0%@1344,9%@1344],GR3D_FREQ,0%,cpu@51.281C,soc2@49.25C,soc0@50.281C,gpu@51.375C,tj@51.375C,soc1@50.343C,VDD_IN,5683mW/5644mW,VDD_CPU_GPU_CV,1309mW/1309mW,VDD_SOC,2380mW/2379mW
07-26-2026,21:26:51,RAM,766/7620MB,(lfb,30x4MB),SWAP,349/3810MB,(cached,2MB),CPU,[0%@1344,0%@1344,0%@1344,0%@1344,0%@1344,0%@1344],GR3D_FREQ,0%,cpu@51.375C,soc2@49.187C,soc0@50.312C,gpu@51.031C,tj@51.375C,soc1@50.468C,VDD_IN,5683mW/5645mW,VDD_CPU_GPU_CV,1309mW/1309mW,VDD_SOC,2380mW/2379mW
07-26-2026,21:26:51,RAM,766/7620MB,(lfb,30x4MB),SWAP,349/3810MB,(cached,2MB),CPU,[0%@1344,0%@1344,0%@1344,0%@1344,0%@1344,0%@1344],GR3D_FREQ,0%,cpu@51.468C,soc2@49.406C,soc0@50.125C,gpu@51.562C,tj@51.562C,soc1@50.531C,VDD_IN,5683mW/5645mW,VDD_CPU_GPU_CV,1309mW/1309mW,VDD_SOC,2380mW/2379mW
07-26-2026,21:26:51,RAM,766/7620MB,(lfb,30x4MB),SWAP,349/3810MB,(cached,2MB),CPU,[0%@1344,0%@1344,0%@1344,0%@1344,0%@1344,0%@1344],GR3D_FREQ,0%,cpu@51.625C,soc2@49.218C,soc0@50.187C,gpu@51.343C,tj@51.625C,soc1@50.25C,VDD_IN,5643mW/5645mW,VDD_CPU_GPU_CV,1309mW/1309mW,VDD_SOC,2380mW/2379mW
07-26-2026,21:26:51,RAM,766/7620MB,(lfb,30x4MB),SWAP,349/3810MB,(cached,2MB),CPU,[9%@1344,16%@1344,0%@1344,0%@1344,0%@1344,0%@1344],GR3D_FREQ,0%,cpu@51.281C,soc2@49.281C,soc0@50.218C,gpu@50.968C,tj@51.281C,soc1@50.187C,VDD_IN,5683mW/5645mW,VDD_CPU_GPU_CV,1309mW/1309mW,VDD_SOC,2380mW/2379mW
07-26-2026,21:26:51,RAM,766/7620MB,(lfb,30x4MB),SWAP,349/3810MB,(cached,2MB),CPU,[0%@1344,0%@1344,0%@1344,0%@1344,0%@1344,0%@1344],GR3D_FREQ,0%,cpu@51.281C,soc2@49.25C,soc0@50.437C,gpu@51.406C,tj@51.406C,soc1@50.375C,VDD_IN,5683mW/5645mW,VDD_CPU_GPU_CV,1309mW/1309mW,VDD_SOC,2380mW/2379mW
07-26-2026,21:26:51,RAM,766/7620MB,(lfb,30x4MB),SWAP,349/3810MB,(cached,2MB),CPU,[0%@1344,0%@1344,0%@1344,0%@1344,0%@1344,0%@1344],GR3D_FREQ,0%,cpu@51.437C,soc2@49.375C,soc0@50.031C,gpu@51.343C,tj@51.437C,soc1@50.406C,VDD_IN,5683mW/5645mW,VDD_CPU_GPU_CV,1309mW/1309mW,VDD_SOC,2380mW/2379mW
07-26-2026,21:26:51,RAM,766/7620MB,(lfb,30x4MB),SWAP,349/3810MB,(cached,2MB),CPU,[9%@1344,0%@1344,0%@1344,0%@1344,0%@1344,0%@1344],GR3D_FREQ,0%,cpu@51.531C,soc2@49.187C,soc0@50.125C,gpu@50.968C,tj@51.531C,soc1@50.281C,VDD_IN,5683mW/5645mW,VDD_CPU_GPU_CV,1309mW/1309mW,VDD_SOC,2380mW/2379mW
07-26-2026,21:26:51,RAM,766/7620MB,(lfb,30x4MB),SWAP,349/3810MB,(cached,2MB),CPU,[0%@1344,0%@1344,0%@1344,0%@1344,0%@1344,0%@1344],GR3D_FREQ,0%,cpu@51.281C,soc2@49.281C,soc0@50.218C,gpu@51.437C,tj@51.437C,soc1@50.281C,VDD_IN,5643mW/5645mW,VDD_CPU_GPU_CV,1309mW/1309mW,VDD_SOC,2380mW/2379mW
07-26-2026,21:26:51,RAM,766/7620MB,(lfb,30x4MB),SWAP,349/3810MB,(cached,2MB),CPU,[0%@1344,0%@1344,0%@1344,0%@1344,0%@1344,9%@1344],GR3D_FREQ,0%,cpu@51.25C,soc2@49.312C,soc0@50.375C,gpu@51.218C,tj@51.25C,soc1@50.281C,VDD_IN,5683mW/5645mW,VDD_CPU_GPU_CV,1309mW/1309mW,VDD_SOC,2380mW/2379mW
07-26-2026,21:26:52,RAM,766/7620MB,(lfb,30x4MB),SWAP,349/3810MB,(cached,2MB),CPU,[16%@1344,0%@1344,0%@1344,0%@1344,0%@1344,0%@1344],GR3D_FREQ,0%,cpu@51.437C,soc2@49.343C,soc0@50.125C,gpu@50.968C,tj@51.437C,soc1@50.375C,VDD_IN,5683mW/5645mW,VDD_CPU_GPU_CV,1309mW/1309mW,VDD_SOC,2380mW/2379mW
07-26-2026,21:26:52,RAM,766/7620MB,(lfb,30x4MB),SWAP,349/3810MB,(cached,2MB),CPU,[0%@1344,0%@1344,0%@1344,0%@1344,0%@1344,0%@1344],GR3D_FREQ,0%,cpu@51.531C,soc2@49.281C,soc0@50.281C,gpu@51.375C,tj@51.531C,soc1@50.562C,VDD_IN,5643mW/5645mW,VDD_CPU_GPU_CV,1309mW/1309mW,VDD_SOC,2380mW/2379mW
07-26-2026,21:26:52,RAM,766/7620MB,(lfb,30x4MB),SWAP,349/3810MB,(cached,2MB),CPU,[0%@1344,0%@1344,0%@1344,0%@1344,0%@1344,0%@1344],GR3D_FREQ,0%,cpu@51.25C,soc2@49.25C,soc0@50.218C,gpu@51.187C,tj@51.25C,soc1@50.25C,VDD_IN,5643mW/5645mW,VDD_CPU_GPU_CV,1309mW/1309mW,VDD_SOC,2380mW/2379mW
07-26-2026,21:26:52,RAM,766/7620MB,(lfb,30x4MB),SWAP,349/3810MB,(cached,2MB),CPU,[9%@1344,0%@1344,0%@1344,0%@1344,0%@1344,0%@1344],GR3D_FREQ,0%,cpu@51.375C,soc2@49.281C,soc0@50.312C,gpu@51.125C,tj@51.375C,soc1@50.343C,VDD_IN,5683mW/5646mW,VDD_CPU_GPU_CV,1309mW/1309mW,VDD_SOC,2380mW/2379mW
07-26-2026,21:26:52,RAM,766/7620MB,(lfb,30x4MB),SWAP,349/3810MB,(cached,2MB),CPU,[8%@1344,9%@1344,0%@1344,0%@1344,0%@1344,0%@1344],GR3D_FREQ,0%,cpu@51.406C,soc2@49.375C,soc0@50.156C,gpu@51.062C,tj@51.406C,soc1@50.562C,VDD_IN,5683mW/5646mW,VDD_CPU_GPU_CV,1309mW/1309mW,VDD_SOC,2380mW/2379mW
07-26-2026,21:26:52,RAM,766/7620MB,(lfb,30x4MB),SWAP,349/3810MB,(cached,2MB),CPU,[0%@1344,0%@1344,0%@1344,0%@1344,0%@1344,0%@1344],GR3D_FREQ,0%,cpu@51.437C,soc2@49.281C,soc0@50.187C,gpu@51C,tj@51.437C,soc1@50.281C,VDD_IN,5683mW/5646mW,VDD_CPU_GPU_CV,1309mW/1309mW,VDD_SOC,2380mW/2379mW
07-26-2026,21:26:52,RAM,766/7620MB,(lfb,30x4MB),SWAP,349/3810MB,(cached,2MB),CPU,[0%@1344,0%@1344,0%@1344,0%@1344,0%@1344,0%@1344],GR3D_FREQ,0%,cpu@51.187C,soc2@49.281C,soc0@50.343C,gpu@51.125C,tj@51.187C,soc1@50.312C,VDD_IN,5683mW/5646mW,VDD_CPU_GPU_CV,1309mW/1309mW,VDD_SOC,2380mW/2379mW
07-26-2026,21:26:52,RAM,766/7620MB,(lfb,30x4MB),SWAP,349/3810MB,(cached,2MB),CPU,[0%@1344,0%@1344,0%@1344,0%@1344,0%@1344,0%@1344],GR3D_FREQ,0%,cpu@51.25C,soc2@49.281C,soc0@50.281C,gpu@51C,tj@51.281C,soc1@50.375C,VDD_IN,5643mW/5646mW,VDD_CPU_GPU_CV,1309mW/1309mW,VDD_SOC,2380mW/2379mW
07-26-2026,21:26:52,RAM,767/7620MB,(lfb,30x4MB),SWAP,349/3810MB,(cached,2MB),CPU,[9%@1344,0%@1344,0%@1344,0%@1344,9%@1344,0%@1344],GR3D_FREQ,0%,cpu@51.406C,soc2@49.5C,soc0@50.062C,gpu@50.968C,tj@51.406C,soc1@50.5C,VDD_IN,5683mW/5646mW,VDD_CPU_GPU_CV,1309mW/1309mW,VDD_SOC,2380mW/2379mW
07-26-2026,21:26:52,RAM,767/7620MB,(lfb,30x4MB),SWAP,349/3810MB,(cached,2MB),CPU,[0%@1344,0%@1344,0%@1344,0%@1344,0%@1344,0%@1344],GR3D_FREQ,0%,cpu@51.343C,soc2@49.125C,soc0@50.156C,gpu@51.062C,tj@51.343C,soc1@50.218C,VDD_IN,5683mW/5646mW,VDD_CPU_GPU_CV,1309mW/1309mW,VDD_SOC,2380mW/2379mW
07-26-2026,21:26:53,RAM,767/7620MB,(lfb,30x4MB),SWAP,349/3810MB,(cached,2MB),CPU,[0%@1344,0%@1344,0%@1344,0%@1344,0%@1344,0%@1344],GR3D_FREQ,0%,cpu@51.218C,soc2@49.312C,soc0@50.156C,gpu@50.968C,tj@51.218C,soc1@50.281C,VDD_IN,5683mW/5646mW,VDD_CPU_GPU_CV,1309mW/1309mW,VDD_SOC,2380mW/2379mW
07-26-2026,21:26:53,RAM,767/7620MB,(lfb,30x4MB),SWAP,349/3810MB,(cached,2MB),CPU,[0%@1344,0%@1344,0%@1344,0%@1344,0%@1344,0%@1344],GR3D_FREQ,0%,cpu@51.281C,soc2@49.343C,soc0@50.25C,gpu@50.875C,tj@51.281C,soc1@50.25C,VDD_IN,5683mW/5646mW,VDD_CPU_GPU_CV,1309mW/1309mW,VDD_SOC,2380mW/2379mW
07-26-2026,21:26:53,RAM,767/7620MB,(lfb,30x4MB),SWAP,349/3810MB,(cached,2MB),CPU,[0%@1344,0%@1344,0%@1344,0%@1344,0%@1344,0%@1344],GR3D_FREQ,0%,cpu@51.343C,soc2@49.406C,soc0@50.093C,gpu@51.093C,tj@51.343C,soc1@50.437C,VDD_IN,5643mW/5646mW,VDD_CPU_GPU_CV,1309mW/1309mW,VDD_SOC,2380mW/2379mW
07-26-2026,21:26:53,RAM,767/7620MB,(lfb,30x4MB),SWAP,349/3810MB,(cached,2MB),CPU,[9%@1344,18%@1344,0%@1344,0%@1344,0%@1344,0%@1344],GR3D_FREQ,0%,cpu@51.468C,soc2@49.312C,soc0@50.093C,gpu@50.968C,tj@51.468C,soc1@50.625C,VDD_IN,5683mW/5646mW,VDD_CPU_GPU_CV,1309mW/1309mW,VDD_SOC,2380mW/2379mW
07-26-2026,21:26:53,RAM,767/7620MB,(lfb,30x4MB),SWAP,349/3810MB,(cached,2MB),CPU,[0%@1344,0%@1344,0%@1344,0%@1344,0%@1344,0%@1344],GR3D_FREQ,0%,cpu@51.187C,soc2@49.281C,soc0@50.187C,gpu@50.968C,tj@51.187C,soc1@50.343C,VDD_IN,5683mW/5647mW,VDD_CPU_GPU_CV,1309mW/1309mW,VDD_SOC,2380mW/2379mW
07-26-2026,21:26:53,RAM,767/7620MB,(lfb,30x4MB),SWAP,349/3810MB,(cached,2MB),CPU,[0%@1344,0%@1344,0%@1344,0%@1344,0%@1344,0%@1344],GR3D_FREQ,0%,cpu@51.187C,soc2@49.281C,soc0@50.281C,gpu@51.125C,tj@51.187C,soc1@50.25C,VDD_IN,5683mW/5647mW,VDD_CPU_GPU_CV,1309mW/1309mW,VDD_SOC,2380mW/2379mW
07-26-2026,21:26:53,RAM,767/7620MB,(lfb,30x4MB),SWAP,349/3810MB,(cached,2MB),CPU,[0%@1344,0%@1344,0%@1344,0%@1344,0%@1344,0%@1344],GR3D_FREQ,0%,cpu@51.25C,soc2@49.343C,soc0@50.125C,gpu@50.906C,tj@51.25C,soc1@50.375C,VDD_IN,5683mW/5647mW,VDD_CPU_GPU_CV,1309mW/1309mW,VDD_SOC,2380mW/2379mW
07-26-2026,21:26:53,RAM,767/7620MB,(lfb,30x4MB),SWAP,349/3810MB,(cached,2MB),CPU,[9%@1344,0%@1344,0%@1344,0%@1344,0%@1344,0%@1344],GR3D_FREQ,0%,cpu@51.406C,soc2@49.375C,soc0@50.156C,gpu@51.5C,tj@51.5C,soc1@50.593C,VDD_IN,5643mW/5647mW,VDD_CPU_GPU_CV,1309mW/1309mW,VDD_SOC,2380mW/2379mW
07-26-2026,21:26:53,RAM,767/7620MB,(lfb,30x4MB),SWAP,349/3810MB,(cached,2MB),CPU,[0%@1344,0%@1344,0%@1344,9%@1344,0%@1344,0%@1344],GR3D_FREQ,0%,cpu@51.375C,soc2@49.281C,soc0@50.156C,gpu@51.093C,tj@51.375C,soc1@50.312C,VDD_IN,5683mW/5647mW,VDD_CPU_GPU_CV,1309mW/1309mW,VDD_SOC,2380mW/2379mW
07-26-2026,21:26:54,RAM,767/7620MB,(lfb,30x4MB),SWAP,349/3810MB,(cached,2MB),CPU,[8%@1344,0%@1344,0%@1344,0%@1344,0%@1344,0%@1344],GR3D_FREQ,0%,cpu@51.218C,soc2@49.312C,soc0@50.187C,gpu@50.968C,tj@51.218C,soc1@50.375C,VDD_IN,5683mW/5647mW,VDD_CPU_GPU_CV,1309mW/1309mW,VDD_SOC,2380mW/2379mW
07-26-2026,21:26:54,RAM,767/7620MB,(lfb,30x4MB),SWAP,349/3810MB,(cached,2MB),CPU,[0%@1344,0%@1344,0%@1344,0%@1344,0%@1344,0%@1344],GR3D_FREQ,0%,cpu@51.218C,soc2@49.281C,soc0@50.375C,gpu@51.187C,tj@51.218C,soc1@50.375C,VDD_IN,5643mW/5647mW,VDD_CPU_GPU_CV,1309mW/1309mW,VDD_SOC,2380mW/2379mW
07-26-2026,21:26:54,RAM,767/7620MB,(lfb,30x4MB),SWAP,349/3810MB,(cached,2MB),CPU,[0%@1344,0%@1344,0%@1344,0%@1344,0%@1344,0%@1344],GR3D_FREQ,0%,cpu@51.312C,soc2@49.312C,soc0@50.062C,gpu@51C,tj@51.312C,soc1@50.437C,VDD_IN,5643mW/5647mW,VDD_CPU_GPU_CV,1309mW/1309mW,VDD_SOC,2380mW/2379mW
07-26-2026,21:26:54,RAM,767/7620MB,(lfb,30x4MB),SWAP,349/3810MB,(cached,2MB),CPU,[9%@1344,9%@1344,0%@1344,0%@1344,0%@1344,0%@1344],GR3D_FREQ,0%,cpu@51.25C,soc2@49.343C,soc0@50.156C,gpu@51.187C,tj@51.25C,soc1@50.281C,VDD_IN,5643mW/5647mW,VDD_CPU_GPU_CV,1309mW/1309mW,VDD_SOC,2380mW/2379mW
07-26-2026,21:26:54,RAM,767/7620MB,(lfb,30x4MB),SWAP,349/3810MB,(cached,2MB),CPU,[0%@1344,9%@1344,0%@1344,0%@1344,0%@1344,0%@1344],GR3D_FREQ,0%,cpu@51.25C,soc2@49.343C,soc0@50.343C,gpu@51.406C,tj@51.5C,soc1@50.343C,VDD_IN,5683mW/5647mW,VDD_CPU_GPU_CV,1309mW/1309mW,VDD_SOC,2380mW/2379mW
07-26-2026,21:26:54,RAM,767/7620MB,(lfb,30x4MB),SWAP,349/3810MB,(cached,2MB),CPU,[0%@1344,0%@1344,0%@1344,0%@1344,0%@1344,0%@1344],GR3D_FREQ,0%,cpu@51.593C,soc2@49.281C,soc0@49.968C,gpu@51.25C,tj@51.593C,soc1@50.375C,VDD_IN,5683mW/5647mW,VDD_CPU_GPU_CV,1309mW/1309mW,VDD_SOC,2380mW/2379mW
07-26-2026,21:26:54,RAM,767/7620MB,(lfb,30x4MB),SWAP,349/3810MB,(cached,2MB),CPU,[0%@1344,0%@1344,0%@1344,0%@1344,0%@1344,0%@1344],GR3D_FREQ,0%,cpu@51.281C,soc2@49.343C,soc0@50.125C,gpu@51.125C,tj@51.281C,soc1@50.562C,VDD_IN,5683mW/5647mW,VDD_CPU_GPU_CV,1309mW/1309mW,VDD_SOC,2380mW/2379mW
07-26-2026,21:26:54,RAM,767/7620MB,(lfb,30x4MB),SWAP,349/3810MB,(cached,2MB),CPU,[9%@1344,0%@1344,0%@1344,0%@1344,0%@1344,0%@1344],GR3D_FREQ,0%,cpu@51.187C,soc2@49.218C,soc0@50.281C,gpu@51.468C,tj@51.468C,soc1@50.281C,VDD_IN,5683mW/5647mW,VDD_CPU_GPU_CV,1309mW/1309mW,VDD_SOC,2380mW/2379mW
07-26-2026,21:26:54,RAM,767/7620MB,(lfb,30x4MB),SWAP,349/3810MB,(cached,2MB),CPU,[0%@1344,0%@1344,9%@1344,0%@1344,0%@1344,0%@1344],GR3D_FREQ,0%,cpu@51.125C,soc2@49.312C,soc0@50.25C,gpu@51.25C,tj@51.25C,soc1@50.312C,VDD_IN,5643mW/5647mW,VDD_CPU_GPU_CV,1309mW/1309mW,VDD_SOC,2380mW/2379mW
07-26-2026,21:26:54,RAM,767/7620MB,(lfb,30x4MB),SWAP,349/3810MB,(cached,2MB),CPU,[0%@1344,0%@1344,0%@1344,0%@1344,0%@1344,0%@1344],GR3D_FREQ,0%,cpu@51.406C,soc2@49.343C,soc0@50.031C,gpu@51.218C,tj@51.406C,soc1@50.437C,VDD_IN,5683mW/5648mW,VDD_CPU_GPU_CV,1309mW/1309mW,VDD_SOC,2380mW/2379mW
07-26-2026,21:26:55,RAM,767/7620MB,(lfb,30x4MB),SWAP,349/3810MB,(cached,2MB),CPU,[0%@1344,0%@1344,0%@1344,0%@1344,0%@1344,0%@1344],GR3D_FREQ,0%,cpu@51.156C,soc2@49.406C,soc0@50.062C,gpu@51.406C,tj@51.406C,soc1@50.593C,VDD_IN,5683mW/5648mW,VDD_CPU_GPU_CV,1309mW/1309mW,VDD_SOC,2380mW/2379mW
07-26-2026,21:26:55,RAM,767/7620MB,(lfb,30x4MB),SWAP,349/3810MB,(cached,2MB),CPU,[0%@1344,0%@1344,0%@1344,0%@1344,0%@1344,0%@1344],GR3D_FREQ,0%,cpu@51.343C,soc2@49.312C,soc0@50.125C,gpu@51.187C,tj@51.343C,soc1@50.218C,VDD_IN,5683mW/5648mW,VDD_CPU_GPU_CV,1309mW/1309mW,VDD_SOC,2380mW/2379mW
07-26-2026,21:26:55,RAM,767/7620MB,(lfb,30x4MB),SWAP,349/3810MB,(cached,2MB),CPU,[9%@1344,0%@1344,0%@1344,0%@1344,0%@1344,0%@1344],GR3D_FREQ,0%,cpu@51.312C,soc2@49.312C,soc0@50.25C,gpu@51.218C,tj@51.312C,soc1@50.343C,VDD_IN,5643mW/5648mW,VDD_CPU_GPU_CV,1309mW/1309mW,VDD_SOC,2380mW/2379mW
07-26-2026,21:26:55,RAM,767/7620MB,(lfb,30x4MB),SWAP,349/3810MB,(cached,2MB),CPU,[9%@1344,0%@1344,0%@1344,0%@1344,0%@1344,0%@1344],GR3D_FREQ,0%,cpu@51.406C,soc2@49.406C,soc0@49.937C,gpu@51.406C,tj@51.406C,soc1@50.437C,VDD_IN,5683mW/5648mW,VDD_CPU_GPU_CV,1309mW/1309mW,VDD_SOC,2380mW/2379mW
07-26-2026,21:26:55,RAM,767/7620MB,(lfb,30x4MB),SWAP,349/3810MB,(cached,2MB),CPU,[9%@1344,0%@1344,0%@1344,0%@1344,0%@1344,0%@1344],GR3D_FREQ,0%,cpu@51.562C,soc2@49.406C,soc0@50.156C,gpu@51.218C,tj@51.562C,soc1@50.625C,VDD_IN,5683mW/5648mW,VDD_CPU_GPU_CV,1309mW/1309mW,VDD_SOC,2380mW/2379mW
07-26-2026,21:26:55,RAM,767/7620MB,(lfb,30x4MB),SWAP,349/3810MB,(cached,2MB),CPU,[0%@1344,0%@1344,0%@1344,0%@1344,0%@1344,0%@1344],GR3D_FREQ,0%,cpu@51.187C,soc2@49.187C,soc0@50.125C,gpu@51.062C,tj@51.187C,soc1@50.687C,VDD_IN,5683mW/5648mW,VDD_CPU_GPU_CV,1309mW/1309mW,VDD_SOC,2380mW/2379mW
07-26-2026,21:26:55,RAM,767/7620MB,(lfb,30x4MB),SWAP,349/3810MB,(cached,2MB),CPU,[8%@1344,0%@1344,0%@1344,0%@1344,0%@1344,0%@1344],GR3D_FREQ,0%,cpu@51.156C,soc2@49.25C,soc0@50.187C,gpu@51.406C,tj@51.406C,soc1@50.187C,VDD_IN,5683mW/5648mW,VDD_CPU_GPU_CV,1309mW/1309mW,VDD_SOC,2380mW/2379mW
07-26-2026,21:26:55,RAM,767/7620MB,(lfb,30x4MB),SWAP,349/3810MB,(cached,2MB),CPU,[0%@1344,0%@1344,0%@1344,0%@1344,0%@1344,0%@1344],GR3D_FREQ,0%,cpu@51.468C,soc2@49.375C,soc0@50.375C,gpu@51.187C,tj@51.468C,soc1@50.312C,VDD_IN,5683mW/5648mW,VDD_CPU_GPU_CV,1309mW/1309mW,VDD_SOC,2380mW/2379mW
07-26-2026,21:26:55,RAM,767/7620MB,(lfb,30x4MB),SWAP,349/3810MB,(cached,2MB),CPU,[0%@1344,0%@1344,0%@1344,0%@1344,0%@1344,0%@1344],GR3D_FREQ,0%,cpu@51.562C,soc2@49.406C,soc0@50.125C,gpu@51.093C,tj@51.562C,soc1@50.312C,VDD_IN,5683mW/5648mW,VDD_CPU_GPU_CV,1309mW/1309mW,VDD_SOC,2380mW/2379mW
07-26-2026,21:26:56,RAM,767/7620MB,(lfb,30x4MB),SWAP,349/3810MB,(cached,2MB),CPU,[0%@1344,0%@1344,0%@1344,0%@1344,0%@1344,0%@1344],GR3D_FREQ,0%,cpu@51.281C,soc2@49.375C,soc0@50.125C,gpu@51.343C,tj@51.343C,soc1@50.625C,VDD_IN,5683mW/5648mW,VDD_CPU_GPU_CV,1309mW/1309mW,VDD_SOC,2380mW/2379mW
07-26-2026,21:26:56,RAM,767/7620MB,(lfb,30x4MB),SWAP,349/3810MB,(cached,2MB),CPU,[0%@1344,0%@1344,0%@1344,0%@1344,0%@1344,0%@1344],GR3D_FREQ,0%,cpu@51.156C,soc2@49.343C,soc0@50.156C,gpu@51.156C,tj@51.156C,soc1@50.218C,VDD_IN,5683mW/5649mW,VDD_CPU_GPU_CV,1309mW/1309mW,VDD_SOC,2380mW/2379mW
07-26-2026,21:26:56,RAM,767/7620MB,(lfb,30x4MB),SWAP,349/3810MB,(cached,2MB),CPU,[0%@1344,0%@1344,0%@1344,0%@1344,0%@1344,0%@1344],GR3D_FREQ,0%,cpu@51.25C,soc2@49.281C,soc0@50.343C,gpu@51.031C,tj@51.375C,soc1@50.343C,VDD_IN,5643mW/5649mW,VDD_CPU_GPU_CV,1309mW/1309mW,VDD_SOC,2380mW/2379mW
07-26-2026,21:26:56,RAM,767/7620MB,(lfb,30x4MB),SWAP,349/3810MB,(cached,2MB),CPU,[23%@1344,9%@1344,0%@1344,0%@1344,0%@1344,0%@1344],GR3D_FREQ,0%,cpu@51.468C,soc2@49.437C,soc0@50.062C,gpu@50.968C,tj@51.468C,soc1@50.593C,VDD_IN,5683mW/5649mW,VDD_CPU_GPU_CV,1309mW/1309mW,VDD_SOC,2380mW/2379mW
07-26-2026,21:26:56,RAM,767/7620MB,(lfb,30x4MB),SWAP,349/3810MB,(cached,2MB),CPU,[0%@1344,8%@1344,0%@1344,0%@1344,0%@1344,0%@1344],GR3D_FREQ,0%,cpu@51.625C,soc2@49.281C,soc0@50.218C,gpu@50.906C,tj@51.625C,soc1@50.312C,VDD_IN,5683mW/5649mW,VDD_CPU_GPU_CV,1309mW/1309mW,VDD_SOC,2380mW/2379mW
07-26-2026,21:26:56,RAM,767/7620MB,(lfb,30x4MB),SWAP,349/3810MB,(cached,2MB),CPU,[0%@1344,0%@1344,0%@1344,0%@1344,0%@1344,0%@1344],GR3D_FREQ,0%,cpu@51.25C,soc2@49.25C,soc0@50.281C,gpu@51.156C,tj@51.25C,soc1@50.375C,VDD_IN,5683mW/5649mW,VDD_CPU_GPU_CV,1309mW/1309mW,VDD_SOC,2380mW/2379mW
07-26-2026,21:26:56,RAM,767/7620MB,(lfb,30x4MB),SWAP,349/3810MB,(cached,2MB),CPU,[0%@1344,0%@1344,0%@1344,0%@1344,0%@1344,0%@1344],GR3D_FREQ,0%,cpu@51.375C,soc2@49.281C,soc0@50.375C,gpu@51.031C,tj@51.375C,soc1@50.437C,VDD_IN,5643mW/5649mW,VDD_CPU_GPU_CV,1309mW/1309mW,VDD_SOC,2380mW/2379mW
07-26-2026,21:26:56,RAM,767/7620MB,(lfb,30x4MB),SWAP,349/3810MB,(cached,2MB),CPU,[0%@1344,0%@1344,0%@1344,0%@1344,0%@1344,0%@1344],GR3D_FREQ,0%,cpu@51.468C,soc2@49.406C,soc0@50.218C,gpu@51C,tj@51.468C,soc1@50.375C,VDD_IN,5643mW/5649mW,VDD_CPU_GPU_CV,1309mW/1309mW,VDD_SOC,2380mW/2379mW
07-26-2026,21:26:56,RAM,767/7620MB,(lfb,30x4MB),SWAP,349/3810MB,(cached,2MB),CPU,[0%@1344,0%@1344,0%@1344,0%@1344,0%@1344,0%@1344],GR3D_FREQ,0%,cpu@51.5C,soc2@49.25C,soc0@50.093C,gpu@51.093C,tj@51.5C,soc1@50.187C,VDD_IN,5643mW/5649mW,VDD_CPU_GPU_CV,1309mW/1309mW,VDD_SOC,2380mW/2379mW
07-26-2026,21:26:56,RAM,767/7620MB,(lfb,30x4MB),SWAP,349/3810MB,(cached,2MB),CPU,[0%@1344,0%@1344,0%@1344,9%@1344,9%@1344,0%@1344],GR3D_FREQ,0%,cpu@51.218C,soc2@49.312C,soc0@50.312C,gpu@50.937C,tj@51.218C,soc1@50.281C,VDD_IN,5683mW/5649mW,VDD_CPU_GPU_CV,1309mW/1309mW,VDD_SOC,2380mW/2379mW
07-26-2026,21:26:57,RAM,767/7620MB,(lfb,30x4MB),SWAP,349/3810MB,(cached,2MB),CPU,[9%@1344,0%@1344,0%@1344,0%@1344,0%@1344,0%@1344],GR3D_FREQ,0%,cpu@51.375C,soc2@49.25C,soc0@50.312C,gpu@51.562C,tj@51.562C,soc1@50.281C,VDD_IN,5683mW/5649mW,VDD_CPU_GPU_CV,1309mW/1309mW,VDD_SOC,2380mW/2379mW
07-26-2026,21:26:57,RAM,767/7620MB,(lfb,30x4MB),SWAP,349/3810MB,(cached,2MB),CPU,[0%@1344,0%@1344,0%@1344,0%@1344,0%@1344,0%@1344],GR3D_FREQ,0%,cpu@51.437C,soc2@49.312C,soc0@50.031C,gpu@51.031C,tj@51.437C,soc1@50.437C,VDD_IN,5683mW/5649mW,VDD_CPU_GPU_CV,1309mW/1309mW,VDD_SOC,2380mW/2379mW
07-26-2026,21:26:57,RAM,767/7620MB,(lfb,30x4MB),SWAP,349/3810MB,(cached,2MB),CPU,[0%@1344,0%@1344,0%@1344,0%@1344,0%@1344,0%@1344],GR3D_FREQ,0%,cpu@51.468C,soc2@49.25C,soc0@50.093C,gpu@50.937C,tj@51.468C,soc1@50.656C,VDD_IN,5643mW/5649mW,VDD_CPU_GPU_CV,1309mW/1309mW,VDD_SOC,2380mW/2379mW
07-26-2026,21:26:57,RAM,767/7620MB,(lfb,30x4MB),SWAP,349/3810MB,(cached,2MB),CPU,[9%@1344,0%@1344,0%@1344,0%@1344,0%@1344,0%@1344],GR3D_FREQ,0%,cpu@51.281C,soc2@49.343C,soc0@50.187C,gpu@51.406C,tj@51.406C,soc1@50.25C,VDD_IN,5683mW/5649mW,VDD_CPU_GPU_CV,1309mW/1309mW,VDD_SOC,2380mW/2379mW
07-26-2026,21:26:57,RAM,767/7620MB,(lfb,30x4MB),SWAP,349/3810MB,(cached,2MB),CPU,[0%@1344,0%@1344,0%@1344,0%@1344,0%@1344,0%@1344],GR3D_FREQ,0%,cpu@51.281C,soc2@49.25C,soc0@50.218C,gpu@51C,tj@51.281C,soc1@50.343C,VDD_IN,5683mW/5649mW,VDD_CPU_GPU_CV,1309mW/1309mW,VDD_SOC,2380mW/2379mW
07-26-2026,21:26:57,RAM,767/7620MB,(lfb,30x4MB),SWAP,349/3810MB,(cached,2MB),CPU,[8%@1344,0%@1344,0%@1344,0%@1344,0%@1344,0%@1344],GR3D_FREQ,0%,cpu@51.406C,soc2@49.25C,soc0@50.125C,gpu@50.968C,tj@51.406C,soc1@50.343C,VDD_IN,5683mW/5649mW,VDD_CPU_GPU_CV,1309mW/1309mW,VDD_SOC,2380mW/2379mW
07-26-2026,21:26:57,RAM,767/7620MB,(lfb,30x4MB),SWAP,349/3810MB,(cached,2MB),CPU,[0%@1344,0%@1344,0%@1344,0%@1344,0%@1344,0%@1344],GR3D_FREQ,0%,cpu@51.5C,soc2@49.437C,soc0@50.156C,gpu@51.437C,tj@51.5C,soc1@50.562C,VDD_IN,5643mW/5649mW,VDD_CPU_GPU_CV,1309mW/1309mW,VDD_SOC,2380mW/2379mW
07-26-2026,21:26:57,RAM,767/7620MB,(lfb,30x4MB),SWAP,349/3810MB,(cached,2MB),CPU,[0%@1344,0%@1344,0%@1344,0%@1344,0%@1344,0%@1344],GR3D_FREQ,0%,cpu@51.656C,soc2@49.281C,soc0@50.125C,gpu@50.968C,tj@51.156C,soc1@50.25C,VDD_IN,5683mW/5649mW,VDD_CPU_GPU_CV,1309mW/1309mW,VDD_SOC,2380mW/2379mW
07-26-2026,21:26:57,RAM,767/7620MB,(lfb,30x4MB),SWAP,349/3810MB,(cached,2MB),CPU,[9%@1344,0%@1344,8%@1344,0%@1344,0%@1344,9%@1344],GR3D_FREQ,0%,cpu@51.25C,soc2@49.25C,soc0@50.187C,gpu@50.968C,tj@51.25C,soc1@50.343C,VDD_IN,5683mW/5649mW,VDD_CPU_GPU_CV,1309mW/1309mW,VDD_SOC,2380mW/2379mW
07-26-2026,21:26:58,RAM,767/7620MB,(lfb,30x4MB),SWAP,349/3810MB,(cached,2MB),CPU,[0%@1344,0%@1344,0%@1344,0%@1344,0%@1344,0%@1344],GR3D_FREQ,0%,cpu@51.406C,soc2@49.437C,soc0@50.375C,gpu@51.406C,tj@51.406C,soc1@50.468C,VDD_IN,5683mW/5650mW,VDD_CPU_GPU_CV,1309mW/1309mW,VDD_SOC,2380mW/2379mW
07-26-2026,21:26:58,RAM,767/7620MB,(lfb,30x4MB),SWAP,349/3810MB,(cached,2MB),CPU,[0%@1344,0%@1344,0%@1344,0%@1344,0%@1344,0%@1344],GR3D_FREQ,0%,cpu@51.437C,soc2@49.406C,soc0@50.093C,gpu@51C,tj@51.437C,soc1@50.531C,VDD_IN,5683mW/5650mW,VDD_CPU_GPU_CV,1309mW/1309mW,VDD_SOC,2380mW/2379mW
07-26-2026,21:26:58,RAM,767/7620MB,(lfb,30x4MB),SWAP,349/3810MB,(cached,2MB),CPU,[0%@1344,0%@1344,0%@1344,0%@1344,0%@1344,0%@1344],GR3D_FREQ,0%,cpu@51.531C,soc2@49.312C,soc0@50.062C,gpu@50.968C,tj@51.531C,soc1@50.656C,VDD_IN,5643mW/5650mW,VDD_CPU_GPU_CV,1309mW/1309mW,VDD_SOC,2380mW/2379mW
07-26-2026,21:26:58,RAM,767/7620MB,(lfb,30x4MB),SWAP,349/3810MB,(cached,2MB),CPU,[9%@1344,9%@1344,0%@1344,0%@1344,0%@1344,0%@1344],GR3D_FREQ,0%,cpu@51.312C,soc2@49.375C,soc0@50.312C,gpu@51.062C,tj@51.312C,soc1@50.281C,VDD_IN,5683mW/5650mW,VDD_CPU_GPU_CV,1309mW/1309mW,VDD_SOC,2380mW/2379mW
07-26-2026,21:26:58,RAM,767/7620MB,(lfb,30x4MB),SWAP,349/3810MB,(cached,2MB),CPU,[0%@1344,9%@1344,0%@1344,0%@1344,0%@1344,0%@1344],GR3D_FREQ,0%,cpu@51.312C,soc2@49.281C,soc0@50.156C,gpu@51.218C,tj@51.312C,soc1@50.406C,VDD_IN,5683mW/5650mW,VDD_CPU_GPU_CV,1309mW/1309mW,VDD_SOC,2380mW/2379mW
07-26-2026,21:26:58,RAM,767/7620MB,(lfb,30x4MB),SWAP,349/3810MB,(cached,2MB),CPU,[0%@1344,0%@1344,0%@1344,0%@1344,0%@1344,0%@1344],GR3D_FREQ,0%,cpu@51.5C,soc2@49.187C,soc0@50.156C,gpu@51.093C,tj@51.5C,soc1@50.687C,VDD_IN,5683mW/5650mW,VDD_CPU_GPU_CV,1309mW/1309mW,VDD_SOC,2380mW/2379mW
07-26-2026,21:26:58,RAM,767/7620MB,(lfb,30x4MB),SWAP,349/3810MB,(cached,2MB),CPU,[9%@1344,0%@1344,0%@1344,0%@1344,0%@1344,0%@1344],GR3D_FREQ,0%,cpu@51.218C,soc2@49.312C,soc0@50.218C,gpu@51.031C,tj@51.218C,soc1@50.187C,VDD_IN,5643mW/5650mW,VDD_CPU_GPU_CV,1309mW/1309mW,VDD_SOC,2380mW/2379mW
07-26-2026,21:26:58,RAM,767/7620MB,(lfb,30x4MB),SWAP,349/3810MB,(cached,2MB),CPU,[8%@1344,0%@1344,0%@1344,0%@1344,0%@1344,0%@1344],GR3D_FREQ,0%,cpu@51.25C,soc2@49.281C,soc0@50.312C,gpu@51.218C,tj@51.25C,soc1@50.437C,VDD_IN,5683mW/5650mW,VDD_CPU_GPU_CV,1309mW/1309mW,VDD_SOC,2380mW/2379mW
07-26-2026,21:26:58,RAM,767/7620MB,(lfb,30x4MB),SWAP,349/3810MB,(cached,2MB),CPU,[0%@1344,0%@1344,0%@1344,0%@1344,0%@1344,0%@1344],GR3D_FREQ,0%,cpu@51.281C,soc2@49.343C,soc0@50.125C,gpu@51.031C,tj@51.281C,soc1@50.25C,VDD_IN,5643mW/5650mW,VDD_CPU_GPU_CV,1309mW/1309mW,VDD_SOC,2380mW/2379mW
07-26-2026,21:26:58,RAM,767/7620MB,(lfb,30x4MB),SWAP,349/3810MB,(cached,2MB),CPU,[0%@1344,0%@1344,0%@1344,0%@1344,9%@1344,0%@1344],GR3D_FREQ,0%,cpu@51.406C,soc2@49.343C,soc0@50.25C,gpu@51.031C,tj@51.406C,soc1@50.593C,VDD_IN,5683mW/5650mW,VDD_CPU_GPU_CV,1309mW/1309mW,VDD_SOC,2380mW/2379mW
07-26-2026,21:26:59,RAM,767/7620MB,(lfb,30x4MB),SWAP,349/3810MB,(cached,2MB),CPU,[9%@1344,0%@1344,0%@1344,0%@1344,0%@1344,0%@1344],GR3D_FREQ,0%,cpu@51.437C,soc2@49.25C,soc0@50.156C,gpu@51.25C,tj@51.25C,soc1@50.312C,VDD_IN,5683mW/5650mW,VDD_CPU_GPU_CV,1309mW/1309mW,VDD_SOC,2380mW/2379mW
07-26-2026,21:26:59,RAM,767/7620MB,(lfb,30x4MB),SWAP,349/3810MB,(cached,2MB),CPU,[0%@1344,0%@1344,0%@1344,0%@1344,0%@1344,0%@1344],GR3D_FREQ,0%,cpu@51.281C,soc2@49.343C,soc0@50.281C,gpu@51.125C,tj@51.281C,soc1@50.281C,VDD_IN,5683mW/5650mW,VDD_CPU_GPU_CV,1309mW/1309mW,VDD_SOC,2380mW/2379mW
07-26-2026,21:26:59,RAM,767/7620MB,(lfb,30x4MB),SWAP,349/3810MB,(cached,2MB),CPU,[0%@1344,0%@1344,0%@1344,0%@1344,0%@1344,0%@1344],GR3D_FREQ,0%,cpu@51.187C,soc2@49.25C,soc0@50.375C,gpu@51.031C,tj@51.187C,soc1@50.468C,VDD_IN,5643mW/5650mW,VDD_CPU_GPU_CV,1309mW/1309mW,VDD_SOC,2380mW/2379mW
07-26-2026,21:26:59,RAM,767/7620MB,(lfb,30x4MB),SWAP,349/3810MB,(cached,2MB),CPU,[10%@1344,0%@1344,0%@1344,0%@1344,0%@1344,0%@1344],GR3D_FREQ,0%,cpu@51.406C,soc2@49.5C,soc0@50.093C,gpu@51.125C,tj@51.406C,soc1@50.562C,VDD_IN,5683mW/5650mW,VDD_CPU_GPU_CV,1309mW/1309mW,VDD_SOC,2380mW/2379mW
07-26-2026,21:26:59,RAM,767/7620MB,(lfb,30x4MB),SWAP,349/3810MB,(cached,2MB),CPU,[0%@1344,0%@1344,0%@1344,0%@1344,0%@1344,0%@1344],GR3D_FREQ,0%,cpu@51.281C,soc2@49.281C,soc0@50.093C,gpu@51.062C,tj@51.218C,soc1@50.281C,VDD_IN,5683mW/5650mW,VDD_CPU_GPU_CV,1309mW/1309mW,VDD_SOC,2380mW/2379mW
07-26-2026,21:26:59,RAM,767/7620MB,(lfb,30x4MB),SWAP,349/3810MB,(cached,2MB),CPU,[0%@1344,0%@1344,0%@1344,0%@1344,0%@1344,0%@1344],GR3D_FREQ,0%,cpu@51.187C,soc2@49.406C,soc0@50.312C,gpu@51.031C,tj@51.187C,soc1@50.25C,VDD_IN,5683mW/5650mW,VDD_CPU_GPU_CV,1309mW/1309mW,VDD_SOC,2380mW/2379mW
07-26-2026,21:26:59,RAM,767/7620MB,(lfb,30x4MB),SWAP,349/3810MB,(cached,2MB),CPU,[0%@1344,0%@1344,0%@1344,0%@1344,0%@1344,0%@1344],GR3D_FREQ,0%,cpu@51.218C,soc2@49.312C,soc0@50.281C,gpu@51.125C,tj@51.218C,soc1@50.406C,VDD_IN,5643mW/5650mW,VDD_CPU_GPU_CV,1309mW/1309mW,VDD_SOC,2380mW/2379mW
07-26-2026,21:26:59,RAM,767/7620MB,(lfb,30x4MB),SWAP,349/3810MB,(cached,2MB),CPU,[0%@1344,0%@1344,0%@1344,0%@1344,0%@1344,0%@1344],GR3D_FREQ,0%,cpu@51.281C,soc2@49.343C,soc0@50.093C,gpu@51C,tj@51.25C,soc1@50.531C,VDD_IN,5683mW/5651mW,VDD_CPU_GPU_CV,1309mW/1309mW,VDD_SOC,2380mW/2379mW
07-26-2026,21:26:59,RAM,768/7620MB,(lfb,30x4MB),SWAP,349/3810MB,(cached,2MB),CPU,[9%@1344,8%@1344,0%@1344,0%@1344,0%@1344,8%@1344],GR3D_FREQ,0%,cpu@51.312C,soc2@49.406C,soc0@50.125C,gpu@51.062C,tj@51.312C,soc1@50.5C,VDD_IN,5683mW/5651mW,VDD_CPU_GPU_CV,1309mW/1309mW,VDD_SOC,2380mW/2379mW
07-26-2026,21:27:00,RAM,767/7620MB,(lfb,30x4MB),SWAP,349/3810MB,(cached,2MB),CPU,[0%@1344,0%@1344,0%@1344,0%@1344,0%@1344,0%@1344],GR3D_FREQ,0%,cpu@51.156C,soc2@49.312C,soc0@50.187C,gpu@51.093C,tj@51.156C,soc1@50.25C,VDD_IN,5683mW/5651mW,VDD_CPU_GPU_CV,1309mW/1309mW,VDD_SOC,2380mW/2379mW
07-26-2026,21:27:00,RAM,767/7620MB,(lfb,30x4MB),SWAP,349/3810MB,(cached,2MB),CPU,[0%@1344,0%@1344,0%@1344,0%@1344,0%@1344,0%@1344],GR3D_FREQ,0%,cpu@51.218C,soc2@49.406C,soc0@50.25C,gpu@51.062C,tj@51.218C,soc1@50.312C,VDD_IN,5683mW/5651mW,VDD_CPU_GPU_CV,1309mW/1309mW,VDD_SOC,2380mW/2379mW
07-26-2026,21:27:00,RAM,767/7620MB,(lfb,30x4MB),SWAP,349/3810MB,(cached,2MB),CPU,[0%@1344,0%@1344,0%@1344,0%@1344,0%@1344,0%@1344],GR3D_FREQ,0%,cpu@51.312C,soc2@49.5C,soc0@50.125C,gpu@50.937C,tj@51.312C,soc1@50.437C,VDD_IN,5683mW/5651mW,VDD_CPU_GPU_CV,1309mW/1309mW,VDD_SOC,2380mW/2379mW
07-26-2026,21:27:00,RAM,767/7620MB,(lfb,30x4MB),SWAP,349/3810MB,(cached,2MB),CPU,[9%@1344,0%@1344,0%@1344,0%@1344,0%@1344,0%@1344],GR3D_FREQ,0%,cpu@51.343C,soc2@49.312C,soc0@50.125C,gpu@51.5C,tj@51.5C,soc1@50.218C,VDD_IN,5683mW/5651mW,VDD_CPU_GPU_CV,1309mW/1309mW,VDD_SOC,2380mW/2379mW
07-26-2026,21:27:00,RAM,767/7620MB,(lfb,30x4MB),SWAP,349/3810MB,(cached,2MB),CPU,[0%@1344,0%@1344,0%@1344,0%@1344,0%@1344,0%@1344],GR3D_FREQ,0%,cpu@51.187C,soc2@49.406C,soc0@50.125C,gpu@51.375C,tj@51.375C,soc1@50.375C,VDD_IN,5683mW/5651mW,VDD_CPU_GPU_CV,1309mW/1309mW,VDD_SOC,2380mW/2379mW
07-26-2026,21:27:00,RAM,767/7620MB,(lfb,30x4MB),SWAP,349/3810MB,(cached,2MB),CPU,[0%@1344,0%@1344,0%@1344,0%@1344,0%@1344,0%@1344],GR3D_FREQ,0%,cpu@51.406C,soc2@49.343C,soc0@50.343C,gpu@50.906C,tj@51.406C,soc1@50.468C,VDD_IN,5683mW/5651mW,VDD_CPU_GPU_CV,1309mW/1309mW,VDD_SOC,2380mW/2379mW
07-26-2026,21:27:00,RAM,767/7620MB,(lfb,30x4MB),SWAP,349/3810MB,(cached,2MB),CPU,[0%@1344,0%@1344,0%@1344,0%@1344,0%@1344,0%@1344],GR3D_FREQ,0%,cpu@51.531C,soc2@49.437C,soc0@50.093C,gpu@51.437C,tj@51.531C,soc1@50.468C,VDD_IN,5683mW/5651mW,VDD_CPU_GPU_CV,1309mW/1309mW,VDD_SOC,2380mW/2379mW
07-26-2026,21:27:00,RAM,767/7620MB,(lfb,30x4MB),SWAP,349/3810MB,(cached,2MB),CPU,[0%@1344,0%@1344,0%@1344,0%@1344,0%@1344,0%@1344],GR3D_FREQ,0%,cpu@51.218C,soc2@49.312C,soc0@50.093C,gpu@51.312C,tj@51.312C,soc1@50.25C,VDD_IN,5643mW/5651mW,VDD_CPU_GPU_CV,1309mW/1309mW,VDD_SOC,2380mW/2379mW
07-26-2026,21:27:00,RAM,767/7620MB,(lfb,30x4MB),SWAP,349/3810MB,(cached,2MB),CPU,[9%@1344,0%@1344,0%@1344,0%@1344,0%@1344,0%@1344],GR3D_FREQ,0%,cpu@51.187C,soc2@49.281C,soc0@50.218C,gpu@50.968C,tj@51.187C,soc1@50.25C,VDD_IN,5643mW/5651mW,VDD_CPU_GPU_CV,1309mW/1309mW,VDD_SOC,2380mW/2379mW
07-26-2026,21:27:00,RAM,768/7620MB,(lfb,30x4MB),SWAP,349/3810MB,(cached,2MB),CPU,[0%@1344,0%@1344,9%@1344,0%@1344,8%@1344,0%@1344],GR3D_FREQ,0%,cpu@51.437C,soc2@49.406C,soc0@50.312C,gpu@51.406C,tj@51.437C,soc1@50.343C,VDD_IN,5683mW/5651mW,VDD_CPU_GPU_CV,1309mW/1309mW,VDD_SOC,2380mW/2379mW
07-26-2026,21:27:01,RAM,768/7620MB,(lfb,30x4MB),SWAP,349/3810MB,(cached,2MB),CPU,[9%@1344,0%@1344,0%@1344,0%@1344,0%@1344,0%@1344],GR3D_FREQ,0%,cpu@51.468C,soc2@49.375C,soc0@50.125C,gpu@51.312C,tj@51.468C,soc1@50.468C,VDD_IN,5683mW/5651mW,VDD_CPU_GPU_CV,1309mW/1309mW,VDD_SOC,2380mW/2379mW
07-26-2026,21:27:01,RAM,768/7620MB,(lfb,30x4MB),SWAP,349/3810MB,(cached,2MB),CPU,[0%@1344,0%@1344,0%@1344,0%@1344,0%@1344,0%@1344],GR3D_FREQ,0%,cpu@51.156C,soc2@49.343C,soc0@50.031C,gpu@50.968C,tj@51.093C,soc1@50.5C,VDD_IN,5683mW/5651mW,VDD_CPU_GPU_CV,1309mW/1309mW,VDD_SOC,2380mW/2379mW
07-26-2026,21:27:01,RAM,768/7620MB,(lfb,30x4MB),SWAP,349/3810MB,(cached,2MB),CPU,[0%@1344,0%@1344,0%@1344,0%@1344,0%@1344,0%@1344],GR3D_FREQ,0%,cpu@51.218C,soc2@49.312C,soc0@50.281C,gpu@51.437C,tj@51.437C,soc1@50.281C,VDD_IN,5643mW/5651mW,VDD_CPU_GPU_CV,1309mW/1309mW,VDD_SOC,2380mW/2379mW
07-26-2026,21:27:01,RAM,768/7620MB,(lfb,30x4MB),SWAP,349/3810MB,(cached,2MB),CPU,[9%@1344,10%@1344,0%@1344,0%@1344,0%@1344,0%@1344],GR3D_FREQ,0%,cpu@51.375C,soc2@49.406C,soc0@50.375C,gpu@51.218C,tj@51.375C,soc1@50.343C,VDD_IN,5683mW/5651mW,VDD_CPU_GPU_CV,1309mW/1309mW,VDD_SOC,2380mW/2379mW
07-26-2026,21:27:01,RAM,768/7620MB,(lfb,30x4MB),SWAP,349/3810MB,(cached,2MB),CPU,[0%@1344,0%@1344,0%@1344,0%@1344,0%@1344,0%@1344],GR3D_FREQ,0%,cpu@51.468C,soc2@49.375C,soc0@50.093C,gpu@51C,tj@51.468C,soc1@50.437C,VDD_IN,5683mW/5652mW,VDD_CPU_GPU_CV,1309mW/1309mW,VDD_SOC,2380mW/2379mW
07-26-2026,21:27:01,RAM,768/7620MB,(lfb,30x4MB),SWAP,349/3810MB,(cached,2MB),CPU,[9%@1344,0%@1344,0%@1344,0%@1344,0%@1344,0%@1344],GR3D_FREQ,0%,cpu@51.718C,soc2@49.281C,soc0@50.125C,gpu@51.375C,tj@51.718C,soc1@50.593C,VDD_IN,5683mW/5652mW,VDD_CPU_GPU_CV,1309mW/1309mW,VDD_SOC,2380mW/2379mW
07-26-2026,21:27:01,RAM,768/7620MB,(lfb,30x4MB),SWAP,349/3810MB,(cached,2MB),CPU,[0%@1344,0%@1344,0%@1344,0%@1344,0%@1344,0%@1344],GR3D_FREQ,0%,cpu@51.156C,soc2@49.281C,soc0@50.218C,gpu@51.187C,tj@51.187C,soc1@50.281C,VDD_IN,5643mW/5652mW,VDD_CPU_GPU_CV,1309mW/1309mW,VDD_SOC,2380mW/2379mW
07-26-2026,21:27:01,RAM,768/7620MB,(lfb,30x4MB),SWAP,349/3810MB,(cached,2MB),CPU,[0%@1344,0%@1344,0%@1344,0%@1344,0%@1344,0%@1344],GR3D_FREQ,0%,cpu@51.25C,soc2@49.375C,soc0@50.187C,gpu@51.468C,tj@51.468C,soc1@50.343C,VDD_IN,5643mW/5652mW,VDD_CPU_GPU_CV,1309mW/1309mW,VDD_SOC,2380mW/2379mW
07-26-2026,21:27:01,RAM,768/7620MB,(lfb,30x4MB),SWAP,349/3810MB,(cached,2MB),CPU,[0%@1344,0%@1344,0%@1344,0%@1344,0%@1344,0%@1344],GR3D_FREQ,0%,cpu@51.437C,soc2@49.25C,soc0@50.437C,gpu@51.406C,tj@51.437C,soc1@50.312C,VDD_IN,5643mW/5652mW,VDD_CPU_GPU_CV,1309mW/1309mW,VDD_SOC,2380mW/2379mW
07-26-2026,21:27:02,RAM,766/7620MB,(lfb,30x4MB),SWAP,349/3810MB,(cached,2MB),CPU,[0%@1344,0%@1344,0%@1344,0%@1344,0%@1344,0%@1344],GR3D_FREQ,0%,cpu@51.656C,soc2@49.5C,soc0@50.125C,gpu@51.187C,tj@51.656C,soc1@50.562C,VDD_IN,5683mW/5652mW,VDD_CPU_GPU_CV,1309mW/1309mW,VDD_SOC,2380mW/2379mW
07-26-2026,21:27:02,RAM,766/7620MB,(lfb,30x4MB),SWAP,349/3810MB,(cached,2MB),CPU,[0%@1344,0%@1344,9%@1344,0%@1344,0%@1344,0%@1344],GR3D_FREQ,0%,cpu@51.125C,soc2@49.218C,soc0@50.125C,gpu@51.437C,tj@51.437C,soc1@50.25C,VDD_IN,5683mW/5652mW,VDD_CPU_GPU_CV,1309mW/1309mW,VDD_SOC,2380mW/2379mW
07-26-2026,21:27:02,RAM,766/7620MB,(lfb,30x4MB),SWAP,349/3810MB,(cached,2MB),CPU,[0%@1344,0%@1344,0%@1344,0%@1344,0%@1344,0%@1344],GR3D_FREQ,0%,cpu@51.218C,soc2@49.343C,soc0@50.187C,gpu@51.281C,tj@51.281C,soc1@50.218C,VDD_IN,5643mW/5652mW,VDD_CPU_GPU_CV,1309mW/1309mW,VDD_SOC,2380mW/2379mW
07-26-2026,21:27:02,RAM,766/7620MB,(lfb,30x4MB),SWAP,349/3810MB,(cached,2MB),CPU,[16%@1344,9%@1344,0%@1344,0%@1344,0%@1344,0%@1344],GR3D_FREQ,0%,cpu@51.5C,soc2@49.437C,soc0@50.093C,gpu@51.093C,tj@51.5C,soc1@50.406C,VDD_IN,5683mW/5652mW,VDD_CPU_GPU_CV,1309mW/1309mW,VDD_SOC,2380mW/2379mW
07-26-2026,21:27:02,RAM,765/7620MB,(lfb,30x4MB),SWAP,349/3810MB,(cached,2MB),CPU,[0%@1344,9%@1344,0%@1344,0%@1344,0%@1344,0%@1344],GR3D_FREQ,0%,cpu@51.531C,soc2@49.218C,soc0@50.187C,gpu@51.093C,tj@51.531C,soc1@50.593C,VDD_IN,5683mW/5652mW,VDD_CPU_GPU_CV,1309mW/1309mW,VDD_SOC,2380mW/2379mW
07-26-2026,21:27:02,RAM,765/7620MB,(lfb,30x4MB),SWAP,349/3810MB,(cached,2MB),CPU,[0%@1344,0%@1344,0%@1344,0%@1344,0%@1344,0%@1344],GR3D_FREQ,0%,cpu@51.187C,soc2@49.343C,soc0@50.156C,gpu@51.031C,tj@51.187C,soc1@50.312C,VDD_IN,5683mW/5652mW,VDD_CPU_GPU_CV,1309mW/1309mW,VDD_SOC,2380mW/2379mW
07-26-2026,21:27:02,RAM,765/7620MB,(lfb,30x4MB),SWAP,349/3810MB,(cached,2MB),CPU,[0%@1344,0%@1344,0%@1344,0%@1344,0%@1344,0%@1344],GR3D_FREQ,0%,cpu@51.25C,soc2@49.25C,soc0@50.25C,gpu@51.156C,tj@51.25C,soc1@50.312C,VDD_IN,5643mW/5652mW,VDD_CPU_GPU_CV,1309mW/1309mW,VDD_SOC,2380mW/2379mW
07-26-2026,21:27:02,RAM,765/7620MB,(lfb,30x4MB),SWAP,349/3810MB,(cached,2MB),CPU,[9%@1344,0%@1344,0%@1344,0%@1344,0%@1344,0%@1344],GR3D_FREQ,0%,cpu@51.343C,soc2@49.343C,soc0@50.093C,gpu@51.125C,tj@51.343C,soc1@50.406C,VDD_IN,5643mW/5652mW,VDD_CPU_GPU_CV,1309mW/1309mW,VDD_SOC,2380mW/2379mW
07-26-2026,21:27:02,RAM,765/7620MB,(lfb,30x4MB),SWAP,349/3810MB,(cached,2MB),CPU,[0%@1344,0%@1344,0%@1344,0%@1344,0%@1344,0%@1344],GR3D_FREQ,0%,cpu@51.5C,soc2@49.312C,soc0@50.156C,gpu@50.968C,tj@51.5C,soc1@50.593C,VDD_IN,5643mW/5652mW,VDD_CPU_GPU_CV,1309mW/1309mW,VDD_SOC,2380mW/2379mW
07-26-2026,21:27:02,RAM,766/7620MB,(lfb,30x4MB),SWAP,349/3810MB,(cached,2MB),CPU,[0%@1344,0%@1344,0%@1344,0%@1344,0%@1344,0%@1344],GR3D_FREQ,0%,cpu@51.656C,soc2@49.375C,soc0@50.187C,gpu@51.218C,tj@51.281C,soc1@50.25C,VDD_IN,5683mW/5652mW,VDD_CPU_GPU_CV,1309mW/1309mW,VDD_SOC,2380mW/2379mW
07-26-2026,21:27:03,RAM,766/7620MB,(lfb,30x4MB),SWAP,349/3810MB,(cached,2MB),CPU,[9%@1344,0%@1344,0%@1344,0%@1344,0%@1344,0%@1344],GR3D_FREQ,0%,cpu@51.343C,soc2@49.343C,soc0@50.25C,gpu@51.031C,tj@51.343C,soc1@50.25C,VDD_IN,5683mW/5652mW,VDD_CPU_GPU_CV,1309mW/1309mW,VDD_SOC,2380mW/2379mW
07-26-2026,21:27:03,RAM,766/7620MB,(lfb,30x4MB),SWAP,349/3810MB,(cached,2MB),CPU,[0%@1344,0%@1344,0%@1344,0%@1344,0%@1344,0%@1344],GR3D_FREQ,0%,cpu@51.468C,soc2@49.281C,soc0@50.343C,gpu@50.906C,tj@51.468C,soc1@50.312C,VDD_IN,5643mW/5652mW,VDD_CPU_GPU_CV,1309mW/1309mW,VDD_SOC,2380mW/2379mW
07-26-2026,21:27:03,RAM,766/7620MB,(lfb,30x4MB),SWAP,349/3810MB,(cached,2MB),CPU,[0%@1344,0%@1344,0%@1344,8%@1344,0%@1344,0%@1344],GR3D_FREQ,0%,cpu@51.437C,soc2@49.406C,soc0@50.093C,gpu@51.062C,tj@51.437C,soc1@50.531C,VDD_IN,5643mW/5652mW,VDD_CPU_GPU_CV,1309mW/1309mW,VDD_SOC,2380mW/2379mW
07-26-2026,21:27:03,RAM,766/7620MB,(lfb,30x4MB),SWAP,349/3810MB,(cached,2MB),CPU,[9%@1344,9%@1344,0%@1344,0%@1344,0%@1344,0%@1344],GR3D_FREQ,0%,cpu@51.562C,soc2@49.375C,soc0@50.125C,gpu@51.031C,tj@51.562C,soc1@50.687C,VDD_IN,5683mW/5652mW,VDD_CPU_GPU_CV,1309mW/1309mW,VDD_SOC,2380mW/2379mW
07-26-2026,21:27:03,RAM,766/7620MB,(lfb,30x4MB),SWAP,349/3810MB,(cached,2MB),CPU,[9%@1344,0%@1344,0%@1344,0%@1344,0%@1344,0%@1344],GR3D_FREQ,0%,cpu@51.125C,soc2@49.375C,soc0@50.187C,gpu@50.875C,tj@51.125C,soc1@50.312C,VDD_IN,5683mW/5652mW,VDD_CPU_GPU_CV,1309mW/1309mW,VDD_SOC,2380mW/2379mW
07-26-2026,21:27:03,RAM,766/7620MB,(lfb,30x4MB),SWAP,349/3810MB,(cached,2MB),CPU,[8%@1344,0%@1344,0%@1344,0%@1344,0%@1344,0%@1344],GR3D_FREQ,0%,cpu@51.281C,soc2@49.406C,soc0@50.343C,gpu@51.156C,tj@51.281C,soc1@50.406C,VDD_IN,5683mW/5652mW,VDD_CPU_GPU_CV,1309mW/1309mW,VDD_SOC,2380mW/2379mW
07-26-2026,21:27:03,RAM,766/7620MB,(lfb,30x4MB),SWAP,349/3810MB,(cached,2MB),CPU,[0%@1344,0%@1344,0%@1344,0%@1344,0%@1344,0%@1344],GR3D_FREQ,0%,cpu@51.312C,soc2@49.343C,soc0@50.125C,gpu@51C,tj@51.312C,soc1@50.281C,VDD_IN,5643mW/5652mW,VDD_CPU_GPU_CV,1309mW/1309mW,VDD_SOC,2380mW/2379mW
07-26-2026,21:27:03,RAM,766/7620MB,(lfb,30x4MB),SWAP,349/3810MB,(cached,2MB),CPU,[0%@1344,0%@1344,0%@1344,0%@1344,0%@1344,0%@1344],GR3D_FREQ,0%,cpu@51.531C,soc2@49.312C,soc0@50.093C,gpu@50.968C,tj@51.531C,soc1@50.531C,VDD_IN,5643mW/5652mW,VDD_CPU_GPU_CV,1309mW/1309mW,VDD_SOC,2380mW/2379mW
07-26-2026,21:27:03,RAM,766/7620MB,(lfb,30x4MB),SWAP,349/3810MB,(cached,2MB),CPU,[0%@1344,8%@1344,0%@1344,0%@1344,0%@1344,0%@1344],GR3D_FREQ,0%,cpu@51.218C,soc2@49.343C,soc0@50.187C,gpu@51.156C,tj@51.218C,soc1@50.25C,VDD_IN,5643mW/5652mW,VDD_CPU_GPU_CV,1309mW/1309mW,VDD_SOC,2380mW/2379mW
07-26-2026,21:27:04,RAM,766/7620MB,(lfb,30x4MB),SWAP,349/3810MB,(cached,2MB),CPU,[0%@1344,0%@1344,0%@1344,0%@1344,16%@1344,0%@1344],GR3D_FREQ,0%,cpu@51.312C,soc2@49.25C,soc0@50.218C,gpu@51.062C,tj@51.312C,soc1@50.25C,VDD_IN,5683mW/5652mW,VDD_CPU_GPU_CV,1309mW/1309mW,VDD_SOC,2380mW/2379mW
07-26-2026,21:27:04,RAM,766/7620MB,(lfb,30x4MB),SWAP,349/3810MB,(cached,2MB),CPU,[0%@1344,0%@1344,0%@1344,0%@1344,0%@1344,0%@1344],GR3D_FREQ,0%,cpu@51.281C,soc2@49.343C,soc0@50C,gpu@50.968C,tj@51.281C,soc1@50.406C,VDD_IN,5683mW/5652mW,VDD_CPU_GPU_CV,1309mW/1309mW,VDD_SOC,2380mW/2379mW
07-26-2026,21:27:04,RAM,766/7620MB,(lfb,30x4MB),SWAP,349/3810MB,(cached,2MB),CPU,[0%@1344,0%@1344,0%@1344,0%@1344,0%@1344,0%@1344],GR3D_FREQ,0%,cpu@51.437C,soc2@49.375C,soc0@50.093C,gpu@51C,tj@51.437C,soc1@50.625C,VDD_IN,5643mW/5652mW,VDD_CPU_GPU_CV,1309mW/1309mW,VDD_SOC,2380mW/2379mW
07-26-2026,21:27:04,RAM,766/7620MB,(lfb,30x4MB),SWAP,349/3810MB,(cached,2MB),CPU,[9%@1344,0%@1344,0%@1344,0%@1344,8%@1344,0%@1344],GR3D_FREQ,0%,cpu@51.156C,soc2@49.312C,soc0@50.281C,gpu@51.25C,tj@51.25C,soc1@50.281C,VDD_IN,5683mW/5652mW,VDD_CPU_GPU_CV,1309mW/1309mW,VDD_SOC,2380mW/2379mW
07-26-2026,21:27:04,RAM,766/7620MB,(lfb,30x4MB),SWAP,349/3810MB,(cached,2MB),CPU,[0%@1344,0%@1344,0%@1344,0%@1344,0%@1344,0%@1344],GR3D_FREQ,0%,cpu@51.25C,soc2@49.406C,soc0@50.343C,gpu@51.125C,tj@51.25C,soc1@50.375C,VDD_IN,5683mW/5652mW,VDD_CPU_GPU_CV,1309mW/1309mW,VDD_SOC,2380mW/2379mW
07-26-2026,21:27:04,RAM,766/7620MB,(lfb,30x4MB),SWAP,349/3810MB,(cached,2MB),CPU,[0%@1344,0%@1344,0%@1344,0%@1344,0%@1344,0%@1344],GR3D_FREQ,0%,cpu@51.437C,soc2@49.406C,soc0@50.093C,gpu@51.375C,tj@51.437C,soc1@50.593C,VDD_IN,5683mW/5652mW,VDD_CPU_GPU_CV,1309mW/1309mW,VDD_SOC,2380mW/2379mW
07-26-2026,21:27:04,RAM,766/7620MB,(lfb,30x4MB),SWAP,349/3810MB,(cached,2MB),CPU,[8%@1344,8%@1344,0%@1344,0%@1344,0%@1344,0%@1344],GR3D_FREQ,0%,cpu@51.312C,soc2@49.312C,soc0@50.093C,gpu@51.187C,tj@51.312C,soc1@50.187C,VDD_IN,5643mW/5652mW,VDD_CPU_GPU_CV,1309mW/1309mW,VDD_SOC,2380mW/2379mW
07-26-2026,21:27:04,RAM,766/7620MB,(lfb,30x4MB),SWAP,349/3810MB,(cached,2MB),CPU,[0%@1344,0%@1344,0%@1344,0%@1344,0%@1344,0%@1344],GR3D_FREQ,0%,cpu@51.25C,soc2@49.343C,soc0@50.156C,gpu@51.187C,tj@51.25C,soc1@50.187C,VDD_IN,5643mW/5652mW,VDD_CPU_GPU_CV,1309mW/1309mW,VDD_SOC,2380mW/2379mW
07-26-2026,21:27:04,RAM,766/7620MB,(lfb,30x4MB),SWAP,349/3810MB,(cached,2MB),CPU,[9%@1344,0%@1344,0%@1344,0%@1344,0%@1344,0%@1344],GR3D_FREQ,0%,cpu@51.281C,soc2@49.312C,soc0@50.375C,gpu@51.343C,tj@51.343C,soc1@50.406C,VDD_IN,5643mW/5652mW,VDD_CPU_GPU_CV,1309mW/1309mW,VDD_SOC,2380mW/2379mW
07-26-2026,21:27:04,RAM,767/7620MB,(lfb,30x4MB),SWAP,349/3810MB,(cached,2MB),CPU,[0%@1344,0%@1344,0%@1344,0%@1344,0%@1344,9%@1344],GR3D_FREQ,0%,cpu@51.375C,soc2@49.5C,soc0@50.031C,gpu@51.218C,tj@51.375C,soc1@50.531C,VDD_IN,5683mW/5652mW,VDD_CPU_GPU_CV,1309mW/1309mW,VDD_SOC,2380mW/2379mW
07-26-2026,21:27:05,RAM,766/7620MB,(lfb,30x4MB),SWAP,349/3810MB,(cached,2MB),CPU,[0%@1344,0%@1344,0%@1344,0%@1344,0%@1344,0%@1344],GR3D_FREQ,0%,cpu@51.437C,soc2@49.187C,soc0@50.093C,gpu@51.156C,tj@51.437C,soc1@50.468C,VDD_IN,5683mW/5653mW,VDD_CPU_GPU_CV,1309mW/1309mW,VDD_SOC,2380mW/2379mW
07-26-2026,21:27:05,RAM,766/7620MB,(lfb,30x4MB),SWAP,349/3810MB,(cached,2MB),CPU,[0%@1344,0%@1344,0%@1344,0%@1344,0%@1344,0%@1344],GR3D_FREQ,0%,cpu@51.187C,soc2@49.312C,soc0@50.187C,gpu@51.25C,tj@51.25C,soc1@50.25C,VDD_IN,5683mW/5653mW,VDD_CPU_GPU_CV,1309mW/1309mW,VDD_SOC,2380mW/2379mW
07-26-2026,21:27:05,RAM,766/7620MB,(lfb,30x4MB),SWAP,349/3810MB,(cached,2MB),CPU,[0%@1344,0%@1344,0%@1344,0%@1344,0%@1344,0%@1344],GR3D_FREQ,0%,cpu@51.25C,soc2@49.281C,soc0@50.343C,gpu@51.125C,tj@51.25C,soc1@50.375C,VDD_IN,5683mW/5653mW,VDD_CPU_GPU_CV,1309mW/1309mW,VDD_SOC,2380mW/2379mW
07-26-2026,21:27:05,RAM,766/7620MB,(lfb,30x4MB),SWAP,349/3810MB,(cached,2MB),CPU,[9%@1344,10%@1344,0%@1344,0%@1344,0%@1344,0%@1344],GR3D_FREQ,0%,cpu@51.343C,soc2@49.312C,soc0@50.125C,gpu@51.531C,tj@51.343C,soc1@50.343C,VDD_IN,5683mW/5653mW,VDD_CPU_GPU_CV,1309mW/1309mW,VDD_SOC,2380mW/2379mW
07-26-2026,21:27:05,RAM,766/7620MB,(lfb,30x4MB),SWAP,349/3810MB,(cached,2MB),CPU,[0%@1344,8%@1344,0%@1344,0%@1344,0%@1344,0%@1344],GR3D_FREQ,0%,cpu@51.343C,soc2@49.281C,soc0@50.093C,gpu@51.375C,tj@51.375C,soc1@50.531C,VDD_IN,5683mW/5653mW,VDD_CPU_GPU_CV,1309mW/1309mW,VDD_SOC,2380mW/2379mW
07-26-2026,21:27:05,RAM,766/7620MB,(lfb,30x4MB),SWAP,349/3810MB,(cached,2MB),CPU,[0%@1344,9%@1344,0%@1344,0%@1344,0%@1344,0%@1344],GR3D_FREQ,0%,cpu@51.25C,soc2@49.25C,soc0@50.093C,gpu@51.187C,tj@51.25C,soc1@50.25C,VDD_IN,5683mW/5653mW,VDD_CPU_GPU_CV,1309mW/1309mW,VDD_SOC,2380mW/2379mW
07-26-2026,21:27:05,RAM,766/7620MB,(lfb,30x4MB),SWAP,349/3810MB,(cached,2MB),CPU,[0%@1344,0%@1344,0%@1344,0%@1344,0%@1344,0%@1344],GR3D_FREQ,0%,cpu@51.25C,soc2@49.312C,soc0@50.218C,gpu@51.5C,tj@51.5C,soc1@50.312C,VDD_IN,5683mW/5653mW,VDD_CPU_GPU_CV,1309mW/1309mW,VDD_SOC,2380mW/2379mW
07-26-2026,21:27:05,RAM,766/7620MB,(lfb,30x4MB),SWAP,349/3810MB,(cached,2MB),CPU,[0%@1344,0%@1344,0%@1344,0%@1344,0%@1344,0%@1344],GR3D_FREQ,0%,cpu@51.312C,soc2@49.343C,soc0@50.375C,gpu@51.218C,tj@51.312C,soc1@50.343C,VDD_IN,5643mW/5653mW,VDD_CPU_GPU_CV,1309mW/1309mW,VDD_SOC,2380mW/2379mW
07-26-2026,21:27:05,RAM,766/7620MB,(lfb,30x4MB),SWAP,349/3810MB,(cached,2MB),CPU,[0%@1344,0%@1344,0%@1344,0%@1344,0%@1344,0%@1344],GR3D_FREQ,0%,cpu@51.406C,soc2@49.375C,soc0@50.031C,gpu@51.156C,tj@51.375C,soc1@50.343C,VDD_IN,5683mW/5653mW,VDD_CPU_GPU_CV,1309mW/1309mW,VDD_SOC,2380mW/2379mW
07-26-2026,21:27:06,RAM,766/7620MB,(lfb,30x4MB),SWAP,349/3810MB,(cached,2MB),CPU,[9%@1344,0%@1344,0%@1344,0%@1344,9%@1344,0%@1344],GR3D_FREQ,0%,cpu@51.437C,soc2@49.312C,soc0@50.218C,gpu@51.406C,tj@51.437C,soc1@50.593C,VDD_IN,5683mW/5653mW,VDD_CPU_GPU_CV,1309mW/1309mW,VDD_SOC,2380mW/2379mW
07-26-2026,21:27:06,RAM,766/7620MB,(lfb,30x4MB),SWAP,349/3810MB,(cached,2MB),CPU,[0%@1344,0%@1344,0%@1344,0%@1344,0%@1344,0%@1344],GR3D_FREQ,0%,cpu@51.218C,soc2@49.343C,soc0@50.343C,gpu@51.218C,tj@51.218C,soc1@50.218C,VDD_IN,5683mW/5653mW,VDD_CPU_GPU_CV,1309mW/1309mW,VDD_SOC,2380mW/2379mW
07-26-2026,21:27:06,RAM,766/7620MB,(lfb,30x4MB),SWAP,349/3810MB,(cached,2MB),CPU,[0%@1344,0%@1344,0%@1344,0%@1344,0%@1344,0%@1344],GR3D_FREQ,0%,cpu@51.25C,soc2@49.281C,soc0@50.218C,gpu@51.156C,tj@51.25C,soc1@50.375C,VDD_IN,5683mW/5653mW,VDD_CPU_GPU_CV,1309mW/1309mW,VDD_SOC,2380mW/2379mW
07-26-2026,21:27:06,RAM,766/7620MB,(lfb,30x4MB),SWAP,349/3810MB,(cached,2MB),CPU,[0%@1344,0%@1344,0%@1344,0%@1344,0%@1344,0%@1344],GR3D_FREQ,0%,cpu@51.281C,soc2@49.187C,soc0@50.281C,gpu@51C,tj@51.281C,soc1@50.625C,VDD_IN,5683mW/5653mW,VDD_CPU_GPU_CV,1309mW/1309mW,VDD_SOC,2380mW/2379mW
07-26-2026,21:27:06,RAM,766/7620MB,(lfb,30x4MB),SWAP,349/3810MB,(cached,2MB),CPU,[9%@1344,0%@1344,0%@1344,0%@1344,0%@1344,0%@1344],GR3D_FREQ,0%,cpu@51.093C,soc2@49.218C,soc0@50.218C,gpu@51.031C,tj@51.093C,soc1@50.281C,VDD_IN,5683mW/5653mW,VDD_CPU_GPU_CV,1309mW/1309mW,VDD_SOC,2380mW/2379mW
07-26-2026,21:27:06,RAM,766/7620MB,(lfb,30x4MB),SWAP,349/3810MB,(cached,2MB),CPU,[0%@1344,0%@1344,0%@1344,0%@1344,0%@1344,0%@1344],GR3D_FREQ,0%,cpu@51.187C,soc2@49.25C,soc0@50.343C,gpu@51.5C,tj@51.5C,soc1@50.375C,VDD_IN,5683mW/5653mW,VDD_CPU_GPU_CV,1309mW/1309mW,VDD_SOC,2380mW/2379mW
07-26-2026,21:27:06,RAM,766/7620MB,(lfb,30x4MB),SWAP,349/3810MB,(cached,2MB),CPU,[8%@1344,0%@1344,0%@1344,0%@1344,0%@1344,0%@1344],GR3D_FREQ,0%,cpu@51.468C,soc2@49.312C,soc0@50.031C,gpu@51.093C,tj@51.468C,soc1@50.375C,VDD_IN,5683mW/5653mW,VDD_CPU_GPU_CV,1309mW/1309mW,VDD_SOC,2380mW/2379mW
07-26-2026,21:27:06,RAM,766/7620MB,(lfb,30x4MB),SWAP,349/3810MB,(cached,2MB),CPU,[0%@1344,0%@1344,0%@1344,0%@1344,0%@1344,0%@1344],GR3D_FREQ,0%,cpu@51.718C,soc2@49.187C,soc0@50.125C,gpu@51C,tj@51.718C,soc1@50.468C,VDD_IN,5643mW/5653mW,VDD_CPU_GPU_CV,1309mW/1309mW,VDD_SOC,2380mW/2379mW
07-26-2026,21:27:06,RAM,766/7620MB,(lfb,30x4MB),SWAP,349/3810MB,(cached,2MB),CPU,[0%@1344,0%@1344,0%@1344,0%@1344,0%@1344,0%@1344],GR3D_FREQ,0%,cpu@51.125C,soc2@49.281C,soc0@50.156C,gpu@51.531C,tj@51.531C,soc1@50.218C,VDD_IN,5643mW/5653mW,VDD_CPU_GPU_CV,1309mW/1309mW,VDD_SOC,2380mW/2379mW
07-26-2026,21:27:06,RAM,766/7620MB,(lfb,30x4MB),SWAP,349/3810MB,(cached,2MB),CPU,[0%@1344,0%@1344,0%@1344,0%@1344,0%@1344,0%@1344],GR3D_FREQ,0%,cpu@51.125C,soc2@49.343C,soc0@50.218C,gpu@51C,tj@51.125C,soc1@50.218C,VDD_IN,5643mW/5653mW,VDD_CPU_GPU_CV,1309mW/1309mW,VDD_SOC,2380mW/2379mW
07-26-2026,21:27:07,RAM,767/7620MB,(lfb,30x4MB),SWAP,349/3810MB,(cached,2MB),CPU,[9%@1344,0%@1344,0%@1344,0%@1344,0%@1344,0%@1344],GR3D_FREQ,0%,cpu@51.5C,soc2@49.343C,soc0@50.406C,gpu@50.937C,tj@51.5C,soc1@50.281C,VDD_IN,5683mW/5653mW,VDD_CPU_GPU_CV,1309mW/1309mW,VDD_SOC,2380mW/2379mW
07-26-2026,21:27:07,RAM,767/7620MB,(lfb,30x4MB),SWAP,349/3810MB,(cached,2MB),CPU,[8%@1344,0%@1344,0%@1344,0%@1344,0%@1344,0%@1344],GR3D_FREQ,0%,cpu@51.593C,soc2@49.406C,soc0@50.125C,gpu@51.406C,tj@51.593C,soc1@50.593C,VDD_IN,5683mW/5654mW,VDD_CPU_GPU_CV,1309mW/1309mW,VDD_SOC,2380mW/2379mW
07-26-2026,21:27:07,RAM,767/7620MB,(lfb,30x4MB),SWAP,349/3810MB,(cached,2MB),CPU,[0%@1344,0%@1344,0%@1344,0%@1344,0%@1344,0%@1344],GR3D_FREQ,0%,cpu@51.218C,soc2@49.312C,soc0@50.156C,gpu@50.968C,tj@51.093C,soc1@50.218C,VDD_IN,5643mW/5654mW,VDD_CPU_GPU_CV,1309mW/1309mW,VDD_SOC,2380mW/2379mW
07-26-2026,21:27:07,RAM,767/7620MB,(lfb,30x4MB),SWAP,349/3810MB,(cached,2MB),CPU,[10%@1344,16%@1344,0%@1344,0%@1344,0%@1344,0%@1344],GR3D_FREQ,0%,cpu@51.156C,soc2@49.375C,soc0@50.281C,gpu@50.937C,tj@51.156C,soc1@50.281C,VDD_IN,5683mW/5654mW,VDD_CPU_GPU_CV,1309mW/1309mW,VDD_SOC,2380mW/2379mW
07-26-2026,21:27:07,RAM,767/7620MB,(lfb,30x4MB),SWAP,349/3810MB,(cached,2MB),CPU,[8%@1344,0%@1344,0%@1344,0%@1344,0%@1344,0%@1344],GR3D_FREQ,0%,cpu@51.437C,soc2@49.218C,soc0@50.406C,gpu@51.437C,tj@51.437C,soc1@50.531C,VDD_IN,5683mW/5654mW,VDD_CPU_GPU_CV,1309mW/1309mW,VDD_SOC,2380mW/2379mW
07-26-2026,21:27:07,RAM,767/7620MB,(lfb,30x4MB),SWAP,349/3810MB,(cached,2MB),CPU,[0%@1344,0%@1344,0%@1344,0%@1344,0%@1344,0%@1344],GR3D_FREQ,0%,cpu@51.437C,soc2@49.437C,soc0@50.062C,gpu@51C,tj@51.437C,soc1@50.468C,VDD_IN,5683mW/5654mW,VDD_CPU_GPU_CV,1309mW/1309mW,VDD_SOC,2380mW/2379mW
07-26-2026,21:27:07,RAM,767/7620MB,(lfb,30x4MB),SWAP,349/3810MB,(cached,2MB),CPU,[0%@1344,0%@1344,0%@1344,0%@1344,0%@1344,0%@1344],GR3D_FREQ,0%,cpu@51.187C,soc2@49.156C,soc0@50.093C,gpu@51.5C,tj@51.5C,soc1@50.437C,VDD_IN,5643mW/5654mW,VDD_CPU_GPU_CV,1309mW/1309mW,VDD_SOC,2380mW/2379mW
07-26-2026,21:27:07,RAM,767/7620MB,(lfb,30x4MB),SWAP,349/3810MB,(cached,2MB),CPU,[0%@1344,0%@1344,0%@1344,0%@1344,0%@1344,0%@1344],GR3D_FREQ,0%,cpu@51.093C,soc2@49.187C,soc0@50.312C,gpu@51.343C,tj@51.343C,soc1@50.218C,VDD_IN,5643mW/5654mW,VDD_CPU_GPU_CV,1309mW/1309mW,VDD_SOC,2380mW/2379mW
07-26-2026,21:27:07,RAM,767/7620MB,(lfb,30x4MB),SWAP,349/3810MB,(cached,2MB),CPU,[0%@1344,0%@1344,0%@1344,0%@1344,0%@1344,0%@1344],GR3D_FREQ,0%,cpu@51.312C,soc2@49.281C,soc0@50.281C,gpu@51.031C,tj@51.312C,soc1@50.375C,VDD_IN,5643mW/5654mW,VDD_CPU_GPU_CV,1309mW/1309mW,VDD_SOC,2380mW/2379mW
07-26-2026,21:27:08,RAM,767/7620MB,(lfb,30x4MB),SWAP,349/3810MB,(cached,2MB),CPU,[0%@1344,0%@1344,9%@1344,0%@1344,0%@1344,0%@1344],GR3D_FREQ,0%,cpu@51.531C,soc2@49.375C,soc0@50.093C,gpu@51.562C,tj@51.562C,soc1@50.562C,VDD_IN,5683mW/5654mW,VDD_CPU_GPU_CV,1309mW/1309mW,VDD_SOC,2380mW/2379mW
07-26-2026,21:27:08,RAM,766/7620MB,(lfb,30x4MB),SWAP,349/3810MB,(cached,2MB),CPU,[0%@1344,0%@1344,0%@1344,0%@1344,0%@1344,0%@1344],GR3D_FREQ,0%,cpu@51.531C,soc2@49.312C,soc0@50.062C,gpu@51.312C,tj@51.531C,soc1@50.531C,VDD_IN,5683mW/5654mW,VDD_CPU_GPU_CV,1309mW/1309mW,VDD_SOC,2380mW/2379mW
07-26-2026,21:27:08,RAM,766/7620MB,(lfb,30x4MB),SWAP,349/3810MB,(cached,2MB),CPU,[9%@1344,0%@1344,0%@1344,0%@1344,0%@1344,0%@1344],GR3D_FREQ,0%,cpu@51.125C,soc2@49.312C,soc0@50.125C,gpu@50.937C,tj@51.125C,soc1@50.312C,VDD_IN,5643mW/5654mW,VDD_CPU_GPU_CV,1309mW/1309mW,VDD_SOC,2380mW/2379mW
07-26-2026,21:27:08,RAM,766/7620MB,(lfb,30x4MB),SWAP,349/3810MB,(cached,2MB),CPU,[0%@1344,9%@1344,0%@1344,0%@1344,0%@1344,0%@1344],GR3D_FREQ,0%,cpu@51.343C,soc2@49.312C,soc0@50.093C,gpu@51.156C,tj@51.343C,soc1@50.343C,VDD_IN,5683mW/5654mW,VDD_CPU_GPU_CV,1309mW/1309mW,VDD_SOC,2380mW/2379mW
07-26-2026,21:27:08,RAM,766/7620MB,(lfb,30x4MB),SWAP,349/3810MB,(cached,2MB),CPU,[9%@1344,0%@1344,0%@1344,0%@1344,0%@1344,0%@1344],GR3D_FREQ,0%,cpu@51.437C,soc2@49.312C,soc0@50.093C,gpu@51.312C,tj@51.437C,soc1@50.531C,VDD_IN,5683mW/5654mW,VDD_CPU_GPU_CV,1309mW/1309mW,VDD_SOC,2380mW/2379mW
07-26-2026,21:27:08,RAM,766/7620MB,(lfb,30x4MB),SWAP,349/3810MB,(cached,2MB),CPU,[0%@1344,0%@1344,0%@1344,0%@1344,0%@1344,0%@1344],GR3D_FREQ,0%,cpu@51.562C,soc2@49.312C,soc0@50.187C,gpu@51.218C,tj@51.562C,soc1@50.531C,VDD_IN,5683mW/5654mW,VDD_CPU_GPU_CV,1309mW/1309mW,VDD_SOC,2380mW/2379mW
07-26-2026,21:27:08,RAM,766/7620MB,(lfb,30x4MB),SWAP,349/3810MB,(cached,2MB),CPU,[0%@1344,0%@1344,0%@1344,0%@1344,0%@1344,0%@1344],GR3D_FREQ,0%,cpu@51.25C,soc2@49.25C,soc0@50.187C,gpu@51.062C,tj@51.25C,soc1@50.281C,VDD_IN,5643mW/5654mW,VDD_CPU_GPU_CV,1309mW/1309mW,VDD_SOC,2380mW/2379mW
07-26-2026,21:27:08,RAM,766/7620MB,(lfb,30x4MB),SWAP,349/3810MB,(cached,2MB),CPU,[0%@1344,0%@1344,0%@1344,0%@1344,0%@1344,0%@1344],GR3D_FREQ,0%,cpu@51.25C,soc2@49.312C,soc0@50.25C,gpu@51.218C,tj@51.25C,soc1@50.437C,VDD_IN,5683mW/5654mW,VDD_CPU_GPU_CV,1309mW/1309mW,VDD_SOC,2380mW/2379mW
07-26-2026,21:27:08,RAM,766/7620MB,(lfb,30x4MB),SWAP,349/3810MB,(cached,2MB),CPU,[0%@1344,0%@1344,0%@1344,0%@1344,0%@1344,0%@1344],GR3D_FREQ,0%,cpu@51.343C,soc2@49.406C,soc0@50.125C,gpu@51.093C,tj@51.343C,soc1@50.468C,VDD_IN,5643mW/5654mW,VDD_CPU_GPU_CV,1309mW/1309mW,VDD_SOC,2380mW/2379mW
07-26-2026,21:27:08,RAM,766/7620MB,(lfb,30x4MB),SWAP,349/3810MB,(cached,2MB),CPU,[9%@1344,0%@1344,0%@1344,0%@1344,0%@1344,0%@1344],GR3D_FREQ,0%,cpu@51.5C,soc2@49.5C,soc0@50.125C,gpu@51.031C,tj@51.5C,soc1@50.531C,VDD_IN,5643mW/5654mW,VDD_CPU_GPU_CV,1309mW/1309mW,VDD_SOC,2380mW/2379mW
07-26-2026,21:27:09,RAM,767/7620MB,(lfb,30x4MB),SWAP,349/3810MB,(cached,2MB),CPU,[0%@1344,9%@1344,0%@1344,0%@1344,8%@1344,9%@1344],GR3D_FREQ,0%,cpu@51.218C,soc2@49.312C,soc0@50.25C,gpu@51.25C,tj@51.25C,soc1@50.312C,VDD_IN,5683mW/5654mW,VDD_CPU_GPU_CV,1309mW/1309mW,VDD_SOC,2380mW/2379mW
07-26-2026,21:27:09,RAM,767/7620MB,(lfb,30x4MB),SWAP,349/3810MB,(cached,2MB),CPU,[0%@1344,0%@1344,0%@1344,0%@1344,0%@1344,0%@1344],GR3D_FREQ,0%,cpu@51.281C,soc2@49.343C,soc0@50.343C,gpu@51.156C,tj@51.281C,soc1@50.312C,VDD_IN,5683mW/5654mW,VDD_CPU_GPU_CV,1309mW/1309mW,VDD_SOC,2380mW/2379mW
07-26-2026,21:27:09,RAM,767/7620MB,(lfb,30x4MB),SWAP,349/3810MB,(cached,2MB),CPU,[0%@1344,0%@1344,0%@1344,0%@1344,0%@1344,0%@1344],GR3D_FREQ,0%,cpu@51.468C,soc2@49.437C,soc0@50.156C,gpu@51.093C,tj@51.468C,soc1@50.375C,VDD_IN,5643mW/5654mW,VDD_CPU_GPU_CV,1309mW/1309mW,VDD_SOC,2380mW/2379mW
07-26-2026,21:27:09,RAM,767/7620MB,(lfb,30x4MB),SWAP,349/3810MB,(cached,2MB),CPU,[9%@1344,0%@1344,0%@1344,0%@1344,0%@1344,0%@1344],GR3D_FREQ,0%,cpu@51.437C,soc2@49.281C,soc0@50.156C,gpu@51.25C,tj@51.437C,soc1@50.5C,VDD_IN,5683mW/5654mW,VDD_CPU_GPU_CV,1309mW/1309mW,VDD_SOC,2380mW/2379mW
07-26-2026,21:27:09,RAM,767/7620MB,(lfb,30x4MB),SWAP,349/3810MB,(cached,2MB),CPU,[0%@1344,0%@1344,0%@1344,0%@1344,0%@1344,0%@1344],GR3D_FREQ,0%,cpu@51.406C,soc2@49.281C,soc0@50.156C,gpu@51.156C,tj@51.312C,soc1@50.25C,VDD_IN,5683mW/5654mW,VDD_CPU_GPU_CV,1309mW/1309mW,VDD_SOC,2380mW/2379mW
07-26-2026,21:27:09,RAM,767/7620MB,(lfb,30x4MB),SWAP,349/3810MB,(cached,2MB),CPU,[9%@1344,0%@1344,0%@1344,0%@1344,0%@1344,0%@1344],GR3D_FREQ,0%,cpu@51.25C,soc2@49.281C,soc0@50.187C,gpu@51.093C,tj@51.25C,soc1@50.375C,VDD_IN,5683mW/5654mW,VDD_CPU_GPU_CV,1309mW/1309mW,VDD_SOC,2380mW/2379mW
07-26-2026,21:27:09,RAM,767/7620MB,(lfb,30x4MB),SWAP,349/3810MB,(cached,2MB),CPU,[0%@1344,0%@1344,0%@1344,0%@1344,0%@1344,0%@1344],GR3D_FREQ,0%,cpu@51.343C,soc2@49.218C,soc0@50.5C,gpu@51.218C,tj@51.343C,soc1@50.343C,VDD_IN,5643mW/5654mW,VDD_CPU_GPU_CV,1309mW/1309mW,VDD_SOC,2380mW/2379mW
07-26-2026,21:27:09,RAM,767/7620MB,(lfb,30x4MB),SWAP,349/3810MB,(cached,2MB),CPU,[0%@1344,0%@1344,0%@1344,0%@1344,0%@1344,0%@1344],GR3D_FREQ,0%,cpu@51.437C,soc2@49.343C,soc0@50.187C,gpu@51.125C,tj@51.437C,soc1@50.562C,VDD_IN,5643mW/5654mW,VDD_CPU_GPU_CV,1309mW/1309mW,VDD_SOC,2380mW/2379mW
07-26-2026,21:27:09,RAM,767/7620MB,(lfb,30x4MB),SWAP,349/3810MB,(cached,2MB),CPU,[9%@1344,0%@1344,0%@1344,0%@1344,0%@1344,0%@1344],GR3D_FREQ,0%,cpu@51.593C,soc2@49.437C,soc0@50.125C,gpu@50.968C,tj@51.437C,soc1@50.281C,VDD_IN,5643mW/5654mW,VDD_CPU_GPU_CV,1309mW/1309mW,VDD_SOC,2380mW/2379mW
07-26-2026,21:27:10,RAM,768/7620MB,(lfb,30x4MB),SWAP,349/3810MB,(cached,2MB),CPU,[9%@1344,0%@1344,0%@1344,0%@1344,0%@1344,9%@1344],GR3D_FREQ,0%,cpu@51.218C,soc2@49.281C,soc0@50.281C,gpu@51.218C,tj@51.218C,soc1@50.343C,VDD_IN,5683mW/5654mW,VDD_CPU_GPU_CV,1309mW/1309mW,VDD_SOC,2380mW/2379mW
07-26-2026,21:27:10,RAM,768/7620MB,(lfb,30x4MB),SWAP,349/3810MB,(cached,2MB),CPU,[0%@1344,0%@1344,0%@1344,0%@1344,0%@1344,0%@1344],GR3D_FREQ,0%,cpu@51.281C,soc2@49.312C,soc0@50.406C,gpu@51.093C,tj@51.281C,soc1@50.312C,VDD_IN,5683mW/5654mW,VDD_CPU_GPU_CV,1309mW/1309mW,VDD_SOC,2380mW/2379mW
07-26-2026,21:27:10,RAM,768/7620MB,(lfb,30x4MB),SWAP,349/3810MB,(cached,2MB),CPU,[0%@1344,0%@1344,0%@1344,0%@1344,0%@1344,0%@1344],GR3D_FREQ,0%,cpu@51.468C,soc2@49.375C,soc0@50.062C,gpu@51.062C,tj@51.468C,soc1@50.406C,VDD_IN,5683mW/5654mW,VDD_CPU_GPU_CV,1309mW/1309mW,VDD_SOC,2380mW/2379mW
07-26-2026,21:27:10,RAM,768/7620MB,(lfb,30x4MB),SWAP,349/3810MB,(cached,2MB),CPU,[9%@1344,0%@1344,0%@1344,0%@1344,0%@1344,0%@1344],GR3D_FREQ,0%,cpu@51.25C,soc2@49.25C,soc0@50.25C,gpu@50.968C,tj@51.25C,soc1@50.437C,VDD_IN,5683mW/5654mW,VDD_CPU_GPU_CV,1309mW/1309mW,VDD_SOC,2380mW/2379mW
07-26-2026,21:27:10,RAM,768/7620MB,(lfb,30x4MB),SWAP,349/3810MB,(cached,2MB),CPU,[0%@1344,0%@1344,0%@1344,0%@1344,0%@1344,0%@1344],GR3D_FREQ,0%,cpu@51.187C,soc2@49.281C,soc0@50.281C,gpu@51.437C,tj@51.437C,soc1@50.343C,VDD_IN,5683mW/5654mW,VDD_CPU_GPU_CV,1309mW/1309mW,VDD_SOC,2380mW/2379mW
07-26-2026,21:27:10,RAM,768/7620MB,(lfb,30x4MB),SWAP,349/3810MB,(cached,2MB),CPU,[0%@1344,0%@1344,0%@1344,0%@1344,0%@1344,0%@1344],GR3D_FREQ,0%,cpu@51.312C,soc2@49.312C,soc0@50.093C,gpu@51C,tj@51.312C,soc1@50.218C,VDD_IN,5683mW/5654mW,VDD_CPU_GPU_CV,1309mW/1309mW,VDD_SOC,2380mW/2379mW
07-26-2026,21:27:10,RAM,768/7620MB,(lfb,30x4MB),SWAP,349/3810MB,(cached,2MB),CPU,[0%@1344,0%@1344,0%@1344,0%@1344,0%@1344,0%@1344],GR3D_FREQ,0%,cpu@51.437C,soc2@49.25C,soc0@50.156C,gpu@51.687C,tj@51.687C,soc1@50.5C,VDD_IN,5683mW/5655mW,VDD_CPU_GPU_CV,1309mW/1309mW,VDD_SOC,2380mW/2379mW
07-26-2026,21:27:10,RAM,767/7620MB,(lfb,30x4MB),SWAP,349/3810MB,(cached,2MB),CPU,[9%@1344,0%@1344,0%@1344,0%@1344,0%@1344,0%@1344],GR3D_FREQ,0%,cpu@51.156C,soc2@49.187C,soc0@50.156C,gpu@51.437C,tj@51.437C,soc1@50.187C,VDD_IN,5643mW/5655mW,VDD_CPU_GPU_CV,1309mW/1309mW,VDD_SOC,2380mW/2379mW
07-26-2026,21:27:10,RAM,767/7620MB,(lfb,30x4MB),SWAP,349/3810MB,(cached,2MB),CPU,[0%@1344,0%@1344,0%@1344,0%@1344,0%@1344,0%@1344],GR3D_FREQ,0%,cpu@51.218C,soc2@49.343C,soc0@50.375C,gpu@50.968C,tj@51.218C,soc1@50.281C,VDD_IN,5643mW/5654mW,VDD_CPU_GPU_CV,1309mW/1309mW,VDD_SOC,2380mW/2379mW
07-26-2026,21:27:10,RAM,767/7620MB,(lfb,30x4MB),SWAP,349/3810MB,(cached,2MB),CPU,[0%@1344,0%@1344,0%@1344,0%@1344,0%@1344,0%@1344],GR3D_FREQ,0%,cpu@51.281C,soc2@49.218C,soc0@50.406C,gpu@51.562C,tj@51.562C,soc1@50.437C,VDD_IN,5643mW/5654mW,VDD_CPU_GPU_CV,1309mW/1309mW,VDD_SOC,2380mW/2379mW
07-26-2026,21:27:11,RAM,768/7620MB,(lfb,30x4MB),SWAP,349/3810MB,(cached,2MB),CPU,[10%@1344,8%@1344,0%@1344,0%@1344,0%@1344,0%@1344],GR3D_FREQ,0%,cpu@51.375C,soc2@49.437C,soc0@50.187C,gpu@51.312C,tj@51.375C,soc1@50.562C,VDD_IN,5723mW/5655mW,VDD_CPU_GPU_CV,1309mW/1309mW,VDD_SOC,2380mW/2379mW
07-26-2026,21:27:11,RAM,768/7620MB,(lfb,30x4MB),SWAP,349/3810MB,(cached,2MB),CPU,[0%@1344,0%@1344,0%@1344,0%@1344,0%@1344,0%@1344],GR3D_FREQ,0%,cpu@51.343C,soc2@49.25C,soc0@50.125C,gpu@51.031C,tj@51.218C,soc1@50.218C,VDD_IN,5762mW/5655mW,VDD_CPU_GPU_CV,1309mW/1309mW,VDD_SOC,2380mW/2379mW
07-26-2026,21:27:11,RAM,768/7620MB,(lfb,30x4MB),SWAP,349/3810MB,(cached,2MB),CPU,[0%@1344,0%@1344,0%@1344,0%@1344,0%@1344,0%@1344],GR3D_FREQ,0%,cpu@51.187C,soc2@49.25C,soc0@50.343C,gpu@51.531C,tj@51.531C,soc1@50.25C,VDD_IN,5723mW/5655mW,VDD_CPU_GPU_CV,1309mW/1309mW,VDD_SOC,2380mW/2379mW
07-26-2026,21:27:11,RAM,768/7620MB,(lfb,30x4MB),SWAP,349/3810MB,(cached,2MB),CPU,[10%@1344,9%@1344,0%@1344,0%@1344,0%@1344,0%@1344],GR3D_FREQ,0%,cpu@51.281C,soc2@49.281C,soc0@50.468C,gpu@51.25C,tj@51.281C,soc1@50.343C,VDD_IN,5723mW/5655mW,VDD_CPU_GPU_CV,1349mW/1309mW,VDD_SOC,2380mW/2379mW
07-26-2026,21:27:11,RAM,768/7620MB,(lfb,30x4MB),SWAP,349/3810MB,(cached,2MB),CPU,[8%@1344,0%@1344,0%@1344,0%@1344,0%@1344,0%@1344],GR3D_FREQ,0%,cpu@51.218C,soc2@49.406C,soc0@50.031C,gpu@51.156C,tj@51.218C,soc1@50.437C,VDD_IN,5723mW/5655mW,VDD_CPU_GPU_CV,1309mW/1309mW,VDD_SOC,2380mW/2379mW
07-26-2026,21:27:11,RAM,768/7620MB,(lfb,30x4MB),SWAP,349/3810MB,(cached,2MB),CPU,[0%@1344,0%@1344,0%@1344,0%@1344,0%@1344,0%@1344],GR3D_FREQ,0%,cpu@51.375C,soc2@49.312C,soc0@50.156C,gpu@51.406C,tj@51.406C,soc1@50.5C,VDD_IN,5683mW/5655mW,VDD_CPU_GPU_CV,1309mW/1309mW,VDD_SOC,2380mW/2379mW
07-26-2026,21:27:11,RAM,768/7620MB,(lfb,30x4MB),SWAP,349/3810MB,(cached,2MB),CPU,[0%@1344,0%@1344,0%@1344,0%@1344,0%@1344,0%@1344],GR3D_FREQ,0%,cpu@51.218C,soc2@49.218C,soc0@50.25C,gpu@51.25C,tj@51.25C,soc1@50.218C,VDD_IN,5683mW/5655mW,VDD_CPU_GPU_CV,1309mW/1309mW,VDD_SOC,2380mW/2379mW
07-26-2026,21:27:11,RAM,768/7620MB,(lfb,30x4MB),SWAP,349/3810MB,(cached,2MB),CPU,[0%@1344,0%@1344,0%@1344,0%@1344,0%@1344,0%@1344],GR3D_FREQ,0%,cpu@51.25C,soc2@49.375C,soc0@50.312C,gpu@51C,tj@51.25C,soc1@50.406C,VDD_IN,5683mW/5655mW,VDD_CPU_GPU_CV,1309mW/1309mW,VDD_SOC,2380mW/2379mW
07-26-2026,21:27:11,RAM,768/7620MB,(lfb,30x4MB),SWAP,349/3810MB,(cached,2MB),CPU,[8%@1344,0%@1344,0%@1344,0%@1344,0%@1344,0%@1344],GR3D_FREQ,0%,cpu@51.312C,soc2@49.406C,soc0@50.125C,gpu@51.437C,tj@51.437C,soc1@50.437C,VDD_IN,5683mW/5655mW,VDD_CPU_GPU_CV,1309mW/1309mW,VDD_SOC,2380mW/2379mW
07-26-2026,21:27:12,RAM,768/7620MB,(lfb,30x4MB),SWAP,349/3810MB,(cached,2MB),CPU,[0%@1344,0%@1344,0%@1344,0%@1344,0%@1344,0%@1344],GR3D_FREQ,0%,cpu@51.343C,soc2@49.406C,soc0@50.156C,gpu@51.218C,tj@51.343C,soc1@50.5C,VDD_IN,5683mW/5656mW,VDD_CPU_GPU_CV,1309mW/1309mW,VDD_SOC,2380mW/2379mW
07-26-2026,21:27:12,RAM,768/7620MB,(lfb,30x4MB),SWAP,349/3810MB,(cached,2MB),CPU,[0%@1344,0%@1344,0%@1344,9%@1344,9%@1344,8%@1344],GR3D_FREQ,0%,cpu@51.343C,soc2@49.281C,soc0@50.156C,gpu@50.968C,tj@51.156C,soc1@50.25C,VDD_IN,5683mW/5656mW,VDD_CPU_GPU_CV,1309mW/1309mW,VDD_SOC,2380mW/2379mW
07-26-2026,21:27:12,RAM,768/7620MB,(lfb,30x4MB),SWAP,349/3810MB,(cached,2MB),CPU,[0%@1344,0%@1344,0%@1344,0%@1344,0%@1344,0%@1344],GR3D_FREQ,0%,cpu@51.156C,soc2@49.218C,soc0@50.281C,gpu@51.468C,tj@51.468C,soc1@50.312C,VDD_IN,5683mW/5656mW,VDD_CPU_GPU_CV,1309mW/1309mW,VDD_SOC,2380mW/2379mW
07-26-2026,21:27:12,RAM,768/7620MB,(lfb,30x4MB),SWAP,349/3810MB,(cached,2MB),CPU,[9%@1344,9%@1344,0%@1344,0%@1344,0%@1344,0%@1344],GR3D_FREQ,0%,cpu@51.531C,soc2@49.375C,soc0@50.031C,gpu@50.937C,tj@51.531C,soc1@50.593C,VDD_IN,5683mW/5656mW,VDD_CPU_GPU_CV,1309mW/1309mW,VDD_SOC,2380mW/2379mW
07-26-2026,21:27:12,RAM,768/7620MB,(lfb,30x4MB),SWAP,349/3810MB,(cached,2MB),CPU,[0%@1344,0%@1344,0%@1344,0%@1344,0%@1344,0%@1344],GR3D_FREQ,0%,cpu@51.343C,soc2@49.218C,soc0@50.218C,gpu@51.125C,tj@51.156C,soc1@50.25C,VDD_IN,5683mW/5656mW,VDD_CPU_GPU_CV,1309mW/1309mW,VDD_SOC,2380mW/2379mW
07-26-2026,21:27:12,RAM,768/7620MB,(lfb,30x4MB),SWAP,349/3810MB,(cached,2MB),CPU,[0%@1344,0%@1344,8%@1344,0%@1344,0%@1344,0%@1344],GR3D_FREQ,0%,cpu@51.218C,soc2@49.281C,soc0@50.25C,gpu@51.156C,tj@51.218C,soc1@50.375C,VDD_IN,5683mW/5656mW,VDD_CPU_GPU_CV,1309mW/1309mW,VDD_SOC,2380mW/2379mW
07-26-2026,21:27:12,RAM,768/7620MB,(lfb,30x4MB),SWAP,349/3810MB,(cached,2MB),CPU,[0%@1344,0%@1344,0%@1344,0%@1344,0%@1344,0%@1344],GR3D_FREQ,0%,cpu@51.437C,soc2@49.281C,soc0@50.406C,gpu@50.906C,tj@51.437C,soc1@50.312C,VDD_IN,5683mW/5656mW,VDD_CPU_GPU_CV,1309mW/1309mW,VDD_SOC,2380mW/2379mW
07-26-2026,21:27:12,RAM,768/7620MB,(lfb,30x4MB),SWAP,349/3810MB,(cached,2MB),CPU,[0%@1344,0%@1344,0%@1344,0%@1344,0%@1344,0%@1344],GR3D_FREQ,0%,cpu@51.5C,soc2@49.343C,soc0@49.906C,gpu@51.093C,tj@51.5C,soc1@50.531C,VDD_IN,5683mW/5656mW,VDD_CPU_GPU_CV,1309mW/1309mW,VDD_SOC,2380mW/2379mW
07-26-2026,21:27:12,RAM,768/7620MB,(lfb,30x4MB),SWAP,349/3810MB,(cached,2MB),CPU,[0%@1344,0%@1344,0%@1344,0%@1344,0%@1344,0%@1344],GR3D_FREQ,0%,cpu@51.187C,soc2@49.343C,soc0@50.093C,gpu@51.062C,tj@51.187C,soc1@50.593C,VDD_IN,5643mW/5656mW,VDD_CPU_GPU_CV,1309mW/1309mW,VDD_SOC,2380mW/2379mW
07-26-2026,21:27:12,RAM,768/7620MB,(lfb,30x4MB),SWAP,349/3810MB,(cached,2MB),CPU,[0%@1344,0%@1344,0%@1344,0%@1344,0%@1344,0%@1344],GR3D_FREQ,0%,cpu@51.156C,soc2@49.218C,soc0@50.312C,gpu@50.968C,tj@51.156C,soc1@50.25C,VDD_IN,5643mW/5656mW,VDD_CPU_GPU_CV,1309mW/1309mW,VDD_SOC,2380mW/2379mW
07-26-2026,21:27:13,RAM,768/7620MB,(lfb,30x4MB),SWAP,349/3810MB,(cached,2MB),CPU,[15%@1344,0%@1344,0%@1344,0%@1344,0%@1344,0%@1344],GR3D_FREQ,0%,cpu@51.406C,soc2@49.343C,soc0@50.281C,gpu@51.125C,tj@51.406C,soc1@50.343C,VDD_IN,5683mW/5656mW,VDD_CPU_GPU_CV,1309mW/1309mW,VDD_SOC,2380mW/2379mW
07-26-2026,21:27:13,RAM,768/7620MB,(lfb,30x4MB),SWAP,349/3810MB,(cached,2MB),CPU,[0%@1344,0%@1344,0%@1344,0%@1344,0%@1344,0%@1344],GR3D_FREQ,0%,cpu@51.437C,soc2@49.187C,soc0@50.093C,gpu@51C,tj@51.437C,soc1@50.593C,VDD_IN,5683mW/5656mW,VDD_CPU_GPU_CV,1309mW/1309mW,VDD_SOC,2380mW/2379mW
07-26-2026,21:27:13,RAM,768/7620MB,(lfb,30x4MB),SWAP,349/3810MB,(cached,2MB),CPU,[9%@1344,0%@1344,0%@1344,0%@1344,0%@1344,0%@1344],GR3D_FREQ,0%,cpu@51.531C,soc2@49.437C,soc0@50.156C,gpu@51C,tj@51.531C,soc1@50.5C,VDD_IN,5643mW/5656mW,VDD_CPU_GPU_CV,1309mW/1309mW,VDD_SOC,2380mW/2379mW
07-26-2026,21:27:13,RAM,768/7620MB,(lfb,30x4MB),SWAP,349/3810MB,(cached,2MB),CPU,[9%@1344,9%@1344,0%@1344,0%@1344,0%@1344,0%@1344],GR3D_FREQ,0%,cpu@51.187C,soc2@49.375C,soc0@50.187C,gpu@51.125C,tj@51.187C,soc1@50.312C,VDD_IN,5683mW/5656mW,VDD_CPU_GPU_CV,1309mW/1309mW,VDD_SOC,2380mW/2379mW
07-26-2026,21:27:13,RAM,768/7620MB,(lfb,30x4MB),SWAP,349/3810MB,(cached,2MB),CPU,[0%@1344,0%@1344,0%@1344,0%@1344,0%@1344,0%@1344],GR3D_FREQ,0%,cpu@51.312C,soc2@49.375C,soc0@50.375C,gpu@51.062C,tj@51.312C,soc1@50.375C,VDD_IN,5683mW/5656mW,VDD_CPU_GPU_CV,1309mW/1309mW,VDD_SOC,2380mW/2379mW
07-26-2026,21:27:13,RAM,768/7620MB,(lfb,30x4MB),SWAP,349/3810MB,(cached,2MB),CPU,[0%@1344,0%@1344,0%@1344,0%@1344,0%@1344,0%@1344],GR3D_FREQ,0%,cpu@51.437C,soc2@49.375C,soc0@50.437C,gpu@51C,tj@51.437C,soc1@50.375C,VDD_IN,5683mW/5656mW,VDD_CPU_GPU_CV,1309mW/1309mW,VDD_SOC,2380mW/2379mW
07-26-2026,21:27:13,RAM,768/7620MB,(lfb,30x4MB),SWAP,349/3810MB,(cached,2MB),CPU,[0%@1344,9%@1344,0%@1344,0%@1344,0%@1344,0%@1344],GR3D_FREQ,0%,cpu@51.593C,soc2@49.468C,soc0@50.218C,gpu@51.031C,tj@51.593C,soc1@50.5C,VDD_IN,5643mW/5656mW,VDD_CPU_GPU_CV,1309mW/1309mW,VDD_SOC,2380mW/2379mW
07-26-2026,21:27:13,RAM,768/7620MB,(lfb,30x4MB),SWAP,349/3810MB,(cached,2MB),CPU,[8%@1344,0%@1344,0%@1344,0%@1344,0%@1344,0%@1344],GR3D_FREQ,0%,cpu@51.125C,soc2@49.156C,soc0@50.156C,gpu@50.968C,tj@51.125C,soc1@50.25C,VDD_IN,5643mW/5656mW,VDD_CPU_GPU_CV,1309mW/1309mW,VDD_SOC,2380mW/2379mW
07-26-2026,21:27:13,RAM,768/7620MB,(lfb,30x4MB),SWAP,349/3810MB,(cached,2MB),CPU,[0%@1344,0%@1344,0%@1344,0%@1344,0%@1344,0%@1344],GR3D_FREQ,0%,cpu@51.062C,soc2@49.25C,soc0@50.187C,gpu@51.531C,tj@51.531C,soc1@50.406C,VDD_IN,5643mW/5656mW,VDD_CPU_GPU_CV,1309mW/1309mW,VDD_SOC,2380mW/2379mW
07-26-2026,21:27:14,RAM,768/7620MB,(lfb,30x4MB),SWAP,349/3810MB,(cached,2MB),CPU,[0%@1344,0%@1344,0%@1344,0%@1344,0%@1344,0%@1344],GR3D_FREQ,0%,cpu@51.437C,soc2@49.406C,soc0@50.343C,gpu@50.968C,tj@51.437C,soc1@50.343C,VDD_IN,5643mW/5656mW,VDD_CPU_GPU_CV,1309mW/1309mW,VDD_SOC,2380mW/2379mW
07-26-2026,21:27:14,RAM,768/7620MB,(lfb,30x4MB),SWAP,349/3810MB,(cached,2MB),CPU,[0%@1344,0%@1344,0%@1344,0%@1344,0%@1344,0%@1344],GR3D_FREQ,0%,cpu@51.531C,soc2@49.312C,soc0@50.093C,gpu@50.906C,tj@51.531C,soc1@50.437C,VDD_IN,5683mW/5656mW,VDD_CPU_GPU_CV,1309mW/1309mW,VDD_SOC,2380mW/2379mW
07-26-2026,21:27:14,RAM,768/7620MB,(lfb,30x4MB),SWAP,349/3810MB,(cached,2MB),CPU,[9%@1344,0%@1344,0%@1344,0%@1344,0%@1344,0%@1344],GR3D_FREQ,0%,cpu@51.656C,soc2@49.343C,soc0@50.218C,gpu@51.5C,tj@51.656C,soc1@50.25C,VDD_IN,5683mW/5656mW,VDD_CPU_GPU_CV,1309mW/1309mW,VDD_SOC,2380mW/2379mW
07-26-2026,21:27:14,RAM,768/7620MB,(lfb,30x4MB),SWAP,349/3810MB,(cached,2MB),CPU,[16%@1344,0%@1344,0%@1344,0%@1344,0%@1344,0%@1344],GR3D_FREQ,0%,cpu@51.218C,soc2@49.437C,soc0@50.281C,gpu@51.312C,tj@51.312C,soc1@50.375C,VDD_IN,5683mW/5656mW,VDD_CPU_GPU_CV,1309mW/1309mW,VDD_SOC,2380mW/2379mW
07-26-2026,21:27:14,RAM,768/7620MB,(lfb,30x4MB),SWAP,349/3810MB,(cached,2MB),CPU,[0%@1344,0%@1344,0%@1344,0%@1344,0%@1344,0%@1344],GR3D_FREQ,0%,cpu@51.437C,soc2@49.468C,soc0@50.156C,gpu@51.218C,tj@51.437C,soc1@50.437C,VDD_IN,5683mW/5656mW,VDD_CPU_GPU_CV,1309mW/1309mW,VDD_SOC,2380mW/2379mW
07-26-2026,21:27:14,RAM,768/7620MB,(lfb,30x4MB),SWAP,349/3810MB,(cached,2MB),CPU,[0%@1344,0%@1344,0%@1344,0%@1344,0%@1344,0%@1344],GR3D_FREQ,0%,cpu@51.468C,soc2@49.343C,soc0@50.093C,gpu@51.531C,tj@51.531C,soc1@50.531C,VDD_IN,5683mW/5656mW,VDD_CPU_GPU_CV,1309mW/1309mW,VDD_SOC,2380mW/2379mW
07-26-2026,21:27:14,RAM,768/7620MB,(lfb,30x4MB),SWAP,349/3810MB,(cached,2MB),CPU,[0%@1344,8%@1344,0%@1344,0%@1344,0%@1344,0%@1344],GR3D_FREQ,0%,cpu@51.406C,soc2@49.343C,soc0@50.156C,gpu@51.218C,tj@51.406C,soc1@50.281C,VDD_IN,5683mW/5656mW,VDD_CPU_GPU_CV,1309mW/1309mW,VDD_SOC,2380mW/2379mW
07-26-2026,21:27:14,RAM,768/7620MB,(lfb,30x4MB),SWAP,349/3810MB,(cached,2MB),CPU,[0%@1344,0%@1344,0%@1344,0%@1344,0%@1344,0%@1344],GR3D_FREQ,0%,cpu@51.218C,soc2@49.312C,soc0@50.218C,gpu@51.125C,tj@51.218C,soc1@50.281C,VDD_IN,5683mW/5656mW,VDD_CPU_GPU_CV,1309mW/1309mW,VDD_SOC,2380mW/2379mW
07-26-2026,21:27:14,RAM,768/7620MB,(lfb,30x4MB),SWAP,349/3810MB,(cached,2MB),CPU,[0%@1344,0%@1344,0%@1344,0%@1344,0%@1344,0%@1344],GR3D_FREQ,0%,cpu@51.437C,soc2@49.343C,soc0@50.468C,gpu@51.437C,tj@51.437C,soc1@50.343C,VDD_IN,5643mW/5656mW,VDD_CPU_GPU_CV,1309mW/1309mW,VDD_SOC,2380mW/2379mW
07-26-2026,21:27:14,RAM,768/7620MB,(lfb,30x4MB),SWAP,349/3810MB,(cached,2MB),CPU,[0%@1344,0%@1344,0%@1344,0%@1344,0%@1344,0%@1344],GR3D_FREQ,0%,cpu@51.468C,soc2@49.406C,soc0@50.062C,gpu@51.25C,tj@51.468C,soc1@50.5C,VDD_IN,5643mW/5656mW,VDD_CPU_GPU_CV,1309mW/1309mW,VDD_SOC,2380mW/2379mW
07-26-2026,21:27:15,RAM,768/7620MB,(lfb,30x4MB),SWAP,349/3810MB,(cached,2MB),CPU,[16%@1344,0%@1344,0%@1344,9%@1344,0%@1344,9%@1344],GR3D_FREQ,0%,cpu@51.5C,soc2@49.25C,soc0@50.187C,gpu@51.187C,tj@51.218C,soc1@50.187C,VDD_IN,5683mW/5656mW,VDD_CPU_GPU_CV,1309mW/1309mW,VDD_SOC,2380mW/2379mW
07-26-2026,21:27:15,RAM,768/7620MB,(lfb,30x4MB),SWAP,349/3810MB,(cached,2MB),CPU,[0%@1344,0%@1344,0%@1344,0%@1344,0%@1344,0%@1344],GR3D_FREQ,0%,cpu@51.218C,soc2@49.312C,soc0@50.25C,gpu@51.437C,tj@51.437C,soc1@50.281C,VDD_IN,5683mW/5656mW,VDD_CPU_GPU_CV,1309mW/1309mW,VDD_SOC,2380mW/2379mW
07-26-2026,21:27:15,RAM,768/7620MB,(lfb,30x4MB),SWAP,349/3810MB,(cached,2MB),CPU,[0%@1344,0%@1344,0%@1344,0%@1344,0%@1344,0%@1344],GR3D_FREQ,0%,cpu@51.343C,soc2@49.281C,soc0@50.375C,gpu@51.187C,tj@51.343C,soc1@50.375C,VDD_IN,5683mW/5656mW,VDD_CPU_GPU_CV,1309mW/1309mW,VDD_SOC,2380mW/2379mW
07-26-2026,21:27:15,RAM,768/7620MB,(lfb,30x4MB),SWAP,349/3810MB,(cached,2MB),CPU,[9%@1344,9%@1344,0%@1344,0%@1344,0%@1344,0%@1344],GR3D_FREQ,0%,cpu@51.437C,soc2@49.375C,soc0@50.062C,gpu@51.062C,tj@51.437C,soc1@50.5C,VDD_IN,5683mW/5657mW,VDD_CPU_GPU_CV,1309mW/1309mW,VDD_SOC,2380mW/2379mW
07-26-2026,21:27:15,RAM,768/7620MB,(lfb,30x4MB),SWAP,349/3810MB,(cached,2MB),CPU,[9%@1344,0%@1344,0%@1344,0%@1344,0%@1344,0%@1344],GR3D_FREQ,0%,cpu@51.437C,soc2@49.281C,soc0@50.156C,gpu@51.312C,tj@51.406C,soc1@50.343C,VDD_IN,5683mW/5657mW,VDD_CPU_GPU_CV,1309mW/1309mW,VDD_SOC,2380mW/2379mW
07-26-2026,21:27:15,RAM,768/7620MB,(lfb,30x4MB),SWAP,349/3810MB,(cached,2MB),CPU,[0%@1344,0%@1344,0%@1344,0%@1344,0%@1344,0%@1344],GR3D_FREQ,0%,cpu@51.312C,soc2@49.218C,soc0@50.218C,gpu@51.218C,tj@51.312C,soc1@50.281C,VDD_IN,5683mW/5657mW,VDD_CPU_GPU_CV,1309mW/1309mW,VDD_SOC,2380mW/2379mW
07-26-2026,21:27:15,RAM,768/7620MB,(lfb,30x4MB),SWAP,349/3810MB,(cached,2MB),CPU,[0%@1344,0%@1344,0%@1344,0%@1344,0%@1344,0%@1344],GR3D_FREQ,0%,cpu@51.343C,soc2@49.25C,soc0@50.281C,gpu@51.156C,tj@51.343C,soc1@50.218C,VDD_IN,5643mW/5657mW,VDD_CPU_GPU_CV,1309mW/1309mW,VDD_SOC,2380mW/2379mW
07-26-2026,21:27:15,RAM,767/7620MB,(lfb,30x4MB),SWAP,349/3810MB,(cached,2MB),CPU,[0%@1344,0%@1344,0%@1344,0%@1344,0%@1344,0%@1344],GR3D_FREQ,0%,cpu@51.406C,soc2@49.343C,soc0@50.093C,gpu@51.312C,tj@51.406C,soc1@50.5C,VDD_IN,5643mW/5657mW,VDD_CPU_GPU_CV,1309mW/1309mW,VDD_SOC,2380mW/2379mW
07-26-2026,21:27:15,RAM,767/7620MB,(lfb,30x4MB),SWAP,349/3810MB,(cached,2MB),CPU,[0%@1344,0%@1344,0%@1344,0%@1344,0%@1344,0%@1344],GR3D_FREQ,0%,cpu@51.468C,soc2@49.5C,soc0@50.093C,gpu@51.218C,tj@51.468C,soc1@50.562C,VDD_IN,5643mW/5657mW,VDD_CPU_GPU_CV,1309mW/1309mW,VDD_SOC,2380mW/2379mW
07-26-2026,21:27:16,RAM,767/7620MB,(lfb,30x4MB),SWAP,349/3810MB,(cached,2MB),CPU,[0%@1344,0%@1344,0%@1344,0%@1344,0%@1344,0%@1344],GR3D_FREQ,0%,cpu@51.312C,soc2@49.25C,soc0@50.25C,gpu@51.156C,tj@51.312C,soc1@50.187C,VDD_IN,5643mW/5656mW,VDD_CPU_GPU_CV,1309mW/1309mW,VDD_SOC,2380mW/2379mW
07-26-2026,21:27:16,RAM,768/7620MB,(lfb,30x4MB),SWAP,349/3810MB,(cached,2MB),CPU,[0%@1344,0%@1344,0%@1344,0%@1344,8%@1344,9%@1344],GR3D_FREQ,0%,cpu@51.187C,soc2@49.218C,soc0@50.281C,gpu@51.375C,tj@51.375C,soc1@50.312C,VDD_IN,5683mW/5657mW,VDD_CPU_GPU_CV,1309mW/1309mW,VDD_SOC,2380mW/2379mW
07-26-2026,21:27:16,RAM,768/7620MB,(lfb,30x4MB),SWAP,349/3810MB,(cached,2MB),CPU,[0%@1344,0%@1344,0%@1344,0%@1344,0%@1344,0%@1344],GR3D_FREQ,0%,cpu@51.343C,soc2@49.406C,soc0@50.25C,gpu@51.218C,tj@51.343C,soc1@50.437C,VDD_IN,5762mW/5657mW,VDD_CPU_GPU_CV,1309mW/1309mW,VDD_SOC,2380mW/2379mW
07-26-2026,21:27:16,RAM,768/7620MB,(lfb,30x4MB),SWAP,349/3810MB,(cached,2MB),CPU,[9%@1344,0%@1344,0%@1344,0%@1344,0%@1344,0%@1344],GR3D_FREQ,0%,cpu@51.343C,soc2@49.437C,soc0@50.156C,gpu@51.406C,tj@51.406C,soc1@50.218C,VDD_IN,5723mW/5657mW,VDD_CPU_GPU_CV,1309mW/1309mW,VDD_SOC,2380mW/2379mW
07-26-2026,21:27:16,RAM,768/7620MB,(lfb,30x4MB),SWAP,349/3810MB,(cached,2MB),CPU,[0%@1344,9%@1344,0%@1344,0%@1344,0%@1344,0%@1344],GR3D_FREQ,0%,cpu@51.312C,soc2@49.281C,soc0@50.375C,gpu@50.968C,tj@51.312C,soc1@50.281C,VDD_IN,5723mW/5657mW,VDD_CPU_GPU_CV,1309mW/1309mW,VDD_SOC,2380mW/2379mW
07-26-2026,21:27:16,RAM,768/7620MB,(lfb,30x4MB),SWAP,349/3810MB,(cached,2MB),CPU,[0%@1344,0%@1344,0%@1344,0%@1344,0%@1344,0%@1344],GR3D_FREQ,0%,cpu@51.281C,soc2@49.25C,soc0@50.406C,gpu@50.843C,tj@51.281C,soc1@50.406C,VDD_IN,5723mW/5657mW,VDD_CPU_GPU_CV,1309mW/1309mW,VDD_SOC,2380mW/2379mW
07-26-2026,21:27:16,RAM,768/7620MB,(lfb,30x4MB),SWAP,349/3810MB,(cached,2MB),CPU,[8%@1344,0%@1344,0%@1344,0%@1344,0%@1344,0%@1344],GR3D_FREQ,0%,cpu@51.25C,soc2@49.437C,soc0@50.031C,gpu@51.375C,tj@51.375C,soc1@50.437C,VDD_IN,5683mW/5657mW,VDD_CPU_GPU_CV,1309mW/1309mW,VDD_SOC,2380mW/2379mW
07-26-2026,21:27:16,RAM,768/7620MB,(lfb,30x4MB),SWAP,349/3810MB,(cached,2MB),CPU,[9%@1344,0%@1344,0%@1344,0%@1344,0%@1344,0%@1344],GR3D_FREQ,0%,cpu@51.343C,soc2@49.218C,soc0@50.125C,gpu@51.062C,tj@51.343C,soc1@50.312C,VDD_IN,5683mW/5657mW,VDD_CPU_GPU_CV,1309mW/1309mW,VDD_SOC,2380mW/2379mW
07-26-2026,21:27:16,RAM,768/7620MB,(lfb,30x4MB),SWAP,349/3810MB,(cached,2MB),CPU,[0%@1344,0%@1344,0%@1344,0%@1344,0%@1344,0%@1344],GR3D_FREQ,0%,cpu@51.187C,soc2@49.375C,soc0@50.218C,gpu@51.531C,tj@51.531C,soc1@50.218C,VDD_IN,5683mW/5657mW,VDD_CPU_GPU_CV,1309mW/1309mW,VDD_SOC,2380mW/2379mW
07-26-2026,21:27:16,RAM,768/7620MB,(lfb,30x4MB),SWAP,349/3810MB,(cached,2MB),CPU,[0%@1344,0%@1344,0%@1344,0%@1344,0%@1344,0%@1344],GR3D_FREQ,0%,cpu@51.156C,soc2@49.343C,soc0@50.375C,gpu@51.375C,tj@51.375C,soc1@50.406C,VDD_IN,5683mW/5657mW,VDD_CPU_GPU_CV,1309mW/1309mW,VDD_SOC,2380mW/2379mW
07-26-2026,21:27:17,RAM,768/7620MB,(lfb,30x4MB),SWAP,349/3810MB,(cached,2MB),CPU,[9%@1344,0%@1344,0%@1344,0%@1344,0%@1344,9%@1344],GR3D_FREQ,0%,cpu@51.187C,soc2@49.343C,soc0@50.125C,gpu@50.968C,tj@51.187C,soc1@50.375C,VDD_IN,5683mW/5657mW,VDD_CPU_GPU_CV,1309mW/1309mW,VDD_SOC,2380mW/2379mW
07-26-2026,21:27:17,RAM,767/7620MB,(lfb,30x4MB),SWAP,349/3810MB,(cached,2MB),CPU,[0%@1344,0%@1344,0%@1344,0%@1344,0%@1344,0%@1344],GR3D_FREQ,0%,cpu@51.312C,soc2@49.437C,soc0@50.062C,gpu@51.5C,tj@51.5C,soc1@50.5C,VDD_IN,5683mW/5657mW,VDD_CPU_GPU_CV,1309mW/1309mW,VDD_SOC,2380mW/2379mW
07-26-2026,21:27:17,RAM,767/7620MB,(lfb,30x4MB),SWAP,349/3810MB,(cached,2MB),CPU,[0%@1344,0%@1344,0%@1344,0%@1344,0%@1344,0%@1344],GR3D_FREQ,0%,cpu@51.156C,soc2@49.25C,soc0@50.281C,gpu@51.312C,tj@51.312C,soc1@50.343C,VDD_IN,5683mW/5657mW,VDD_CPU_GPU_CV,1309mW/1309mW,VDD_SOC,2380mW/2379mW
07-26-2026,21:27:17,RAM,767/7620MB,(lfb,30x4MB),SWAP,349/3810MB,(cached,2MB),CPU,[0%@1344,9%@1344,0%@1344,0%@1344,0%@1344,0%@1344],GR3D_FREQ,0%,cpu@51.125C,soc2@49.218C,soc0@50.125C,gpu@51.031C,tj@51.125C,soc1@50.25C,VDD_IN,5683mW/5657mW,VDD_CPU_GPU_CV,1309mW/1309mW,VDD_SOC,2380mW/2379mW
07-26-2026,21:27:17,RAM,767/7620MB,(lfb,30x4MB),SWAP,349/3810MB,(cached,2MB),CPU,[0%@1344,0%@1344,0%@1344,0%@1344,0%@1344,0%@1344],GR3D_FREQ,0%,cpu@51.218C,soc2@49.343C,soc0@50.343C,gpu@51.437C,tj@51.562C,soc1@50.437C,VDD_IN,5683mW/5658mW,VDD_CPU_GPU_CV,1309mW/1309mW,VDD_SOC,2380mW/2379mW
07-26-2026,21:27:17,RAM,767/7620MB,(lfb,30x4MB),SWAP,349/3810MB,(cached,2MB),CPU,[0%@1344,0%@1344,0%@1344,0%@1344,0%@1344,0%@1344],GR3D_FREQ,0%,cpu@51.343C,soc2@49.375C,soc0@50.125C,gpu@51.25C,tj@51.343C,soc1@50.5C,VDD_IN,5683mW/5658mW,VDD_CPU_GPU_CV,1309mW/1309mW,VDD_SOC,2380mW/2379mW
07-26-2026,21:27:17,RAM,767/7620MB,(lfb,30x4MB),SWAP,349/3810MB,(cached,2MB),CPU,[0%@1344,0%@1344,0%@1344,0%@1344,0%@1344,0%@1344],GR3D_FREQ,0%,cpu@51.437C,soc2@49.281C,soc0@50.187C,gpu@50.968C,tj@51.437C,soc1@50.281C,VDD_IN,5683mW/5658mW,VDD_CPU_GPU_CV,1309mW/1309mW,VDD_SOC,2380mW/2379mW
07-26-2026,21:27:17,RAM,767/7620MB,(lfb,30x4MB),SWAP,349/3810MB,(cached,2MB),CPU,[0%@1344,0%@1344,0%@1344,0%@1344,0%@1344,0%@1344],GR3D_FREQ,0%,cpu@51.218C,soc2@49.218C,soc0@50.312C,gpu@51.5C,tj@51.5C,soc1@50.218C,VDD_IN,5643mW/5658mW,VDD_CPU_GPU_CV,1309mW/1309mW,VDD_SOC,2380mW/2379mW
07-26-2026,21:27:17,RAM,767/7620MB,(lfb,30x4MB),SWAP,349/3810MB,(cached,2MB),CPU,[0%@1344,0%@1344,0%@1344,8%@1344,0%@1344,0%@1344],GR3D_FREQ,0%,cpu@51.187C,soc2@49.437C,soc0@50.406C,gpu@51C,tj@51.312C,soc1@50.281C,VDD_IN,5643mW/5658mW,VDD_CPU_GPU_CV,1309mW/1309mW,VDD_SOC,2380mW/2379mW
07-26-2026,21:27:18,RAM,767/7620MB,(lfb,30x4MB),SWAP,349/3810MB,(cached,2MB),CPU,[9%@1344,0%@1344,0%@1344,0%@1344,0%@1344,0%@1344],GR3D_FREQ,0%,cpu@51.25C,soc2@49.375C,soc0@50.093C,gpu@50.937C,tj@51.25C,soc1@50.468C,VDD_IN,5643mW/5658mW,VDD_CPU_GPU_CV,1309mW/1309mW,VDD_SOC,2380mW/2379mW
07-26-2026,21:27:18,RAM,768/7620MB,(lfb,30x4MB),SWAP,349/3810MB,(cached,2MB),CPU,[0%@1344,0%@1344,9%@1344,0%@1344,9%@1344,0%@1344],GR3D_FREQ,0%,cpu@51.406C,soc2@49.281C,soc0@50.187C,gpu@51.468C,tj@51.468C,soc1@50.343C,VDD_IN,5683mW/5658mW,VDD_CPU_GPU_CV,1309mW/1309mW,VDD_SOC,2380mW/2379mW
07-26-2026,21:27:18,RAM,768/7620MB,(lfb,30x4MB),SWAP,349/3810MB,(cached,2MB),CPU,[0%@1344,0%@1344,0%@1344,0%@1344,9%@1344,0%@1344],GR3D_FREQ,0%,cpu@51.156C,soc2@49.406C,soc0@50.093C,gpu@50.968C,tj@51.218C,soc1@50.281C,VDD_IN,5683mW/5658mW,VDD_CPU_GPU_CV,1309mW/1309mW,VDD_SOC,2380mW/2379mW
07-26-2026,21:27:18,RAM,768/7620MB,(lfb,30x4MB),SWAP,349/3810MB,(cached,2MB),CPU,[16%@1344,0%@1344,0%@1344,0%@1344,0%@1344,0%@1344],GR3D_FREQ,0%,cpu@51.625C,soc2@49.312C,soc0@50.062C,gpu@51.093C,tj@51.625C,soc1@50.375C,VDD_IN,5683mW/5658mW,VDD_CPU_GPU_CV,1309mW/1309mW,VDD_SOC,2380mW/2379mW
07-26-2026,21:27:18,RAM,768/7620MB,(lfb,30x4MB),SWAP,349/3810MB,(cached,2MB),CPU,[0%@1344,8%@1344,0%@1344,0%@1344,0%@1344,0%@1344],GR3D_FREQ,0%,cpu@51.593C,soc2@49.281C,soc0@50.156C,gpu@51.062C,tj@51.593C,soc1@50.593C,VDD_IN,5683mW/5658mW,VDD_CPU_GPU_CV,1309mW/1309mW,VDD_SOC,2380mW/2379mW
07-26-2026,21:27:18,RAM,768/7620MB,(lfb,30x4MB),SWAP,349/3810MB,(cached,2MB),CPU,[0%@1344,0%@1344,0%@1344,0%@1344,0%@1344,0%@1344],GR3D_FREQ,0%,cpu@51.156C,soc2@49.343C,soc0@50.218C,gpu@51.281C,tj@51.281C,soc1@50.218C,VDD_IN,5683mW/5658mW,VDD_CPU_GPU_CV,1309mW/1309mW,VDD_SOC,2380mW/2379mW
07-26-2026,21:27:18,RAM,768/7620MB,(lfb,30x4MB),SWAP,349/3810MB,(cached,2MB),CPU,[9%@1344,0%@1344,0%@1344,0%@1344,0%@1344,0%@1344],GR3D_FREQ,0%,cpu@51.156C,soc2@49.312C,soc0@50.281C,gpu@51.156C,tj@51.281C,soc1@50.406C,VDD_IN,5683mW/5658mW,VDD_CPU_GPU_CV,1309mW/1309mW,VDD_SOC,2380mW/2379mW
07-26-2026,21:27:18,RAM,768/7620MB,(lfb,30x4MB),SWAP,349/3810MB,(cached,2MB),CPU,[0%@1344,0%@1344,0%@1344,0%@1344,0%@1344,0%@1344],GR3D_FREQ,0%,cpu@51.437C,soc2@49.343C,soc0@50.406C,gpu@51.093C,tj@51.437C,soc1@50.437C,VDD_IN,5683mW/5658mW,VDD_CPU_GPU_CV,1309mW/1309mW,VDD_SOC,2380mW/2379mW
07-26-2026,21:27:18,RAM,768/7620MB,(lfb,30x4MB),SWAP,349/3810MB,(cached,2MB),CPU,[0%@1344,0%@1344,0%@1344,0%@1344,0%@1344,0%@1344],GR3D_FREQ,0%,cpu@51.625C,soc2@49.468C,soc0@50.031C,gpu@51.218C,tj@51.625C,soc1@50.531C,VDD_IN,5643mW/5658mW,VDD_CPU_GPU_CV,1309mW/1309mW,VDD_SOC,2380mW/2379mW
07-26-2026,21:27:18,RAM,768/7620MB,(lfb,30x4MB),SWAP,349/3810MB,(cached,2MB),CPU,[0%@1344,0%@1344,0%@1344,0%@1344,0%@1344,0%@1344],GR3D_FREQ,0%,cpu@51.156C,soc2@49.25C,soc0@50.125C,gpu@51.125C,tj@51.156C,soc1@50.156C,VDD_IN,5643mW/5658mW,VDD_CPU_GPU_CV,1309mW/1309mW,VDD_SOC,2380mW/2379mW
07-26-2026,21:27:19,RAM,768/7620MB,(lfb,30x4MB),SWAP,349/3810MB,(cached,2MB),CPU,[0%@1344,0%@1344,0%@1344,0%@1344,0%@1344,0%@1344],GR3D_FREQ,0%,cpu@51.093C,soc2@49.187C,soc0@50.25C,gpu@51.281C,tj@51.093C,soc1@50.375C,VDD_IN,5643mW/5658mW,VDD_CPU_GPU_CV,1309mW/1309mW,VDD_SOC,2380mW/2379mW
07-26-2026,21:27:19,RAM,768/7620MB,(lfb,30x4MB),SWAP,349/3810MB,(cached,2MB),CPU,[9%@1344,0%@1344,0%@1344,0%@1344,0%@1344,0%@1344],GR3D_FREQ,0%,cpu@51.468C,soc2@49.312C,soc0@50.406C,gpu@51.218C,tj@51.468C,soc1@50.25C,VDD_IN,5683mW/5658mW,VDD_CPU_GPU_CV,1309mW/1309mW,VDD_SOC,2380mW/2379mW
07-26-2026,21:27:19,RAM,768/7620MB,(lfb,30x4MB),SWAP,349/3810MB,(cached,2MB),CPU,[0%@1344,0%@1344,0%@1344,0%@1344,0%@1344,0%@1344],GR3D_FREQ,0%,cpu@51.625C,soc2@49.437C,soc0@50.125C,gpu@51.187C,tj@51.625C,soc1@50.437C,VDD_IN,5683mW/5658mW,VDD_CPU_GPU_CV,1309mW/1309mW,VDD_SOC,2380mW/2379mW
07-26-2026,21:27:19,RAM,768/7620MB,(lfb,30x4MB),SWAP,349/3810MB,(cached,2MB),CPU,[9%@1344,10%@1344,0%@1344,0%@1344,0%@1344,0%@1344],GR3D_FREQ,0%,cpu@51.187C,soc2@49.281C,soc0@50.062C,gpu@51C,tj@51.187C,soc1@50.687C,VDD_IN,5683mW/5658mW,VDD_CPU_GPU_CV,1349mW/1309mW,VDD_SOC,2380mW/2379mW
07-26-2026,21:27:19,RAM,768/7620MB,(lfb,30x4MB),SWAP,349/3810MB,(cached,2MB),CPU,[0%@1344,0%@1344,0%@1344,0%@1344,0%@1344,0%@1344],GR3D_FREQ,0%,cpu@51.125C,soc2@49.312C,soc0@50.093C,gpu@51.218C,tj@51.218C,soc1@50.375C,VDD_IN,5683mW/5658mW,VDD_CPU_GPU_CV,1309mW/1309mW,VDD_SOC,2380mW/2379mW
07-26-2026,21:27:19,RAM,768/7620MB,(lfb,30x4MB),SWAP,349/3810MB,(cached,2MB),CPU,[0%@1344,0%@1344,0%@1344,0%@1344,0%@1344,0%@1344],GR3D_FREQ,0%,cpu@51.406C,soc2@49.281C,soc0@50.218C,gpu@51.062C,tj@51.406C,soc1@50.375C,VDD_IN,5683mW/5658mW,VDD_CPU_GPU_CV,1309mW/1309mW,VDD_SOC,2380mW/2379mW
07-26-2026,21:27:19,RAM,768/7620MB,(lfb,30x4MB),SWAP,349/3810MB,(cached,2MB),CPU,[0%@1344,0%@1344,0%@1344,0%@1344,0%@1344,0%@1344],GR3D_FREQ,0%,cpu@51.468C,soc2@49.281C,soc0@50.406C,gpu@51.218C,tj@51.5C,soc1@50.468C,VDD_IN,5683mW/5658mW,VDD_CPU_GPU_CV,1309mW/1309mW,VDD_SOC,2380mW/2379mW
07-26-2026,21:27:19,RAM,768/7620MB,(lfb,30x4MB),SWAP,349/3810MB,(cached,2MB),CPU,[0%@1344,0%@1344,0%@1344,0%@1344,0%@1344,0%@1344],GR3D_FREQ,0%,cpu@51.687C,soc2@49.468C,soc0@50.093C,gpu@51.062C,tj@51.687C,soc1@50.593C,VDD_IN,5643mW/5658mW,VDD_CPU_GPU_CV,1309mW/1309mW,VDD_SOC,2380mW/2379mW
07-26-2026,21:27:19,RAM,768/7620MB,(lfb,30x4MB),SWAP,349/3810MB,(cached,2MB),CPU,[0%@1344,9%@1344,0%@1344,0%@1344,0%@1344,0%@1344],GR3D_FREQ,0%,cpu@51.125C,soc2@49.187C,soc0@50.156C,gpu@51.062C,tj@51.125C,soc1@50.406C,VDD_IN,5643mW/5658mW,VDD_CPU_GPU_CV,1309mW/1309mW,VDD_SOC,2380mW/2379mW
07-26-2026,21:27:20,RAM,768/7620MB,(lfb,30x4MB),SWAP,349/3810MB,(cached,2MB),CPU,[0%@1344,0%@1344,0%@1344,0%@1344,0%@1344,0%@1344],GR3D_FREQ,0%,cpu@51.312C,soc2@49.281C,soc0@50.156C,gpu@51.281C,tj@51.312C,soc1@50.312C,VDD_IN,5643mW/5658mW,VDD_CPU_GPU_CV,1309mW/1309mW,VDD_SOC,2380mW/2379mW
07-26-2026,21:27:20,RAM,768/7620MB,(lfb,30x4MB),SWAP,349/3810MB,(cached,2MB),CPU,[0%@1344,8%@1344,0%@1344,9%@1344,0%@1344,9%@1344],GR3D_FREQ,0%,cpu@51.468C,soc2@49.281C,soc0@50.468C,gpu@51.125C,tj@51.468C,soc1@50.343C,VDD_IN,5683mW/5658mW,VDD_CPU_GPU_CV,1309mW/1309mW,VDD_SOC,2380mW/2379mW
07-26-2026,21:27:20,RAM,768/7620MB,(lfb,30x4MB),SWAP,349/3810MB,(cached,2MB),CPU,[0%@1344,0%@1344,0%@1344,0%@1344,0%@1344,0%@1344],GR3D_FREQ,0%,cpu@51.593C,soc2@49.375C,soc0@50.125C,gpu@51.062C,tj@51.593C,soc1@50.468C,VDD_IN,5683mW/5658mW,VDD_CPU_GPU_CV,1309mW/1309mW,VDD_SOC,2380mW/2379mW
07-26-2026,21:27:20,RAM,768/7620MB,(lfb,30x4MB),SWAP,349/3810MB,(cached,2MB),CPU,[0%@1344,8%@1344,0%@1344,0%@1344,0%@1344,0%@1344],GR3D_FREQ,0%,cpu@51.312C,soc2@49.281C,soc0@50.187C,gpu@51.062C,tj@51.312C,soc1@50.375C,VDD_IN,5683mW/5658mW,VDD_CPU_GPU_CV,1309mW/1309mW,VDD_SOC,2380mW/2379mW
07-26-2026,21:27:20,RAM,768/7620MB,(lfb,30x4MB),SWAP,349/3810MB,(cached,2MB),CPU,[16%@1344,0%@1344,0%@1344,0%@1344,0%@1344,0%@1344],GR3D_FREQ,0%,cpu@51.343C,soc2@49.218C,soc0@50.406C,gpu@51.5C,tj@51.5C,soc1@50.437C,VDD_IN,5683mW/5658mW,VDD_CPU_GPU_CV,1309mW/1309mW,VDD_SOC,2380mW/2379mW
07-26-2026,21:27:20,RAM,768/7620MB,(lfb,30x4MB),SWAP,349/3810MB,(cached,2MB),CPU,[0%@1344,0%@1344,0%@1344,0%@1344,0%@1344,9%@1344],GR3D_FREQ,0%,cpu@51.375C,soc2@49.343C,soc0@50C,gpu@51.312C,tj@51.375C,soc1@50.437C,VDD_IN,5683mW/5658mW,VDD_CPU_GPU_CV,1309mW/1309mW,VDD_SOC,2380mW/2379mW
07-26-2026,21:27:20,RAM,768/7620MB,(lfb,30x4MB),SWAP,349/3810MB,(cached,2MB),CPU,[9%@1344,0%@1344,0%@1344,0%@1344,0%@1344,0%@1344],GR3D_FREQ,0%,cpu@51.437C,soc2@49.312C,soc0@50.125C,gpu@50.875C,tj@51.437C,soc1@50.156C,VDD_IN,5683mW/5658mW,VDD_CPU_GPU_CV,1309mW/1309mW,VDD_SOC,2380mW/2379mW
07-26-2026,21:27:20,RAM,768/7620MB,(lfb,30x4MB),SWAP,349/3810MB,(cached,2MB),CPU,[9%@1344,0%@1344,0%@1344,0%@1344,0%@1344,0%@1344],GR3D_FREQ,0%,cpu@51.312C,soc2@49.218C,soc0@50.218C,gpu@51.468C,tj@51.468C,soc1@50.218C,VDD_IN,5683mW/5658mW,VDD_CPU_GPU_CV,1309mW/1309mW,VDD_SOC,2380mW/2379mW
07-26-2026,21:27:20,RAM,768/7620MB,(lfb,30x4MB),SWAP,349/3810MB,(cached,2MB),CPU,[0%@1344,0%@1344,0%@1344,0%@1344,0%@1344,0%@1344],GR3D_FREQ,0%,cpu@51.187C,soc2@49.343C,soc0@50.343C,gpu@51.281C,tj@51.281C,soc1@50.281C,VDD_IN,5643mW/5658mW,VDD_CPU_GPU_CV,1309mW/1309mW,VDD_SOC,2380mW/2379mW
07-26-2026,21:27:20,RAM,768/7620MB,(lfb,30x4MB),SWAP,349/3810MB,(cached,2MB),CPU,[0%@1344,0%@1344,0%@1344,0%@1344,0%@1344,0%@1344],GR3D_FREQ,0%,cpu@51.375C,soc2@49.312C,soc0@50.093C,gpu@51C,tj@51.375C,soc1@50.468C,VDD_IN,5643mW/5658mW,VDD_CPU_GPU_CV,1309mW/1309mW,VDD_SOC,2380mW/2379mW
07-26-2026,21:27:21,RAM,768/7620MB,(lfb,30x4MB),SWAP,349/3810MB,(cached,2MB),CPU,[0%@1344,0%@1344,0%@1344,0%@1344,0%@1344,0%@1344],GR3D_FREQ,0%,cpu@51.5C,soc2@49.5C,soc0@50.187C,gpu@51.406C,tj@51.5C,soc1@50.531C,VDD_IN,5643mW/5658mW,VDD_CPU_GPU_CV,1309mW/1309mW,VDD_SOC,2380mW/2379mW
07-26-2026,21:27:21,RAM,768/7620MB,(lfb,30x4MB),SWAP,349/3810MB,(cached,2MB),CPU,[0%@1344,0%@1344,0%@1344,0%@1344,8%@1344,0%@1344],GR3D_FREQ,0%,cpu@51.125C,soc2@49.312C,soc0@50.187C,gpu@51.281C,tj@51.281C,soc1@50.187C,VDD_IN,5683mW/5658mW,VDD_CPU_GPU_CV,1309mW/1309mW,VDD_SOC,2380mW/2379mW
07-26-2026,21:27:21,RAM,768/7620MB,(lfb,30x4MB),SWAP,349/3810MB,(cached,2MB),CPU,[0%@1344,0%@1344,0%@1344,0%@1344,0%@1344,0%@1344],GR3D_FREQ,0%,cpu@51.375C,soc2@49.312C,soc0@50.25C,gpu@51C,tj@51.375C,soc1@50.375C,VDD_IN,5683mW/5658mW,VDD_CPU_GPU_CV,1309mW/1309mW,VDD_SOC,2380mW/2379mW
07-26-2026,21:27:21,RAM,768/7620MB,(lfb,30x4MB),SWAP,349/3810MB,(cached,2MB),CPU,[9%@1344,9%@1344,0%@1344,0%@1344,0%@1344,0%@1344],GR3D_FREQ,0%,cpu@51.406C,soc2@49.375C,soc0@50.312C,gpu@51.343C,tj@51.406C,soc1@50.5C,VDD_IN,5762mW/5658mW,VDD_CPU_GPU_CV,1349mW/1309mW,VDD_SOC,2380mW/2379mW
07-26-2026,21:27:21,RAM,768/7620MB,(lfb,30x4MB),SWAP,349/3810MB,(cached,2MB),CPU,[0%@1344,0%@1344,0%@1344,0%@1344,0%@1344,0%@1344],GR3D_FREQ,0%,cpu@51.437C,soc2@49.375C,soc0@50.125C,gpu@51.25C,tj@51.437C,soc1@50.531C,VDD_IN,5723mW/5659mW,VDD_CPU_GPU_CV,1309mW/1309mW,VDD_SOC,2380mW/2379mW
07-26-2026,21:27:21,RAM,768/7620MB,(lfb,30x4MB),SWAP,349/3810MB,(cached,2MB),CPU,[0%@1344,0%@1344,0%@1344,0%@1344,0%@1344,0%@1344],GR3D_FREQ,0%,cpu@51.5C,soc2@49.281C,soc0@50.187C,gpu@51.656C,tj@51.656C,soc1@50.25C,VDD_IN,5723mW/5659mW,VDD_CPU_GPU_CV,1309mW/1309mW,VDD_SOC,2380mW/2379mW
07-26-2026,21:27:21,RAM,768/7620MB,(lfb,30x4MB),SWAP,349/3810MB,(cached,2MB),CPU,[9%@1344,0%@1344,0%@1344,0%@1344,0%@1344,0%@1344],GR3D_FREQ,0%,cpu@51.218C,soc2@49.25C,soc0@50.187C,gpu@51.406C,tj@51.406C,soc1@50.343C,VDD_IN,5683mW/5659mW,VDD_CPU_GPU_CV,1309mW/1309mW,VDD_SOC,2380mW/2379mW
07-26-2026,21:27:21,RAM,768/7620MB,(lfb,30x4MB),SWAP,349/3810MB,(cached,2MB),CPU,[8%@1344,0%@1344,0%@1344,0%@1344,0%@1344,0%@1344],GR3D_FREQ,0%,cpu@51.406C,soc2@49.281C,soc0@50.312C,gpu@51.218C,tj@51.406C,soc1@50.5C,VDD_IN,5683mW/5659mW,VDD_CPU_GPU_CV,1309mW/1309mW,VDD_SOC,2380mW/2379mW
07-26-2026,21:27:21,RAM,768/7620MB,(lfb,30x4MB),SWAP,349/3810MB,(cached,2MB),CPU,[0%@1344,0%@1344,0%@1344,0%@1344,0%@1344,0%@1344],GR3D_FREQ,0%,cpu@51.437C,soc2@49.437C,soc0@50.156C,gpu@51.5C,tj@51.5C,soc1@50.5C,VDD_IN,5683mW/5659mW,VDD_CPU_GPU_CV,1309mW/1309mW,VDD_SOC,2380mW/2379mW
07-26-2026,21:27:22,RAM,768/7620MB,(lfb,30x4MB),SWAP,349/3810MB,(cached,2MB),CPU,[0%@1344,0%@1344,0%@1344,0%@1344,0%@1344,0%@1344],GR3D_FREQ,0%,cpu@51.406C,soc2@49.343C,soc0@50.125C,gpu@51.375C,tj@51.406C,soc1@50.25C,VDD_IN,5683mW/5659mW,VDD_CPU_GPU_CV,1309mW/1309mW,VDD_SOC,2380mW/2379mW
07-26-2026,21:27:22,RAM,768/7620MB,(lfb,30x4MB),SWAP,349/3810MB,(cached,2MB),CPU,[9%@1344,0%@1344,0%@1344,0%@1344,0%@1344,9%@1344],GR3D_FREQ,0%,cpu@51.312C,soc2@49.343C,soc0@50.25C,gpu@51.156C,tj@51.312C,soc1@50.218C,VDD_IN,5683mW/5659mW,VDD_CPU_GPU_CV,1309mW/1309mW,VDD_SOC,2380mW/2379mW
07-26-2026,21:27:22,RAM,768/7620MB,(lfb,30x4MB),SWAP,349/3810MB,(cached,2MB),CPU,[0%@1344,0%@1344,0%@1344,0%@1344,0%@1344,0%@1344],GR3D_FREQ,0%,cpu@51.281C,soc2@49.281C,soc0@50.25C,gpu@51.468C,tj@51.468C,soc1@50.468C,VDD_IN,5683mW/5659mW,VDD_CPU_GPU_CV,1309mW/1309mW,VDD_SOC,2380mW/2379mW
07-26-2026,21:27:22,RAM,768/7620MB,(lfb,30x4MB),SWAP,349/3810MB,(cached,2MB),CPU,[9%@1344,0%@1344,0%@1344,0%@1344,0%@1344,0%@1344],GR3D_FREQ,0%,cpu@51.468C,soc2@49.187C,soc0@50.218C,gpu@51C,tj@51.468C,soc1@50.593C,VDD_IN,5683mW/5659mW,VDD_CPU_GPU_CV,1309mW/1309mW,VDD_SOC,2380mW/2379mW
07-26-2026,21:27:22,RAM,768/7620MB,(lfb,30x4MB),SWAP,349/3810MB,(cached,2MB),CPU,[0%@1344,0%@1344,0%@1344,0%@1344,0%@1344,0%@1344],GR3D_FREQ,0%,cpu@51.343C,soc2@49.281C,soc0@50.218C,gpu@51.218C,tj@51.218C,soc1@50.25C,VDD_IN,5683mW/5659mW,VDD_CPU_GPU_CV,1309mW/1309mW,VDD_SOC,2380mW/2379mW
07-26-2026,21:27:22,RAM,768/7620MB,(lfb,30x4MB),SWAP,349/3810MB,(cached,2MB),CPU,[0%@1344,0%@1344,0%@1344,0%@1344,0%@1344,8%@1344],GR3D_FREQ,0%,cpu@51.156C,soc2@49.312C,soc0@50.281C,gpu@51.062C,tj@51.156C,soc1@50.312C,VDD_IN,5683mW/5659mW,VDD_CPU_GPU_CV,1309mW/1309mW,VDD_SOC,2380mW/2379mW
07-26-2026,21:27:22,RAM,768/7620MB,(lfb,30x4MB),SWAP,349/3810MB,(cached,2MB),CPU,[0%@1344,0%@1344,0%@1344,0%@1344,0%@1344,0%@1344],GR3D_FREQ,0%,cpu@51.156C,soc2@49.312C,soc0@50.343C,gpu@51C,tj@51.156C,soc1@50.343C,VDD_IN,5683mW/5659mW,VDD_CPU_GPU_CV,1309mW/1309mW,VDD_SOC,2380mW/2379mW
07-26-2026,21:27:22,RAM,768/7620MB,(lfb,30x4MB),SWAP,349/3810MB,(cached,2MB),CPU,[9%@1344,0%@1344,0%@1344,0%@1344,0%@1344,0%@1344],GR3D_FREQ,0%,cpu@51.312C,soc2@49.437C,soc0@50.156C,gpu@51.218C,tj@51.625C,soc1@50.531C,VDD_IN,5683mW/5659mW,VDD_CPU_GPU_CV,1309mW/1309mW,VDD_SOC,2380mW/2379mW
07-26-2026,21:27:22,RAM,768/7620MB,(lfb,30x4MB),SWAP,349/3810MB,(cached,2MB),CPU,[8%@1344,0%@1344,0%@1344,0%@1344,0%@1344,0%@1344],GR3D_FREQ,0%,cpu@51.437C,soc2@49.281C,soc0@50.125C,gpu@51.125C,tj@51.437C,soc1@50.25C,VDD_IN,5643mW/5659mW,VDD_CPU_GPU_CV,1309mW/1309mW,VDD_SOC,2380mW/2379mW
07-26-2026,21:27:22,RAM,768/7620MB,(lfb,30x4MB),SWAP,349/3810MB,(cached,2MB),CPU,[0%@1344,0%@1344,0%@1344,0%@1344,0%@1344,0%@1344],GR3D_FREQ,0%,cpu@51.156C,soc2@49.25C,soc0@50.187C,gpu@50.937C,tj@51.156C,soc1@50.437C,VDD_IN,5643mW/5659mW,VDD_CPU_GPU_CV,1309mW/1309mW,VDD_SOC,2380mW/2379mW
07-26-2026,21:27:23,RAM,768/7620MB,(lfb,30x4MB),SWAP,349/3810MB,(cached,2MB),CPU,[9%@1344,0%@1344,0%@1344,0%@1344,0%@1344,0%@1344],GR3D_FREQ,0%,cpu@51.25C,soc2@49.343C,soc0@50.375C,gpu@51.156C,tj@51.25C,soc1@50.406C,VDD_IN,5643mW/5659mW,VDD_CPU_GPU_CV,1309mW/1309mW,VDD_SOC,2380mW/2379mW
07-26-2026,21:27:23,RAM,768/7620MB,(lfb,30x4MB),SWAP,349/3810MB,(cached,2MB),CPU,[0%@1344,0%@1344,0%@1344,0%@1344,9%@1344,0%@1344],GR3D_FREQ,0%,cpu@51.312C,soc2@49.406C,soc0@50.031C,gpu@51C,tj@51.312C,soc1@50.531C,VDD_IN,5683mW/5659mW,VDD_CPU_GPU_CV,1309mW/1309mW,VDD_SOC,2380mW/2379mW
07-26-2026,21:27:23,RAM,768/7620MB,(lfb,30x4MB),SWAP,349/3810MB,(cached,2MB),CPU,[0%@1344,0%@1344,0%@1344,0%@1344,0%@1344,0%@1344],GR3D_FREQ,0%,cpu@51.375C,soc2@49.25C,soc0@50.125C,gpu@50.906C,tj@51.375C,soc1@50.281C,VDD_IN,5683mW/5659mW,VDD_CPU_GPU_CV,1309mW/1309mW,VDD_SOC,2380mW/2379mW
07-26-2026,21:27:23,RAM,768/7620MB,(lfb,30x4MB),SWAP,349/3810MB,(cached,2MB),CPU,[9%@1344,9%@1344,0%@1344,0%@1344,0%@1344,0%@1344],GR3D_FREQ,0%,cpu@51.125C,soc2@49.281C,soc0@50.218C,gpu@51.125C,tj@51.125C,soc1@50.187C,VDD_IN,5683mW/5659mW,VDD_CPU_GPU_CV,1349mW/1309mW,VDD_SOC,2380mW/2379mW
07-26-2026,21:27:23,RAM,768/7620MB,(lfb,30x4MB),SWAP,349/3810MB,(cached,2MB),CPU,[9%@1344,0%@1344,0%@1344,0%@1344,0%@1344,0%@1344],GR3D_FREQ,0%,cpu@51.312C,soc2@49.343C,soc0@50.437C,gpu@51.031C,tj@51.312C,soc1@50.312C,VDD_IN,5683mW/5659mW,VDD_CPU_GPU_CV,1309mW/1309mW,VDD_SOC,2380mW/2379mW
07-26-2026,21:27:23,RAM,768/7620MB,(lfb,30x4MB),SWAP,349/3810MB,(cached,2MB),CPU,[0%@1344,0%@1344,0%@1344,0%@1344,0%@1344,0%@1344],GR3D_FREQ,0%,cpu@51.593C,soc2@49.468C,soc0@50.375C,gpu@50.937C,tj@51.593C,soc1@50.468C,VDD_IN,5683mW/5659mW,VDD_CPU_GPU_CV,1309mW/1309mW,VDD_SOC,2380mW/2379mW
07-26-2026,21:27:23,RAM,768/7620MB,(lfb,30x4MB),SWAP,349/3810MB,(cached,2MB),CPU,[0%@1344,0%@1344,0%@1344,0%@1344,0%@1344,0%@1344],GR3D_FREQ,0%,cpu@51.343C,soc2@49.406C,soc0@50.156C,gpu@51.062C,tj@51.437C,soc1@50.187C,VDD_IN,5683mW/5659mW,VDD_CPU_GPU_CV,1309mW/1309mW,VDD_SOC,2380mW/2379mW
07-26-2026,21:27:23,RAM,768/7620MB,(lfb,30x4MB),SWAP,349/3810MB,(cached,2MB),CPU,[0%@1344,0%@1344,0%@1344,0%@1344,0%@1344,0%@1344],GR3D_FREQ,0%,cpu@51.093C,soc2@49.343C,soc0@50.187C,gpu@51C,tj@51.093C,soc1@50.218C,VDD_IN,5643mW/5659mW,VDD_CPU_GPU_CV,1309mW/1309mW,VDD_SOC,2380mW/2379mW
07-26-2026,21:27:23,RAM,768/7620MB,(lfb,30x4MB),SWAP,349/3810MB,(cached,2MB),CPU,[0%@1344,0%@1344,0%@1344,0%@1344,0%@1344,0%@1344],GR3D_FREQ,0%,cpu@51.187C,soc2@49.406C,soc0@50.312C,gpu@51C,tj@51.187C,soc1@50.312C,VDD_IN,5643mW/5659mW,VDD_CPU_GPU_CV,1309mW/1309mW,VDD_SOC,2380mW/2379mW
07-26-2026,21:27:24,RAM,768/7620MB,(lfb,30x4MB),SWAP,349/3810MB,(cached,2MB),CPU,[0%@1344,0%@1344,0%@1344,0%@1344,0%@1344,0%@1344],GR3D_FREQ,0%,cpu@51.562C,soc2@49.25C,soc0@50.343C,gpu@51.062C,tj@51.562C,soc1@50.343C,VDD_IN,5643mW/5659mW,VDD_CPU_GPU_CV,1309mW/1309mW,VDD_SOC,2380mW/2379mW
07-26-2026,21:27:24,RAM,768/7620MB,(lfb,30x4MB),SWAP,349/3810MB,(cached,2MB),CPU,[15%@1344,0%@1344,0%@1344,0%@1344,0%@1344,0%@1344],GR3D_FREQ,0%,cpu@51.312C,soc2@49.406C,soc0@50.093C,gpu@50.968C,tj@51.312C,soc1@50.437C,VDD_IN,5643mW/5659mW,VDD_CPU_GPU_CV,1309mW/1309mW,VDD_SOC,2380mW/2379mW
07-26-2026,21:27:24,RAM,768/7620MB,(lfb,30x4MB),SWAP,349/3810MB,(cached,2MB),CPU,[0%@1344,9%@1344,0%@1344,0%@1344,9%@1344,0%@1344],GR3D_FREQ,0%,cpu@51.406C,soc2@49.281C,soc0@50.312C,gpu@50.906C,tj@51.406C,soc1@50.25C,VDD_IN,5683mW/5659mW,VDD_CPU_GPU_CV,1309mW/1309mW,VDD_SOC,2380mW/2379mW
07-26-2026,21:27:24,RAM,768/7620MB,(lfb,30x4MB),SWAP,349/3810MB,(cached,2MB),CPU,[9%@1344,0%@1344,0%@1344,0%@1344,0%@1344,0%@1344],GR3D_FREQ,0%,cpu@51.406C,soc2@49.406C,soc0@50.437C,gpu@51.375C,tj@51.406C,soc1@50.375C,VDD_IN,5683mW/5659mW,VDD_CPU_GPU_CV,1309mW/1309mW,VDD_SOC,2380mW/2379mW
07-26-2026,21:27:24,RAM,768/7620MB,(lfb,30x4MB),SWAP,349/3810MB,(cached,2MB),CPU,[0%@1344,0%@1344,0%@1344,0%@1344,0%@1344,0%@1344],GR3D_FREQ,0%,cpu@51.531C,soc2@49.343C,soc0@50C,gpu@51.25C,tj@51.531C,soc1@50.5C,VDD_IN,5683mW/5659mW,VDD_CPU_GPU_CV,1309mW/1309mW,VDD_SOC,2380mW/2379mW
07-26-2026,21:27:24,RAM,768/7620MB,(lfb,30x4MB),SWAP,349/3810MB,(cached,2MB),CPU,[8%@1344,0%@1344,0%@1344,0%@1344,0%@1344,0%@1344],GR3D_FREQ,0%,cpu@51.218C,soc2@49.312C,soc0@50.187C,gpu@51.125C,tj@51.125C,soc1@50.25C,VDD_IN,5683mW/5659mW,VDD_CPU_GPU_CV,1309mW/1309mW,VDD_SOC,2380mW/2379mW
07-26-2026,21:27:24,RAM,768/7620MB,(lfb,30x4MB),SWAP,349/3810MB,(cached,2MB),CPU,[0%@1344,0%@1344,0%@1344,0%@1344,0%@1344,0%@1344],GR3D_FREQ,0%,cpu@51.156C,soc2@49.281C,soc0@50.156C,gpu@51.343C,tj@51.343C,soc1@50.375C,VDD_IN,5683mW/5659mW,VDD_CPU_GPU_CV,1309mW/1309mW,VDD_SOC,2380mW/2379mW
07-26-2026,21:27:24,RAM,768/7620MB,(lfb,30x4MB),SWAP,349/3810MB,(cached,2MB),CPU,[0%@1344,0%@1344,0%@1344,0%@1344,0%@1344,0%@1344],GR3D_FREQ,0%,cpu@51.406C,soc2@49.312C,soc0@50.375C,gpu@51.218C,tj@51.406C,soc1@50.375C,VDD_IN,5683mW/5659mW,VDD_CPU_GPU_CV,1309mW/1309mW,VDD_SOC,2380mW/2379mW
07-26-2026,21:27:24,RAM,768/7620MB,(lfb,30x4MB),SWAP,349/3810MB,(cached,2MB),CPU,[0%@1344,0%@1344,0%@1344,0%@1344,0%@1344,0%@1344],GR3D_FREQ,0%,cpu@51.531C,soc2@49.343C,soc0@50.125C,gpu@51.156C,tj@51.531C,soc1@50.468C,VDD_IN,5643mW/5659mW,VDD_CPU_GPU_CV,1309mW/1309mW,VDD_SOC,2380mW/2379mW
07-26-2026,21:27:24,RAM,768/7620MB,(lfb,30x4MB),SWAP,349/3810MB,(cached,2MB),CPU,[0%@1344,0%@1344,0%@1344,0%@1344,0%@1344,0%@1344],GR3D_FREQ,0%,cpu@51.718C,soc2@49.5C,soc0@50.187C,gpu@51.25C,tj@51.718C,soc1@50.625C,VDD_IN,5683mW/5659mW,VDD_CPU_GPU_CV,1309mW/1309mW,VDD_SOC,2380mW/2379mW
07-26-2026,21:27:25,RAM,768/7620MB,(lfb,30x4MB),SWAP,349/3810MB,(cached,2MB),CPU,[0%@1344,9%@1344,0%@1344,0%@1344,0%@1344,0%@1344],GR3D_FREQ,0%,cpu@51.25C,soc2@49.312C,soc0@50.218C,gpu@51.093C,tj@51.25C,soc1@50.343C,VDD_IN,5643mW/5659mW,VDD_CPU_GPU_CV,1309mW/1309mW,VDD_SOC,2380mW/2379mW
07-26-2026,21:27:25,RAM,768/7620MB,(lfb,30x4MB),SWAP,349/3810MB,(cached,2MB),CPU,[0%@1344,0%@1344,0%@1344,0%@1344,9%@1344,0%@1344],GR3D_FREQ,0%,cpu@51.375C,soc2@49.25C,soc0@50.281C,gpu@51.062C,tj@51.375C,soc1@50.375C,VDD_IN,5683mW/5659mW,VDD_CPU_GPU_CV,1309mW/1309mW,VDD_SOC,2380mW/2379mW
07-26-2026,21:27:25,RAM,768/7620MB,(lfb,30x4MB),SWAP,349/3810MB,(cached,2MB),CPU,[16%@1344,0%@1344,0%@1344,0%@1344,0%@1344,0%@1344],GR3D_FREQ,0%,cpu@51.437C,soc2@49.312C,soc0@50.437C,gpu@51.25C,tj@51.437C,soc1@50.406C,VDD_IN,5683mW/5659mW,VDD_CPU_GPU_CV,1309mW/1309mW,VDD_SOC,2380mW/2379mW
07-26-2026,21:27:25,RAM,767/7620MB,(lfb,30x4MB),SWAP,349/3810MB,(cached,2MB),CPU,[9%@1344,9%@1344,0%@1344,0%@1344,0%@1344,0%@1344],GR3D_FREQ,0%,cpu@51.625C,soc2@49.375C,soc0@50.062C,gpu@51.25C,tj@51.625C,soc1@50.5C,VDD_IN,5683mW/5660mW,VDD_CPU_GPU_CV,1349mW/1309mW,VDD_SOC,2380mW/2379mW
07-26-2026,21:27:25,RAM,767/7620MB,(lfb,30x4MB),SWAP,349/3810MB,(cached,2MB),CPU,[0%@1344,0%@1344,0%@1344,0%@1344,0%@1344,0%@1344],GR3D_FREQ,0%,cpu@51.093C,soc2@49.312C,soc0@50.218C,gpu@51.093C,tj@51.093C,soc1@50.218C,VDD_IN,5683mW/5660mW,VDD_CPU_GPU_CV,1309mW/1309mW,VDD_SOC,2380mW/2379mW
07-26-2026,21:27:25,RAM,767/7620MB,(lfb,30x4MB),SWAP,349/3810MB,(cached,2MB),CPU,[0%@1344,0%@1344,0%@1344,0%@1344,0%@1344,0%@1344],GR3D_FREQ,0%,cpu@51.312C,soc2@49.343C,soc0@50.281C,gpu@51.281C,tj@51.312C,soc1@50.312C,VDD_IN,5683mW/5660mW,VDD_CPU_GPU_CV,1309mW/1309mW,VDD_SOC,2380mW/2379mW
07-26-2026,21:27:25,RAM,767/7620MB,(lfb,30x4MB),SWAP,349/3810MB,(cached,2MB),CPU,[0%@1344,0%@1344,0%@1344,0%@1344,0%@1344,0%@1344],GR3D_FREQ,0%,cpu@51.375C,soc2@49.281C,soc0@50.343C,gpu@51.125C,tj@51.375C,soc1@50.343C,VDD_IN,5683mW/5660mW,VDD_CPU_GPU_CV,1309mW/1309mW,VDD_SOC,2380mW/2379mW
07-26-2026,21:27:25,RAM,767/7620MB,(lfb,30x4MB),SWAP,349/3810MB,(cached,2MB),CPU,[0%@1344,0%@1344,0%@1344,0%@1344,0%@1344,0%@1344],GR3D_FREQ,0%,cpu@51.531C,soc2@49.343C,soc0@50.093C,gpu@51.125C,tj@51.531C,soc1@50.562C,VDD_IN,5683mW/5660mW,VDD_CPU_GPU_CV,1309mW/1309mW,VDD_SOC,2380mW/2379mW
07-26-2026,21:27:25,RAM,767/7620MB,(lfb,30x4MB),SWAP,349/3810MB,(cached,2MB),CPU,[8%@1344,0%@1344,0%@1344,0%@1344,0%@1344,0%@1344],GR3D_FREQ,0%,cpu@51.656C,soc2@49.343C,soc0@50.125C,gpu@51.25C,tj@51.656C,soc1@50.25C,VDD_IN,5683mW/5660mW,VDD_CPU_GPU_CV,1309mW/1309mW,VDD_SOC,2380mW/2379mW
07-26-2026,21:27:26,RAM,767/7620MB,(lfb,30x4MB),SWAP,349/3810MB,(cached,2MB),CPU,[0%@1344,0%@1344,0%@1344,0%@1344,0%@1344,0%@1344],GR3D_FREQ,0%,cpu@51.062C,soc2@49.281C,soc0@50.25C,gpu@51.093C,tj@51.312C,soc1@50.281C,VDD_IN,5643mW/5660mW,VDD_CPU_GPU_CV,1309mW/1309mW,VDD_SOC,2380mW/2379mW
07-26-2026,21:27:26,RAM,767/7620MB,(lfb,30x4MB),SWAP,349/3810MB,(cached,2MB),CPU,[0%@1344,0%@1344,0%@1344,0%@1344,0%@1344,0%@1344],GR3D_FREQ,0%,cpu@51.25C,soc2@49.406C,soc0@50.375C,gpu@51C,tj@51.25C,soc1@50.312C,VDD_IN,5643mW/5660mW,VDD_CPU_GPU_CV,1309mW/1309mW,VDD_SOC,2380mW/2379mW
07-26-2026,21:27:26,RAM,767/7620MB,(lfb,30x4MB),SWAP,349/3810MB,(cached,2MB),CPU,[0%@1344,9%@1344,16%@1344,0%@1344,0%@1344,0%@1344],GR3D_FREQ,0%,cpu@51.468C,soc2@49.375C,soc0@50.031C,gpu@51.218C,tj@51.468C,soc1@50.5C,VDD_IN,5683mW/5660mW,VDD_CPU_GPU_CV,1309mW/1309mW,VDD_SOC,2380mW/2379mW
07-26-2026,21:27:26,RAM,767/7620MB,(lfb,30x4MB),SWAP,349/3810MB,(cached,2MB),CPU,[16%@1344,0%@1344,0%@1344,0%@1344,0%@1344,0%@1344],GR3D_FREQ,0%,cpu@51.156C,soc2@49.25C,soc0@50.281C,gpu@51.5C,tj@51.5C,soc1@50.25C,VDD_IN,5683mW/5660mW,VDD_CPU_GPU_CV,1309mW/1309mW,VDD_SOC,2380mW/2379mW
07-26-2026,21:27:26,RAM,767/7620MB,(lfb,30x4MB),SWAP,349/3810MB,(cached,2MB),CPU,[8%@1344,0%@1344,0%@1344,0%@1344,0%@1344,0%@1344],GR3D_FREQ,0%,cpu@51.218C,soc2@49.218C,soc0@50.343C,gpu@51.062C,tj@51.218C,soc1@50.343C,VDD_IN,5762mW/5660mW,VDD_CPU_GPU_CV,1349mW/1309mW,VDD_SOC,2380mW/2379mW
07-26-2026,21:27:26,RAM,767/7620MB,(lfb,30x4MB),SWAP,349/3810MB,(cached,2MB),CPU,[0%@1344,0%@1344,0%@1344,0%@1344,0%@1344,0%@1344],GR3D_FREQ,0%,cpu@51.437C,soc2@49.437C,soc0@50.437C,gpu@51C,tj@51.437C,soc1@50.562C,VDD_IN,5762mW/5660mW,VDD_CPU_GPU_CV,1309mW/1309mW,VDD_SOC,2380mW/2379mW
07-26-2026,21:27:26,RAM,767/7620MB,(lfb,30x4MB),SWAP,349/3810MB,(cached,2MB),CPU,[0%@1344,0%@1344,0%@1344,0%@1344,0%@1344,0%@1344],GR3D_FREQ,0%,cpu@51.375C,soc2@49.187C,soc0@50.156C,gpu@51.468C,tj@51.468C,soc1@50.5C,VDD_IN,5723mW/5660mW,VDD_CPU_GPU_CV,1309mW/1309mW,VDD_SOC,2380mW/2379mW
07-26-2026,21:27:26,RAM,767/7620MB,(lfb,30x4MB),SWAP,349/3810MB,(cached,2MB),CPU,[0%@1344,0%@1344,0%@1344,0%@1344,0%@1344,0%@1344],GR3D_FREQ,0%,cpu@51.468C,soc2@49.343C,soc0@50.156C,gpu@51.062C,tj@51.468C,soc1@50.25C,VDD_IN,5723mW/5660mW,VDD_CPU_GPU_CV,1309mW/1309mW,VDD_SOC,2380mW/2379mW
07-26-2026,21:27:26,RAM,767/7620MB,(lfb,30x4MB),SWAP,349/3810MB,(cached,2MB),CPU,[0%@1344,0%@1344,0%@1344,0%@1344,0%@1344,0%@1344],GR3D_FREQ,0%,cpu@51.218C,soc2@49.25C,soc0@50.281C,gpu@50.968C,tj@51.218C,soc1@50.312C,VDD_IN,5683mW/5660mW,VDD_CPU_GPU_CV,1309mW/1309mW,VDD_SOC,2380mW/2379mW
07-26-2026,21:27:26,RAM,767/7620MB,(lfb,30x4MB),SWAP,349/3810MB,(cached,2MB),CPU,[0%@1344,0%@1344,0%@1344,0%@1344,0%@1344,0%@1344],GR3D_FREQ,0%,cpu@51.343C,soc2@49.312C,soc0@50.437C,gpu@51.437C,tj@51.437C,soc1@50.312C,VDD_IN,5683mW/5660mW,VDD_CPU_GPU_CV,1309mW/1309mW,VDD_SOC,2380mW/2379mW
07-26-2026,21:27:27,RAM,767/7620MB,(lfb,30x4MB),SWAP,349/3810MB,(cached,2MB),CPU,[0%@1344,0%@1344,0%@1344,0%@1344,0%@1344,0%@1344],GR3D_FREQ,0%,cpu@51.437C,soc2@49.5C,soc0@50.125C,gpu@51.093C,tj@51.437C,soc1@50.562C,VDD_IN,5683mW/5660mW,VDD_CPU_GPU_CV,1309mW/1309mW,VDD_SOC,2380mW/2379mW
07-26-2026,21:27:27,RAM,768/7620MB,(lfb,30x4MB),SWAP,349/3810MB,(cached,2MB),CPU,[0%@1344,0%@1344,8%@1344,0%@1344,0%@1344,0%@1344],GR3D_FREQ,0%,cpu@51.5C,soc2@49.156C,soc0@50.187C,gpu@51C,tj@51.5C,soc1@50.187C,VDD_IN,5683mW/5660mW,VDD_CPU_GPU_CV,1309mW/1309mW,VDD_SOC,2380mW/2379mW
07-26-2026,21:27:27,RAM,768/7620MB,(lfb,30x4MB),SWAP,349/3810MB,(cached,2MB),CPU,[0%@1344,0%@1344,0%@1344,0%@1344,0%@1344,0%@1344],GR3D_FREQ,0%,cpu@51.218C,soc2@49.281C,soc0@50.218C,gpu@51.406C,tj@51.406C,soc1@50.375C,VDD_IN,5683mW/5660mW,VDD_CPU_GPU_CV,1309mW/1309mW,VDD_SOC,2380mW/2379mW
07-26-2026,21:27:27,RAM,768/7620MB,(lfb,30x4MB),SWAP,349/3810MB,(cached,2MB),CPU,[0%@1344,10%@1344,0%@1344,0%@1344,0%@1344,0%@1344],GR3D_FREQ,0%,cpu@51.312C,soc2@49.25C,soc0@50.375C,gpu@51C,tj@51.312C,soc1@50.437C,VDD_IN,5683mW/5660mW,VDD_CPU_GPU_CV,1349mW/1309mW,VDD_SOC,2380mW/2379mW
07-26-2026,21:27:27,RAM,768/7620MB,(lfb,30x4MB),SWAP,349/3810MB,(cached,2MB),CPU,[9%@1344,8%@1344,0%@1344,0%@1344,0%@1344,0%@1344],GR3D_FREQ,0%,cpu@51.343C,soc2@49.312C,soc0@50.062C,gpu@51C,tj@51.343C,soc1@50.375C,VDD_IN,5683mW/5660mW,VDD_CPU_GPU_CV,1309mW/1309mW,VDD_SOC,2380mW/2379mW
07-26-2026,21:27:27,RAM,768/7620MB,(lfb,30x4MB),SWAP,349/3810MB,(cached,2MB),CPU,[9%@1344,0%@1344,0%@1344,0%@1344,0%@1344,0%@1344],GR3D_FREQ,0%,cpu@51.437C,soc2@49.312C,soc0@50.187C,gpu@51.375C,tj@51.437C,soc1@50.312C,VDD_IN,5683mW/5661mW,VDD_CPU_GPU_CV,1309mW/1309mW,VDD_SOC,2380mW/2379mW
07-26-2026,21:27:27,RAM,768/7620MB,(lfb,30x4MB),SWAP,349/3810MB,(cached,2MB),CPU,[8%@1344,0%@1344,0%@1344,0%@1344,0%@1344,0%@1344],GR3D_FREQ,0%,cpu@51.218C,soc2@49.312C,soc0@50.25C,gpu@51C,tj@51.218C,soc1@50.312C,VDD_IN,5683mW/5661mW,VDD_CPU_GPU_CV,1309mW/1309mW,VDD_SOC,2380mW/2379mW
07-26-2026,21:27:27,RAM,768/7620MB,(lfb,30x4MB),SWAP,349/3810MB,(cached,2MB),CPU,[0%@1344,0%@1344,0%@1344,0%@1344,0%@1344,0%@1344],GR3D_FREQ,0%,cpu@51.343C,soc2@49.312C,soc0@50.312C,gpu@51.531C,tj@51.531C,soc1@50.312C,VDD_IN,5683mW/5661mW,VDD_CPU_GPU_CV,1309mW/1309mW,VDD_SOC,2380mW/2379mW
07-26-2026,21:27:27,RAM,768/7620MB,(lfb,30x4MB),SWAP,349/3810MB,(cached,2MB),CPU,[0%@1344,0%@1344,0%@1344,0%@1344,0%@1344,0%@1344],GR3D_FREQ,0%,cpu@51.312C,soc2@49.375C,soc0@50.281C,gpu@51.406C,tj@51.406C,soc1@50.406C,VDD_IN,5643mW/5661mW,VDD_CPU_GPU_CV,1309mW/1309mW,VDD_SOC,2380mW/2379mW
07-26-2026,21:27:28,RAM,768/7620MB,(lfb,30x4MB),SWAP,349/3810MB,(cached,2MB),CPU,[0%@1344,0%@1344,0%@1344,0%@1344,0%@1344,0%@1344],GR3D_FREQ,0%,cpu@51.468C,soc2@49.5C,soc0@50.156C,gpu@51C,tj@51.25C,soc1@50.593C,VDD_IN,5643mW/5661mW,VDD_CPU_GPU_CV,1309mW/1309mW,VDD_SOC,2380mW/2379mW
07-26-2026,21:27:28,RAM,768/7620MB,(lfb,30x4MB),SWAP,349/3810MB,(cached,2MB),CPU,[0%@1344,0%@1344,0%@1344,0%@1344,0%@1344,0%@1344],GR3D_FREQ,0%,cpu@51.437C,soc2@49.25C,soc0@50.125C,gpu@51.531C,tj@51.531C,soc1@50.218C,VDD_IN,5643mW/5660mW,VDD_CPU_GPU_CV,1309mW/1309mW,VDD_SOC,2380mW/2379mW
07-26-2026,21:27:28,RAM,768/7620MB,(lfb,30x4MB),SWAP,349/3810MB,(cached,2MB),CPU,[0%@1344,0%@1344,0%@1344,0%@1344,0%@1344,0%@1344],GR3D_FREQ,0%,cpu@51.218C,soc2@49.218C,soc0@50.375C,gpu@51.312C,tj@51.312C,soc1@50.281C,VDD_IN,5683mW/5661mW,VDD_CPU_GPU_CV,1309mW/1309mW,VDD_SOC,2380mW/2379mW
07-26-2026,21:27:28,RAM,768/7620MB,(lfb,30x4MB),SWAP,349/3810MB,(cached,2MB),CPU,[16%@1344,0%@1344,0%@1344,0%@1344,0%@1344,0%@1344],GR3D_FREQ,0%,cpu@51.312C,soc2@49.375C,soc0@50.062C,gpu@51.125C,tj@51.312C,soc1@50.562C,VDD_IN,5683mW/5661mW,VDD_CPU_GPU_CV,1309mW/1309mW,VDD_SOC,2380mW/2379mW
07-26-2026,21:27:28,RAM,768/7620MB,(lfb,30x4MB),SWAP,349/3810MB,(cached,2MB),CPU,[0%@1344,0%@1344,0%@1344,0%@1344,0%@1344,0%@1344],GR3D_FREQ,0%,cpu@51.406C,soc2@49.281C,soc0@50.156C,gpu@51C,tj@51.406C,soc1@50.281C,VDD_IN,5683mW/5661mW,VDD_CPU_GPU_CV,1309mW/1309mW,VDD_SOC,2380mW/2379mW
07-26-2026,21:27:28,RAM,768/7620MB,(lfb,30x4MB),SWAP,349/3810MB,(cached,2MB),CPU,[0%@1344,0%@1344,0%@1344,0%@1344,0%@1344,0%@1344],GR3D_FREQ,0%,cpu@51.156C,soc2@49.312C,soc0@50.25C,gpu@51.375C,tj@51.156C,soc1@50.187C,VDD_IN,5683mW/5661mW,VDD_CPU_GPU_CV,1309mW/1309mW,VDD_SOC,2380mW/2379mW
07-26-2026,21:27:28,RAM,768/7620MB,(lfb,30x4MB),SWAP,349/3810MB,(cached,2MB),CPU,[9%@1344,0%@1344,0%@1344,0%@1344,0%@1344,0%@1344],GR3D_FREQ,0%,cpu@51.218C,soc2@49.25C,soc0@50.406C,gpu@51.125C,tj@51.218C,soc1@50.312C,VDD_IN,5683mW/5661mW,VDD_CPU_GPU_CV,1309mW/1309mW,VDD_SOC,2380mW/2379mW
07-26-2026,21:27:28,RAM,768/7620MB,(lfb,30x4MB),SWAP,349/3810MB,(cached,2MB),CPU,[0%@1344,0%@1344,0%@1344,0%@1344,0%@1344,0%@1344],GR3D_FREQ,0%,cpu@51.656C,soc2@49.468C,soc0@50.062C,gpu@51.031C,tj@51.656C,soc1@50.5C,VDD_IN,5683mW/5661mW,VDD_CPU_GPU_CV,1309mW/1309mW,VDD_SOC,2380mW/2379mW
07-26-2026,21:27:28,RAM,768/7620MB,(lfb,30x4MB),SWAP,349/3810MB,(cached,2MB),CPU,[0%@1344,0%@1344,0%@1344,0%@1344,0%@1344,0%@1344],GR3D_FREQ,0%,cpu@51.312C,soc2@49.437C,soc0@50.093C,gpu@51.281C,tj@51.312C,soc1@50.25C,VDD_IN,5643mW/5661mW,VDD_CPU_GPU_CV,1309mW/1309mW,VDD_SOC,2380mW/2379mW
07-26-2026,21:27:28,RAM,768/7620MB,(lfb,30x4MB),SWAP,349/3810MB,(cached,2MB),CPU,[0%@1344,0%@1344,0%@1344,0%@1344,0%@1344,0%@1344],GR3D_FREQ,0%,cpu@51.25C,soc2@49.343C,soc0@50.218C,gpu@51.125C,tj@51.25C,soc1@50.312C,VDD_IN,5643mW/5661mW,VDD_CPU_GPU_CV,1309mW/1309mW,VDD_SOC,2380mW/2379mW
07-26-2026,21:27:29,RAM,768/7620MB,(lfb,30x4MB),SWAP,349/3810MB,(cached,2MB),CPU,[0%@1344,0%@1344,0%@1344,0%@1344,0%@1344,0%@1344],GR3D_FREQ,0%,cpu@51.25C,soc2@49.25C,soc0@50.375C,gpu@51C,tj@51.25C,soc1@50.25C,VDD_IN,5643mW/5661mW,VDD_CPU_GPU_CV,1309mW/1309mW,VDD_SOC,2380mW/2379mW
07-26-2026,21:27:29,RAM,768/7620MB,(lfb,30x4MB),SWAP,349/3810MB,(cached,2MB),CPU,[0%@1344,0%@1344,0%@1344,0%@1344,0%@1344,0%@1344],GR3D_FREQ,0%,cpu@51.625C,soc2@49.343C,soc0@50.437C,gpu@51.187C,tj@51.625C,soc1@50.468C,VDD_IN,5643mW/5661mW,VDD_CPU_GPU_CV,1309mW/1309mW,VDD_SOC,2380mW/2379mW
07-26-2026,21:27:29,RAM,768/7620MB,(lfb,30x4MB),SWAP,349/3810MB,(cached,2MB),CPU,[9%@1344,0%@1344,9%@1344,9%@1344,0%@1344,0%@1344],GR3D_FREQ,0%,cpu@51.25C,soc2@49.343C,soc0@50.062C,gpu@51.093C,tj@51.25C,soc1@50.625C,VDD_IN,5683mW/5661mW,VDD_CPU_GPU_CV,1309mW/1309mW,VDD_SOC,2380mW/2379mW
07-26-2026,21:27:29,RAM,768/7620MB,(lfb,30x4MB),SWAP,349/3810MB,(cached,2MB),CPU,[9%@1344,16%@1344,0%@1344,0%@1344,0%@1344,0%@1344],GR3D_FREQ,0%,cpu@51.437C,soc2@49.218C,soc0@50.25C,gpu@51.031C,tj@51.187C,soc1@50.281C,VDD_IN,5683mW/5661mW,VDD_CPU_GPU_CV,1309mW/1309mW,VDD_SOC,2380mW/2379mW
07-26-2026,21:27:29,RAM,768/7620MB,(lfb,30x4MB),SWAP,349/3810MB,(cached,2MB),CPU,[0%@1344,0%@1344,0%@1344,0%@1344,0%@1344,0%@1344],GR3D_FREQ,0%,cpu@51.187C,soc2@49.375C,soc0@50.25C,gpu@50.906C,tj@51.187C,soc1@50.375C,VDD_IN,5683mW/5661mW,VDD_CPU_GPU_CV,1309mW/1309mW,VDD_SOC,2380mW/2379mW
07-26-2026,21:27:29,RAM,768/7620MB,(lfb,30x4MB),SWAP,349/3810MB,(cached,2MB),CPU,[0%@1344,0%@1344,0%@1344,0%@1344,0%@1344,0%@1344],GR3D_FREQ,0%,cpu@51.25C,soc2@49.375C,soc0@50.343C,gpu@51.062C,tj@51.562C,soc1@50.375C,VDD_IN,5683mW/5661mW,VDD_CPU_GPU_CV,1309mW/1309mW,VDD_SOC,2380mW/2379mW
07-26-2026,21:27:29,RAM,768/7620MB,(lfb,30x4MB),SWAP,349/3810MB,(cached,2MB),CPU,[0%@1344,0%@1344,0%@1344,0%@1344,0%@1344,0%@1344],GR3D_FREQ,0%,cpu@51.218C,soc2@49.468C,soc0@50.281C,gpu@51.031C,tj@51.218C,soc1@50.5C,VDD_IN,5643mW/5661mW,VDD_CPU_GPU_CV,1309mW/1309mW,VDD_SOC,2380mW/2379mW
07-26-2026,21:27:29,RAM,768/7620MB,(lfb,30x4MB),SWAP,349/3810MB,(cached,2MB),CPU,[9%@1344,0%@1344,0%@1344,0%@1344,0%@1344,0%@1344],GR3D_FREQ,0%,cpu@51.437C,soc2@49.187C,soc0@50.156C,gpu@51.218C,tj@51.437C,soc1@50.281C,VDD_IN,5643mW/5661mW,VDD_CPU_GPU_CV,1309mW/1309mW,VDD_SOC,2380mW/2379mW
07-26-2026,21:27:29,RAM,768/7620MB,(lfb,30x4MB),SWAP,349/3810MB,(cached,2MB),CPU,[0%@1344,0%@1344,0%@1344,0%@1344,0%@1344,0%@1344],GR3D_FREQ,0%,cpu@51.156C,soc2@49.281C,soc0@50.218C,gpu@51.062C,tj@51.156C,soc1@50.312C,VDD_IN,5643mW/5661mW,VDD_CPU_GPU_CV,1309mW/1309mW,VDD_SOC,2380mW/2379mW
07-26-2026,21:27:30,RAM,768/7620MB,(lfb,30x4MB),SWAP,349/3810MB,(cached,2MB),CPU,[0%@1344,0%@1344,0%@1344,0%@1344,0%@1344,0%@1344],GR3D_FREQ,0%,cpu@51.25C,soc2@49.406C,soc0@50.343C,gpu@51C,tj@51.25C,soc1@50.375C,VDD_IN,5643mW/5661mW,VDD_CPU_GPU_CV,1309mW/1309mW,VDD_SOC,2380mW/2379mW
07-26-2026,21:27:30,RAM,768/7620MB,(lfb,30x4MB),SWAP,349/3810MB,(cached,2MB),CPU,[0%@1344,0%@1344,0%@1344,0%@1344,0%@1344,0%@1344],GR3D_FREQ,0%,cpu@51.593C,soc2@49.281C,soc0@50.093C,gpu@51.218C,tj@51.593C,soc1@50.5C,VDD_IN,5643mW/5661mW,VDD_CPU_GPU_CV,1309mW/1309mW,VDD_SOC,2380mW/2379mW
07-26-2026,21:27:30,RAM,768/7620MB,(lfb,30x4MB),SWAP,349/3810MB,(cached,2MB),CPU,[0%@1344,0%@1344,0%@1344,0%@1344,0%@1344,8%@1344],GR3D_FREQ,0%,cpu@51.343C,soc2@49.281C,soc0@50.218C,gpu@51.062C,tj@51.343C,soc1@50.218C,VDD_IN,5683mW/5661mW,VDD_CPU_GPU_CV,1309mW/1309mW,VDD_SOC,2380mW/2379mW
07-26-2026,21:27:30,RAM,768/7620MB,(lfb,30x4MB),SWAP,349/3810MB,(cached,2MB),CPU,[9%@1344,0%@1344,0%@1344,0%@1344,0%@1344,0%@1344],GR3D_FREQ,0%,cpu@51.437C,soc2@49.312C,soc0@50.25C,gpu@51.218C,tj@51.437C,soc1@50.281C,VDD_IN,5683mW/5661mW,VDD_CPU_GPU_CV,1309mW/1309mW,VDD_SOC,2380mW/2379mW
07-26-2026,21:27:30,RAM,768/7620MB,(lfb,30x4MB),SWAP,349/3810MB,(cached,2MB),CPU,[0%@1344,9%@1344,0%@1344,0%@1344,0%@1344,0%@1344],GR3D_FREQ,0%,cpu@51.406C,soc2@49.343C,soc0@50.468C,gpu@50.968C,tj@51.406C,soc1@50.375C,VDD_IN,5683mW/5661mW,VDD_CPU_GPU_CV,1309mW/1309mW,VDD_SOC,2380mW/2379mW
07-26-2026,21:27:30,RAM,768/7620MB,(lfb,30x4MB),SWAP,349/3810MB,(cached,2MB),CPU,[9%@1344,0%@1344,0%@1344,0%@1344,0%@1344,0%@1344],GR3D_FREQ,0%,cpu@51.562C,soc2@49.5C,soc0@50.031C,gpu@51.375C,tj@51.562C,soc1@50.468C,VDD_IN,5683mW/5661mW,VDD_CPU_GPU_CV,1309mW/1309mW,VDD_SOC,2380mW/2379mW
07-26-2026,21:27:30,RAM,768/7620MB,(lfb,30x4MB),SWAP,349/3810MB,(cached,2MB),CPU,[8%@1344,0%@1344,0%@1344,0%@1344,0%@1344,0%@1344],GR3D_FREQ,0%,cpu@51.093C,soc2@49.281C,soc0@50.093C,gpu@51.25C,tj@51.25C,soc1@50.25C,VDD_IN,5683mW/5661mW,VDD_CPU_GPU_CV,1309mW/1309mW,VDD_SOC,2380mW/2379mW
07-26-2026,21:27:30,RAM,768/7620MB,(lfb,30x4MB),SWAP,349/3810MB,(cached,2MB),CPU,[0%@1344,0%@1344,0%@1344,0%@1344,0%@1344,0%@1344],GR3D_FREQ,0%,cpu@51.281C,soc2@49.375C,soc0@50.187C,gpu@51.593C,tj@51.593C,soc1@50.281C,VDD_IN,5683mW/5661mW,VDD_CPU_GPU_CV,1309mW/1309mW,VDD_SOC,2380mW/2379mW
07-26-2026,21:27:30,RAM,768/7620MB,(lfb,30x4MB),SWAP,349/3810MB,(cached,2MB),CPU,[9%@1344,0%@1344,0%@1344,0%@1344,0%@1344,0%@1344],GR3D_FREQ,0%,cpu@51.343C,soc2@49.343C,soc0@50.375C,gpu@51.312C,tj@51.343C,soc1@50.437C,VDD_IN,5643mW/5661mW,VDD_CPU_GPU_CV,1309mW/1309mW,VDD_SOC,2380mW/2379mW
07-26-2026,21:27:30,RAM,768/7620MB,(lfb,30x4MB),SWAP,349/3810MB,(cached,2MB),CPU,[9%@1344,0%@1344,0%@1344,0%@1344,0%@1344,0%@1344],GR3D_FREQ,0%,cpu@51.437C,soc2@49.343C,soc0@50.093C,gpu@51.156C,tj@51.437C,soc1@50.468C,VDD_IN,5643mW/5661mW,VDD_CPU_GPU_CV,1309mW/1309mW,VDD_SOC,2380mW/2379mW
07-26-2026,21:27:31,RAM,768/7620MB,(lfb,30x4MB),SWAP,349/3810MB,(cached,2MB),CPU,[8%@1344,0%@1344,0%@1344,0%@1344,0%@1344,0%@1344],GR3D_FREQ,0%,cpu@51.625C,soc2@49.343C,soc0@50.156C,gpu@51.5C,tj@51.625C,soc1@50.187C,VDD_IN,5643mW/5661mW,VDD_CPU_GPU_CV,1309mW/1309mW,VDD_SOC,2380mW/2379mW
07-26-2026,21:27:31,RAM,768/7620MB,(lfb,30x4MB),SWAP,349/3810MB,(cached,2MB),CPU,[0%@1344,0%@1344,0%@1344,0%@1344,0%@1344,0%@1344],GR3D_FREQ,0%,cpu@51.343C,soc2@49.281C,soc0@50.281C,gpu@51.218C,tj@51.343C,soc1@50.312C,VDD_IN,5643mW/5661mW,VDD_CPU_GPU_CV,1309mW/1309mW,VDD_SOC,2380mW/2379mW
07-26-2026,21:27:31,RAM,768/7620MB,(lfb,30x4MB),SWAP,349/3810MB,(cached,2MB),CPU,[0%@1344,0%@1344,0%@1344,0%@1344,0%@1344,0%@1344],GR3D_FREQ,0%,cpu@51.437C,soc2@49.437C,soc0@50.25C,gpu@51.187C,tj@51.437C,soc1@50.343C,VDD_IN,5683mW/5661mW,VDD_CPU_GPU_CV,1309mW/1309mW,VDD_SOC,2380mW/2379mW
07-26-2026,21:27:31,RAM,768/7620MB,(lfb,30x4MB),SWAP,349/3810MB,(cached,2MB),CPU,[9%@1344,0%@1344,0%@1344,0%@1344,0%@1344,0%@1344],GR3D_FREQ,0%,cpu@51.468C,soc2@49.406C,soc0@50.062C,gpu@51.468C,tj@51.468C,soc1@50.437C,VDD_IN,5683mW/5661mW,VDD_CPU_GPU_CV,1349mW/1310mW,VDD_SOC,2380mW/2379mW
07-26-2026,21:27:31,RAM,768/7620MB,(lfb,30x4MB),SWAP,349/3810MB,(cached,2MB),CPU,[0%@1344,8%@1344,0%@1344,0%@1344,0%@1344,0%@1344],GR3D_FREQ,0%,cpu@51.562C,soc2@49.25C,soc0@50.187C,gpu@51.312C,tj@51.562C,soc1@50.218C,VDD_IN,5683mW/5661mW,VDD_CPU_GPU_CV,1309mW/1310mW,VDD_SOC,2380mW/2379mW
07-26-2026,21:27:31,RAM,768/7620MB,(lfb,30x4MB),SWAP,349/3810MB,(cached,2MB),CPU,[0%@1344,0%@1344,8%@1344,0%@1344,0%@1344,9%@1344],GR3D_FREQ,0%,cpu@51.281C,soc2@49.312C,soc0@50.218C,gpu@51.187C,tj@51.281C,soc1@50.281C,VDD_IN,5762mW/5661mW,VDD_CPU_GPU_CV,1309mW/1310mW,VDD_SOC,2380mW/2379mW
07-26-2026,21:27:31,RAM,768/7620MB,(lfb,30x4MB),SWAP,349/3810MB,(cached,2MB),CPU,[0%@1344,0%@1344,0%@1344,0%@1344,0%@1344,0%@1344],GR3D_FREQ,0%,cpu@51.375C,soc2@49.406C,soc0@50.281C,gpu@51.375C,tj@51.375C,soc1@50.343C,VDD_IN,5723mW/5661mW,VDD_CPU_GPU_CV,1309mW/1310mW,VDD_SOC,2380mW/2379mW
07-26-2026,21:27:31,RAM,768/7620MB,(lfb,30x4MB),SWAP,349/3810MB,(cached,2MB),CPU,[0%@1344,0%@1344,0%@1344,0%@1344,0%@1344,0%@1344],GR3D_FREQ,0%,cpu@51.437C,soc2@49.25C,soc0@50.062C,gpu@51.281C,tj@51.437C,soc1@50.406C,VDD_IN,5723mW/5661mW,VDD_CPU_GPU_CV,1309mW/1310mW,VDD_SOC,2380mW/2379mW
07-26-2026,21:27:31,RAM,768/7620MB,(lfb,30x4MB),SWAP,349/3810MB,(cached,2MB),CPU,[0%@1344,0%@1344,0%@1344,0%@1344,0%@1344,0%@1344],GR3D_FREQ,0%,cpu@51.562C,soc2@49.375C,soc0@50.25C,gpu@51.093C,tj@51.562C,soc1@50.562C,VDD_IN,5683mW/5661mW,VDD_CPU_GPU_CV,1309mW/1310mW,VDD_SOC,2380mW/2379mW
07-26-2026,21:27:32,RAM,768/7620MB,(lfb,30x4MB),SWAP,349/3810MB,(cached,2MB),CPU,[0%@1344,0%@1344,0%@1344,0%@1344,0%@1344,0%@1344],GR3D_FREQ,0%,cpu@51.093C,soc2@49.281C,soc0@50.281C,gpu@51.437C,tj@51.437C,soc1@50.25C,VDD_IN,5683mW/5661mW,VDD_CPU_GPU_CV,1309mW/1310mW,VDD_SOC,2380mW/2379mW
07-26-2026,21:27:32,RAM,768/7620MB,(lfb,30x4MB),SWAP,349/3810MB,(cached,2MB),CPU,[15%@1344,0%@1344,0%@1344,0%@1344,0%@1344,0%@1344],GR3D_FREQ,0%,cpu@51.312C,soc2@49.343C,soc0@50.312C,gpu@51.156C,tj@51.312C,soc1@50.25C,VDD_IN,5683mW/5661mW,VDD_CPU_GPU_CV,1309mW/1309mW,VDD_SOC,2380mW/2379mW
07-26-2026,21:27:32,RAM,768/7620MB,(lfb,30x4MB),SWAP,349/3810MB,(cached,2MB),CPU,[0%@1344,9%@1344,0%@1344,0%@1344,8%@1344,0%@1344],GR3D_FREQ,0%,cpu@51.406C,soc2@49.375C,soc0@50.343C,gpu@51.187C,tj@51.406C,soc1@50.468C,VDD_IN,5683mW/5661mW,VDD_CPU_GPU_CV,1309mW/1309mW,VDD_SOC,2380mW/2379mW
07-26-2026,21:27:32,RAM,768/7620MB,(lfb,30x4MB),SWAP,349/3810MB,(cached,2MB),CPU,[9%@1344,9%@1344,0%@1344,0%@1344,0%@1344,0%@1344],GR3D_FREQ,0%,cpu@51.375C,soc2@49.312C,soc0@50.125C,gpu@51.031C,tj@51.375C,soc1@50.281C,VDD_IN,5683mW/5661mW,VDD_CPU_GPU_CV,1309mW/1309mW,VDD_SOC,2380mW/2379mW
07-26-2026,21:27:32,RAM,768/7620MB,(lfb,30x4MB),SWAP,349/3810MB,(cached,2MB),CPU,[9%@1344,0%@1344,0%@1344,0%@1344,0%@1344,0%@1344],GR3D_FREQ,0%,cpu@51.187C,soc2@49.375C,soc0@50.218C,gpu@51C,tj@51.187C,soc1@50.343C,VDD_IN,5683mW/5661mW,VDD_CPU_GPU_CV,1309mW/1309mW,VDD_SOC,2380mW/2379mW
07-26-2026,21:27:32,RAM,768/7620MB,(lfb,30x4MB),SWAP,349/3810MB,(cached,2MB),CPU,[0%@1344,0%@1344,0%@1344,0%@1344,0%@1344,0%@1344],GR3D_FREQ,0%,cpu@51.312C,soc2@49.437C,soc0@50.312C,gpu@51.093C,tj@51.312C,soc1@50.312C,VDD_IN,5683mW/5661mW,VDD_CPU_GPU_CV,1309mW/1309mW,VDD_SOC,2380mW/2379mW
07-26-2026,21:27:32,RAM,768/7620MB,(lfb,30x4MB),SWAP,349/3810MB,(cached,2MB),CPU,[0%@1344,0%@1344,0%@1344,0%@1344,0%@1344,0%@1344],GR3D_FREQ,0%,cpu@51.375C,soc2@49.343C,soc0@50.062C,gpu@51.156C,tj@51.375C,soc1@50.531C,VDD_IN,5683mW/5661mW,VDD_CPU_GPU_CV,1309mW/1309mW,VDD_SOC,2380mW/2379mW
07-26-2026,21:27:32,RAM,768/7620MB,(lfb,30x4MB),SWAP,349/3810MB,(cached,2MB),CPU,[0%@1344,0%@1344,0%@1344,0%@1344,0%@1344,0%@1344],GR3D_FREQ,0%,cpu@51.375C,soc2@49.312C,soc0@50.156C,gpu@51C,tj@51.375C,soc1@50.281C,VDD_IN,5683mW/5661mW,VDD_CPU_GPU_CV,1309mW/1309mW,VDD_SOC,2380mW/2379mW
07-26-2026,21:27:32,RAM,768/7620MB,(lfb,30x4MB),SWAP,349/3810MB,(cached,2MB),CPU,[0%@1344,0%@1344,0%@1344,0%@1344,0%@1344,0%@1344],GR3D_FREQ,0%,cpu@51.281C,soc2@49.25C,soc0@50.218C,gpu@51.125C,tj@51.281C,soc1@50.312C,VDD_IN,5683mW/5661mW,VDD_CPU_GPU_CV,1309mW/1309mW,VDD_SOC,2380mW/2379mW
07-26-2026,21:27:32,RAM,768/7620MB,(lfb,30x4MB),SWAP,349/3810MB,(cached,2MB),CPU,[9%@1344,0%@1344,0%@1344,0%@1344,0%@1344,0%@1344],GR3D_FREQ,0%,cpu@51.281C,soc2@49.281C,soc0@50.281C,gpu@50.968C,tj@51.281C,soc1@50.218C,VDD_IN,5643mW/5661mW,VDD_CPU_GPU_CV,1309mW/1309mW,VDD_SOC,2380mW/2379mW
07-26-2026,21:27:33,RAM,768/7620MB,(lfb,30x4MB),SWAP,349/3810MB,(cached,2MB),CPU,[8%@1344,0%@1344,0%@1344,0%@1344,0%@1344,0%@1344],GR3D_FREQ,0%,cpu@51.375C,soc2@49.343C,soc0@50.312C,gpu@50.937C,tj@51.375C,soc1@50.531C,VDD_IN,5643mW/5661mW,VDD_CPU_GPU_CV,1309mW/1309mW,VDD_SOC,2380mW/2379mW
07-26-2026,21:27:33,RAM,768/7620MB,(lfb,30x4MB),SWAP,349/3810MB,(cached,2MB),CPU,[0%@1344,0%@1344,0%@1344,0%@1344,0%@1344,0%@1344],GR3D_FREQ,0%,cpu@51.375C,soc2@49.468C,soc0@50.25C,gpu@51.062C,tj@51.375C,soc1@50.687C,VDD_IN,5643mW/5661mW,VDD_CPU_GPU_CV,1309mW/1309mW,VDD_SOC,2380mW/2379mW
07-26-2026,21:27:33,RAM,768/7620MB,(lfb,30x4MB),SWAP,349/3810MB,(cached,2MB),CPU,[0%@1344,0%@1344,0%@1344,9%@1344,0%@1344,0%@1344],GR3D_FREQ,0%,cpu@51.468C,soc2@49.25C,soc0@50.187C,gpu@51.031C,tj@51.218C,soc1@50.187C,VDD_IN,5683mW/5661mW,VDD_CPU_GPU_CV,1309mW/1309mW,VDD_SOC,2380mW/2379mW
07-26-2026,21:27:33,RAM,768/7620MB,(lfb,30x4MB),SWAP,349/3810MB,(cached,2MB),CPU,[16%@1344,9%@1344,0%@1344,0%@1344,0%@1344,0%@1344],GR3D_FREQ,0%,cpu@51.343C,soc2@49.375C,soc0@50.25C,gpu@50.937C,tj@51.343C,soc1@50.343C,VDD_IN,5683mW/5661mW,VDD_CPU_GPU_CV,1309mW/1309mW,VDD_SOC,2380mW/2379mW
07-26-2026,21:27:33,RAM,768/7620MB,(lfb,30x4MB),SWAP,349/3810MB,(cached,2MB),CPU,[0%@1344,0%@1344,0%@1344,0%@1344,0%@1344,0%@1344],GR3D_FREQ,0%,cpu@51.343C,soc2@49.281C,soc0@50.375C,gpu@51C,tj@51.343C,soc1@50.375C,VDD_IN,5683mW/5661mW,VDD_CPU_GPU_CV,1309mW/1309mW,VDD_SOC,2380mW/2379mW
07-26-2026,21:27:33,RAM,768/7620MB,(lfb,30x4MB),SWAP,349/3810MB,(cached,2MB),CPU,[0%@1344,0%@1344,0%@1344,0%@1344,0%@1344,0%@1344],GR3D_FREQ,0%,cpu@51.437C,soc2@49.375C,soc0@50.187C,gpu@51.031C,tj@51.437C,soc1@50.375C,VDD_IN,5683mW/5661mW,VDD_CPU_GPU_CV,1309mW/1309mW,VDD_SOC,2380mW/2379mW
07-26-2026,21:27:33,RAM,768/7620MB,(lfb,30x4MB),SWAP,349/3810MB,(cached,2MB),CPU,[0%@1344,0%@1344,0%@1344,0%@1344,0%@1344,0%@1344],GR3D_FREQ,0%,cpu@51.437C,soc2@49.343C,soc0@50.25C,gpu@51.531C,tj@51.531C,soc1@50.187C,VDD_IN,5683mW/5662mW,VDD_CPU_GPU_CV,1309mW/1309mW,VDD_SOC,2380mW/2379mW
07-26-2026,21:27:33,RAM,768/7620MB,(lfb,30x4MB),SWAP,349/3810MB,(cached,2MB),CPU,[8%@1344,0%@1344,0%@1344,0%@1344,0%@1344,0%@1344],GR3D_FREQ,0%,cpu@51.218C,soc2@49.281C,soc0@50.25C,gpu@51.093C,tj@51.218C,soc1@50.343C,VDD_IN,5683mW/5662mW,VDD_CPU_GPU_CV,1309mW/1309mW,VDD_SOC,2380mW/2379mW
07-26-2026,21:27:33,RAM,768/7620MB,(lfb,30x4MB),SWAP,349/3810MB,(cached,2MB),CPU,[0%@1344,0%@1344,0%@1344,0%@1344,0%@1344,0%@1344],GR3D_FREQ,0%,cpu@51.312C,soc2@49.437C,soc0@50.281C,gpu@50.906C,tj@51.312C,soc1@50.312C,VDD_IN,5643mW/5662mW,VDD_CPU_GPU_CV,1309mW/1309mW,VDD_SOC,2380mW/2379mW
07-26-2026,21:27:34,RAM,768/7620MB,(lfb,30x4MB),SWAP,349/3810MB,(cached,2MB),CPU,[0%@1344,0%@1344,0%@1344,0%@1344,0%@1344,0%@1344],GR3D_FREQ,0%,cpu@51.375C,soc2@49.375C,soc0@50.031C,gpu@51.5C,tj@51.5C,soc1@50.468C,VDD_IN,5643mW/5661mW,VDD_CPU_GPU_CV,1309mW/1309mW,VDD_SOC,2380mW/2379mW
07-26-2026,21:27:34,RAM,768/7620MB,(lfb,30x4MB),SWAP,349/3810MB,(cached,2MB),CPU,[9%@1344,0%@1344,0%@1344,0%@1344,0%@1344,0%@1344],GR3D_FREQ,0%,cpu@51.312C,soc2@49.281C,soc0@50.156C,gpu@51.093C,tj@51.312C,soc1@50.218C,VDD_IN,5643mW/5661mW,VDD_CPU_GPU_CV,1309mW/1309mW,VDD_SOC,2380mW/2379mW
07-26-2026,21:27:34,RAM,768/7620MB,(lfb,30x4MB),SWAP,349/3810MB,(cached,2MB),CPU,[0%@1344,0%@1344,0%@1344,0%@1344,0%@1344,0%@1344],GR3D_FREQ,0%,cpu@51.281C,soc2@49.25C,soc0@50.218C,gpu@50.937C,tj@51.281C,soc1@50.343C,VDD_IN,5643mW/5661mW,VDD_CPU_GPU_CV,1309mW/1309mW,VDD_SOC,2380mW/2379mW
07-26-2026,21:27:34,RAM,768/7620MB,(lfb,30x4MB),SWAP,349/3810MB,(cached,2MB),CPU,[0%@1344,8%@1344,0%@1344,9%@1344,0%@1344,0%@1344],GR3D_FREQ,0%,cpu@51.375C,soc2@49.375C,soc0@50.375C,gpu@51.468C,tj@51.593C,soc1@50.437C,VDD_IN,5683mW/5661mW,VDD_CPU_GPU_CV,1309mW/1309mW,VDD_SOC,2380mW/2379mW
07-26-2026,21:27:34,RAM,768/7620MB,(lfb,30x4MB),SWAP,349/3810MB,(cached,2MB),CPU,[0%@1344,0%@1344,0%@1344,0%@1344,0%@1344,0%@1344],GR3D_FREQ,0%,cpu@51.25C,soc2@49.5C,soc0@50.125C,gpu@51.312C,tj@51.312C,soc1@50.5C,VDD_IN,5683mW/5661mW,VDD_CPU_GPU_CV,1309mW/1309mW,VDD_SOC,2380mW/2379mW
07-26-2026,21:27:34,RAM,768/7620MB,(lfb,30x4MB),SWAP,349/3810MB,(cached,2MB),CPU,[9%@1344,0%@1344,0%@1344,0%@1344,0%@1344,0%@1344],GR3D_FREQ,0%,cpu@51.406C,soc2@49.281C,soc0@50.187C,gpu@51.218C,tj@51.218C,soc1@50.218C,VDD_IN,5683mW/5662mW,VDD_CPU_GPU_CV,1309mW/1309mW,VDD_SOC,2380mW/2379mW
07-26-2026,21:27:34,RAM,768/7620MB,(lfb,30x4MB),SWAP,349/3810MB,(cached,2MB),CPU,[9%@1344,0%@1344,0%@1344,0%@1344,0%@1344,0%@1344],GR3D_FREQ,0%,cpu@51.156C,soc2@49.312C,soc0@50.375C,gpu@51.093C,tj@51.156C,soc1@50.343C,VDD_IN,5683mW/5662mW,VDD_CPU_GPU_CV,1309mW/1309mW,VDD_SOC,2380mW/2379mW
07-26-2026,21:27:34,RAM,768/7620MB,(lfb,30x4MB),SWAP,349/3810MB,(cached,2MB),CPU,[9%@1344,0%@1344,0%@1344,0%@1344,0%@1344,0%@1344],GR3D_FREQ,0%,cpu@51.656C,soc2@49.312C,soc0@50.375C,gpu@51.218C,tj@51.656C,soc1@50.375C,VDD_IN,5683mW/5662mW,VDD_CPU_GPU_CV,1309mW/1309mW,VDD_SOC,2380mW/2379mW
07-26-2026,21:27:34,RAM,768/7620MB,(lfb,30x4MB),SWAP,349/3810MB,(cached,2MB),CPU,[0%@1344,0%@1344,0%@1344,0%@1344,0%@1344,0%@1344],GR3D_FREQ,0%,cpu@51.25C,soc2@49.375C,soc0@50.187C,gpu@51.125C,tj@51.25C,soc1@50.562C,VDD_IN,5683mW/5662mW,VDD_CPU_GPU_CV,1309mW/1309mW,VDD_SOC,2380mW/2379mW
07-26-2026,21:27:34,RAM,768/7620MB,(lfb,30x4MB),SWAP,349/3810MB,(cached,2MB),CPU,[0%@1344,0%@1344,0%@1344,0%@1344,0%@1344,0%@1344],GR3D_FREQ,0%,cpu@51.375C,soc2@49.281C,soc0@50.125C,gpu@51.125C,tj@51.375C,soc1@50.187C,VDD_IN,5683mW/5662mW,VDD_CPU_GPU_CV,1309mW/1309mW,VDD_SOC,2380mW/2379mW
07-26-2026,21:27:35,RAM,768/7620MB,(lfb,30x4MB),SWAP,349/3810MB,(cached,2MB),CPU,[0%@1344,0%@1344,0%@1344,0%@1344,0%@1344,0%@1344],GR3D_FREQ,0%,cpu@51.187C,soc2@49.312C,soc0@50.281C,gpu@51.25C,tj@51.25C,soc1@50.25C,VDD_IN,5683mW/5662mW,VDD_CPU_GPU_CV,1309mW/1309mW,VDD_SOC,2380mW/2379mW
07-26-2026,21:27:35,RAM,768/7620MB,(lfb,30x4MB),SWAP,349/3810MB,(cached,2MB),CPU,[9%@1344,0%@1344,0%@1344,0%@1344,0%@1344,0%@1344],GR3D_FREQ,0%,cpu@51.187C,soc2@49.312C,soc0@50.343C,gpu@51.062C,tj@51.437C,soc1@50.437C,VDD_IN,5683mW/5662mW,VDD_CPU_GPU_CV,1309mW/1309mW,VDD_SOC,2380mW/2379mW
07-26-2026,21:27:35,RAM,768/7620MB,(lfb,30x4MB),SWAP,349/3810MB,(cached,2MB),CPU,[0%@1344,0%@1344,8%@1344,9%@1344,9%@1344,0%@1344],GR3D_FREQ,0%,cpu@51.718C,soc2@49.312C,soc0@50.093C,gpu@51.062C,tj@51.718C,soc1@50.437C,VDD_IN,5683mW/5662mW,VDD_CPU_GPU_CV,1309mW/1309mW,VDD_SOC,2380mW/2379mW
07-26-2026,21:27:35,RAM,768/7620MB,(lfb,30x4MB),SWAP,349/3810MB,(cached,2MB),CPU,[10%@1344,9%@1344,0%@1344,0%@1344,0%@1344,0%@1344],GR3D_FREQ,0%,cpu@51.312C,soc2@49.312C,soc0@50.187C,gpu@51.218C,tj@51.312C,soc1@50.281C,VDD_IN,5723mW/5662mW,VDD_CPU_GPU_CV,1349mW/1310mW,VDD_SOC,2380mW/2379mW
07-26-2026,21:27:35,RAM,768/7620MB,(lfb,30x4MB),SWAP,349/3810MB,(cached,2MB),CPU,[0%@1344,0%@1344,0%@1344,0%@1344,0%@1344,0%@1344],GR3D_FREQ,0%,cpu@51.125C,soc2@49.343C,soc0@50.25C,gpu@51.125C,tj@51.125C,soc1@50.312C,VDD_IN,5683mW/5662mW,VDD_CPU_GPU_CV,1309mW/1310mW,VDD_SOC,2380mW/2379mW
07-26-2026,21:27:35,RAM,768/7620MB,(lfb,30x4MB),SWAP,349/3810MB,(cached,2MB),CPU,[9%@1344,0%@1344,0%@1344,0%@1344,0%@1344,0%@1344],GR3D_FREQ,0%,cpu@51.218C,soc2@49.312C,soc0@50.312C,gpu@51C,tj@51.218C,soc1@50.312C,VDD_IN,5683mW/5662mW,VDD_CPU_GPU_CV,1309mW/1310mW,VDD_SOC,2380mW/2379mW
07-26-2026,21:27:35,RAM,768/7620MB,(lfb,30x4MB),SWAP,349/3810MB,(cached,2MB),CPU,[0%@1344,0%@1344,0%@1344,0%@1344,0%@1344,0%@1344],GR3D_FREQ,0%,cpu@51.562C,soc2@49.468C,soc0@50C,gpu@51.187C,tj@51.562C,soc1@50.468C,VDD_IN,5683mW/5662mW,VDD_CPU_GPU_CV,1309mW/1310mW,VDD_SOC,2380mW/2379mW
07-26-2026,21:27:35,RAM,768/7620MB,(lfb,30x4MB),SWAP,349/3810MB,(cached,2MB),CPU,[0%@1344,0%@1344,0%@1344,0%@1344,0%@1344,0%@1344],GR3D_FREQ,0%,cpu@51.25C,soc2@49.375C,soc0@50.218C,gpu@51.093C,tj@51.25C,soc1@50.593C,VDD_IN,5683mW/5662mW,VDD_CPU_GPU_CV,1309mW/1310mW,VDD_SOC,2380mW/2379mW
07-26-2026,21:27:35,RAM,768/7620MB,(lfb,30x4MB),SWAP,349/3810MB,(cached,2MB),CPU,[0%@1344,0%@1344,0%@1344,0%@1344,0%@1344,0%@1344],GR3D_FREQ,0%,cpu@51.437C,soc2@49.343C,soc0@50.156C,gpu@51.312C,tj@51.312C,soc1@50.187C,VDD_IN,5643mW/5662mW,VDD_CPU_GPU_CV,1309mW/1310mW,VDD_SOC,2380mW/2379mW
07-26-2026,21:27:36,RAM,768/7620MB,(lfb,30x4MB),SWAP,349/3810MB,(cached,2MB),CPU,[0%@1344,0%@1344,0%@1344,0%@1344,0%@1344,0%@1344],GR3D_FREQ,0%,cpu@51.187C,soc2@49.281C,soc0@50.25C,gpu@51.156C,tj@51.187C,soc1@50.281C,VDD_IN,5643mW/5662mW,VDD_CPU_GPU_CV,1309mW/1310mW,VDD_SOC,2380mW/2379mW
07-26-2026,21:27:36,RAM,768/7620MB,(lfb,30x4MB),SWAP,349/3810MB,(cached,2MB),CPU,[0%@1344,0%@1344,0%@1344,0%@1344,0%@1344,0%@1344],GR3D_FREQ,0%,cpu@51.218C,soc2@49.343C,soc0@50.281C,gpu@51.062C,tj@51.5C,soc1@50.468C,VDD_IN,5643mW/5662mW,VDD_CPU_GPU_CV,1309mW/1310mW,VDD_SOC,2380mW/2379mW
07-26-2026,21:27:36,RAM,768/7620MB,(lfb,30x4MB),SWAP,349/3810MB,(cached,2MB),CPU,[0%@1344,0%@1344,0%@1344,0%@1344,0%@1344,0%@1344],GR3D_FREQ,0%,cpu@51.781C,soc2@49.406C,soc0@50.187C,gpu@51.312C,tj@51.781C,soc1@50.406C,VDD_IN,5643mW/5662mW,VDD_CPU_GPU_CV,1309mW/1310mW,VDD_SOC,2380mW/2379mW
07-26-2026,21:27:36,RAM,767/7620MB,(lfb,30x4MB),SWAP,349/3810MB,(cached,2MB),CPU,[9%@1344,9%@1344,9%@1344,0%@1344,0%@1344,0%@1344],GR3D_FREQ,0%,cpu@51.156C,soc2@49.281C,soc0@50.312C,gpu@50.937C,tj@51.312C,soc1@50.312C,VDD_IN,5683mW/5662mW,VDD_CPU_GPU_CV,1309mW/1310mW,VDD_SOC,2380mW/2379mW
07-26-2026,21:27:36,RAM,768/7620MB,(lfb,30x4MB),SWAP,349/3810MB,(cached,2MB),CPU,[0%@1344,9%@1344,0%@1344,0%@1344,0%@1344,0%@1344],GR3D_FREQ,0%,cpu@51.375C,soc2@49.343C,soc0@50.281C,gpu@51.375C,tj@51.375C,soc1@50.312C,VDD_IN,5683mW/5662mW,VDD_CPU_GPU_CV,1309mW/1310mW,VDD_SOC,2380mW/2379mW
07-26-2026,21:27:36,RAM,768/7620MB,(lfb,30x4MB),SWAP,349/3810MB,(cached,2MB),CPU,[9%@1344,0%@1344,0%@1344,0%@1344,0%@1344,0%@1344],GR3D_FREQ,0%,cpu@51.5C,soc2@49.5C,soc0@50.125C,gpu@50.937C,tj@51.5C,soc1@50.468C,VDD_IN,5683mW/5662mW,VDD_CPU_GPU_CV,1309mW/1310mW,VDD_SOC,2380mW/2379mW
07-26-2026,21:27:36,RAM,768/7620MB,(lfb,30x4MB),SWAP,349/3810MB,(cached,2MB),CPU,[0%@1344,0%@1344,0%@1344,0%@1344,0%@1344,0%@1344],GR3D_FREQ,0%,cpu@51.687C,soc2@49.375C,soc0@50.031C,gpu@51.656C,tj@51.687C,soc1@50.281C,VDD_IN,5723mW/5662mW,VDD_CPU_GPU_CV,1309mW/1310mW,VDD_SOC,2380mW/2379mW
07-26-2026,21:27:36,RAM,768/7620MB,(lfb,30x4MB),SWAP,349/3810MB,(cached,2MB),CPU,[0%@1344,0%@1344,0%@1344,0%@1344,0%@1344,0%@1344],GR3D_FREQ,0%,cpu@51.187C,soc2@49.312C,soc0@50.25C,gpu@51.375C,tj@51.375C,soc1@50.281C,VDD_IN,5723mW/5662mW,VDD_CPU_GPU_CV,1309mW/1310mW,VDD_SOC,2380mW/2379mW
07-26-2026,21:27:36,RAM,767/7620MB,(lfb,30x4MB),SWAP,349/3810MB,(cached,2MB),CPU,[9%@1344,0%@1344,0%@1344,0%@1344,0%@1344,0%@1344],GR3D_FREQ,0%,cpu@51.312C,soc2@49.343C,soc0@50.375C,gpu@50.968C,tj@51.312C,soc1@50.375C,VDD_IN,5723mW/5662mW,VDD_CPU_GPU_CV,1309mW/1310mW,VDD_SOC,2380mW/2379mW
07-26-2026,21:27:36,RAM,767/7620MB,(lfb,30x4MB),SWAP,349/3810MB,(cached,2MB),CPU,[0%@1344,0%@1344,0%@1344,0%@1344,0%@1344,0%@1344],GR3D_FREQ,0%,cpu@51.437C,soc2@49.406C,soc0@50.375C,gpu@51.5C,tj@51.5C,soc1@50.437C,VDD_IN,5723mW/5662mW,VDD_CPU_GPU_CV,1309mW/1310mW,VDD_SOC,2380mW/2379mW
07-26-2026,21:27:37,RAM,767/7620MB,(lfb,30x4MB),SWAP,349/3810MB,(cached,2MB),CPU,[9%@1344,0%@1344,0%@1344,0%@1344,0%@1344,0%@1344],GR3D_FREQ,0%,cpu@51.531C,soc2@49.375C,soc0@50.187C,gpu@51.375C,tj@51.531C,soc1@50.625C,VDD_IN,5683mW/5662mW,VDD_CPU_GPU_CV,1309mW/1310mW,VDD_SOC,2380mW/2379mW
07-26-2026,21:27:37,RAM,767/7620MB,(lfb,30x4MB),SWAP,349/3810MB,(cached,2MB),CPU,[0%@1344,0%@1344,0%@1344,0%@1344,0%@1344,0%@1344],GR3D_FREQ,0%,cpu@51.093C,soc2@49.343C,soc0@50.187C,gpu@51C,tj@51.093C,soc1@50.312C,VDD_IN,5683mW/5662mW,VDD_CPU_GPU_CV,1309mW/1310mW,VDD_SOC,2380mW/2379mW
07-26-2026,21:27:37,RAM,768/7620MB,(lfb,30x4MB),SWAP,349/3810MB,(cached,2MB),CPU,[0%@1344,0%@1344,0%@1344,0%@1344,0%@1344,0%@1344],GR3D_FREQ,0%,cpu@51.406C,soc2@49.25C,soc0@50.218C,gpu@51.406C,tj@51.406C,soc1@50.25C,VDD_IN,5683mW/5662mW,VDD_CPU_GPU_CV,1309mW/1310mW,VDD_SOC,2380mW/2379mW
07-26-2026,21:27:37,RAM,767/7620MB,(lfb,30x4MB),SWAP,349/3810MB,(cached,2MB),CPU,[10%@1344,9%@1344,0%@1344,0%@1344,0%@1344,0%@1344],GR3D_FREQ,0%,cpu@51.406C,soc2@49.312C,soc0@50.468C,gpu@51.281C,tj@51.406C,soc1@50.375C,VDD_IN,5723mW/5662mW,VDD_CPU_GPU_CV,1349mW/1310mW,VDD_SOC,2380mW/2379mW
07-26-2026,21:27:37,RAM,767/7620MB,(lfb,30x4MB),SWAP,349/3810MB,(cached,2MB),CPU,[9%@1344,0%@1344,0%@1344,0%@1344,0%@1344,0%@1344],GR3D_FREQ,0%,cpu@51.531C,soc2@49.468C,soc0@50.187C,gpu@50.968C,tj@51.531C,soc1@50.531C,VDD_IN,5723mW/5663mW,VDD_CPU_GPU_CV,1309mW/1310mW,VDD_SOC,2380mW/2379mW
07-26-2026,21:27:37,RAM,767/7620MB,(lfb,30x4MB),SWAP,349/3810MB,(cached,2MB),CPU,[0%@1344,0%@1344,0%@1344,0%@1344,0%@1344,0%@1344],GR3D_FREQ,0%,cpu@51.718C,soc2@49.25C,soc0@50.25C,gpu@51.468C,tj@51.718C,soc1@50.25C,VDD_IN,5683mW/5663mW,VDD_CPU_GPU_CV,1309mW/1310mW,VDD_SOC,2380mW/2379mW
07-26-2026,21:27:37,RAM,767/7620MB,(lfb,30x4MB),SWAP,349/3810MB,(cached,2MB),CPU,[0%@1344,0%@1344,0%@1344,0%@1344,0%@1344,0%@1344],GR3D_FREQ,0%,cpu@51.312C,soc2@49.25C,soc0@50.25C,gpu@51.281C,tj@51.312C,soc1@50.281C,VDD_IN,5683mW/5663mW,VDD_CPU_GPU_CV,1309mW/1310mW,VDD_SOC,2380mW/2379mW
07-26-2026,21:27:37,RAM,767/7620MB,(lfb,30x4MB),SWAP,349/3810MB,(cached,2MB),CPU,[0%@1344,0%@1344,9%@1344,0%@1344,0%@1344,0%@1344],GR3D_FREQ,0%,cpu@51.312C,soc2@49.375C,soc0@50.25C,gpu@50.937C,tj@51.343C,soc1@50.437C,VDD_IN,5683mW/5663mW,VDD_CPU_GPU_CV,1309mW/1310mW,VDD_SOC,2380mW/2379mW
07-26-2026,21:27:37,RAM,767/7620MB,(lfb,30x4MB),SWAP,349/3810MB,(cached,2MB),CPU,[0%@1344,0%@1344,0%@1344,0%@1344,0%@1344,0%@1344],GR3D_FREQ,0%,cpu@51.437C,soc2@49.406C,soc0@50.093C,gpu@51.375C,tj@51.437C,soc1@50.437C,VDD_IN,5683mW/5663mW,VDD_CPU_GPU_CV,1309mW/1310mW,VDD_SOC,2380mW/2379mW
07-26-2026,21:27:38,RAM,767/7620MB,(lfb,30x4MB),SWAP,349/3810MB,(cached,2MB),CPU,[9%@1344,0%@1344,0%@1344,0%@1344,0%@1344,0%@1344],GR3D_FREQ,0%,cpu@51.531C,soc2@49.375C,soc0@50.125C,gpu@51.281C,tj@51.531C,soc1@50.187C,VDD_IN,5683mW/5663mW,VDD_CPU_GPU_CV,1309mW/1310mW,VDD_SOC,2380mW/2379mW
07-26-2026,21:27:38,RAM,767/7620MB,(lfb,30x4MB),SWAP,349/3810MB,(cached,2MB),CPU,[0%@1344,0%@1344,0%@1344,0%@1344,0%@1344,0%@1344],GR3D_FREQ,0%,cpu@51.187C,soc2@49.281C,soc0@50.156C,gpu@50.843C,tj@51.187C,soc1@50.343C,VDD_IN,5643mW/5663mW,VDD_CPU_GPU_CV,1309mW/1310mW,VDD_SOC,2380mW/2379mW
07-26-2026,21:27:38,RAM,767/7620MB,(lfb,30x4MB),SWAP,349/3810MB,(cached,2MB),CPU,[9%@1344,0%@1344,0%@1344,0%@1344,0%@1344,0%@1344],GR3D_FREQ,0%,cpu@51.406C,soc2@49.406C,soc0@50.375C,gpu@51.406C,tj@51.406C,soc1@50.25C,VDD_IN,5643mW/5663mW,VDD_CPU_GPU_CV,1309mW/1310mW,VDD_SOC,2380mW/2379mW
07-26-2026,21:27:38,RAM,767/7620MB,(lfb,30x4MB),SWAP,349/3810MB,(cached,2MB),CPU,[0%@1344,0%@1344,9%@1344,0%@1344,0%@1344,0%@1344],GR3D_FREQ,0%,cpu@51.437C,soc2@49.406C,soc0@50.125C,gpu@51.25C,tj@51.437C,soc1@50.562C,VDD_IN,5683mW/5663mW,VDD_CPU_GPU_CV,1309mW/1310mW,VDD_SOC,2380mW/2379mW
07-26-2026,21:27:38,RAM,767/7620MB,(lfb,30x4MB),SWAP,349/3810MB,(cached,2MB),CPU,[0%@1344,0%@1344,0%@1344,0%@1344,0%@1344,0%@1344],GR3D_FREQ,0%,cpu@51.468C,soc2@49.375C,soc0@50.281C,gpu@51.156C,tj@51.218C,soc1@50.281C,VDD_IN,5683mW/5663mW,VDD_CPU_GPU_CV,1309mW/1310mW,VDD_SOC,2380mW/2379mW
07-26-2026,21:27:38,RAM,767/7620MB,(lfb,30x4MB),SWAP,349/3810MB,(cached,2MB),CPU,[0%@1344,0%@1344,0%@1344,0%@1344,0%@1344,0%@1344],GR3D_FREQ,0%,cpu@51.25C,soc2@49.375C,soc0@50.312C,gpu@51.093C,tj@51.25C,soc1@50.25C,VDD_IN,5683mW/5663mW,VDD_CPU_GPU_CV,1309mW/1310mW,VDD_SOC,2380mW/2379mW
07-26-2026,21:27:38,RAM,767/7620MB,(lfb,30x4MB),SWAP,349/3810MB,(cached,2MB),CPU,[0%@1344,0%@1344,0%@1344,0%@1344,0%@1344,0%@1344],GR3D_FREQ,0%,cpu@51.343C,soc2@49.312C,soc0@50.375C,gpu@51.218C,tj@51.343C,soc1@50.406C,VDD_IN,5683mW/5663mW,VDD_CPU_GPU_CV,1309mW/1310mW,VDD_SOC,2380mW/2379mW
07-26-2026,21:27:38,RAM,767/7620MB,(lfb,30x4MB),SWAP,349/3810MB,(cached,2MB),CPU,[0%@1344,0%@1344,0%@1344,0%@1344,0%@1344,0%@1344],GR3D_FREQ,0%,cpu@51.468C,soc2@49.437C,soc0@50.093C,gpu@51.093C,tj@51.468C,soc1@50.5C,VDD_IN,5683mW/5663mW,VDD_CPU_GPU_CV,1309mW/1310mW,VDD_SOC,2380mW/2379mW
07-26-2026,21:27:38,RAM,767/7620MB,(lfb,30x4MB),SWAP,349/3810MB,(cached,2MB),CPU,[0%@1344,0%@1344,0%@1344,0%@1344,0%@1344,0%@1344],GR3D_FREQ,0%,cpu@51.437C,soc2@49.218C,soc0@50.187C,gpu@51C,tj@51.437C,soc1@50.218C,VDD_IN,5683mW/5663mW,VDD_CPU_GPU_CV,1309mW/1310mW,VDD_SOC,2380mW/2379mW
07-26-2026,21:27:38,RAM,767/7620MB,(lfb,30x4MB),SWAP,349/3810MB,(cached,2MB),CPU,[0%@1344,0%@1344,0%@1344,0%@1344,0%@1344,0%@1344],GR3D_FREQ,0%,cpu@51.343C,soc2@49.343C,soc0@50.25C,gpu@51.156C,tj@51.343C,soc1@50.25C,VDD_IN,5643mW/5663mW,VDD_CPU_GPU_CV,1309mW/1310mW,VDD_SOC,2380mW/2379mW
07-26-2026,21:27:39,RAM,767/7620MB,(lfb,30x4MB),SWAP,349/3810MB,(cached,2MB),CPU,[0%@1344,0%@1344,0%@1344,0%@1344,0%@1344,0%@1344],GR3D_FREQ,0%,cpu@51.312C,soc2@49.375C,soc0@50.281C,gpu@51.062C,tj@51.312C,soc1@50.437C,VDD_IN,5643mW/5663mW,VDD_CPU_GPU_CV,1309mW/1310mW,VDD_SOC,2380mW/2379mW
07-26-2026,21:27:39,RAM,767/7620MB,(lfb,30x4MB),SWAP,349/3810MB,(cached,2MB),CPU,[8%@1344,0%@1344,0%@1344,0%@1344,0%@1344,0%@1344],GR3D_FREQ,0%,cpu@51.375C,soc2@49.343C,soc0@50.187C,gpu@51.062C,tj@51.375C,soc1@50.312C,VDD_IN,5643mW/5663mW,VDD_CPU_GPU_CV,1309mW/1310mW,VDD_SOC,2380mW/2379mW
07-26-2026,21:27:39,RAM,767/7620MB,(lfb,30x4MB),SWAP,349/3810MB,(cached,2MB),CPU,[9%@1344,0%@1344,0%@1344,0%@1344,0%@1344,0%@1344],GR3D_FREQ,0%,cpu@51.437C,soc2@49.281C,soc0@50.125C,gpu@51.218C,tj@51.437C,soc1@50.218C,VDD_IN,5683mW/5663mW,VDD_CPU_GPU_CV,1309mW/1310mW,VDD_SOC,2380mW/2379mW
07-26-2026,21:27:39,RAM,767/7620MB,(lfb,30x4MB),SWAP,349/3810MB,(cached,2MB),CPU,[9%@1344,10%@1344,0%@1344,0%@1344,0%@1344,0%@1344],GR3D_FREQ,0%,cpu@51.187C,soc2@49.312C,soc0@50.25C,gpu@51.093C,tj@51.187C,soc1@50.187C,VDD_IN,5683mW/5663mW,VDD_CPU_GPU_CV,1349mW/1310mW,VDD_SOC,2380mW/2379mW
07-26-2026,21:27:39,RAM,767/7620MB,(lfb,30x4MB),SWAP,349/3810MB,(cached,2MB),CPU,[0%@1344,8%@1344,0%@1344,0%@1344,0%@1344,0%@1344],GR3D_FREQ,0%,cpu@51.218C,soc2@49.312C,soc0@50.281C,gpu@50.968C,tj@51.218C,soc1@50.406C,VDD_IN,5683mW/5663mW,VDD_CPU_GPU_CV,1309mW/1310mW,VDD_SOC,2380mW/2379mW
07-26-2026,21:27:39,RAM,767/7620MB,(lfb,30x4MB),SWAP,349/3810MB,(cached,2MB),CPU,[0%@1344,0%@1344,0%@1344,0%@1344,0%@1344,0%@1344],GR3D_FREQ,0%,cpu@51.312C,soc2@49.5C,soc0@50.062C,gpu@51.187C,tj@51.312C,soc1@50.468C,VDD_IN,5683mW/5663mW,VDD_CPU_GPU_CV,1309mW/1310mW,VDD_SOC,2380mW/2379mW
07-26-2026,21:27:39,RAM,767/7620MB,(lfb,30x4MB),SWAP,349/3810MB,(cached,2MB),CPU,[0%@1344,0%@1344,0%@1344,0%@1344,0%@1344,0%@1344],GR3D_FREQ,0%,cpu@51.531C,soc2@49.468C,soc0@50.125C,gpu@51.062C,tj@51.531C,soc1@50.656C,VDD_IN,5683mW/5663mW,VDD_CPU_GPU_CV,1309mW/1310mW,VDD_SOC,2380mW/2379mW
07-26-2026,21:27:39,RAM,767/7620MB,(lfb,30x4MB),SWAP,349/3810MB,(cached,2MB),CPU,[0%@1344,8%@1344,0%@1344,0%@1344,0%@1344,0%@1344],GR3D_FREQ,0%,cpu@51.218C,soc2@49.281C,soc0@50.218C,gpu@51.031C,tj@51.218C,soc1@50.312C,VDD_IN,5683mW/5663mW,VDD_CPU_GPU_CV,1309mW/1310mW,VDD_SOC,2380mW/2379mW
07-26-2026,21:27:39,RAM,767/7620MB,(lfb,30x4MB),SWAP,349/3810MB,(cached,2MB),CPU,[0%@1344,0%@1344,0%@1344,0%@1344,0%@1344,0%@1344],GR3D_FREQ,0%,cpu@51.218C,soc2@49.375C,soc0@50.312C,gpu@51.187C,tj@51.218C,soc1@50.343C,VDD_IN,5643mW/5663mW,VDD_CPU_GPU_CV,1309mW/1310mW,VDD_SOC,2380mW/2379mW
07-26-2026,21:27:40,RAM,767/7620MB,(lfb,30x4MB),SWAP,349/3810MB,(cached,2MB),CPU,[0%@1344,0%@1344,0%@1344,0%@1344,0%@1344,0%@1344],GR3D_FREQ,0%,cpu@51.281C,soc2@49.437C,soc0@50.375C,gpu@51.125C,tj@51.281C,soc1@50.406C,VDD_IN,5683mW/5663mW,VDD_CPU_GPU_CV,1309mW/1310mW,VDD_SOC,2380mW/2379mW
07-26-2026,21:27:40,RAM,767/7620MB,(lfb,30x4MB),SWAP,349/3810MB,(cached,2MB),CPU,[9%@1344,0%@1344,0%@1344,0%@1344,0%@1344,0%@1344],GR3D_FREQ,0%,cpu@51.406C,soc2@49.406C,soc0@50.187C,gpu@50.937C,tj@51.406C,soc1@50.5C,VDD_IN,5643mW/5663mW,VDD_CPU_GPU_CV,1309mW/1310mW,VDD_SOC,2380mW/2379mW
07-26-2026,21:27:40,RAM,767/7620MB,(lfb,30x4MB),SWAP,349/3810MB,(cached,2MB),CPU,[0%@1344,0%@1344,0%@1344,0%@1344,0%@1344,0%@1344],GR3D_FREQ,0%,cpu@51.406C,soc2@49.25C,soc0@50.187C,gpu@51.218C,tj@51.406C,soc1@50.25C,VDD_IN,5643mW/5663mW,VDD_CPU_GPU_CV,1309mW/1310mW,VDD_SOC,2380mW/2379mW
07-26-2026,21:27:40,RAM,767/7620MB,(lfb,30x4MB),SWAP,349/3810MB,(cached,2MB),CPU,[0%@1344,9%@1344,0%@1344,0%@1344,0%@1344,0%@1344],GR3D_FREQ,0%,cpu@51.281C,soc2@49.343C,soc0@50.375C,gpu@51.375C,tj@51.375C,soc1@50.406C,VDD_IN,5683mW/5663mW,VDD_CPU_GPU_CV,1309mW/1310mW,VDD_SOC,2380mW/2379mW
07-26-2026,21:27:40,RAM,767/7620MB,(lfb,30x4MB),SWAP,349/3810MB,(cached,2MB),CPU,[9%@1344,9%@1344,0%@1344,0%@1344,0%@1344,0%@1344],GR3D_FREQ,0%,cpu@51.656C,soc2@49.468C,soc0@50.093C,gpu@50.906C,tj@51.656C,soc1@50.468C,VDD_IN,5683mW/5663mW,VDD_CPU_GPU_CV,1309mW/1310mW,VDD_SOC,2380mW/2379mW
07-26-2026,21:27:40,RAM,767/7620MB,(lfb,30x4MB),SWAP,349/3810MB,(cached,2MB),CPU,[0%@1344,0%@1344,0%@1344,0%@1344,0%@1344,0%@1344],GR3D_FREQ,0%,cpu@51.406C,soc2@49.218C,soc0@50.125C,gpu@51.5C,tj@51.5C,soc1@50.218C,VDD_IN,5683mW/5663mW,VDD_CPU_GPU_CV,1309mW/1310mW,VDD_SOC,2380mW/2379mW
07-26-2026,21:27:40,RAM,767/7620MB,(lfb,30x4MB),SWAP,349/3810MB,(cached,2MB),CPU,[9%@1344,0%@1344,0%@1344,0%@1344,0%@1344,0%@1344],GR3D_FREQ,0%,cpu@51.187C,soc2@49.312C,soc0@50.125C,gpu@51.25C,tj@51.25C,soc1@50.312C,VDD_IN,5683mW/5663mW,VDD_CPU_GPU_CV,1309mW/1310mW,VDD_SOC,2380mW/2379mW
07-26-2026,21:27:40,RAM,767/7620MB,(lfb,30x4MB),SWAP,349/3810MB,(cached,2MB),CPU,[0%@1344,0%@1344,0%@1344,0%@1344,0%@1344,0%@1344],GR3D_FREQ,0%,cpu@51.25C,soc2@49.375C,soc0@50.25C,gpu@51C,tj@51.25C,soc1@50.343C,VDD_IN,5683mW/5663mW,VDD_CPU_GPU_CV,1309mW/1310mW,VDD_SOC,2380mW/2379mW
07-26-2026,21:27:40,RAM,767/7620MB,(lfb,30x4MB),SWAP,349/3810MB,(cached,2MB),CPU,[0%@1344,0%@1344,0%@1344,0%@1344,0%@1344,0%@1344],GR3D_FREQ,0%,cpu@51.562C,soc2@49.5C,soc0@50.437C,gpu@51.468C,tj@51.562C,soc1@50.406C,VDD_IN,5683mW/5663mW,VDD_CPU_GPU_CV,1309mW/1310mW,VDD_SOC,2380mW/2379mW
07-26-2026,21:27:40,RAM,767/7620MB,(lfb,30x4MB),SWAP,349/3810MB,(cached,2MB),CPU,[0%@1344,0%@1344,0%@1344,0%@1344,0%@1344,0%@1344],GR3D_FREQ,0%,cpu@51.281C,soc2@49.5C,soc0@50.156C,gpu@51.218C,tj@51.281C,soc1@50.625C,VDD_IN,5643mW/5663mW,VDD_CPU_GPU_CV,1309mW/1310mW,VDD_SOC,2380mW/2379mW
07-26-2026,21:27:41,RAM,767/7620MB,(lfb,30x4MB),SWAP,349/3810MB,(cached,2MB),CPU,[9%@1344,0%@1344,0%@1344,0%@1344,0%@1344,0%@1344],GR3D_FREQ,0%,cpu@51.156C,soc2@49.281C,soc0@50.218C,gpu@50.968C,tj@51.156C,soc1@50.375C,VDD_IN,5643mW/5663mW,VDD_CPU_GPU_CV,1309mW/1310mW,VDD_SOC,2380mW/2379mW
07-26-2026,21:27:41,RAM,767/7620MB,(lfb,30x4MB),SWAP,349/3810MB,(cached,2MB),CPU,[0%@1344,0%@1344,0%@1344,0%@1344,0%@1344,0%@1344],GR3D_FREQ,0%,cpu@51.281C,soc2@49.375C,soc0@50.25C,gpu@51.343C,tj@51.343C,soc1@50.343C,VDD_IN,5643mW/5663mW,VDD_CPU_GPU_CV,1309mW/1310mW,VDD_SOC,2380mW/2379mW
07-26-2026,21:27:41,RAM,767/7620MB,(lfb,30x4MB),SWAP,349/3810MB,(cached,2MB),CPU,[0%@1344,0%@1344,0%@1344,0%@1344,0%@1344,0%@1344],GR3D_FREQ,0%,cpu@51.5C,soc2@49.281C,soc0@50.281C,gpu@51.25C,tj@51.5C,soc1@50.343C,VDD_IN,5643mW/5663mW,VDD_CPU_GPU_CV,1309mW/1310mW,VDD_SOC,2380mW/2379mW
07-26-2026,21:27:41,RAM,767/7620MB,(lfb,30x4MB),SWAP,349/3810MB,(cached,2MB),CPU,[0%@1344,0%@1344,9%@1344,9%@1344,8%@1344,9%@1344],GR3D_FREQ,0%,cpu@51.218C,soc2@49.343C,soc0@50.125C,gpu@50.906C,tj@51.218C,soc1@50.562C,VDD_IN,5683mW/5663mW,VDD_CPU_GPU_CV,1349mW/1310mW,VDD_SOC,2380mW/2379mW
07-26-2026,21:27:41,RAM,767/7620MB,(lfb,30x4MB),SWAP,349/3810MB,(cached,2MB),CPU,[9%@1344,0%@1344,0%@1344,0%@1344,0%@1344,0%@1344],GR3D_FREQ,0%,cpu@51.375C,soc2@49.343C,soc0@50.218C,gpu@51.437C,tj@51.437C,soc1@50.187C,VDD_IN,5683mW/5663mW,VDD_CPU_GPU_CV,1309mW/1310mW,VDD_SOC,2380mW/2379mW
07-26-2026,21:27:41,RAM,767/7620MB,(lfb,30x4MB),SWAP,349/3810MB,(cached,2MB),CPU,[9%@1344,0%@1344,0%@1344,0%@1344,0%@1344,0%@1344],GR3D_FREQ,0%,cpu@51.25C,soc2@49.343C,soc0@50.25C,gpu@51.25C,tj@51.25C,soc1@50.281C,VDD_IN,5683mW/5663mW,VDD_CPU_GPU_CV,1309mW/1310mW,VDD_SOC,2380mW/2379mW
07-26-2026,21:27:41,RAM,767/7620MB,(lfb,30x4MB),SWAP,349/3810MB,(cached,2MB),CPU,[0%@1344,0%@1344,0%@1344,0%@1344,0%@1344,0%@1344],GR3D_FREQ,0%,cpu@51.468C,soc2@49.312C,soc0@50.375C,gpu@51.593C,tj@51.593C,soc1@50.406C,VDD_IN,5683mW/5663mW,VDD_CPU_GPU_CV,1309mW/1310mW,VDD_SOC,2380mW/2379mW
07-26-2026,21:27:41,RAM,767/7620MB,(lfb,30x4MB),SWAP,349/3810MB,(cached,2MB),CPU,[0%@1344,0%@1344,0%@1344,0%@1344,0%@1344,0%@1344],GR3D_FREQ,0%,cpu@51.593C,soc2@49.406C,soc0@50.156C,gpu@51.406C,tj@51.593C,soc1@50.406C,VDD_IN,5723mW/5663mW,VDD_CPU_GPU_CV,1309mW/1310mW,VDD_SOC,2380mW/2380mW
07-26-2026,21:27:41,RAM,767/7620MB,(lfb,30x4MB),SWAP,349/3810MB,(cached,2MB),CPU,[9%@1344,0%@1344,0%@1344,0%@1344,0%@1344,0%@1344],GR3D_FREQ,0%,cpu@51.312C,soc2@49.312C,soc0@50.125C,gpu@51.25C,tj@51.312C,soc1@50.218C,VDD_IN,5723mW/5663mW,VDD_CPU_GPU_CV,1309mW/1310mW,VDD_SOC,2380mW/2380mW
07-26-2026,21:27:42,RAM,767/7620MB,(lfb,30x4MB),SWAP,349/3810MB,(cached,2MB),CPU,[0%@1344,0%@1344,0%@1344,0%@1344,0%@1344,0%@1344],GR3D_FREQ,0%,cpu@51.218C,soc2@49.312C,soc0@50.218C,gpu@51.562C,tj@51.562C,soc1@50.406C,VDD_IN,5723mW/5663mW,VDD_CPU_GPU_CV,1309mW/1310mW,VDD_SOC,2380mW/2380mW
07-26-2026,21:27:42,RAM,767/7620MB,(lfb,30x4MB),SWAP,349/3810MB,(cached,2MB),CPU,[0%@1344,0%@1344,0%@1344,0%@1344,0%@1344,0%@1344],GR3D_FREQ,0%,cpu@51.281C,soc2@49.343C,soc0@50.312C,gpu@51.281C,tj@51.406C,soc1@50.343C,VDD_IN,5683mW/5663mW,VDD_CPU_GPU_CV,1309mW/1310mW,VDD_SOC,2380mW/2380mW
07-26-2026,21:27:42,RAM,767/7620MB,(lfb,30x4MB),SWAP,349/3810MB,(cached,2MB),CPU,[8%@1344,0%@1344,0%@1344,0%@1344,0%@1344,0%@1344],GR3D_FREQ,0%,cpu@51.531C,soc2@49.343C,soc0@50.125C,gpu@51.218C,tj@51.531C,soc1@50.406C,VDD_IN,5683mW/5663mW,VDD_CPU_GPU_CV,1309mW/1310mW,VDD_SOC,2380mW/2380mW
07-26-2026,21:27:42,RAM,767/7620MB,(lfb,31x4MB),SWAP,349/3810MB,(cached,2MB),CPU,[9%@1344,0%@1344,9%@1344,0%@1344,0%@1344,0%@1344],GR3D_FREQ,0%,cpu@51.218C,soc2@49.281C,soc0@50.093C,gpu@51.156C,tj@51.218C,soc1@50.312C,VDD_IN,5723mW/5663mW,VDD_CPU_GPU_CV,1309mW/1310mW,VDD_SOC,2380mW/2380mW
07-26-2026,21:27:42,RAM,767/7620MB,(lfb,31x4MB),SWAP,349/3810MB,(cached,2MB),CPU,[0%@1344,9%@1344,0%@1344,0%@1344,0%@1344,0%@1344],GR3D_FREQ,0%,cpu@51.312C,soc2@49.437C,soc0@50.281C,gpu@51.031C,tj@51.312C,soc1@50.406C,VDD_IN,5723mW/5663mW,VDD_CPU_GPU_CV,1309mW/1310mW,VDD_SOC,2380mW/2380mW
07-26-2026,21:27:42,RAM,767/7620MB,(lfb,31x4MB),SWAP,349/3810MB,(cached,2MB),CPU,[0%@1344,0%@1344,0%@1344,0%@1344,0%@1344,0%@1344],GR3D_FREQ,0%,cpu@51.437C,soc2@49.375C,soc0@50.343C,gpu@51.031C,tj@51.437C,soc1@50.406C,VDD_IN,5683mW/5663mW,VDD_CPU_GPU_CV,1309mW/1310mW,VDD_SOC,2380mW/2380mW
07-26-2026,21:27:42,RAM,767/7620MB,(lfb,31x4MB),SWAP,349/3810MB,(cached,2MB),CPU,[0%@1344,0%@1344,0%@1344,0%@1344,0%@1344,0%@1344],GR3D_FREQ,0%,cpu@51.468C,soc2@49.5C,soc0@50.156C,gpu@51.093C,tj@51.468C,soc1@50.531C,VDD_IN,5683mW/5663mW,VDD_CPU_GPU_CV,1309mW/1310mW,VDD_SOC,2380mW/2380mW
07-26-2026,21:27:42,RAM,767/7620MB,(lfb,31x4MB),SWAP,349/3810MB,(cached,2MB),CPU,[0%@1344,0%@1344,0%@1344,0%@1344,0%@1344,0%@1344],GR3D_FREQ,0%,cpu@51.687C,soc2@49.25C,soc0@50.218C,gpu@51C,tj@51.687C,soc1@50.187C,VDD_IN,5683mW/5663mW,VDD_CPU_GPU_CV,1309mW/1310mW,VDD_SOC,2380mW/2380mW
07-26-2026,21:27:42,RAM,767/7620MB,(lfb,31x4MB),SWAP,349/3810MB,(cached,2MB),CPU,[8%@1344,0%@1344,0%@1344,0%@1344,0%@1344,0%@1344],GR3D_FREQ,0%,cpu@51.281C,soc2@49.312C,soc0@50.125C,gpu@51.593C,tj@51.593C,soc1@50.343C,VDD_IN,5683mW/5663mW,VDD_CPU_GPU_CV,1309mW/1310mW,VDD_SOC,2380mW/2380mW
07-26-2026,21:27:42,RAM,767/7620MB,(lfb,31x4MB),SWAP,349/3810MB,(cached,2MB),CPU,[0%@1344,0%@1344,0%@1344,0%@1344,0%@1344,0%@1344],GR3D_FREQ,0%,cpu@51.343C,soc2@49.375C,soc0@50.312C,gpu@51.062C,tj@51.343C,soc1@50.406C,VDD_IN,5683mW/5663mW,VDD_CPU_GPU_CV,1309mW/1310mW,VDD_SOC,2380mW/2380mW
07-26-2026,21:27:43,RAM,767/7620MB,(lfb,31x4MB),SWAP,349/3810MB,(cached,2MB),CPU,[0%@1344,0%@1344,0%@1344,0%@1344,0%@1344,0%@1344],GR3D_FREQ,0%,cpu@51.468C,soc2@49.375C,soc0@50.125C,gpu@50.968C,tj@51.468C,soc1@50.406C,VDD_IN,5643mW/5663mW,VDD_CPU_GPU_CV,1309mW/1310mW,VDD_SOC,2380mW/2380mW
07-26-2026,21:27:43,RAM,767/7620MB,(lfb,31x4MB),SWAP,349/3810MB,(cached,2MB),CPU,[0%@1344,0%@1344,0%@1344,0%@1344,0%@1344,0%@1344],GR3D_FREQ,0%,cpu@51.625C,soc2@49.25C,soc0@50.125C,gpu@51.5C,tj@51.625C,soc1@50.281C,VDD_IN,5643mW/5663mW,VDD_CPU_GPU_CV,1309mW/1310mW,VDD_SOC,2380mW/2380mW
07-26-2026,21:27:43,RAM,767/7620MB,(lfb,31x4MB),SWAP,349/3810MB,(cached,2MB),CPU,[9%@1344,0%@1344,0%@1344,0%@1344,0%@1344,0%@1344],GR3D_FREQ,0%,cpu@51.156C,soc2@49.281C,soc0@50.187C,gpu@51.093C,tj@51.25C,soc1@50.312C,VDD_IN,5643mW/5663mW,VDD_CPU_GPU_CV,1309mW/1310mW,VDD_SOC,2380mW/2380mW
07-26-2026,21:27:43,RAM,767/7620MB,(lfb,31x4MB),SWAP,349/3810MB,(cached,2MB),CPU,[9%@1344,9%@1344,0%@1344,9%@1344,0%@1344,0%@1344],GR3D_FREQ,0%,cpu@51.375C,soc2@49.312C,soc0@50.281C,gpu@50.968C,tj@51.375C,soc1@50.25C,VDD_IN,5683mW/5663mW,VDD_CPU_GPU_CV,1349mW/1310mW,VDD_SOC,2380mW/2380mW
07-26-2026,21:27:43,RAM,767/7620MB,(lfb,31x4MB),SWAP,349/3810MB,(cached,2MB),CPU,[0%@1344,0%@1344,0%@1344,0%@1344,0%@1344,0%@1344],GR3D_FREQ,0%,cpu@51.437C,soc2@49.281C,soc0@50.187C,gpu@51.5C,tj@51.5C,soc1@50.437C,VDD_IN,5683mW/5663mW,VDD_CPU_GPU_CV,1309mW/1310mW,VDD_SOC,2380mW/2380mW
07-26-2026,21:27:43,RAM,767/7620MB,(lfb,31x4MB),SWAP,349/3810MB,(cached,2MB),CPU,[9%@1344,0%@1344,0%@1344,0%@1344,0%@1344,0%@1344],GR3D_FREQ,0%,cpu@51.437C,soc2@49.406C,soc0@50.125C,gpu@51.031C,tj@51.437C,soc1@50.656C,VDD_IN,5683mW/5663mW,VDD_CPU_GPU_CV,1309mW/1310mW,VDD_SOC,2380mW/2380mW
07-26-2026,21:27:43,RAM,767/7620MB,(lfb,31x4MB),SWAP,349/3810MB,(cached,2MB),CPU,[8%@1344,0%@1344,0%@1344,0%@1344,0%@1344,0%@1344],GR3D_FREQ,0%,cpu@51.031C,soc2@49.343C,soc0@50.156C,gpu@51.031C,tj@51.312C,soc1@50.375C,VDD_IN,5683mW/5664mW,VDD_CPU_GPU_CV,1309mW/1310mW,VDD_SOC,2380mW/2380mW
07-26-2026,21:27:43,RAM,767/7620MB,(lfb,31x4MB),SWAP,349/3810MB,(cached,2MB),CPU,[0%@1344,0%@1344,0%@1344,0%@1344,0%@1344,0%@1344],GR3D_FREQ,0%,cpu@51.312C,soc2@49.281C,soc0@50.25C,gpu@51.437C,tj@51.437C,soc1@50.281C,VDD_IN,5683mW/5664mW,VDD_CPU_GPU_CV,1309mW/1310mW,VDD_SOC,2380mW/2380mW
07-26-2026,21:27:43,RAM,767/7620MB,(lfb,31x4MB),SWAP,349/3810MB,(cached,2MB),CPU,[0%@1344,0%@1344,0%@1344,0%@1344,0%@1344,0%@1344],GR3D_FREQ,0%,cpu@51.437C,soc2@49.375C,soc0@50.281C,gpu@50.968C,tj@51.437C,soc1@50.5C,VDD_IN,5643mW/5664mW,VDD_CPU_GPU_CV,1309mW/1310mW,VDD_SOC,2380mW/2380mW
07-26-2026,21:27:44,RAM,767/7620MB,(lfb,31x4MB),SWAP,349/3810MB,(cached,2MB),CPU,[0%@1344,0%@1344,0%@1344,0%@1344,0%@1344,0%@1344],GR3D_FREQ,0%,cpu@51.5C,soc2@49.437C,soc0@50.125C,gpu@50.937C,tj@51.5C,soc1@50.625C,VDD_IN,5683mW/5664mW,VDD_CPU_GPU_CV,1309mW/1310mW,VDD_SOC,2380mW/2380mW
07-26-2026,21:27:44,RAM,767/7620MB,(lfb,31x4MB),SWAP,349/3810MB,(cached,2MB),CPU,[9%@1344,0%@1344,9%@1344,0%@1344,0%@1344,9%@1344],GR3D_FREQ,0%,cpu@51.687C,soc2@49.312C,soc0@50.25C,gpu@51.406C,tj@51.687C,soc1@50.218C,VDD_IN,5683mW/5664mW,VDD_CPU_GPU_CV,1309mW/1310mW,VDD_SOC,2380mW/2380mW
07-26-2026,21:27:44,RAM,770/7620MB,(lfb,31x4MB),SWAP,349/3810MB,(cached,2MB),CPU,[0%@1344,0%@1344,0%@1344,0%@1344,0%@1344,0%@1344],GR3D_FREQ,0%,cpu@51.343C,soc2@49.312C,soc0@50.25C,gpu@51C,tj@51.343C,soc1@50.312C,VDD_IN,5723mW/5664mW,VDD_CPU_GPU_CV,1349mW/1310mW,VDD_SOC,2380mW/2380mW
07-26-2026,21:27:44,RAM,770/7620MB,(lfb,31x4MB),SWAP,349/3810MB,(cached,2MB),CPU,[9%@1344,8%@1344,0%@1344,9%@1344,9%@1344,0%@1344],GR3D_FREQ,0%,cpu@51.625C,soc2@49.437C,soc0@50.093C,gpu@51.187C,tj@51.625C,soc1@50.375C,VDD_IN,5723mW/5664mW,VDD_CPU_GPU_CV,1349mW/1310mW,VDD_SOC,2380mW/2380mW
07-26-2026,21:27:44,RAM,770/7620MB,(lfb,31x4MB),SWAP,349/3810MB,(cached,2MB),CPU,[0%@1344,9%@1344,0%@1344,0%@1344,0%@1344,0%@1344],GR3D_FREQ,0%,cpu@51.5C,soc2@49.375C,soc0@50.062C,gpu@51.343C,tj@51.5C,soc1@50.375C,VDD_IN,5723mW/5664mW,VDD_CPU_GPU_CV,1349mW/1310mW,VDD_SOC,2380mW/2380mW
07-26-2026,21:27:44,RAM,770/7620MB,(lfb,31x4MB),SWAP,349/3810MB,(cached,2MB),CPU,[9%@1344,0%@1344,0%@1344,0%@1344,0%@1344,0%@1344],GR3D_FREQ,0%,cpu@51.281C,soc2@49.406C,soc0@50.156C,gpu@51.218C,tj@51.281C,soc1@50.375C,VDD_IN,5723mW/5664mW,VDD_CPU_GPU_CV,1349mW/1310mW,VDD_SOC,2380mW/2380mW
07-26-2026,21:27:44,RAM,770/7620MB,(lfb,31x4MB),SWAP,349/3810MB,(cached,2MB),CPU,[0%@1344,0%@1344,0%@1344,0%@1344,0%@1344,0%@1344],GR3D_FREQ,0%,cpu@51.218C,soc2@49.343C,soc0@50.343C,gpu@51.187C,tj@51.218C,soc1@50.406C,VDD_IN,5683mW/5664mW,VDD_CPU_GPU_CV,1309mW/1310mW,VDD_SOC,2380mW/2380mW
07-26-2026,21:27:44,RAM,770/7620MB,(lfb,31x4MB),SWAP,349/3810MB,(cached,2MB),CPU,[0%@1344,0%@1344,0%@1344,0%@1344,0%@1344,0%@1344],GR3D_FREQ,0%,cpu@51.343C,soc2@49.5C,soc0@50.125C,gpu@51.312C,tj@51.343C,soc1@50.375C,VDD_IN,5683mW/5664mW,VDD_CPU_GPU_CV,1309mW/1310mW,VDD_SOC,2380mW/2380mW
07-26-2026,21:27:44,RAM,770/7620MB,(lfb,31x4MB),SWAP,349/3810MB,(cached,2MB),CPU,[0%@1344,0%@1344,9%@1344,0%@1344,0%@1344,0%@1344],GR3D_FREQ,0%,cpu@51.531C,soc2@49.437C,soc0@50.062C,gpu@51.25C,tj@51.531C,soc1@50.531C,VDD_IN,5683mW/5664mW,VDD_CPU_GPU_CV,1349mW/1310mW,VDD_SOC,2380mW/2380mW
07-26-2026,21:27:44,RAM,770/7620MB,(lfb,31x4MB),SWAP,349/3810MB,(cached,2MB),CPU,[0%@1344,0%@1344,0%@1344,0%@1344,0%@1344,0%@1344],GR3D_FREQ,0%,cpu@51.187C,soc2@49.343C,soc0@50.156C,gpu@51.125C,tj@51.187C,soc1@50.218C,VDD_IN,5683mW/5664mW,VDD_CPU_GPU_CV,1309mW/1310mW,VDD_SOC,2380mW/2380mW
07-26-2026,21:27:45,RAM,770/7620MB,(lfb,31x4MB),SWAP,349/3810MB,(cached,2MB),CPU,[0%@1344,0%@1344,0%@1344,0%@1344,0%@1344,0%@1344],GR3D_FREQ,0%,cpu@51.343C,soc2@49.375C,soc0@50.218C,gpu@51.343C,tj@51.343C,soc1@50.375C,VDD_IN,5683mW/5664mW,VDD_CPU_GPU_CV,1309mW/1310mW,VDD_SOC,2380mW/2380mW
07-26-2026,21:27:45,RAM,770/7620MB,(lfb,31x4MB),SWAP,349/3810MB,(cached,2MB),CPU,[0%@1344,0%@1344,0%@1344,8%@1344,0%@1344,0%@1344],GR3D_FREQ,0%,cpu@51.375C,soc2@49.375C,soc0@50.062C,gpu@51.25C,tj@51.375C,soc1@50.468C,VDD_IN,5683mW/5664mW,VDD_CPU_GPU_CV,1309mW/1310mW,VDD_SOC,2380mW/2380mW
07-26-2026,21:27:45,RAM,770/7620MB,(lfb,31x4MB),SWAP,349/3810MB,(cached,2MB),CPU,[9%@1344,0%@1344,0%@1344,0%@1344,0%@1344,0%@1344],GR3D_FREQ,0%,cpu@51.437C,soc2@49.468C,soc0@50.187C,gpu@51.062C,tj@51.437C,soc1@50.593C,VDD_IN,5683mW/5664mW,VDD_CPU_GPU_CV,1309mW/1310mW,VDD_SOC,2380mW/2380mW
07-26-2026,21:27:45,RAM,770/7620MB,(lfb,31x4MB),SWAP,349/3810MB,(cached,2MB),CPU,[16%@1344,9%@1344,9%@1344,9%@1344,0%@1344,0%@1344],GR3D_FREQ,0%,cpu@51.281C,soc2@49.125C,soc0@50.156C,gpu@51.031C,tj@51.281C,soc1@50.25C,VDD_IN,5723mW/5664mW,VDD_CPU_GPU_CV,1349mW/1310mW,VDD_SOC,2380mW/2380mW
07-26-2026,21:27:45,RAM,770/7620MB,(lfb,31x4MB),SWAP,349/3810MB,(cached,2MB),CPU,[0%@1344,0%@1344,0%@1344,0%@1344,0%@1344,0%@1344],GR3D_FREQ,0%,cpu@51.187C,soc2@49.375C,soc0@50.218C,gpu@51.156C,tj@51.187C,soc1@50.25C,VDD_IN,5723mW/5664mW,VDD_CPU_GPU_CV,1349mW/1310mW,VDD_SOC,2380mW/2380mW
07-26-2026,21:27:45,RAM,770/7620MB,(lfb,31x4MB),SWAP,349/3810MB,(cached,2MB),CPU,[0%@1344,0%@1344,0%@1344,0%@1344,0%@1344,0%@1344],GR3D_FREQ,0%,cpu@51.312C,soc2@49.437C,soc0@50.468C,gpu@51.125C,tj@51.312C,soc1@50.375C,VDD_IN,5683mW/5664mW,VDD_CPU_GPU_CV,1349mW/1310mW,VDD_SOC,2380mW/2380mW
07-26-2026,21:27:45,RAM,770/7620MB,(lfb,31x4MB),SWAP,349/3810MB,(cached,2MB),CPU,[0%@1344,0%@1344,0%@1344,0%@1344,0%@1344,0%@1344],GR3D_FREQ,0%,cpu@51.375C,soc2@49.468C,soc0@50.062C,gpu@51.031C,tj@51.375C,soc1@50.531C,VDD_IN,5683mW/5664mW,VDD_CPU_GPU_CV,1309mW/1310mW,VDD_SOC,2380mW/2380mW
07-26-2026,21:27:45,RAM,770/7620MB,(lfb,31x4MB),SWAP,349/3810MB,(cached,2MB),CPU,[8%@1344,0%@1344,0%@1344,0%@1344,0%@1344,0%@1344],GR3D_FREQ,0%,cpu@51.406C,soc2@49.25C,soc0@50.156C,gpu@51.156C,tj@51.312C,soc1@50.312C,VDD_IN,5683mW/5664mW,VDD_CPU_GPU_CV,1309mW/1310mW,VDD_SOC,2380mW/2380mW
07-26-2026,21:27:45,RAM,770/7620MB,(lfb,31x4MB),SWAP,349/3810MB,(cached,2MB),CPU,[0%@1344,0%@1344,0%@1344,0%@1344,0%@1344,0%@1344],GR3D_FREQ,0%,cpu@51.218C,soc2@49.25C,soc0@50.187C,gpu@51.062C,tj@51.218C,soc1@50.312C,VDD_IN,5683mW/5664mW,VDD_CPU_GPU_CV,1309mW/1310mW,VDD_SOC,2380mW/2380mW
07-26-2026,21:27:46,RAM,770/7620MB,(lfb,31x4MB),SWAP,349/3810MB,(cached,2MB),CPU,[0%@1344,0%@1344,0%@1344,0%@1344,0%@1344,0%@1344],GR3D_FREQ,0%,cpu@51.312C,soc2@49.375C,soc0@50.281C,gpu@51.031C,tj@51.312C,soc1@50.375C,VDD_IN,5683mW/5664mW,VDD_CPU_GPU_CV,1309mW/1310mW,VDD_SOC,2380mW/2380mW
07-26-2026,21:27:46,RAM,770/7620MB,(lfb,31x4MB),SWAP,349/3810MB,(cached,2MB),CPU,[0%@1344,0%@1344,0%@1344,0%@1344,0%@1344,0%@1344],GR3D_FREQ,0%,cpu@51.406C,soc2@49.437C,soc0@50.187C,gpu@51.125C,tj@51.375C,soc1@50.468C,VDD_IN,5643mW/5664mW,VDD_CPU_GPU_CV,1309mW/1310mW,VDD_SOC,2380mW/2380mW
07-26-2026,21:27:46,RAM,770/7620MB,(lfb,31x4MB),SWAP,349/3810MB,(cached,2MB),CPU,[0%@1344,0%@1344,0%@1344,0%@1344,0%@1344,0%@1344],GR3D_FREQ,0%,cpu@51.406C,soc2@49.281C,soc0@50.25C,gpu@51.062C,tj@51.406C,soc1@50.593C,VDD_IN,5643mW/5664mW,VDD_CPU_GPU_CV,1309mW/1310mW,VDD_SOC,2380mW/2380mW
07-26-2026,21:27:46,RAM,770/7620MB,(lfb,31x4MB),SWAP,349/3810MB,(cached,2MB),CPU,[0%@1344,0%@1344,0%@1344,0%@1344,0%@1344,0%@1344],GR3D_FREQ,0%,cpu@51.312C,soc2@49.343C,soc0@50.343C,gpu@51.062C,tj@51.312C,soc1@50.218C,VDD_IN,5683mW/5664mW,VDD_CPU_GPU_CV,1309mW/1310mW,VDD_SOC,2380mW/2380mW
07-26-2026,21:27:46,RAM,770/7620MB,(lfb,31x4MB),SWAP,349/3810MB,(cached,2MB),CPU,[0%@1344,16%@1344,0%@1344,0%@1344,9%@1344,9%@1344],GR3D_FREQ,0%,cpu@51.468C,soc2@49.375C,soc0@50.375C,gpu@51.531C,tj@51.531C,soc1@50.437C,VDD_IN,5683mW/5664mW,VDD_CPU_GPU_CV,1349mW/1310mW,VDD_SOC,2380mW/2380mW
07-26-2026,21:27:46,RAM,770/7620MB,(lfb,31x4MB),SWAP,349/3810MB,(cached,2MB),CPU,[8%@1344,0%@1344,0%@1344,0%@1344,0%@1344,0%@1344],GR3D_FREQ,0%,cpu@51.312C,soc2@49.468C,soc0@50.125C,gpu@51.062C,tj@51.312C,soc1@50.593C,VDD_IN,5683mW/5664mW,VDD_CPU_GPU_CV,1309mW/1310mW,VDD_SOC,2380mW/2380mW
07-26-2026,21:27:46,RAM,770/7620MB,(lfb,31x4MB),SWAP,349/3810MB,(cached,2MB),CPU,[9%@1344,0%@1344,0%@1344,0%@1344,0%@1344,0%@1344],GR3D_FREQ,0%,cpu@51.437C,soc2@49.312C,soc0@50.218C,gpu@50.968C,tj@51.406C,soc1@50.312C,VDD_IN,5683mW/5664mW,VDD_CPU_GPU_CV,1309mW/1310mW,VDD_SOC,2380mW/2380mW
07-26-2026,21:27:46,RAM,770/7620MB,(lfb,31x4MB),SWAP,349/3810MB,(cached,2MB),CPU,[0%@1344,0%@1344,0%@1344,0%@1344,0%@1344,0%@1344],GR3D_FREQ,0%,cpu@51.25C,soc2@49.312C,soc0@50.312C,gpu@51.468C,tj@51.468C,soc1@50.281C,VDD_IN,5683mW/5664mW,VDD_CPU_GPU_CV,1309mW/1310mW,VDD_SOC,2380mW/2380mW
07-26-2026,21:27:46,RAM,770/7620MB,(lfb,31x4MB),SWAP,349/3810MB,(cached,2MB),CPU,[0%@1344,0%@1344,0%@1344,0%@1344,0%@1344,0%@1344],GR3D_FREQ,0%,cpu@51.25C,soc2@49.437C,soc0@50.375C,gpu@51C,tj@51.468C,soc1@50.406C,VDD_IN,5683mW/5664mW,VDD_CPU_GPU_CV,1309mW/1310mW,VDD_SOC,2380mW/2380mW
07-26-2026,21:27:46,RAM,770/7620MB,(lfb,31x4MB),SWAP,349/3810MB,(cached,2MB),CPU,[0%@1344,0%@1344,0%@1344,0%@1344,0%@1344,0%@1344],GR3D_FREQ,0%,cpu@51.656C,soc2@49.312C,soc0@50.187C,gpu@50.937C,tj@51.656C,soc1@50.5C,VDD_IN,5723mW/5664mW,VDD_CPU_GPU_CV,1309mW/1310mW,VDD_SOC,2380mW/2380mW
07-26-2026,21:27:47,RAM,770/7620MB,(lfb,31x4MB),SWAP,349/3810MB,(cached,2MB),CPU,[0%@1344,0%@1344,0%@1344,0%@1344,0%@1344,0%@1344],GR3D_FREQ,0%,cpu@51.437C,soc2@49.343C,soc0@50.343C,gpu@51.406C,tj@51.437C,soc1@50.281C,VDD_IN,5723mW/5665mW,VDD_CPU_GPU_CV,1309mW/1310mW,VDD_SOC,2380mW/2380mW
07-26-2026,21:27:47,RAM,770/7620MB,(lfb,31x4MB),SWAP,349/3810MB,(cached,2MB),CPU,[16%@1344,0%@1344,0%@1344,0%@1344,0%@1344,0%@1344],GR3D_FREQ,0%,cpu@51.312C,soc2@49.281C,soc0@50.25C,gpu@51.062C,tj@51.312C,soc1@50.281C,VDD_IN,5723mW/5665mW,VDD_CPU_GPU_CV,1309mW/1310mW,VDD_SOC,2380mW/2380mW
07-26-2026,21:27:47,RAM,770/7620MB,(lfb,31x4MB),SWAP,349/3810MB,(cached,2MB),CPU,[0%@1344,0%@1344,0%@1344,0%@1344,0%@1344,0%@1344],GR3D_FREQ,0%,cpu@51.25C,soc2@49.375C,soc0@50.375C,gpu@50.875C,tj@51.437C,soc1@50.312C,VDD_IN,5683mW/5665mW,VDD_CPU_GPU_CV,1309mW/1310mW,VDD_SOC,2380mW/2380mW
07-26-2026,21:27:47,RAM,770/7620MB,(lfb,31x4MB),SWAP,349/3810MB,(cached,2MB),CPU,[16%@1344,9%@1344,9%@1344,0%@1344,9%@1344,0%@1344],GR3D_FREQ,0%,cpu@51.531C,soc2@49.468C,soc0@50.093C,gpu@51.312C,tj@51.531C,soc1@50.5C,VDD_IN,5723mW/5665mW,VDD_CPU_GPU_CV,1349mW/1310mW,VDD_SOC,2380mW/2380mW
07-26-2026,21:27:47,RAM,770/7620MB,(lfb,31x4MB),SWAP,349/3810MB,(cached,2MB),CPU,[0%@1344,0%@1344,0%@1344,0%@1344,0%@1344,0%@1344],GR3D_FREQ,0%,cpu@51.25C,soc2@49.375C,soc0@50.062C,gpu@51C,tj@51.25C,soc1@50.625C,VDD_IN,5723mW/5665mW,VDD_CPU_GPU_CV,1309mW/1310mW,VDD_SOC,2380mW/2380mW
07-26-2026,21:27:47,RAM,770/7620MB,(lfb,31x4MB),SWAP,349/3810MB,(cached,2MB),CPU,[0%@1344,0%@1344,0%@1344,0%@1344,0%@1344,0%@1344],GR3D_FREQ,0%,cpu@51.187C,soc2@49.218C,soc0@50.156C,gpu@51.593C,tj@51.593C,soc1@50.218C,VDD_IN,5683mW/5665mW,VDD_CPU_GPU_CV,1309mW/1310mW,VDD_SOC,2380mW/2380mW
07-26-2026,21:27:47,RAM,770/7620MB,(lfb,31x4MB),SWAP,349/3810MB,(cached,2MB),CPU,[0%@1344,0%@1344,0%@1344,0%@1344,0%@1344,0%@1344],GR3D_FREQ,0%,cpu@51.187C,soc2@49.406C,soc0@50.25C,gpu@51.406C,tj@51.406C,soc1@50.343C,VDD_IN,5683mW/5665mW,VDD_CPU_GPU_CV,1309mW/1310mW,VDD_SOC,2380mW/2380mW
07-26-2026,21:27:47,RAM,770/7620MB,(lfb,31x4MB),SWAP,349/3810MB,(cached,2MB),CPU,[8%@1344,0%@1344,0%@1344,0%@1344,0%@1344,0%@1344],GR3D_FREQ,0%,cpu@51.531C,soc2@49.375C,soc0@50.187C,gpu@51.031C,tj@51.531C,soc1@50.468C,VDD_IN,5683mW/5665mW,VDD_CPU_GPU_CV,1309mW/1310mW,VDD_SOC,2380mW/2380mW
07-26-2026,21:27:47,RAM,770/7620MB,(lfb,31x4MB),SWAP,349/3810MB,(cached,2MB),CPU,[9%@1344,0%@1344,0%@1344,0%@1344,0%@1344,0%@1344],GR3D_FREQ,0%,cpu@51.75C,soc2@49.5C,soc0@50.125C,gpu@51.593C,tj@51.75C,soc1@50.656C,VDD_IN,5683mW/5665mW,VDD_CPU_GPU_CV,1309mW/1310mW,VDD_SOC,2380mW/2380mW
07-26-2026,21:27:48,RAM,770/7620MB,(lfb,31x4MB),SWAP,349/3810MB,(cached,2MB),CPU,[0%@1344,0%@1344,0%@1344,0%@1344,0%@1344,0%@1344],GR3D_FREQ,0%,cpu@51.375C,soc2@49.25C,soc0@50.25C,gpu@51.312C,tj@51.312C,soc1@50.281C,VDD_IN,5683mW/5665mW,VDD_CPU_GPU_CV,1309mW/1310mW,VDD_SOC,2380mW/2380mW
07-26-2026,21:27:48,RAM,770/7620MB,(lfb,31x4MB),SWAP,349/3810MB,(cached,2MB),CPU,[0%@1344,0%@1344,0%@1344,0%@1344,0%@1344,0%@1344],GR3D_FREQ,0%,cpu@51.281C,soc2@49.343C,soc0@50.25C,gpu@51.062C,tj@51.281C,soc1@50.406C,VDD_IN,5643mW/5665mW,VDD_CPU_GPU_CV,1309mW/1310mW,VDD_SOC,2380mW/2380mW
07-26-2026,21:27:48,RAM,770/7620MB,(lfb,31x4MB),SWAP,349/3810MB,(cached,2MB),CPU,[0%@1344,0%@1344,0%@1344,0%@1344,0%@1344,0%@1344],GR3D_FREQ,0%,cpu@51.437C,soc2@49.375C,soc0@50.25C,gpu@51.5C,tj@51.5C,soc1@50.406C,VDD_IN,5643mW/5665mW,VDD_CPU_GPU_CV,1309mW/1310mW,VDD_SOC,2380mW/2380mW
07-26-2026,21:27:48,RAM,770/7620MB,(lfb,31x4MB),SWAP,349/3810MB,(cached,2MB),CPU,[0%@1344,0%@1344,0%@1344,0%@1344,0%@1344,0%@1344],GR3D_FREQ,0%,cpu@51.562C,soc2@49.281C,soc0@50.156C,gpu@51C,tj@51.562C,soc1@50.343C,VDD_IN,5683mW/5665mW,VDD_CPU_GPU_CV,1309mW/1310mW,VDD_SOC,2380mW/2380mW
07-26-2026,21:27:48,RAM,769/7620MB,(lfb,31x4MB),SWAP,349/3810MB,(cached,2MB),CPU,[0%@1344,9%@1344,0%@1344,0%@1344,0%@1344,0%@1344],GR3D_FREQ,0%,cpu@51.406C,soc2@49.25C,soc0@50.343C,gpu@51.187C,tj@51.406C,soc1@50.375C,VDD_IN,5683mW/5665mW,VDD_CPU_GPU_CV,1349mW/1310mW,VDD_SOC,2380mW/2380mW
07-26-2026,21:27:48,RAM,769/7620MB,(lfb,31x4MB),SWAP,349/3810MB,(cached,2MB),CPU,[0%@1344,0%@1344,0%@1344,0%@1344,0%@1344,0%@1344],GR3D_FREQ,0%,cpu@51.343C,soc2@49.437C,soc0@50.375C,gpu@51.031C,tj@51.406C,soc1@50.406C,VDD_IN,5683mW/5665mW,VDD_CPU_GPU_CV,1309mW/1310mW,VDD_SOC,2380mW/2380mW
07-26-2026,21:27:48,RAM,769/7620MB,(lfb,31x4MB),SWAP,349/3810MB,(cached,2MB),CPU,[9%@1344,0%@1344,0%@1344,0%@1344,0%@1344,0%@1344],GR3D_FREQ,0%,cpu@51.5C,soc2@49.343C,soc0@50.093C,gpu@51.031C,tj@51.5C,soc1@50.343C,VDD_IN,5683mW/5665mW,VDD_CPU_GPU_CV,1309mW/1310mW,VDD_SOC,2380mW/2380mW
07-26-2026,21:27:48,RAM,769/7620MB,(lfb,31x4MB),SWAP,349/3810MB,(cached,2MB),CPU,[0%@1344,0%@1344,0%@1344,0%@1344,0%@1344,0%@1344],GR3D_FREQ,0%,cpu@51.625C,soc2@49.343C,soc0@50.156C,gpu@51.187C,tj@51.625C,soc1@50.593C,VDD_IN,5683mW/5665mW,VDD_CPU_GPU_CV,1309mW/1310mW,VDD_SOC,2380mW/2380mW
07-26-2026,21:27:48,RAM,769/7620MB,(lfb,31x4MB),SWAP,349/3810MB,(cached,2MB),CPU,[9%@1344,0%@1344,0%@1344,0%@1344,0%@1344,0%@1344],GR3D_FREQ,0%,cpu@51.187C,soc2@49.375C,soc0@50.281C,gpu@51.093C,tj@51.312C,soc1@50.406C,VDD_IN,5643mW/5665mW,VDD_CPU_GPU_CV,1309mW/1310mW,VDD_SOC,2380mW/2380mW
07-26-2026,21:27:48,RAM,769/7620MB,(lfb,31x4MB),SWAP,349/3810MB,(cached,2MB),CPU,[9%@1344,0%@1344,0%@1344,0%@1344,0%@1344,8%@1344],GR3D_FREQ,0%,cpu@51.375C,soc2@49.406C,soc0@50.343C,gpu@51.062C,tj@51.375C,soc1@50.406C,VDD_IN,5683mW/5665mW,VDD_CPU_GPU_CV,1309mW/1310mW,VDD_SOC,2380mW/2380mW
07-26-2026,21:27:49,RAM,769/7620MB,(lfb,31x4MB),SWAP,349/3810MB,(cached,2MB),CPU,[8%@1344,0%@1344,0%@1344,0%@1344,0%@1344,0%@1344],GR3D_FREQ,0%,cpu@51.437C,soc2@49.375C,soc0@50.093C,gpu@51.218C,tj@51.437C,soc1@50.437C,VDD_IN,5643mW/5665mW,VDD_CPU_GPU_CV,1309mW/1310mW,VDD_SOC,2380mW/2380mW
07-26-2026,21:27:49,RAM,769/7620MB,(lfb,31x4MB),SWAP,349/3810MB,(cached,2MB),CPU,[0%@1344,0%@1344,0%@1344,0%@1344,0%@1344,0%@1344],GR3D_FREQ,0%,cpu@51.5C,soc2@49.5C,soc0@50.093C,gpu@51.093C,tj@51.5C,soc1@50.593C,VDD_IN,5643mW/5665mW,VDD_CPU_GPU_CV,1309mW/1310mW,VDD_SOC,2380mW/2380mW
07-26-2026,21:27:49,RAM,769/7620MB,(lfb,31x4MB),SWAP,349/3810MB,(cached,2MB),CPU,[0%@1344,0%@1344,0%@1344,0%@1344,0%@1344,0%@1344],GR3D_FREQ,0%,cpu@51.656C,soc2@49.343C,soc0@50.093C,gpu@50.968C,tj@51.656C,soc1@50.343C,VDD_IN,5643mW/5665mW,VDD_CPU_GPU_CV,1309mW/1310mW,VDD_SOC,2380mW/2380mW
07-26-2026,21:27:49,RAM,769/7620MB,(lfb,31x4MB),SWAP,349/3810MB,(cached,2MB),CPU,[16%@1344,9%@1344,0%@1344,0%@1344,9%@1344,0%@1344],GR3D_FREQ,0%,cpu@51.343C,soc2@49.406C,soc0@50.281C,gpu@51.218C,tj@51.343C,soc1@50.437C,VDD_IN,5683mW/5665mW,VDD_CPU_GPU_CV,1349mW/1310mW,VDD_SOC,2380mW/2380mW
07-26-2026,21:27:49,RAM,769/7620MB,(lfb,31x4MB),SWAP,349/3810MB,(cached,2MB),CPU,[0%@1344,0%@1344,0%@1344,0%@1344,0%@1344,0%@1344],GR3D_FREQ,0%,cpu@51.406C,soc2@49.375C,soc0@50.343C,gpu@51.062C,tj@51.406C,soc1@50.437C,VDD_IN,5683mW/5665mW,VDD_CPU_GPU_CV,1309mW/1310mW,VDD_SOC,2380mW/2380mW
07-26-2026,21:27:49,RAM,769/7620MB,(lfb,31x4MB),SWAP,349/3810MB,(cached,2MB),CPU,[0%@1344,0%@1344,0%@1344,0%@1344,0%@1344,0%@1344],GR3D_FREQ,0%,cpu@51.468C,soc2@49.468C,soc0@50.187C,gpu@51.062C,tj@51.468C,soc1@50.562C,VDD_IN,5683mW/5665mW,VDD_CPU_GPU_CV,1309mW/1310mW,VDD_SOC,2380mW/2380mW
07-26-2026,21:27:49,RAM,769/7620MB,(lfb,31x4MB),SWAP,349/3810MB,(cached,2MB),CPU,[0%@1344,0%@1344,0%@1344,0%@1344,0%@1344,0%@1344],GR3D_FREQ,0%,cpu@51.593C,soc2@49.281C,soc0@50.187C,gpu@51.156C,tj@51.593C,soc1@50.593C,VDD_IN,5683mW/5665mW,VDD_CPU_GPU_CV,1309mW/1310mW,VDD_SOC,2380mW/2380mW
07-26-2026,21:27:49,RAM,769/7620MB,(lfb,31x4MB),SWAP,349/3810MB,(cached,2MB),CPU,[0%@1344,0%@1344,0%@1344,0%@1344,0%@1344,0%@1344],GR3D_FREQ,0%,cpu@51.312C,soc2@49.312C,soc0@50.25C,gpu@51.062C,tj@51.312C,soc1@50.343C,VDD_IN,5683mW/5665mW,VDD_CPU_GPU_CV,1309mW/1310mW,VDD_SOC,2380mW/2380mW
07-26-2026,21:27:49,RAM,769/7620MB,(lfb,31x4MB),SWAP,349/3810MB,(cached,2MB),CPU,[0%@1344,0%@1344,0%@1344,0%@1344,0%@1344,0%@1344],GR3D_FREQ,0%,cpu@51.312C,soc2@49.375C,soc0@50.312C,gpu@50.968C,tj@51.312C,soc1@50.406C,VDD_IN,5643mW/5665mW,VDD_CPU_GPU_CV,1309mW/1310mW,VDD_SOC,2380mW/2380mW
07-26-2026,21:27:50,RAM,769/7620MB,(lfb,31x4MB),SWAP,349/3810MB,(cached,2MB),CPU,[0%@1344,0%@1344,0%@1344,0%@1344,0%@1344,0%@1344],GR3D_FREQ,0%,cpu@51.437C,soc2@49.468C,soc0@50.031C,gpu@51.156C,tj@51.437C,soc1@50.562C,VDD_IN,5683mW/5665mW,VDD_CPU_GPU_CV,1309mW/1310mW,VDD_SOC,2380mW/2380mW
07-26-2026,21:27:50,RAM,769/7620MB,(lfb,31x4MB),SWAP,349/3810MB,(cached,2MB),CPU,[0%@1344,0%@1344,0%@1344,0%@1344,0%@1344,0%@1344],GR3D_FREQ,0%,cpu@51.5C,soc2@49.312C,soc0@50.281C,gpu@51.031C,tj@51.5C,soc1@50.593C,VDD_IN,5643mW/5665mW,VDD_CPU_GPU_CV,1309mW/1310mW,VDD_SOC,2380mW/2380mW
07-26-2026,21:27:50,RAM,769/7620MB,(lfb,31x4MB),SWAP,349/3810MB,(cached,2MB),CPU,[8%@1344,0%@1344,0%@1344,0%@1344,0%@1344,0%@1344],GR3D_FREQ,0%,cpu@51.343C,soc2@49.343C,soc0@50.25C,gpu@51.062C,tj@51.343C,soc1@50.281C,VDD_IN,5643mW/5665mW,VDD_CPU_GPU_CV,1309mW/1310mW,VDD_SOC,2380mW/2380mW
07-26-2026,21:27:50,RAM,769/7620MB,(lfb,31x4MB),SWAP,349/3810MB,(cached,2MB),CPU,[0%@1344,0%@1344,0%@1344,0%@1344,0%@1344,0%@1344],GR3D_FREQ,0%,cpu@51.406C,soc2@49.343C,soc0@50.468C,gpu@51.406C,tj@51.406C,soc1@50.406C,VDD_IN,5683mW/5665mW,VDD_CPU_GPU_CV,1309mW/1310mW,VDD_SOC,2380mW/2380mW
07-26-2026,21:27:50,RAM,769/7620MB,(lfb,31x4MB),SWAP,349/3810MB,(cached,2MB),CPU,[9%@1344,0%@1344,0%@1344,0%@1344,9%@1344,0%@1344],GR3D_FREQ,0%,cpu@51.437C,soc2@49.468C,soc0@50.093C,gpu@51.343C,tj@51.437C,soc1@50.687C,VDD_IN,5683mW/5665mW,VDD_CPU_GPU_CV,1309mW/1310mW,VDD_SOC,2380mW/2380mW
07-26-2026,21:27:50,RAM,769/7620MB,(lfb,31x4MB),SWAP,349/3810MB,(cached,2MB),CPU,[9%@1344,0%@1344,0%@1344,0%@1344,0%@1344,0%@1344],GR3D_FREQ,0%,cpu@51.437C,soc2@49.218C,soc0@50.218C,gpu@51.593C,tj@51.593C,soc1@50.312C,VDD_IN,5683mW/5665mW,VDD_CPU_GPU_CV,1309mW/1310mW,VDD_SOC,2380mW/2380mW
07-26-2026,21:27:50,RAM,769/7620MB,(lfb,31x4MB),SWAP,349/3810MB,(cached,2MB),CPU,[0%@1344,0%@1344,0%@1344,0%@1344,0%@1344,0%@1344],GR3D_FREQ,0%,cpu@51.281C,soc2@49.343C,soc0@50.281C,gpu@51.406C,tj@51.406C,soc1@50.437C,VDD_IN,5683mW/5665mW,VDD_CPU_GPU_CV,1309mW/1310mW,VDD_SOC,2380mW/2380mW
07-26-2026,21:27:50,RAM,768/7620MB,(lfb,31x4MB),SWAP,349/3810MB,(cached,2MB),CPU,[0%@1344,0%@1344,0%@1344,0%@1344,0%@1344,0%@1344],GR3D_FREQ,0%,cpu@51.25C,soc2@49.437C,soc0@50.375C,gpu@51.218C,tj@51.25C,soc1@50.468C,VDD_IN,5683mW/5665mW,VDD_CPU_GPU_CV,1309mW/1310mW,VDD_SOC,2380mW/2380mW
07-26-2026,21:27:50,RAM,768/7620MB,(lfb,31x4MB),SWAP,349/3810MB,(cached,2MB),CPU,[0%@1344,0%@1344,0%@1344,0%@1344,0%@1344,0%@1344],GR3D_FREQ,0%,cpu@51.437C,soc2@49.468C,soc0@50.125C,gpu@51.593C,tj@51.593C,soc1@50.437C,VDD_IN,5643mW/5665mW,VDD_CPU_GPU_CV,1309mW/1310mW,VDD_SOC,2380mW/2380mW
07-26-2026,21:27:50,RAM,768/7620MB,(lfb,31x4MB),SWAP,349/3810MB,(cached,2MB),CPU,[0%@1344,0%@1344,0%@1344,0%@1344,0%@1344,0%@1344],GR3D_FREQ,0%,cpu@51.343C,soc2@49.406C,soc0@50.156C,gpu@51.312C,tj@51.343C,soc1@50.281C,VDD_IN,5683mW/5665mW,VDD_CPU_GPU_CV,1309mW/1310mW,VDD_SOC,2380mW/2380mW
07-26-2026,21:27:51,RAM,768/7620MB,(lfb,31x4MB),SWAP,349/3810MB,(cached,2MB),CPU,[9%@1344,0%@1344,0%@1344,0%@1344,0%@1344,0%@1344],GR3D_FREQ,0%,cpu@51.25C,soc2@49.343C,soc0@50.187C,gpu@51.218C,tj@51.25C,soc1@50.281C,VDD_IN,5643mW/5665mW,VDD_CPU_GPU_CV,1309mW/1310mW,VDD_SOC,2380mW/2380mW
07-26-2026,21:27:51,RAM,768/7620MB,(lfb,31x4MB),SWAP,349/3810MB,(cached,2MB),CPU,[0%@1344,0%@1344,0%@1344,0%@1344,0%@1344,0%@1344],GR3D_FREQ,0%,cpu@51.312C,soc2@49.343C,soc0@50.343C,gpu@51.468C,tj@51.468C,soc1@50.375C,VDD_IN,5643mW/5665mW,VDD_CPU_GPU_CV,1309mW/1310mW,VDD_SOC,2380mW/2380mW
07-26-2026,21:27:51,RAM,768/7620MB,(lfb,31x4MB),SWAP,349/3810MB,(cached,2MB),CPU,[0%@1344,0%@1344,0%@1344,0%@1344,0%@1344,0%@1344],GR3D_FREQ,0%,cpu@51.437C,soc2@49.343C,soc0@50.187C,gpu@51.281C,tj@51.437C,soc1@50.468C,VDD_IN,5643mW/5665mW,VDD_CPU_GPU_CV,1309mW/1310mW,VDD_SOC,2380mW/2380mW
07-26-2026,21:27:51,RAM,768/7620MB,(lfb,31x4MB),SWAP,349/3810MB,(cached,2MB),CPU,[9%@1344,16%@1344,0%@1344,0%@1344,0%@1344,0%@1344],GR3D_FREQ,0%,cpu@51.468C,soc2@49.437C,soc0@50.25C,gpu@51.218C,tj@51.468C,soc1@50.656C,VDD_IN,5683mW/5665mW,VDD_CPU_GPU_CV,1309mW/1310mW,VDD_SOC,2380mW/2380mW
07-26-2026,21:27:51,RAM,767/7620MB,(lfb,31x4MB),SWAP,349/3810MB,(cached,2MB),CPU,[23%@1344,0%@1344,0%@1344,9%@1344,0%@1344,0%@1344],GR3D_FREQ,0%,cpu@51.437C,soc2@49.312C,soc0@50.187C,gpu@51.468C,tj@51.468C,soc1@50.281C,VDD_IN,5683mW/5665mW,VDD_CPU_GPU_CV,1309mW/1310mW,VDD_SOC,2380mW/2380mW
07-26-2026,21:27:51,RAM,767/7620MB,(lfb,31x4MB),SWAP,349/3810MB,(cached,2MB),CPU,[0%@1344,0%@1344,0%@1344,0%@1344,0%@1344,0%@1344],GR3D_FREQ,0%,cpu@51.406C,soc2@49.375C,soc0@50.312C,gpu@51.343C,tj@51.406C,soc1@50.406C,VDD_IN,5683mW/5665mW,VDD_CPU_GPU_CV,1309mW/1310mW,VDD_SOC,2380mW/2380mW
07-26-2026,21:27:51,RAM,767/7620MB,(lfb,31x4MB),SWAP,349/3810MB,(cached,2MB),CPU,[0%@1344,0%@1344,0%@1344,0%@1344,0%@1344,0%@1344],GR3D_FREQ,0%,cpu@51.375C,soc2@49.375C,soc0@50.062C,gpu@51.218C,tj@51.375C,soc1@50.468C,VDD_IN,5683mW/5665mW,VDD_CPU_GPU_CV,1309mW/1310mW,VDD_SOC,2380mW/2380mW
07-26-2026,21:27:51,RAM,767/7620MB,(lfb,31x4MB),SWAP,349/3810MB,(cached,2MB),CPU,[0%@1344,0%@1344,0%@1344,0%@1344,0%@1344,0%@1344],GR3D_FREQ,0%,cpu@51.406C,soc2@49.312C,soc0@50.218C,gpu@51.312C,tj@51.406C,soc1@50.531C,VDD_IN,5643mW/5665mW,VDD_CPU_GPU_CV,1309mW/1310mW,VDD_SOC,2380mW/2380mW
07-26-2026,21:27:51,RAM,767/7620MB,(lfb,31x4MB),SWAP,349/3810MB,(cached,2MB),CPU,[0%@1344,0%@1344,0%@1344,0%@1344,0%@1344,0%@1344],GR3D_FREQ,0%,cpu@51.406C,soc2@49.343C,soc0@50.218C,gpu@51.25C,tj@51.406C,soc1@50.343C,VDD_IN,5643mW/5665mW,VDD_CPU_GPU_CV,1309mW/1310mW,VDD_SOC,2380mW/2380mW
07-26-2026,21:27:52,RAM,767/7620MB,(lfb,31x4MB),SWAP,349/3810MB,(cached,2MB),CPU,[0%@1344,16%@1344,0%@1344,0%@1344,0%@1344,0%@1344],GR3D_FREQ,0%,cpu@51.218C,soc2@49.343C,soc0@50.25C,gpu@51.125C,tj@51.218C,soc1@50.312C,VDD_IN,5683mW/5665mW,VDD_CPU_GPU_CV,1309mW/1310mW,VDD_SOC,2380mW/2380mW
07-26-2026,21:27:52,RAM,767/7620MB,(lfb,31x4MB),SWAP,349/3810MB,(cached,2MB),CPU,[0%@1344,0%@1344,0%@1344,0%@1344,0%@1344,0%@1344],GR3D_FREQ,0%,cpu@51.25C,soc2@49.343C,soc0@50.312C,gpu@51.406C,tj@51.406C,soc1@50.406C,VDD_IN,5723mW/5665mW,VDD_CPU_GPU_CV,1309mW/1310mW,VDD_SOC,2380mW/2380mW
07-26-2026,21:27:52,RAM,767/7620MB,(lfb,31x4MB),SWAP,349/3810MB,(cached,2MB),CPU,[0%@1344,21%@1344,0%@1344,0%@1344,0%@1344,0%@1344],GR3D_FREQ,0%,cpu@51.375C,soc2@49.437C,soc0@50.125C,gpu@51.218C,tj@51.375C,soc1@50.625C,VDD_IN,5723mW/5665mW,VDD_CPU_GPU_CV,1309mW/1310mW,VDD_SOC,2380mW/2380mW
07-26-2026,21:27:52,RAM,767/7620MB,(lfb,31x4MB),SWAP,349/3810MB,(cached,2MB),CPU,[23%@1344,0%@1344,0%@1344,0%@1344,0%@1344,0%@1344],GR3D_FREQ,0%,cpu@51.218C,soc2@49.343C,soc0@50.125C,gpu@51.187C,tj@51.218C,soc1@50.25C,VDD_IN,5723mW/5665mW,VDD_CPU_GPU_CV,1309mW/1310mW,VDD_SOC,2380mW/2380mW
07-26-2026,21:27:52,RAM,767/7620MB,(lfb,31x4MB),SWAP,349/3810MB,(cached,2MB),CPU,[23%@1344,0%@1344,0%@1344,9%@1344,9%@1344,0%@1344],GR3D_FREQ,0%,cpu@51.281C,soc2@49.406C,soc0@50.25C,gpu@51C,tj@51.281C,soc1@50.343C,VDD_IN,5723mW/5665mW,VDD_CPU_GPU_CV,1349mW/1310mW,VDD_SOC,2380mW/2380mW
07-26-2026,21:27:52,RAM,767/7620MB,(lfb,31x4MB),SWAP,349/3810MB,(cached,2MB),CPU,[0%@1344,0%@1344,0%@1344,0%@1344,0%@1344,0%@1344],GR3D_FREQ,0%,cpu@51.656C,soc2@49.437C,soc0@50.093C,gpu@50.906C,tj@51.656C,soc1@50.406C,VDD_IN,5723mW/5665mW,VDD_CPU_GPU_CV,1309mW/1310mW,VDD_SOC,2380mW/2380mW
07-26-2026,21:27:52,RAM,767/7620MB,(lfb,31x4MB),SWAP,349/3810MB,(cached,2MB),CPU,[16%@1344,9%@1344,0%@1344,0%@1344,0%@1344,0%@1344],GR3D_FREQ,0%,cpu@51.25C,soc2@49.5C,soc0@50.187C,gpu@51.062C,tj@51.25C,soc1@50.687C,VDD_IN,5683mW/5665mW,VDD_CPU_GPU_CV,1309mW/1310mW,VDD_SOC,2380mW/2380mW
07-26-2026,21:27:52,RAM,767/7620MB,(lfb,31x4MB),SWAP,349/3810MB,(cached,2MB),CPU,[21%@1344,0%@1344,0%@1344,0%@1344,0%@1344,0%@1344],GR3D_FREQ,0%,cpu@51.25C,soc2@49.375C,soc0@50.25C,gpu@51.062C,tj@51.25C,soc1@50.437C,VDD_IN,5683mW/5665mW,VDD_CPU_GPU_CV,1309mW/1310mW,VDD_SOC,2380mW/2380mW
07-26-2026,21:27:52,RAM,767/7620MB,(lfb,31x4MB),SWAP,349/3810MB,(cached,2MB),CPU,[9%@1344,0%@1344,0%@1344,0%@1344,0%@1344,0%@1344],GR3D_FREQ,0%,cpu@51.187C,soc2@49.312C,soc0@50.281C,gpu@50.968C,tj@51.187C,soc1@50.343C,VDD_IN,5683mW/5665mW,VDD_CPU_GPU_CV,1309mW/1310mW,VDD_SOC,2380mW/2380mW
07-26-2026,21:27:52,RAM,767/7620MB,(lfb,31x4MB),SWAP,349/3810MB,(cached,2MB),CPU,[23%@1344,0%@1344,0%@1344,0%@1344,0%@1344,0%@1344],GR3D_FREQ,0%,cpu@51.562C,soc2@49.375C,soc0@50.406C,gpu@51.125C,tj@51.562C,soc1@50.468C,VDD_IN,5683mW/5665mW,VDD_CPU_GPU_CV,1309mW/1310mW,VDD_SOC,2380mW/2380mW
07-26-2026,21:27:53,RAM,767/7620MB,(lfb,31x4MB),SWAP,349/3810MB,(cached,2MB),CPU,[0%@1344,0%@1344,0%@1344,0%@1344,0%@1344,0%@1344],GR3D_FREQ,0%,cpu@51.625C,soc2@49.437C,soc0@50.093C,gpu@51.031C,tj@51.625C,soc1@50.562C,VDD_IN,5683mW/5665mW,VDD_CPU_GPU_CV,1309mW/1310mW,VDD_SOC,2380mW/2380mW
07-26-2026,21:27:53,RAM,767/7620MB,(lfb,31x4MB),SWAP,349/3810MB,(cached,2MB),CPU,[0%@1344,0%@1344,0%@1344,0%@1344,0%@1344,0%@1344],GR3D_FREQ,0%,cpu@51.437C,soc2@49.312C,soc0@50.218C,gpu@50.968C,tj@51.437C,soc1@50.187C,VDD_IN,5643mW/5665mW,VDD_CPU_GPU_CV,1309mW/1310mW,VDD_SOC,2380mW/2380mW
07-26-2026,21:27:53,RAM,767/7620MB,(lfb,31x4MB),SWAP,349/3810MB,(cached,2MB),CPU,[0%@1344,0%@1344,0%@1344,0%@1344,0%@1344,0%@1344],GR3D_FREQ,0%,cpu@51.25C,soc2@49.375C,soc0@50.343C,gpu@51.125C,tj@51.25C,soc1@50.437C,VDD_IN,5643mW/5665mW,VDD_CPU_GPU_CV,1309mW/1310mW,VDD_SOC,2380mW/2380mW
07-26-2026,21:27:53,RAM,767/7620MB,(lfb,31x4MB),SWAP,349/3810MB,(cached,2MB),CPU,[9%@1344,9%@1344,0%@1344,0%@1344,0%@1344,0%@1344],GR3D_FREQ,0%,cpu@51.593C,soc2@49.406C,soc0@50.343C,gpu@50.968C,tj@51.593C,soc1@50.437C,VDD_IN,5683mW/5665mW,VDD_CPU_GPU_CV,1309mW/1310mW,VDD_SOC,2380mW/2380mW
07-26-2026,21:27:53,RAM,767/7620MB,(lfb,31x4MB),SWAP,349/3810MB,(cached,2MB),CPU,[0%@1344,0%@1344,0%@1344,0%@1344,0%@1344,0%@1344],GR3D_FREQ,0%,cpu@51.656C,soc2@49.406C,soc0@50.156C,gpu@51.062C,tj@51.656C,soc1@50.656C,VDD_IN,5683mW/5665mW,VDD_CPU_GPU_CV,1309mW/1310mW,VDD_SOC,2380mW/2380mW
07-26-2026,21:27:53,RAM,767/7620MB,(lfb,31x4MB),SWAP,349/3810MB,(cached,2MB),CPU,[0%@1344,0%@1344,0%@1344,0%@1344,0%@1344,0%@1344],GR3D_FREQ,0%,cpu@51.312C,soc2@49.343C,soc0@50.156C,gpu@51.156C,tj@51.312C,soc1@50.687C,VDD_IN,5683mW/5665mW,VDD_CPU_GPU_CV,1309mW/1310mW,VDD_SOC,2380mW/2380mW
07-26-2026,21:27:53,RAM,767/7620MB,(lfb,31x4MB),SWAP,349/3810MB,(cached,2MB),CPU,[0%@1344,0%@1344,0%@1344,0%@1344,0%@1344,0%@1344],GR3D_FREQ,0%,cpu@51.281C,soc2@49.406C,soc0@50.093C,gpu@51.031C,tj@51.281C,soc1@50.343C,VDD_IN,5683mW/5665mW,VDD_CPU_GPU_CV,1309mW/1310mW,VDD_SOC,2380mW/2380mW
07-26-2026,21:27:53,RAM,767/7620MB,(lfb,31x4MB),SWAP,349/3810MB,(cached,2MB),CPU,[0%@1344,0%@1344,0%@1344,0%@1344,0%@1344,0%@1344],GR3D_FREQ,0%,cpu@51.375C,soc2@49.281C,soc0@50.25C,gpu@51.531C,tj@51.531C,soc1@50.312C,VDD_IN,5683mW/5665mW,VDD_CPU_GPU_CV,1309mW/1310mW,VDD_SOC,2380mW/2380mW
07-26-2026,21:27:53,RAM,767/7620MB,(lfb,31x4MB),SWAP,349/3810MB,(cached,2MB),CPU,[0%@1344,8%@1344,0%@1344,0%@1344,0%@1344,0%@1344],GR3D_FREQ,0%,cpu@51.593C,soc2@49.375C,soc0@50.062C,gpu@51.031C,tj@51.593C,soc1@50.375C,VDD_IN,5643mW/5665mW,VDD_CPU_GPU_CV,1309mW/1310mW,VDD_SOC,2380mW/2380mW
07-26-2026,21:27:54,RAM,767/7620MB,(lfb,31x4MB),SWAP,349/3810MB,(cached,2MB),CPU,[9%@1344,0%@1344,0%@1344,0%@1344,0%@1344,0%@1344],GR3D_FREQ,0%,cpu@51.281C,soc2@49.5C,soc0@50.156C,gpu@50.968C,tj@51.281C,soc1@50.687C,VDD_IN,5643mW/5665mW,VDD_CPU_GPU_CV,1309mW/1310mW,VDD_SOC,2380mW/2380mW
07-26-2026,21:27:54,RAM,767/7620MB,(lfb,31x4MB),SWAP,349/3810MB,(cached,2MB),CPU,[0%@1344,0%@1344,0%@1344,0%@1344,0%@1344,0%@1344],GR3D_FREQ,0%,cpu@51.343C,soc2@49.343C,soc0@50.218C,gpu@51.562C,tj@51.562C,soc1@50.281C,VDD_IN,5643mW/5665mW,VDD_CPU_GPU_CV,1309mW/1310mW,VDD_SOC,2380mW/2380mW
07-26-2026,21:27:54,RAM,767/7620MB,(lfb,31x4MB),SWAP,349/3810MB,(cached,2MB),CPU,[0%@1344,0%@1344,0%@1344,0%@1344,0%@1344,0%@1344],GR3D_FREQ,0%,cpu@51.187C,soc2@49.406C,soc0@50.343C,gpu@51.093C,tj@51.187C,soc1@50.375C,VDD_IN,5643mW/5665mW,VDD_CPU_GPU_CV,1309mW/1310mW,VDD_SOC,2380mW/2380mW
07-26-2026,21:27:54,RAM,767/7620MB,(lfb,31x4MB),SWAP,349/3810MB,(cached,2MB),CPU,[9%@1344,9%@1344,0%@1344,0%@1344,0%@1344,8%@1344],GR3D_FREQ,0%,cpu@51.531C,soc2@49.468C,soc0@50.125C,gpu@51.187C,tj@51.531C,soc1@50.562C,VDD_IN,5643mW/5665mW,VDD_CPU_GPU_CV,1309mW/1310mW,VDD_SOC,2380mW/2380mW
07-26-2026,21:27:54,RAM,767/7620MB,(lfb,31x4MB),SWAP,349/3810MB,(cached,2MB),CPU,[9%@1344,0%@1344,9%@1344,0%@1344,0%@1344,9%@1344],GR3D_FREQ,0%,cpu@51.687C,soc2@49.343C,soc0@50.281C,gpu@51.156C,tj@51.687C,soc1@50.218C,VDD_IN,5683mW/5665mW,VDD_CPU_GPU_CV,1349mW/1310mW,VDD_SOC,2380mW/2380mW
07-26-2026,21:27:54,RAM,767/7620MB,(lfb,31x4MB),SWAP,349/3810MB,(cached,2MB),CPU,[0%@1344,0%@1344,0%@1344,0%@1344,0%@1344,0%@1344],GR3D_FREQ,0%,cpu@51.343C,soc2@49.406C,soc0@50.281C,gpu@51.312C,tj@51.343C,soc1@50.375C,VDD_IN,5683mW/5665mW,VDD_CPU_GPU_CV,1309mW/1310mW,VDD_SOC,2380mW/2380mW
07-26-2026,21:27:54,RAM,767/7620MB,(lfb,31x4MB),SWAP,349/3810MB,(cached,2MB),CPU,[9%@1344,0%@1344,0%@1344,0%@1344,0%@1344,0%@1344],GR3D_FREQ,0%,cpu@51.343C,soc2@49.343C,soc0@50.312C,gpu@51.187C,tj@51.343C,soc1@50.468C,VDD_IN,5683mW/5665mW,VDD_CPU_GPU_CV,1309mW/1310mW,VDD_SOC,2380mW/2380mW
07-26-2026,21:27:54,RAM,767/7620MB,(lfb,31x4MB),SWAP,349/3810MB,(cached,2MB),CPU,[0%@1344,0%@1344,0%@1344,0%@1344,0%@1344,0%@1344],GR3D_FREQ,0%,cpu@51.5C,soc2@49.437C,soc0@50.125C,gpu@51.125C,tj@51.5C,soc1@50.687C,VDD_IN,5683mW/5665mW,VDD_CPU_GPU_CV,1309mW/1310mW,VDD_SOC,2380mW/2380mW
07-26-2026,21:27:54,RAM,767/7620MB,(lfb,31x4MB),SWAP,349/3810MB,(cached,2MB),CPU,[0%@1344,0%@1344,0%@1344,0%@1344,0%@1344,0%@1344],GR3D_FREQ,0%,cpu@51.593C,soc2@49.343C,soc0@50.218C,gpu@51.312C,tj@51.593C,soc1@50.25C,VDD_IN,5643mW/5665mW,VDD_CPU_GPU_CV,1309mW/1310mW,VDD_SOC,2380mW/2380mW
07-26-2026,21:27:54,RAM,767/7620MB,(lfb,31x4MB),SWAP,349/3810MB,(cached,2MB),CPU,[0%@1344,0%@1344,0%@1344,0%@1344,0%@1344,0%@1344],GR3D_FREQ,0%,cpu@51.312C,soc2@49.406C,soc0@50.187C,gpu@51.187C,tj@51.312C,soc1@50.375C,VDD_IN,5643mW/5665mW,VDD_CPU_GPU_CV,1309mW/1310mW,VDD_SOC,2380mW/2380mW
07-26-2026,21:27:55,RAM,767/7620MB,(lfb,31x4MB),SWAP,349/3810MB,(cached,2MB),CPU,[0%@1344,0%@1344,0%@1344,0%@1344,0%@1344,0%@1344],GR3D_FREQ,0%,cpu@51.437C,soc2@49.375C,soc0@50.375C,gpu@51.093C,tj@51.437C,soc1@50.343C,VDD_IN,5683mW/5665mW,VDD_CPU_GPU_CV,1309mW/1310mW,VDD_SOC,2380mW/2380mW
07-26-2026,21:27:55,RAM,767/7620MB,(lfb,31x4MB),SWAP,349/3810MB,(cached,2MB),CPU,[0%@1344,0%@1344,0%@1344,0%@1344,0%@1344,0%@1344],GR3D_FREQ,0%,cpu@51.5C,soc2@49.406C,soc0@50.187C,gpu@51.25C,tj@51.5C,soc1@50.5C,VDD_IN,5683mW/5665mW,VDD_CPU_GPU_CV,1309mW/1310mW,VDD_SOC,2380mW/2380mW
07-26-2026,21:27:55,RAM,767/7620MB,(lfb,31x4MB),SWAP,349/3810MB,(cached,2MB),CPU,[9%@1344,9%@1344,0%@1344,0%@1344,8%@1344,0%@1344],GR3D_FREQ,0%,cpu@51.562C,soc2@49.312C,soc0@50.187C,gpu@51.218C,tj@51.562C,soc1@50.687C,VDD_IN,5683mW/5665mW,VDD_CPU_GPU_CV,1309mW/1310mW,VDD_SOC,2380mW/2380mW
07-26-2026,21:27:55,RAM,767/7620MB,(lfb,31x4MB),SWAP,349/3810MB,(cached,2MB),CPU,[9%@1344,9%@1344,0%@1344,0%@1344,0%@1344,0%@1344],GR3D_FREQ,0%,cpu@51.406C,soc2@49.343C,soc0@50.218C,gpu@51.125C,tj@51.406C,soc1@50.281C,VDD_IN,5683mW/5665mW,VDD_CPU_GPU_CV,1349mW/1310mW,VDD_SOC,2380mW/2380mW
07-26-2026,21:27:55,RAM,768/7620MB,(lfb,31x4MB),SWAP,349/3810MB,(cached,2MB),CPU,[0%@1344,9%@1344,0%@1344,0%@1344,0%@1344,0%@1344],GR3D_FREQ,0%,cpu@51.343C,soc2@49.312C,soc0@50.281C,gpu@51.25C,tj@51.343C,soc1@50.375C,VDD_IN,5683mW/5665mW,VDD_CPU_GPU_CV,1349mW/1310mW,VDD_SOC,2380mW/2380mW
07-26-2026,21:27:55,RAM,768/7620MB,(lfb,31x4MB),SWAP,349/3810MB,(cached,2MB),CPU,[0%@1344,0%@1344,0%@1344,0%@1344,0%@1344,0%@1344],GR3D_FREQ,0%,cpu@51.406C,soc2@49.375C,soc0@50.093C,gpu@51.125C,tj@51.406C,soc1@50.343C,VDD_IN,5683mW/5665mW,VDD_CPU_GPU_CV,1309mW/1310mW,VDD_SOC,2380mW/2380mW
07-26-2026,21:27:55,RAM,768/7620MB,(lfb,31x4MB),SWAP,349/3810MB,(cached,2MB),CPU,[0%@1344,0%@1344,0%@1344,0%@1344,0%@1344,0%@1344],GR3D_FREQ,0%,cpu@51.531C,soc2@49.437C,soc0@50.156C,gpu@51.125C,tj@51.531C,soc1@50.656C,VDD_IN,5683mW/5665mW,VDD_CPU_GPU_CV,1309mW/1310mW,VDD_SOC,2380mW/2380mW
07-26-2026,21:27:55,RAM,767/7620MB,(lfb,31x4MB),SWAP,349/3810MB,(cached,2MB),CPU,[0%@1344,0%@1344,0%@1344,0%@1344,0%@1344,0%@1344],GR3D_FREQ,0%,cpu@51.562C,soc2@49.281C,soc0@50.156C,gpu@51.218C,tj@51.468C,soc1@50.218C,VDD_IN,5683mW/5665mW,VDD_CPU_GPU_CV,1309mW/1310mW,VDD_SOC,2380mW/2380mW
07-26-2026,21:27:55,RAM,767/7620MB,(lfb,31x4MB),SWAP,349/3810MB,(cached,2MB),CPU,[0%@1344,0%@1344,0%@1344,0%@1344,0%@1344,0%@1344],GR3D_FREQ,0%,cpu@51.312C,soc2@49.375C,soc0@50.281C,gpu@51.125C,tj@51.312C,soc1@50.312C,VDD_IN,5683mW/5666mW,VDD_CPU_GPU_CV,1309mW/1310mW,VDD_SOC,2380mW/2380mW
07-26-2026,21:27:56,RAM,767/7620MB,(lfb,31x4MB),SWAP,349/3810MB,(cached,2MB),CPU,[0%@1344,0%@1344,0%@1344,0%@1344,0%@1344,0%@1344],GR3D_FREQ,0%,cpu@51.375C,soc2@49.343C,soc0@50.281C,gpu@51.343C,tj@51.375C,soc1@50.437C,VDD_IN,5643mW/5665mW,VDD_CPU_GPU_CV,1309mW/1310mW,VDD_SOC,2380mW/2380mW
07-26-2026,21:27:56,RAM,767/7620MB,(lfb,31x4MB),SWAP,349/3810MB,(cached,2MB),CPU,[0%@1344,0%@1344,0%@1344,0%@1344,0%@1344,0%@1344],GR3D_FREQ,0%,cpu@51.437C,soc2@49.437C,soc0@50.187C,gpu@51.25C,tj@51.437C,soc1@50.593C,VDD_IN,5643mW/5665mW,VDD_CPU_GPU_CV,1309mW/1310mW,VDD_SOC,2380mW/2380mW
07-26-2026,21:27:56,RAM,767/7620MB,(lfb,31x4MB),SWAP,349/3810MB,(cached,2MB),CPU,[9%@1344,8%@1344,0%@1344,0%@1344,0%@1344,0%@1344],GR3D_FREQ,0%,cpu@51.562C,soc2@49.343C,soc0@50.062C,gpu@51.156C,tj@51.562C,soc1@50.687C,VDD_IN,5643mW/5665mW,VDD_CPU_GPU_CV,1309mW/1310mW,VDD_SOC,2380mW/2380mW
07-26-2026,21:27:56,RAM,767/7620MB,(lfb,31x4MB),SWAP,349/3810MB,(cached,2MB),CPU,[9%@1344,0%@1344,0%@1344,0%@1344,0%@1344,0%@1344],GR3D_FREQ,0%,cpu@51.312C,soc2@49.375C,soc0@50.437C,gpu@50.937C,tj@51.312C,soc1@50.406C,VDD_IN,5683mW/5665mW,VDD_CPU_GPU_CV,1309mW/1310mW,VDD_SOC,2380mW/2380mW
07-26-2026,21:27:56,RAM,767/7620MB,(lfb,31x4MB),SWAP,349/3810MB,(cached,2MB),CPU,[8%@1344,9%@1344,0%@1344,0%@1344,8%@1344,0%@1344],GR3D_FREQ,0%,cpu@51.468C,soc2@49.406C,soc0@50.093C,gpu@51.031C,tj@51.468C,soc1@50.468C,VDD_IN,5683mW/5665mW,VDD_CPU_GPU_CV,1349mW/1310mW,VDD_SOC,2380mW/2380mW
07-26-2026,21:27:56,RAM,767/7620MB,(lfb,31x4MB),SWAP,349/3810MB,(cached,2MB),CPU,[0%@1344,0%@1344,0%@1344,0%@1344,0%@1344,0%@1344],GR3D_FREQ,0%,cpu@51.5C,soc2@49.437C,soc0@50.156C,gpu@51.437C,tj@51.5C,soc1@50.656C,VDD_IN,5683mW/5665mW,VDD_CPU_GPU_CV,1309mW/1310mW,VDD_SOC,2380mW/2380mW
07-26-2026,21:27:56,RAM,767/7620MB,(lfb,31x4MB),SWAP,349/3810MB,(cached,2MB),CPU,[0%@1344,0%@1344,0%@1344,0%@1344,0%@1344,0%@1344],GR3D_FREQ,0%,cpu@51.25C,soc2@49.312C,soc0@50.343C,gpu@51.062C,tj@51.25C,soc1@50.25C,VDD_IN,5683mW/5666mW,VDD_CPU_GPU_CV,1309mW/1310mW,VDD_SOC,2380mW/2380mW
07-26-2026,21:27:56,RAM,767/7620MB,(lfb,31x4MB),SWAP,349/3810MB,(cached,2MB),CPU,[0%@1344,9%@1344,0%@1344,0%@1344,0%@1344,0%@1344],GR3D_FREQ,0%,cpu@51.437C,soc2@49.312C,soc0@50.343C,gpu@51.562C,tj@51.562C,soc1@50.25C,VDD_IN,5683mW/5666mW,VDD_CPU_GPU_CV,1309mW/1310mW,VDD_SOC,2380mW/2380mW
07-26-2026,21:27:56,RAM,767/7620MB,(lfb,31x4MB),SWAP,349/3810MB,(cached,2MB),CPU,[0%@1344,0%@1344,0%@1344,0%@1344,0%@1344,0%@1344],GR3D_FREQ,0%,cpu@51.406C,soc2@49.406C,soc0@50.406C,gpu@51.375C,tj@51.406C,soc1@50.531C,VDD_IN,5683mW/5666mW,VDD_CPU_GPU_CV,1309mW/1310mW,VDD_SOC,2380mW/2380mW
07-26-2026,21:27:56,RAM,767/7620MB,(lfb,31x4MB),SWAP,349/3810MB,(cached,2MB),CPU,[0%@1344,0%@1344,0%@1344,0%@1344,0%@1344,0%@1344],GR3D_FREQ,0%,cpu@51.437C,soc2@49.531C,soc0@50.218C,gpu@51.031C,tj@51.437C,soc1@50.5C,VDD_IN,5643mW/5666mW,VDD_CPU_GPU_CV,1309mW/1310mW,VDD_SOC,2380mW/2380mW
07-26-2026,21:27:57,RAM,767/7620MB,(lfb,31x4MB),SWAP,349/3810MB,(cached,2MB),CPU,[0%@1344,0%@1344,0%@1344,0%@1344,0%@1344,0%@1344],GR3D_FREQ,0%,cpu@51.437C,soc2@49.218C,soc0@50.312C,gpu@51.562C,tj@51.562C,soc1@50.281C,VDD_IN,5643mW/5665mW,VDD_CPU_GPU_CV,1309mW/1310mW,VDD_SOC,2380mW/2380mW
07-26-2026,21:27:57,RAM,767/7620MB,(lfb,31x4MB),SWAP,349/3810MB,(cached,2MB),CPU,[0%@1344,0%@1344,0%@1344,0%@1344,0%@1344,0%@1344],GR3D_FREQ,0%,cpu@51.406C,soc2@49.281C,soc0@50.156C,gpu@51.031C,tj@51.406C,soc1@50.343C,VDD_IN,5723mW/5666mW,VDD_CPU_GPU_CV,1309mW/1310mW,VDD_SOC,2380mW/2380mW
07-26-2026,21:27:57,RAM,767/7620MB,(lfb,31x4MB),SWAP,349/3810MB,(cached,2MB),CPU,[0%@1344,0%@1344,0%@1344,0%@1344,0%@1344,0%@1344],GR3D_FREQ,0%,cpu@51.312C,soc2@49.312C,soc0@50.281C,gpu@51.031C,tj@51.312C,soc1@50.5C,VDD_IN,5723mW/5666mW,VDD_CPU_GPU_CV,1309mW/1310mW,VDD_SOC,2380mW/2380mW
07-26-2026,21:27:57,RAM,767/7620MB,(lfb,31x4MB),SWAP,349/3810MB,(cached,2MB),CPU,[10%@1344,0%@1344,0%@1344,0%@1344,0%@1344,0%@1344],GR3D_FREQ,0%,cpu@51.437C,soc2@49.406C,soc0@50.156C,gpu@51.531C,tj@51.531C,soc1@50.562C,VDD_IN,5723mW/5666mW,VDD_CPU_GPU_CV,1309mW/1310mW,VDD_SOC,2380mW/2380mW
07-26-2026,21:27:57,RAM,768/7620MB,(lfb,31x4MB),SWAP,349/3810MB,(cached,2MB),CPU,[0%@1344,9%@1344,0%@1344,0%@1344,9%@1344,0%@1344],GR3D_FREQ,0%,cpu@51.406C,soc2@49.406C,soc0@50.187C,gpu@51C,tj@51.406C,soc1@50.531C,VDD_IN,5723mW/5666mW,VDD_CPU_GPU_CV,1349mW/1310mW,VDD_SOC,2380mW/2380mW
07-26-2026,21:27:57,RAM,768/7620MB,(lfb,31x4MB),SWAP,349/3810MB,(cached,2MB),CPU,[0%@1344,0%@1344,0%@1344,0%@1344,0%@1344,0%@1344],GR3D_FREQ,0%,cpu@51.343C,soc2@49.468C,soc0@50.218C,gpu@50.968C,tj@51.343C,soc1@50.343C,VDD_IN,5723mW/5666mW,VDD_CPU_GPU_CV,1309mW/1310mW,VDD_SOC,2380mW/2380mW
07-26-2026,21:27:57,RAM,768/7620MB,(lfb,31x4MB),SWAP,349/3810MB,(cached,2MB),CPU,[9%@1344,0%@1344,8%@1344,0%@1344,0%@1344,0%@1344],GR3D_FREQ,0%,cpu@51.312C,soc2@49.343C,soc0@50.406C,gpu@51.468C,tj@51.468C,soc1@50.375C,VDD_IN,5683mW/5666mW,VDD_CPU_GPU_CV,1309mW/1310mW,VDD_SOC,2380mW/2380mW
07-26-2026,21:27:57,RAM,768/7620MB,(lfb,31x4MB),SWAP,349/3810MB,(cached,2MB),CPU,[0%@1344,0%@1344,0%@1344,0%@1344,0%@1344,0%@1344],GR3D_FREQ,0%,cpu@51.437C,soc2@49.437C,soc0@50.156C,gpu@51C,tj@51.437C,soc1@50.406C,VDD_IN,5683mW/5666mW,VDD_CPU_GPU_CV,1309mW/1310mW,VDD_SOC,2380mW/2380mW
07-26-2026,21:27:57,RAM,768/7620MB,(lfb,31x4MB),SWAP,349/3810MB,(cached,2MB),CPU,[0%@1344,0%@1344,0%@1344,0%@1344,0%@1344,0%@1344],GR3D_FREQ,0%,cpu@51.531C,soc2@49.437C,soc0@50.187C,gpu@50.968C,tj@51.531C,soc1@50.687C,VDD_IN,5683mW/5666mW,VDD_CPU_GPU_CV,1309mW/1310mW,VDD_SOC,2380mW/2380mW
07-26-2026,21:27:58,RAM,768/7620MB,(lfb,31x4MB),SWAP,349/3810MB,(cached,2MB),CPU,[0%@1344,0%@1344,0%@1344,0%@1344,0%@1344,0%@1344],GR3D_FREQ,0%,cpu@51.468C,soc2@49.281C,soc0@50.187C,gpu@51.406C,tj@51.468C,soc1@50.281C,VDD_IN,5683mW/5666mW,VDD_CPU_GPU_CV,1309mW/1310mW,VDD_SOC,2380mW/2380mW
07-26-2026,21:27:58,RAM,768/7620MB,(lfb,31x4MB),SWAP,349/3810MB,(cached,2MB),CPU,[0%@1344,0%@1344,0%@1344,0%@1344,0%@1344,0%@1344],GR3D_FREQ,0%,cpu@51.312C,soc2@49.5C,soc0@50.343C,gpu@51.031C,tj@51.312C,soc1@50.375C,VDD_IN,5683mW/5666mW,VDD_CPU_GPU_CV,1309mW/1310mW,VDD_SOC,2380mW/2380mW
07-26-2026,21:27:58,RAM,768/7620MB,(lfb,31x4MB),SWAP,349/3810MB,(cached,2MB),CPU,[9%@1344,0%@1344,0%@1344,0%@1344,0%@1344,0%@1344],GR3D_FREQ,0%,cpu@51.406C,soc2@49.437C,soc0@50.375C,gpu@51.062C,tj@51.406C,soc1@50.437C,VDD_IN,5683mW/5666mW,VDD_CPU_GPU_CV,1309mW/1310mW,VDD_SOC,2380mW/2380mW
07-26-2026,21:27:58,RAM,768/7620MB,(lfb,31x4MB),SWAP,349/3810MB,(cached,2MB),CPU,[9%@1344,9%@1344,0%@1344,0%@1344,0%@1344,0%@1344],GR3D_FREQ,0%,cpu@51.437C,soc2@49.281C,soc0@50.125C,gpu@51.125C,tj@51.437C,soc1@50.218C,VDD_IN,5683mW/5666mW,VDD_CPU_GPU_CV,1309mW/1310mW,VDD_SOC,2380mW/2380mW
07-26-2026,21:27:58,RAM,768/7620MB,(lfb,31x4MB),SWAP,349/3810MB,(cached,2MB),CPU,[0%@1344,9%@1344,0%@1344,0%@1344,0%@1344,0%@1344],GR3D_FREQ,0%,cpu@51.406C,soc2@49.343C,soc0@50.281C,gpu@51.312C,tj@51.406C,soc1@50.406C,VDD_IN,5683mW/5666mW,VDD_CPU_GPU_CV,1309mW/1310mW,VDD_SOC,2380mW/2380mW
07-26-2026,21:27:58,RAM,768/7620MB,(lfb,31x4MB),SWAP,349/3810MB,(cached,2MB),CPU,[0%@1344,0%@1344,0%@1344,0%@1344,9%@1344,8%@1344],GR3D_FREQ,0%,cpu@51.531C,soc2@49.406C,soc0@50.468C,gpu@51.218C,tj@51.531C,soc1@50.5C,VDD_IN,5683mW/5666mW,VDD_CPU_GPU_CV,1309mW/1310mW,VDD_SOC,2380mW/2380mW
07-26-2026,21:27:58,RAM,768/7620MB,(lfb,31x4MB),SWAP,349/3810MB,(cached,2MB),CPU,[0%@1344,0%@1344,0%@1344,0%@1344,0%@1344,0%@1344],GR3D_FREQ,0%,cpu@51.593C,soc2@49.437C,soc0@50.156C,gpu@50.968C,tj@51.593C,soc1@50.656C,VDD_IN,5683mW/5666mW,VDD_CPU_GPU_CV,1309mW/1310mW,VDD_SOC,2380mW/2380mW
07-26-2026,21:27:58,RAM,768/7620MB,(lfb,31x4MB),SWAP,349/3810MB,(cached,2MB),CPU,[9%@1344,0%@1344,0%@1344,0%@1344,0%@1344,0%@1344],GR3D_FREQ,0%,cpu@51.343C,soc2@49.375C,soc0@50.312C,gpu@51.218C,tj@51.343C,soc1@50.656C,VDD_IN,5683mW/5666mW,VDD_CPU_GPU_CV,1309mW/1310mW,VDD_SOC,2380mW/2380mW
07-26-2026,21:27:58,RAM,768/7620MB,(lfb,31x4MB),SWAP,349/3810MB,(cached,2MB),CPU,[0%@1344,0%@1344,0%@1344,0%@1344,0%@1344,0%@1344],GR3D_FREQ,0%,cpu@51.25C,soc2@49.406C,soc0@50.343C,gpu@51.218C,tj@51.25C,soc1@50.343C,VDD_IN,5683mW/5666mW,VDD_CPU_GPU_CV,1309mW/1310mW,VDD_SOC,2380mW/2380mW
07-26-2026,21:27:58,RAM,768/7620MB,(lfb,31x4MB),SWAP,349/3810MB,(cached,2MB),CPU,[9%@1344,0%@1344,0%@1344,0%@1344,0%@1344,0%@1344],GR3D_FREQ,0%,cpu@51.562C,soc2@49.437C,soc0@50.343C,gpu@51.031C,tj@51.562C,soc1@50.5C,VDD_IN,5683mW/5666mW,VDD_CPU_GPU_CV,1309mW/1310mW,VDD_SOC,2380mW/2380mW
07-26-2026,21:27:59,RAM,768/7620MB,(lfb,31x4MB),SWAP,349/3810MB,(cached,2MB),CPU,[0%@1344,0%@1344,0%@1344,0%@1344,0%@1344,0%@1344],GR3D_FREQ,0%,cpu@51.656C,soc2@49.468C,soc0@50.125C,gpu@51.187C,tj@51.656C,soc1@50.531C,VDD_IN,5643mW/5666mW,VDD_CPU_GPU_CV,1309mW/1310mW,VDD_SOC,2380mW/2380mW
07-26-2026,21:27:59,RAM,768/7620MB,(lfb,31x4MB),SWAP,349/3810MB,(cached,2MB),CPU,[0%@1344,0%@1344,0%@1344,0%@1344,0%@1344,0%@1344],GR3D_FREQ,0%,cpu@51.343C,soc2@49.218C,soc0@50.218C,gpu@51.031C,tj@51.343C,soc1@50.656C,VDD_IN,5643mW/5666mW,VDD_CPU_GPU_CV,1309mW/1310mW,VDD_SOC,2380mW/2380mW
07-26-2026,21:27:59,RAM,768/7620MB,(lfb,31x4MB),SWAP,349/3810MB,(cached,2MB),CPU,[0%@1344,0%@1344,0%@1344,0%@1344,0%@1344,0%@1344],GR3D_FREQ,0%,cpu@51.468C,soc2@49.281C,soc0@50.156C,gpu@51.093C,tj@51.187C,soc1@50.25C,VDD_IN,5643mW/5666mW,VDD_CPU_GPU_CV,1309mW/1310mW,VDD_SOC,2380mW/2380mW
07-26-2026,21:27:59,RAM,768/7620MB,(lfb,31x4MB),SWAP,349/3810MB,(cached,2MB),CPU,[9%@1344,0%@1344,0%@1344,0%@1344,0%@1344,0%@1344],GR3D_FREQ,0%,cpu@51.25C,soc2@49.406C,soc0@50.343C,gpu@51.281C,tj@51.281C,soc1@50.468C,VDD_IN,5683mW/5666mW,VDD_CPU_GPU_CV,1309mW/1310mW,VDD_SOC,2380mW/2380mW
07-26-2026,21:27:59,RAM,768/7620MB,(lfb,31x4MB),SWAP,349/3810MB,(cached,2MB),CPU,[0%@1344,9%@1344,0%@1344,0%@1344,0%@1344,9%@1344],GR3D_FREQ,0%,cpu@51.562C,soc2@49.375C,soc0@50.125C,gpu@51.187C,tj@51.562C,soc1@50.468C,VDD_IN,5683mW/5666mW,VDD_CPU_GPU_CV,1349mW/1310mW,VDD_SOC,2380mW/2380mW
07-26-2026,21:27:59,RAM,768/7620MB,(lfb,31x4MB),SWAP,349/3810MB,(cached,2MB),CPU,[0%@1344,0%@1344,0%@1344,0%@1344,0%@1344,0%@1344],GR3D_FREQ,0%,cpu@51.812C,soc2@49.5C,soc0@50.187C,gpu@51C,tj@51.812C,soc1@50.593C,VDD_IN,5683mW/5666mW,VDD_CPU_GPU_CV,1309mW/1310mW,VDD_SOC,2380mW/2380mW
07-26-2026,21:27:59,RAM,768/7620MB,(lfb,31x4MB),SWAP,349/3810MB,(cached,2MB),CPU,[0%@1344,0%@1344,0%@1344,0%@1344,0%@1344,0%@1344],GR3D_FREQ,0%,cpu@51.406C,soc2@49.281C,soc0@50.281C,gpu@51.187C,tj@51.406C,soc1@50.375C,VDD_IN,5683mW/5666mW,VDD_CPU_GPU_CV,1309mW/1310mW,VDD_SOC,2380mW/2380mW
07-26-2026,21:27:59,RAM,768/7620MB,(lfb,31x4MB),SWAP,349/3810MB,(cached,2MB),CPU,[0%@1344,0%@1344,0%@1344,0%@1344,0%@1344,0%@1344],GR3D_FREQ,0%,cpu@51.187C,soc2@49.312C,soc0@50.343C,gpu@51.062C,tj@51.187C,soc1@50.468C,VDD_IN,5683mW/5666mW,VDD_CPU_GPU_CV,1309mW/1310mW,VDD_SOC,2380mW/2380mW
07-26-2026,21:27:59,RAM,768/7620MB,(lfb,31x4MB),SWAP,349/3810MB,(cached,2MB),CPU,[0%@1344,9%@1344,0%@1344,0%@1344,0%@1344,0%@1344],GR3D_FREQ,0%,cpu@51.5C,soc2@49.343C,soc0@50.375C,gpu@51.25C,tj@51.5C,soc1@50.468C,VDD_IN,5683mW/5666mW,VDD_CPU_GPU_CV,1309mW/1310mW,VDD_SOC,2380mW/2380mW
07-26-2026,21:28:00,RAM,768/7620MB,(lfb,31x4MB),SWAP,349/3810MB,(cached,2MB),CPU,[0%@1344,9%@1344,0%@1344,0%@1344,0%@1344,0%@1344],GR3D_FREQ,0%,cpu@51.562C,soc2@49.406C,soc0@50.218C,gpu@51.093C,tj@51.562C,soc1@50.468C,VDD_IN,5683mW/5666mW,VDD_CPU_GPU_CV,1309mW/1310mW,VDD_SOC,2380mW/2380mW
07-26-2026,21:28:00,RAM,768/7620MB,(lfb,31x4MB),SWAP,349/3810MB,(cached,2MB),CPU,[9%@1344,0%@1344,0%@1344,0%@1344,0%@1344,0%@1344],GR3D_FREQ,0%,cpu@51.281C,soc2@49.406C,soc0@50.187C,gpu@51.093C,tj@51.281C,soc1@50.656C,VDD_IN,5683mW/5666mW,VDD_CPU_GPU_CV,1309mW/1310mW,VDD_SOC,2380mW/2380mW
07-26-2026,21:28:00,RAM,768/7620MB,(lfb,31x4MB),SWAP,349/3810MB,(cached,2MB),CPU,[0%@1344,0%@1344,0%@1344,0%@1344,0%@1344,0%@1344],GR3D_FREQ,0%,cpu@51.187C,soc2@49.343C,soc0@50.156C,gpu@51.25C,tj@51.25C,soc1@50.312C,VDD_IN,5683mW/5666mW,VDD_CPU_GPU_CV,1309mW/1310mW,VDD_SOC,2380mW/2380mW
07-26-2026,21:28:00,RAM,768/7620MB,(lfb,31x4MB),SWAP,349/3810MB,(cached,2MB),CPU,[16%@1344,0%@1344,0%@1344,0%@1344,0%@1344,0%@1344],GR3D_FREQ,0%,cpu@51.531C,soc2@49.5C,soc0@50.218C,gpu@51.593C,tj@51.593C,soc1@50.406C,VDD_IN,5683mW/5666mW,VDD_CPU_GPU_CV,1309mW/1310mW,VDD_SOC,2380mW/2380mW
07-26-2026,21:28:00,RAM,768/7620MB,(lfb,31x4MB),SWAP,349/3810MB,(cached,2MB),CPU,[0%@1344,0%@1344,0%@1344,0%@1344,0%@1344,0%@1344],GR3D_FREQ,0%,cpu@51.656C,soc2@49.375C,soc0@50.187C,gpu@51.312C,tj@51.656C,soc1@50.718C,VDD_IN,5683mW/5666mW,VDD_CPU_GPU_CV,1309mW/1310mW,VDD_SOC,2380mW/2380mW
07-26-2026,21:28:00,RAM,768/7620MB,(lfb,31x4MB),SWAP,349/3810MB,(cached,2MB),CPU,[0%@1344,0%@1344,9%@1344,0%@1344,0%@1344,0%@1344],GR3D_FREQ,0%,cpu@51.25C,soc2@49.375C,soc0@50.281C,gpu@51.25C,tj@51.25C,soc1@50.5C,VDD_IN,5683mW/5666mW,VDD_CPU_GPU_CV,1309mW/1310mW,VDD_SOC,2380mW/2380mW
07-26-2026,21:28:00,RAM,767/7620MB,(lfb,31x4MB),SWAP,349/3810MB,(cached,2MB),CPU,[0%@1344,0%@1344,0%@1344,0%@1344,0%@1344,0%@1344],GR3D_FREQ,0%,cpu@51.375C,soc2@49.468C,soc0@50.375C,gpu@51.437C,tj@51.437C,soc1@50.406C,VDD_IN,5683mW/5666mW,VDD_CPU_GPU_CV,1309mW/1310mW,VDD_SOC,2380mW/2380mW
07-26-2026,21:28:00,RAM,767/7620MB,(lfb,31x4MB),SWAP,349/3810MB,(cached,2MB),CPU,[0%@1344,0%@1344,0%@1344,0%@1344,0%@1344,0%@1344],GR3D_FREQ,0%,cpu@51.468C,soc2@49.406C,soc0@50.125C,gpu@51.281C,tj@51.468C,soc1@50.468C,VDD_IN,5683mW/5666mW,VDD_CPU_GPU_CV,1309mW/1310mW,VDD_SOC,2380mW/2380mW
07-26-2026,21:28:00,RAM,767/7620MB,(lfb,31x4MB),SWAP,349/3810MB,(cached,2MB),CPU,[0%@1344,0%@1344,0%@1344,0%@1344,0%@1344,0%@1344],GR3D_FREQ,0%,cpu@51.531C,soc2@49.5C,soc0@50.093C,gpu@50.968C,tj@51.531C,soc1@50.687C,VDD_IN,5683mW/5666mW,VDD_CPU_GPU_CV,1309mW/1310mW,VDD_SOC,2380mW/2380mW
07-26-2026,21:28:00,RAM,767/7620MB,(lfb,31x4MB),SWAP,349/3810MB,(cached,2MB),CPU,[0%@1344,0%@1344,0%@1344,0%@1344,0%@1344,0%@1344],GR3D_FREQ,0%,cpu@51.781C,soc2@49.343C,soc0@50.25C,gpu@51.468C,tj@51.468C,soc1@50.343C,VDD_IN,5683mW/5666mW,VDD_CPU_GPU_CV,1309mW/1310mW,VDD_SOC,2380mW/2380mW
07-26-2026,21:28:01,RAM,767/7620MB,(lfb,31x4MB),SWAP,349/3810MB,(cached,2MB),CPU,[0%@1344,0%@1344,0%@1344,0%@1344,0%@1344,0%@1344],GR3D_FREQ,0%,cpu@51.437C,soc2@49.468C,soc0@50.375C,gpu@51.343C,tj@51.437C,soc1@50.343C,VDD_IN,5643mW/5666mW,VDD_CPU_GPU_CV,1309mW/1310mW,VDD_SOC,2380mW/2380mW
07-26-2026,21:28:01,RAM,767/7620MB,(lfb,31x4MB),SWAP,349/3810MB,(cached,2MB),CPU,[0%@1344,0%@1344,0%@1344,0%@1344,0%@1344,0%@1344],GR3D_FREQ,0%,cpu@51.437C,soc2@49.375C,soc0@50.312C,gpu@50.968C,tj@51.437C,soc1@50.375C,VDD_IN,5643mW/5666mW,VDD_CPU_GPU_CV,1309mW/1310mW,VDD_SOC,2380mW/2380mW
07-26-2026,21:28:01,RAM,767/7620MB,(lfb,31x4MB),SWAP,349/3810MB,(cached,2MB),CPU,[0%@1344,0%@1344,0%@1344,0%@1344,0%@1344,0%@1344],GR3D_FREQ,0%,cpu@51.5C,soc2@49.5C,soc0@50.093C,gpu@51.375C,tj@51.5C,soc1@50.531C,VDD_IN,5643mW/5666mW,VDD_CPU_GPU_CV,1309mW/1310mW,VDD_SOC,2380mW/2380mW
07-26-2026,21:28:01,RAM,767/7620MB,(lfb,31x4MB),SWAP,349/3810MB,(cached,2MB),CPU,[9%@1344,10%@1344,0%@1344,0%@1344,0%@1344,0%@1344],GR3D_FREQ,0%,cpu@51.656C,soc2@49.343C,soc0@50.25C,gpu@51.281C,tj@51.656C,soc1@50.625C,VDD_IN,5683mW/5666mW,VDD_CPU_GPU_CV,1309mW/1310mW,VDD_SOC,2380mW/2380mW
07-26-2026,21:28:01,RAM,768/7620MB,(lfb,31x4MB),SWAP,349/3810MB,(cached,2MB),CPU,[8%@1344,0%@1344,0%@1344,8%@1344,0%@1344,0%@1344],GR3D_FREQ,0%,cpu@51.406C,soc2@49.437C,soc0@50.25C,gpu@51.625C,tj@51.625C,soc1@50.343C,VDD_IN,5683mW/5666mW,VDD_CPU_GPU_CV,1349mW/1310mW,VDD_SOC,2380mW/2380mW
07-26-2026,21:28:01,RAM,767/7620MB,(lfb,31x4MB),SWAP,349/3810MB,(cached,2MB),CPU,[0%@1344,0%@1344,0%@1344,0%@1344,0%@1344,0%@1344],GR3D_FREQ,0%,cpu@51.468C,soc2@49.343C,soc0@50.375C,gpu@51.437C,tj@51.468C,soc1@50.468C,VDD_IN,5683mW/5666mW,VDD_CPU_GPU_CV,1309mW/1310mW,VDD_SOC,2380mW/2380mW
07-26-2026,21:28:01,RAM,767/7620MB,(lfb,31x4MB),SWAP,349/3810MB,(cached,2MB),CPU,[0%@1344,0%@1344,0%@1344,0%@1344,0%@1344,0%@1344],GR3D_FREQ,0%,cpu@51.593C,soc2@49.5C,soc0@50.125C,gpu@51.281C,tj@51.593C,soc1@50.562C,VDD_IN,5683mW/5666mW,VDD_CPU_GPU_CV,1309mW/1310mW,VDD_SOC,2380mW/2380mW
07-26-2026,21:28:01,RAM,767/7620MB,(lfb,31x4MB),SWAP,349/3810MB,(cached,2MB),CPU,[0%@1344,0%@1344,0%@1344,0%@1344,0%@1344,0%@1344],GR3D_FREQ,0%,cpu@51.5C,soc2@49.343C,soc0@50.25C,gpu@51.656C,tj@51.656C,soc1@50.687C,VDD_IN,5683mW/5666mW,VDD_CPU_GPU_CV,1309mW/1310mW,VDD_SOC,2380mW/2380mW
07-26-2026,21:28:01,RAM,767/7620MB,(lfb,31x4MB),SWAP,349/3810MB,(cached,2MB),CPU,[0%@1344,0%@1344,0%@1344,0%@1344,0%@1344,0%@1344],GR3D_FREQ,0%,cpu@51.218C,soc2@49.375C,soc0@50.218C,gpu@51.406C,tj@51.406C,soc1@50.406C,VDD_IN,5643mW/5666mW,VDD_CPU_GPU_CV,1309mW/1310mW,VDD_SOC,2380mW/2380mW
07-26-2026,21:28:02,RAM,767/7620MB,(lfb,31x4MB),SWAP,349/3810MB,(cached,2MB),CPU,[9%@1344,0%@1344,0%@1344,0%@1344,0%@1344,0%@1344],GR3D_FREQ,0%,cpu@51.437C,soc2@49.375C,soc0@50.437C,gpu@51.312C,tj@51.437C,soc1@50.437C,VDD_IN,5643mW/5666mW,VDD_CPU_GPU_CV,1309mW/1310mW,VDD_SOC,2380mW/2380mW
07-26-2026,21:28:02,RAM,767/7620MB,(lfb,31x4MB),SWAP,349/3810MB,(cached,2MB),CPU,[0%@1344,0%@1344,0%@1344,0%@1344,0%@1344,0%@1344],GR3D_FREQ,0%,cpu@51.437C,soc2@49.468C,soc0@50.125C,gpu@51.562C,tj@51.562C,soc1@50.406C,VDD_IN,5643mW/5666mW,VDD_CPU_GPU_CV,1309mW/1310mW,VDD_SOC,2380mW/2380mW
07-26-2026,21:28:02,RAM,767/7620MB,(lfb,31x4MB),SWAP,349/3810MB,(cached,2MB),CPU,[0%@1344,9%@1344,8%@1344,0%@1344,0%@1344,0%@1344],GR3D_FREQ,0%,cpu@51.468C,soc2@49.437C,soc0@50.218C,gpu@51.343C,tj@51.468C,soc1@50.687C,VDD_IN,5683mW/5666mW,VDD_CPU_GPU_CV,1309mW/1310mW,VDD_SOC,2380mW/2380mW
07-26-2026,21:28:02,RAM,767/7620MB,(lfb,31x4MB),SWAP,349/3810MB,(cached,2MB),CPU,[9%@1344,9%@1344,0%@1344,0%@1344,0%@1344,0%@1344],GR3D_FREQ,0%,cpu@51.218C,soc2@49.375C,soc0@50.281C,gpu@50.968C,tj@51.25C,soc1@50.437C,VDD_IN,5762mW/5666mW,VDD_CPU_GPU_CV,1309mW/1310mW,VDD_SOC,2380mW/2380mW
07-26-2026,21:28:02,RAM,767/7620MB,(lfb,31x4MB),SWAP,349/3810MB,(cached,2MB),CPU,[0%@1344,0%@1344,0%@1344,0%@1344,0%@1344,0%@1344],GR3D_FREQ,0%,cpu@51.312C,soc2@49.343C,soc0@50.312C,gpu@51.062C,tj@51.312C,soc1@50.437C,VDD_IN,5723mW/5666mW,VDD_CPU_GPU_CV,1309mW/1310mW,VDD_SOC,2380mW/2380mW
07-26-2026,21:28:02,RAM,767/7620MB,(lfb,31x4MB),SWAP,349/3810MB,(cached,2MB),CPU,[0%@1344,0%@1344,9%@1344,0%@1344,0%@1344,0%@1344],GR3D_FREQ,0%,cpu@51.437C,soc2@49.468C,soc0@50.25C,gpu@51.125C,tj@51.375C,soc1@50.531C,VDD_IN,5723mW/5666mW,VDD_CPU_GPU_CV,1349mW/1310mW,VDD_SOC,2380mW/2380mW
07-26-2026,21:28:02,RAM,767/7620MB,(lfb,31x4MB),SWAP,349/3810MB,(cached,2MB),CPU,[9%@1344,0%@1344,0%@1344,0%@1344,0%@1344,0%@1344],GR3D_FREQ,0%,cpu@51.437C,soc2@49.375C,soc0@50.312C,gpu@51.562C,tj@51.562C,soc1@50.687C,VDD_IN,5723mW/5666mW,VDD_CPU_GPU_CV,1309mW/1310mW,VDD_SOC,2380mW/2380mW
07-26-2026,21:28:02,RAM,767/7620MB,(lfb,31x4MB),SWAP,349/3810MB,(cached,2MB),CPU,[8%@1344,0%@1344,0%@1344,0%@1344,0%@1344,0%@1344],GR3D_FREQ,0%,cpu@51.25C,soc2@49.437C,soc0@50.218C,gpu@51.125C,tj@51.25C,soc1@50.437C,VDD_IN,5723mW/5667mW,VDD_CPU_GPU_CV,1309mW/1310mW,VDD_SOC,2380mW/2380mW
07-26-2026,21:28:02,RAM,767/7620MB,(lfb,31x4MB),SWAP,349/3810MB,(cached,2MB),CPU,[0%@1344,0%@1344,0%@1344,0%@1344,0%@1344,0%@1344],GR3D_FREQ,0%,cpu@51.437C,soc2@49.343C,soc0@50.343C,gpu@50.968C,tj@51.437C,soc1@50.437C,VDD_IN,5683mW/5667mW,VDD_CPU_GPU_CV,1309mW/1310mW,VDD_SOC,2380mW/2380mW
07-26-2026,21:28:02,RAM,767/7620MB,(lfb,31x4MB),SWAP,349/3810MB,(cached,2MB),CPU,[0%@1344,0%@1344,0%@1344,0%@1344,0%@1344,0%@1344],GR3D_FREQ,0%,cpu@51.437C,soc2@49.437C,soc0@50.25C,gpu@51.593C,tj@51.593C,soc1@50.5C,VDD_IN,5683mW/5667mW,VDD_CPU_GPU_CV,1309mW/1310mW,VDD_SOC,2380mW/2380mW
07-26-2026,21:28:03,RAM,767/7620MB,(lfb,31x4MB),SWAP,349/3810MB,(cached,2MB),CPU,[0%@1344,0%@1344,0%@1344,0%@1344,0%@1344,0%@1344],GR3D_FREQ,0%,cpu@51.468C,soc2@49.375C,soc0@50.343C,gpu@51C,tj@51.468C,soc1@50.656C,VDD_IN,5683mW/5667mW,VDD_CPU_GPU_CV,1309mW/1310mW,VDD_SOC,2380mW/2380mW
07-26-2026,21:28:03,RAM,767/7620MB,(lfb,31x4MB),SWAP,349/3810MB,(cached,2MB),CPU,[0%@1344,0%@1344,0%@1344,0%@1344,0%@1344,0%@1344],GR3D_FREQ,0%,cpu@51.187C,soc2@49.312C,soc0@50.375C,gpu@51.125C,tj@51.187C,soc1@50.281C,VDD_IN,5683mW/5667mW,VDD_CPU_GPU_CV,1309mW/1310mW,VDD_SOC,2380mW/2380mW
07-26-2026,21:28:03,RAM,767/7620MB,(lfb,31x4MB),SWAP,349/3810MB,(cached,2MB),CPU,[0%@1344,0%@1344,0%@1344,0%@1344,0%@1344,0%@1344],GR3D_FREQ,0%,cpu@51.281C,soc2@49.343C,soc0@50.343C,gpu@51.562C,tj@51.562C,soc1@50.437C,VDD_IN,5683mW/5667mW,VDD_CPU_GPU_CV,1309mW/1310mW,VDD_SOC,2380mW/2380mW
07-26-2026,21:28:03,RAM,767/7620MB,(lfb,31x4MB),SWAP,349/3810MB,(cached,2MB),CPU,[0%@1344,9%@1344,0%@1344,0%@1344,0%@1344,0%@1344],GR3D_FREQ,0%,cpu@51.343C,soc2@49.375C,soc0@50.125C,gpu@51.125C,tj@51.343C,soc1@50.531C,VDD_IN,5683mW/5667mW,VDD_CPU_GPU_CV,1309mW/1310mW,VDD_SOC,2380mW/2380mW
07-26-2026,21:28:03,RAM,767/7620MB,(lfb,31x4MB),SWAP,349/3810MB,(cached,2MB),CPU,[0%@1344,0%@1344,0%@1344,0%@1344,0%@1344,0%@1344],GR3D_FREQ,0%,cpu@51.5C,soc2@49.375C,soc0@50.156C,gpu@51.031C,tj@51.5C,soc1@50.687C,VDD_IN,5683mW/5667mW,VDD_CPU_GPU_CV,1309mW/1310mW,VDD_SOC,2380mW/2380mW
07-26-2026,21:28:03,RAM,767/7620MB,(lfb,31x4MB),SWAP,349/3810MB,(cached,2MB),CPU,[0%@1344,0%@1344,8%@1344,0%@1344,0%@1344,9%@1344],GR3D_FREQ,0%,cpu@51.406C,soc2@49.343C,soc0@50.156C,gpu@51.562C,tj@51.562C,soc1@50.343C,VDD_IN,5683mW/5667mW,VDD_CPU_GPU_CV,1309mW/1310mW,VDD_SOC,2380mW/2380mW
07-26-2026,21:28:03,RAM,767/7620MB,(lfb,31x4MB),SWAP,349/3810MB,(cached,2MB),CPU,[0%@1344,0%@1344,0%@1344,0%@1344,0%@1344,0%@1344],GR3D_FREQ,0%,cpu@51.312C,soc2@49.406C,soc0@50.25C,gpu@51.062C,tj@51.312C,soc1@50.375C,VDD_IN,5683mW/5667mW,VDD_CPU_GPU_CV,1309mW/1310mW,VDD_SOC,2380mW/2380mW
07-26-2026,21:28:03,RAM,767/7620MB,(lfb,31x4MB),SWAP,349/3810MB,(cached,2MB),CPU,[9%@1344,0%@1344,0%@1344,0%@1344,0%@1344,0%@1344],GR3D_FREQ,0%,cpu@51.343C,soc2@49.437C,soc0@50.437C,gpu@51.062C,tj@51.343C,soc1@50.5C,VDD_IN,5683mW/5667mW,VDD_CPU_GPU_CV,1309mW/1310mW,VDD_SOC,2380mW/2380mW
07-26-2026,21:28:03,RAM,767/7620MB,(lfb,31x4MB),SWAP,349/3810MB,(cached,2MB),CPU,[15%@1344,0%@1344,0%@1344,0%@1344,0%@1344,0%@1344],GR3D_FREQ,0%,cpu@51.437C,soc2@49.5C,soc0@50.093C,gpu@51.468C,tj@51.468C,soc1@50.562C,VDD_IN,5683mW/5667mW,VDD_CPU_GPU_CV,1309mW/1310mW,VDD_SOC,2380mW/2380mW
07-26-2026,21:28:04,RAM,767/7620MB,(lfb,31x4MB),SWAP,349/3810MB,(cached,2MB),CPU,[0%@1344,0%@1344,0%@1344,0%@1344,0%@1344,0%@1344],GR3D_FREQ,0%,cpu@51.437C,soc2@49.406C,soc0@50.25C,gpu@51.093C,tj@51.437C,soc1@50.375C,VDD_IN,5643mW/5667mW,VDD_CPU_GPU_CV,1309mW/1310mW,VDD_SOC,2380mW/2380mW
07-26-2026,21:28:04,RAM,767/7620MB,(lfb,31x4MB),SWAP,349/3810MB,(cached,2MB),CPU,[0%@1344,0%@1344,0%@1344,0%@1344,0%@1344,0%@1344],GR3D_FREQ,0%,cpu@51.25C,soc2@49.281C,soc0@50.343C,gpu@51.062C,tj@51.25C,soc1@50.437C,VDD_IN,5643mW/5667mW,VDD_CPU_GPU_CV,1309mW/1310mW,VDD_SOC,2380mW/2380mW
07-26-2026,21:28:04,RAM,767/7620MB,(lfb,31x4MB),SWAP,349/3810MB,(cached,2MB),CPU,[9%@1344,0%@1344,0%@1344,0%@1344,0%@1344,0%@1344],GR3D_FREQ,0%,cpu@51.281C,soc2@49.437C,soc0@50.468C,gpu@51.5C,tj@51.5C,soc1@50.437C,VDD_IN,5643mW/5667mW,VDD_CPU_GPU_CV,1309mW/1310mW,VDD_SOC,2380mW/2380mW
07-26-2026,21:28:04,RAM,767/7620MB,(lfb,31x4MB),SWAP,349/3810MB,(cached,2MB),CPU,[9%@1344,9%@1344,0%@1344,0%@1344,0%@1344,0%@1344],GR3D_FREQ,0%,cpu@51.343C,soc2@49.593C,soc0@50.125C,gpu@51.25C,tj@51.343C,soc1@50.562C,VDD_IN,5683mW/5667mW,VDD_CPU_GPU_CV,1309mW/1310mW,VDD_SOC,2380mW/2380mW
07-26-2026,21:28:04,RAM,767/7620MB,(lfb,31x4MB),SWAP,349/3810MB,(cached,2MB),CPU,[0%@1344,9%@1344,8%@1344,0%@1344,0%@1344,0%@1344],GR3D_FREQ,0%,cpu@51.187C,soc2@49.281C,soc0@50.312C,gpu@51.156C,tj@51.187C,soc1@50.281C,VDD_IN,5683mW/5667mW,VDD_CPU_GPU_CV,1309mW/1310mW,VDD_SOC,2380mW/2380mW
07-26-2026,21:28:04,RAM,767/7620MB,(lfb,31x4MB),SWAP,349/3810MB,(cached,2MB),CPU,[0%@1344,0%@1344,0%@1344,0%@1344,0%@1344,8%@1344],GR3D_FREQ,0%,cpu@51.281C,soc2@49.312C,soc0@50.437C,gpu@51.406C,tj@51.406C,soc1@50.406C,VDD_IN,5683mW/5667mW,VDD_CPU_GPU_CV,1309mW/1310mW,VDD_SOC,2380mW/2380mW
07-26-2026,21:28:04,RAM,767/7620MB,(lfb,31x4MB),SWAP,349/3810MB,(cached,2MB),CPU,[0%@1344,0%@1344,0%@1344,0%@1344,0%@1344,0%@1344],GR3D_FREQ,0%,cpu@51.562C,soc2@49.375C,soc0@50.25C,gpu@51.25C,tj@51.562C,soc1@50.468C,VDD_IN,5683mW/5667mW,VDD_CPU_GPU_CV,1309mW/1310mW,VDD_SOC,2380mW/2380mW
07-26-2026,21:28:04,RAM,767/7620MB,(lfb,31x4MB),SWAP,349/3810MB,(cached,2MB),CPU,[0%@1344,0%@1344,0%@1344,0%@1344,0%@1344,0%@1344],GR3D_FREQ,0%,cpu@51.781C,soc2@49.531C,soc0@50.218C,gpu@51.187C,tj@51.781C,soc1@50.562C,VDD_IN,5683mW/5667mW,VDD_CPU_GPU_CV,1309mW/1310mW,VDD_SOC,2380mW/2380mW
07-26-2026,21:28:04,RAM,767/7620MB,(lfb,31x4MB),SWAP,349/3810MB,(cached,2MB),CPU,[0%@1344,0%@1344,0%@1344,0%@1344,0%@1344,0%@1344],GR3D_FREQ,0%,cpu@51.375C,soc2@49.312C,soc0@50.281C,gpu@51.437C,tj@51.437C,soc1@50.312C,VDD_IN,5683mW/5667mW,VDD_CPU_GPU_CV,1309mW/1310mW,VDD_SOC,2380mW/2380mW
07-26-2026,21:28:04,RAM,767/7620MB,(lfb,31x4MB),SWAP,349/3810MB,(cached,2MB),CPU,[9%@1344,0%@1344,0%@1344,0%@1344,0%@1344,0%@1344],GR3D_FREQ,0%,cpu@51.281C,soc2@49.406C,soc0@50.375C,gpu@51.218C,tj@51.281C,soc1@50.437C,VDD_IN,5683mW/5667mW,VDD_CPU_GPU_CV,1309mW/1310mW,VDD_SOC,2380mW/2380mW
07-26-2026,21:28:05,RAM,767/7620MB,(lfb,31x4MB),SWAP,349/3810MB,(cached,2MB),CPU,[8%@1344,0%@1344,0%@1344,0%@1344,0%@1344,0%@1344],GR3D_FREQ,0%,cpu@51.5C,soc2@49.437C,soc0@50.5C,gpu@51.125C,tj@51.5C,soc1@50.562C,VDD_IN,5683mW/5667mW,VDD_CPU_GPU_CV,1309mW/1310mW,VDD_SOC,2380mW/2380mW
07-26-2026,21:28:05,RAM,767/7620MB,(lfb,31x4MB),SWAP,349/3810MB,(cached,2MB),CPU,[0%@1344,0%@1344,0%@1344,0%@1344,0%@1344,0%@1344],GR3D_FREQ,0%,cpu@51.781C,soc2@49.5C,soc0@50.187C,gpu@51.375C,tj@51.781C,soc1@50.593C,VDD_IN,5683mW/5667mW,VDD_CPU_GPU_CV,1309mW/1310mW,VDD_SOC,2380mW/2380mW
07-26-2026,21:28:05,RAM,767/7620MB,(lfb,31x4MB),SWAP,349/3810MB,(cached,2MB),CPU,[0%@1344,0%@1344,0%@1344,0%@1344,0%@1344,0%@1344],GR3D_FREQ,0%,cpu@51.375C,soc2@49.25C,soc0@50.187C,gpu@51.218C,tj@51.375C,soc1@50.75C,VDD_IN,5643mW/5667mW,VDD_CPU_GPU_CV,1309mW/1310mW,VDD_SOC,2380mW/2380mW
07-26-2026,21:28:05,RAM,767/7620MB,(lfb,31x4MB),SWAP,349/3810MB,(cached,2MB),CPU,[9%@1344,0%@1344,0%@1344,0%@1344,0%@1344,0%@1344],GR3D_FREQ,0%,cpu@51.25C,soc2@49.343C,soc0@50.343C,gpu@51.125C,tj@51.25C,soc1@50.406C,VDD_IN,5683mW/5667mW,VDD_CPU_GPU_CV,1309mW/1310mW,VDD_SOC,2380mW/2380mW
07-26-2026,21:28:05,RAM,767/7620MB,(lfb,31x4MB),SWAP,349/3810MB,(cached,2MB),CPU,[0%@1344,0%@1344,0%@1344,0%@1344,0%@1344,0%@1344],GR3D_FREQ,0%,cpu@51.531C,soc2@49.437C,soc0@50.343C,gpu@51.281C,tj@51.531C,soc1@50.406C,VDD_IN,5683mW/5667mW,VDD_CPU_GPU_CV,1309mW/1310mW,VDD_SOC,2380mW/2380mW
07-26-2026,21:28:05,RAM,767/7620MB,(lfb,31x4MB),SWAP,349/3810MB,(cached,2MB),CPU,[0%@1344,0%@1344,0%@1344,0%@1344,0%@1344,0%@1344],GR3D_FREQ,0%,cpu@51.656C,soc2@49.468C,soc0@50.156C,gpu@51.218C,tj@51.656C,soc1@50.5C,VDD_IN,5683mW/5667mW,VDD_CPU_GPU_CV,1309mW/1310mW,VDD_SOC,2380mW/2380mW
07-26-2026,21:28:05,RAM,767/7620MB,(lfb,31x4MB),SWAP,349/3810MB,(cached,2MB),CPU,[9%@1344,0%@1344,0%@1344,0%@1344,0%@1344,0%@1344],GR3D_FREQ,0%,cpu@51.312C,soc2@49.343C,soc0@50.156C,gpu@51.093C,tj@51.312C,soc1@50.625C,VDD_IN,5683mW/5667mW,VDD_CPU_GPU_CV,1309mW/1310mW,VDD_SOC,2380mW/2380mW
07-26-2026,21:28:05,RAM,767/7620MB,(lfb,31x4MB),SWAP,349/3810MB,(cached,2MB),CPU,[0%@1344,0%@1344,0%@1344,0%@1344,0%@1344,0%@1344],GR3D_FREQ,0%,cpu@51.312C,soc2@49.343C,soc0@50.312C,gpu@51.312C,tj@51.312C,soc1@50.312C,VDD_IN,5683mW/5667mW,VDD_CPU_GPU_CV,1309mW/1310mW,VDD_SOC,2380mW/2380mW
07-26-2026,21:28:05,RAM,767/7620MB,(lfb,31x4MB),SWAP,349/3810MB,(cached,2MB),CPU,[0%@1344,0%@1344,0%@1344,0%@1344,0%@1344,0%@1344],GR3D_FREQ,0%,cpu@51.437C,soc2@49.468C,soc0@50.312C,gpu@51.156C,tj@51.437C,soc1@50.375C,VDD_IN,5643mW/5667mW,VDD_CPU_GPU_CV,1309mW/1310mW,VDD_SOC,2380mW/2380mW
07-26-2026,21:28:06,RAM,767/7620MB,(lfb,31x4MB),SWAP,349/3810MB,(cached,2MB),CPU,[9%@1344,0%@1344,0%@1344,0%@1344,0%@1344,0%@1344],GR3D_FREQ,0%,cpu@51.625C,soc2@49.406C,soc0@50.187C,gpu@51.093C,tj@51.625C,soc1@50.468C,VDD_IN,5643mW/5667mW,VDD_CPU_GPU_CV,1309mW/1310mW,VDD_SOC,2380mW/2380mW
07-26-2026,21:28:06,RAM,767/7620MB,(lfb,31x4MB),SWAP,349/3810MB,(cached,2MB),CPU,[0%@1344,0%@1344,0%@1344,0%@1344,0%@1344,0%@1344],GR3D_FREQ,0%,cpu@51.656C,soc2@49.437C,soc0@50.218C,gpu@51.312C,tj@51.656C,soc1@50.562C,VDD_IN,5643mW/5667mW,VDD_CPU_GPU_CV,1309mW/1310mW,VDD_SOC,2380mW/2380mW
07-26-2026,21:28:06,RAM,767/7620MB,(lfb,31x4MB),SWAP,349/3810MB,(cached,2MB),CPU,[0%@1344,0%@1344,0%@1344,0%@1344,0%@1344,0%@1344],GR3D_FREQ,0%,cpu@51.187C,soc2@49.312C,soc0@50.218C,gpu@51.093C,tj@51.187C,soc1@50.281C,VDD_IN,5643mW/5667mW,VDD_CPU_GPU_CV,1309mW/1310mW,VDD_SOC,2380mW/2380mW
07-26-2026,21:28:06,RAM,767/7620MB,(lfb,31x4MB),SWAP,349/3810MB,(cached,2MB),CPU,[16%@1344,0%@1344,0%@1344,0%@1344,0%@1344,0%@1344],GR3D_FREQ,0%,cpu@51.406C,soc2@49.5C,soc0@50.437C,gpu@51.093C,tj@51.406C,soc1@50.562C,VDD_IN,5683mW/5667mW,VDD_CPU_GPU_CV,1309mW/1310mW,VDD_SOC,2380mW/2380mW
07-26-2026,21:28:06,RAM,767/7620MB,(lfb,31x4MB),SWAP,349/3810MB,(cached,2MB),CPU,[0%@1344,9%@1344,0%@1344,0%@1344,0%@1344,0%@1344],GR3D_FREQ,0%,cpu@51.562C,soc2@49.5C,soc0@50.25C,gpu@51.062C,tj@51.562C,soc1@50.562C,VDD_IN,5683mW/5667mW,VDD_CPU_GPU_CV,1309mW/1310mW,VDD_SOC,2380mW/2380mW
07-26-2026,21:28:06,RAM,768/7620MB,(lfb,31x4MB),SWAP,349/3810MB,(cached,2MB),CPU,[0%@1344,0%@1344,9%@1344,9%@1344,0%@1344,0%@1344],GR3D_FREQ,0%,cpu@51.718C,soc2@49.343C,soc0@50.281C,gpu@51.531C,tj@51.531C,soc1@50.687C,VDD_IN,5683mW/5667mW,VDD_CPU_GPU_CV,1349mW/1310mW,VDD_SOC,2380mW/2380mW
07-26-2026,21:28:06,RAM,768/7620MB,(lfb,31x4MB),SWAP,349/3810MB,(cached,2MB),CPU,[0%@1344,0%@1344,0%@1344,0%@1344,0%@1344,0%@1344],GR3D_FREQ,0%,cpu@51.406C,soc2@49.437C,soc0@50.343C,gpu@51.125C,tj@51.437C,soc1@50.343C,VDD_IN,5683mW/5667mW,VDD_CPU_GPU_CV,1309mW/1310mW,VDD_SOC,2380mW/2380mW
07-26-2026,21:28:06,RAM,767/7620MB,(lfb,31x4MB),SWAP,349/3810MB,(cached,2MB),CPU,[0%@1344,0%@1344,0%@1344,0%@1344,0%@1344,0%@1344],GR3D_FREQ,0%,cpu@51.437C,soc2@49.468C,soc0@50.375C,gpu@51.093C,tj@51.437C,soc1@50.468C,VDD_IN,5683mW/5667mW,VDD_CPU_GPU_CV,1309mW/1310mW,VDD_SOC,2380mW/2380mW
07-26-2026,21:28:06,RAM,767/7620MB,(lfb,31x4MB),SWAP,349/3810MB,(cached,2MB),CPU,[0%@1344,0%@1344,0%@1344,0%@1344,0%@1344,0%@1344],GR3D_FREQ,0%,cpu@51.468C,soc2@49.5C,soc0@50.25C,gpu@51.5C,tj@51.5C,soc1@50.656C,VDD_IN,5683mW/5667mW,VDD_CPU_GPU_CV,1309mW/1310mW,VDD_SOC,2380mW/2380mW
07-26-2026,21:28:06,RAM,767/7620MB,(lfb,31x4MB),SWAP,349/3810MB,(cached,2MB),CPU,[0%@1344,0%@1344,0%@1344,0%@1344,0%@1344,0%@1344],GR3D_FREQ,0%,cpu@51.562C,soc2@49.375C,soc0@50.156C,gpu@51.062C,tj@51.562C,soc1@50.687C,VDD_IN,5683mW/5667mW,VDD_CPU_GPU_CV,1309mW/1310mW,VDD_SOC,2380mW/2380mW
07-26-2026,21:28:07,RAM,767/7620MB,(lfb,31x4MB),SWAP,349/3810MB,(cached,2MB),CPU,[0%@1344,0%@1344,0%@1344,0%@1344,0%@1344,0%@1344],GR3D_FREQ,0%,cpu@51.437C,soc2@49.437C,soc0@50.343C,gpu@51.125C,tj@51.437C,soc1@50.312C,VDD_IN,5643mW/5667mW,VDD_CPU_GPU_CV,1309mW/1310mW,VDD_SOC,2380mW/2380mW
07-26-2026,21:28:07,RAM,767/7620MB,(lfb,31x4MB),SWAP,349/3810MB,(cached,2MB),CPU,[0%@1344,0%@1344,0%@1344,0%@1344,0%@1344,0%@1344],GR3D_FREQ,0%,cpu@51.437C,soc2@49.343C,soc0@50.406C,gpu@51.562C,tj@51.562C,soc1@50.437C,VDD_IN,5643mW/5667mW,VDD_CPU_GPU_CV,1309mW/1310mW,VDD_SOC,2380mW/2380mW
07-26-2026,21:28:07,RAM,767/7620MB,(lfb,31x4MB),SWAP,349/3810MB,(cached,2MB),CPU,[0%@1344,0%@1344,0%@1344,0%@1344,0%@1344,0%@1344],GR3D_FREQ,0%,cpu@51.437C,soc2@49.437C,soc0@50.187C,gpu@51.031C,tj@51.437C,soc1@50.562C,VDD_IN,5643mW/5667mW,VDD_CPU_GPU_CV,1309mW/1310mW,VDD_SOC,2380mW/2380mW
07-26-2026,21:28:07,RAM,768/7620MB,(lfb,31x4MB),SWAP,349/3810MB,(cached,2MB),CPU,[9%@1344,10%@1344,0%@1344,0%@1344,0%@1344,0%@1344],GR3D_FREQ,0%,cpu@51.625C,soc2@49.468C,soc0@50.187C,gpu@51C,tj@51.625C,soc1@50.625C,VDD_IN,5723mW/5667mW,VDD_CPU_GPU_CV,1309mW/1310mW,VDD_SOC,2380mW/2380mW
07-26-2026,21:28:07,RAM,768/7620MB,(lfb,31x4MB),SWAP,349/3810MB,(cached,2MB),CPU,[16%@1344,0%@1344,0%@1344,0%@1344,0%@1344,0%@1344],GR3D_FREQ,0%,cpu@51.437C,soc2@49.312C,soc0@50.281C,gpu@51.437C,tj@51.437C,soc1@50.312C,VDD_IN,5762mW/5667mW,VDD_CPU_GPU_CV,1309mW/1310mW,VDD_SOC,2380mW/2380mW
07-26-2026,21:28:07,RAM,768/7620MB,(lfb,31x4MB),SWAP,349/3810MB,(cached,2MB),CPU,[9%@1344,0%@1344,9%@1344,0%@1344,9%@1344,0%@1344],GR3D_FREQ,0%,cpu@51.343C,soc2@49.343C,soc0@50.343C,gpu@51.312C,tj@51.343C,soc1@50.375C,VDD_IN,5762mW/5667mW,VDD_CPU_GPU_CV,1349mW/1310mW,VDD_SOC,2380mW/2380mW
07-26-2026,21:28:07,RAM,768/7620MB,(lfb,31x4MB),SWAP,349/3810MB,(cached,2MB),CPU,[0%@1344,0%@1344,0%@1344,0%@1344,0%@1344,0%@1344],GR3D_FREQ,0%,cpu@51.468C,soc2@49.437C,soc0@50.468C,gpu@51.625C,tj@51.625C,soc1@50.406C,VDD_IN,5723mW/5667mW,VDD_CPU_GPU_CV,1309mW/1310mW,VDD_SOC,2380mW/2380mW
07-26-2026,21:28:07,RAM,768/7620MB,(lfb,31x4MB),SWAP,349/3810MB,(cached,2MB),CPU,[0%@1344,0%@1344,0%@1344,0%@1344,0%@1344,0%@1344],GR3D_FREQ,0%,cpu@51.437C,soc2@49.656C,soc0@50.281C,gpu@51.437C,tj@51.437C,soc1@50.562C,VDD_IN,5723mW/5667mW,VDD_CPU_GPU_CV,1309mW/1310mW,VDD_SOC,2380mW/2380mW
07-26-2026,21:28:07,RAM,768/7620MB,(lfb,31x4MB),SWAP,349/3810MB,(cached,2MB),CPU,[0%@1344,8%@1344,0%@1344,0%@1344,0%@1344,0%@1344],GR3D_FREQ,0%,cpu@51.562C,soc2@49.375C,soc0@50.281C,gpu@51.281C,tj@51.562C,soc1@50.281C,VDD_IN,5683mW/5667mW,VDD_CPU_GPU_CV,1309mW/1310mW,VDD_SOC,2380mW/2380mW
07-26-2026,21:28:08,RAM,768/7620MB,(lfb,31x4MB),SWAP,349/3810MB,(cached,2MB),CPU,[9%@1344,0%@1344,0%@1344,0%@1344,0%@1344,0%@1344],GR3D_FREQ,0%,cpu@51.375C,soc2@49.281C,soc0@50.281C,gpu@51.562C,tj@51.562C,soc1@50.312C,VDD_IN,5683mW/5667mW,VDD_CPU_GPU_CV,1309mW/1310mW,VDD_SOC,2380mW/2380mW
07-26-2026,21:28:08,RAM,768/7620MB,(lfb,31x4MB),SWAP,349/3810MB,(cached,2MB),CPU,[0%@1344,0%@1344,0%@1344,0%@1344,0%@1344,0%@1344],GR3D_FREQ,0%,cpu@51.437C,soc2@49.375C,soc0@50.437C,gpu@51.343C,tj@51.437C,soc1@50.468C,VDD_IN,5683mW/5667mW,VDD_CPU_GPU_CV,1309mW/1310mW,VDD_SOC,2380mW/2380mW
07-26-2026,21:28:08,RAM,768/7620MB,(lfb,31x4MB),SWAP,349/3810MB,(cached,2MB),CPU,[0%@1344,0%@1344,0%@1344,0%@1344,0%@1344,0%@1344],GR3D_FREQ,0%,cpu@51.437C,soc2@49.5C,soc0@50.218C,gpu@51.25C,tj@51.437C,soc1@50.562C,VDD_IN,5683mW/5667mW,VDD_CPU_GPU_CV,1309mW/1310mW,VDD_SOC,2380mW/2380mW
07-26-2026,21:28:08,RAM,768/7620MB,(lfb,31x4MB),SWAP,349/3810MB,(cached,2MB),CPU,[9%@1344,0%@1344,0%@1344,0%@1344,0%@1344,0%@1344],GR3D_FREQ,0%,cpu@51.343C,soc2@49.406C,soc0@50.312C,gpu@51.156C,tj@51.343C,soc1@50.375C,VDD_IN,5683mW/5667mW,VDD_CPU_GPU_CV,1309mW/1310mW,VDD_SOC,2380mW/2380mW
07-26-2026,21:28:08,RAM,768/7620MB,(lfb,31x4MB),SWAP,349/3810MB,(cached,2MB),CPU,[0%@1344,0%@1344,0%@1344,0%@1344,0%@1344,0%@1344],GR3D_FREQ,0%,cpu@51.343C,soc2@49.406C,soc0@50.312C,gpu@51.062C,tj@51.343C,soc1@50.562C,VDD_IN,5683mW/5667mW,VDD_CPU_GPU_CV,1309mW/1310mW,VDD_SOC,2380mW/2380mW
07-26-2026,21:28:08,RAM,768/7620MB,(lfb,31x4MB),SWAP,349/3810MB,(cached,2MB),CPU,[0%@1344,0%@1344,0%@1344,0%@1344,0%@1344,0%@1344],GR3D_FREQ,0%,cpu@51.312C,soc2@49.406C,soc0@50.093C,gpu@51.187C,tj@51.312C,soc1@50.343C,VDD_IN,5683mW/5667mW,VDD_CPU_GPU_CV,1309mW/1310mW,VDD_SOC,2380mW/2380mW
07-26-2026,21:28:08,RAM,768/7620MB,(lfb,31x4MB),SWAP,349/3810MB,(cached,2MB),CPU,[9%@1344,0%@1344,0%@1344,0%@1344,0%@1344,0%@1344],GR3D_FREQ,0%,cpu@51.437C,soc2@49.5C,soc0@50.187C,gpu@51.218C,tj@51.437C,soc1@50.687C,VDD_IN,5683mW/5667mW,VDD_CPU_GPU_CV,1309mW/1310mW,VDD_SOC,2380mW/2380mW
07-26-2026,21:28:08,RAM,768/7620MB,(lfb,31x4MB),SWAP,349/3810MB,(cached,2MB),CPU,[0%@1344,0%@1344,0%@1344,0%@1344,0%@1344,0%@1344],GR3D_FREQ,0%,cpu@51.468C,soc2@49.406C,soc0@50.25C,gpu@51.062C,tj@51.312C,soc1@50.406C,VDD_IN,5683mW/5667mW,VDD_CPU_GPU_CV,1309mW/1310mW,VDD_SOC,2380mW/2380mW
07-26-2026,21:28:08,RAM,768/7620MB,(lfb,31x4MB),SWAP,349/3810MB,(cached,2MB),CPU,[0%@1344,0%@1344,0%@1344,0%@1344,0%@1344,0%@1344],GR3D_FREQ,0%,cpu@51.343C,soc2@49.406C,soc0@50.343C,gpu@51.25C,tj@51.343C,soc1@50.343C,VDD_IN,5683mW/5667mW,VDD_CPU_GPU_CV,1309mW/1310mW,VDD_SOC,2380mW/2380mW
07-26-2026,21:28:08,RAM,768/7620MB,(lfb,31x4MB),SWAP,349/3810MB,(cached,2MB),CPU,[9%@1344,0%@1344,0%@1344,0%@1344,0%@1344,0%@1344],GR3D_FREQ,0%,cpu@51.406C,soc2@49.375C,soc0@50.468C,gpu@51.125C,tj@51.406C,soc1@50.468C,VDD_IN,5683mW/5667mW,VDD_CPU_GPU_CV,1309mW/1310mW,VDD_SOC,2380mW/2380mW
07-26-2026,21:28:09,RAM,768/7620MB,(lfb,31x4MB),SWAP,349/3810MB,(cached,2MB),CPU,[0%@1344,0%@1344,0%@1344,0%@1344,0%@1344,0%@1344],GR3D_FREQ,0%,cpu@51.375C,soc2@49.531C,soc0@50.187C,gpu@51.031C,tj@51.375C,soc1@50.687C,VDD_IN,5643mW/5667mW,VDD_CPU_GPU_CV,1309mW/1310mW,VDD_SOC,2380mW/2380mW
07-26-2026,21:28:09,RAM,768/7620MB,(lfb,31x4MB),SWAP,349/3810MB,(cached,2MB),CPU,[0%@1344,0%@1344,0%@1344,0%@1344,0%@1344,0%@1344],GR3D_FREQ,0%,cpu@51.562C,soc2@49.406C,soc0@50.312C,gpu@51.187C,tj@51.562C,soc1@50.437C,VDD_IN,5643mW/5667mW,VDD_CPU_GPU_CV,1309mW/1310mW,VDD_SOC,2380mW/2380mW
07-26-2026,21:28:09,RAM,768/7620MB,(lfb,31x4MB),SWAP,349/3810MB,(cached,2MB),CPU,[0%@1344,0%@1344,0%@1344,0%@1344,0%@1344,0%@1344],GR3D_FREQ,0%,cpu@51.281C,soc2@49.312C,soc0@50.25C,gpu@51.093C,tj@51.281C,soc1@50.375C,VDD_IN,5643mW/5667mW,VDD_CPU_GPU_CV,1309mW/1310mW,VDD_SOC,2380mW/2380mW
07-26-2026,21:28:09,RAM,768/7620MB,(lfb,31x4MB),SWAP,349/3810MB,(cached,2MB),CPU,[16%@1344,9%@1344,0%@1344,0%@1344,0%@1344,0%@1344],GR3D_FREQ,0%,cpu@51.312C,soc2@49.406C,soc0@50.468C,gpu@51C,tj@51.312C,soc1@50.437C,VDD_IN,5683mW/5667mW,VDD_CPU_GPU_CV,1309mW/1310mW,VDD_SOC,2380mW/2380mW
07-26-2026,21:28:09,RAM,768/7620MB,(lfb,31x4MB),SWAP,349/3810MB,(cached,2MB),CPU,[0%@1344,0%@1344,0%@1344,0%@1344,0%@1344,0%@1344],GR3D_FREQ,0%,cpu@51.343C,soc2@49.468C,soc0@50.125C,gpu@51.218C,tj@51.343C,soc1@50.468C,VDD_IN,5683mW/5667mW,VDD_CPU_GPU_CV,1309mW/1310mW,VDD_SOC,2380mW/2380mW
07-26-2026,21:28:09,RAM,768/7620MB,(lfb,31x4MB),SWAP,349/3810MB,(cached,2MB),CPU,[0%@1344,0%@1344,9%@1344,9%@1344,0%@1344,0%@1344],GR3D_FREQ,0%,cpu@51.468C,soc2@49.343C,soc0@50.187C,gpu@51.093C,tj@51.468C,soc1@50.406C,VDD_IN,5683mW/5667mW,VDD_CPU_GPU_CV,1309mW/1310mW,VDD_SOC,2380mW/2380mW
07-26-2026,21:28:09,RAM,768/7620MB,(lfb,31x4MB),SWAP,349/3810MB,(cached,2MB),CPU,[8%@1344,0%@1344,9%@1344,0%@1344,0%@1344,0%@1344],GR3D_FREQ,0%,cpu@51.25C,soc2@49.343C,soc0@50.312C,gpu@51.125C,tj@51.25C,soc1@50.375C,VDD_IN,5683mW/5667mW,VDD_CPU_GPU_CV,1309mW/1310mW,VDD_SOC,2380mW/2380mW
07-26-2026,21:28:09,RAM,768/7620MB,(lfb,31x4MB),SWAP,349/3810MB,(cached,2MB),CPU,[9%@1344,0%@1344,0%@1344,0%@1344,0%@1344,0%@1344],GR3D_FREQ,0%,cpu@51.25C,soc2@49.343C,soc0@50.437C,gpu@51.156C,tj@51.25C,soc1@50.468C,VDD_IN,5683mW/5667mW,VDD_CPU_GPU_CV,1309mW/1310mW,VDD_SOC,2380mW/2380mW
07-26-2026,21:28:09,RAM,768/7620MB,(lfb,31x4MB),SWAP,349/3810MB,(cached,2MB),CPU,[0%@1344,0%@1344,0%@1344,0%@1344,0%@1344,0%@1344],GR3D_FREQ,0%,cpu@51.781C,soc2@49.437C,soc0@50.5C,gpu@51.062C,tj@51.781C,soc1@50.625C,VDD_IN,5643mW/5667mW,VDD_CPU_GPU_CV,1309mW/1310mW,VDD_SOC,2380mW/2380mW
07-26-2026,21:28:10,RAM,768/7620MB,(lfb,31x4MB),SWAP,349/3810MB,(cached,2MB),CPU,[0%@1344,0%@1344,0%@1344,0%@1344,0%@1344,0%@1344],GR3D_FREQ,0%,cpu@51.406C,soc2@49.343C,soc0@50.093C,gpu@51C,tj@51.406C,soc1@50.656C,VDD_IN,5683mW/5667mW,VDD_CPU_GPU_CV,1309mW/1310mW,VDD_SOC,2380mW/2380mW
07-26-2026,21:28:10,RAM,768/7620MB,(lfb,31x4MB),SWAP,349/3810MB,(cached,2MB),CPU,[0%@1344,0%@1344,0%@1344,0%@1344,0%@1344,0%@1344],GR3D_FREQ,0%,cpu@51.312C,soc2@49.406C,soc0@50.218C,gpu@51.218C,tj@51.312C,soc1@50.375C,VDD_IN,5643mW/5667mW,VDD_CPU_GPU_CV,1309mW/1310mW,VDD_SOC,2380mW/2380mW
07-26-2026,21:28:10,RAM,768/7620MB,(lfb,31x4MB),SWAP,349/3810MB,(cached,2MB),CPU,[0%@1344,9%@1344,0%@1344,0%@1344,0%@1344,0%@1344],GR3D_FREQ,0%,cpu@51.312C,soc2@49.437C,soc0@50.312C,gpu@51.125C,tj@51.312C,soc1@50.406C,VDD_IN,5683mW/5667mW,VDD_CPU_GPU_CV,1309mW/1310mW,VDD_SOC,2380mW/2380mW
07-26-2026,21:28:10,RAM,768/7620MB,(lfb,31x4MB),SWAP,349/3810MB,(cached,2MB),CPU,[10%@1344,8%@1344,0%@1344,0%@1344,0%@1344,0%@1344],GR3D_FREQ,0%,cpu@51.718C,soc2@49.531C,soc0@50.218C,gpu@51.062C,tj@51.718C,soc1@50.562C,VDD_IN,5683mW/5667mW,VDD_CPU_GPU_CV,1309mW/1310mW,VDD_SOC,2380mW/2380mW
07-26-2026,21:28:10,RAM,768/7620MB,(lfb,31x4MB),SWAP,349/3810MB,(cached,2MB),CPU,[0%@1344,9%@1344,0%@1344,0%@1344,0%@1344,0%@1344],GR3D_FREQ,0%,cpu@51.343C,soc2@49.406C,soc0@50.156C,gpu@51.5C,tj@51.5C,soc1@50.781C,VDD_IN,5683mW/5667mW,VDD_CPU_GPU_CV,1309mW/1310mW,VDD_SOC,2380mW/2380mW
07-26-2026,21:28:10,RAM,768/7620MB,(lfb,31x4MB),SWAP,349/3810MB,(cached,2MB),CPU,[0%@1344,0%@1344,0%@1344,0%@1344,0%@1344,0%@1344],GR3D_FREQ,0%,cpu@51.187C,soc2@49.375C,soc0@50.312C,gpu@51.25C,tj@51.25C,soc1@50.218C,VDD_IN,5683mW/5667mW,VDD_CPU_GPU_CV,1309mW/1310mW,VDD_SOC,2380mW/2380mW
07-26-2026,21:28:10,RAM,769/7620MB,(lfb,31x4MB),SWAP,349/3810MB,(cached,2MB),CPU,[9%@1344,0%@1344,0%@1344,0%@1344,0%@1344,0%@1344],GR3D_FREQ,0%,cpu@51.437C,soc2@49.437C,soc0@50.312C,gpu@51.656C,tj@51.656C,soc1@50.531C,VDD_IN,5683mW/5667mW,VDD_CPU_GPU_CV,1309mW/1310mW,VDD_SOC,2380mW/2380mW
07-26-2026,21:28:10,RAM,768/7620MB,(lfb,31x4MB),SWAP,349/3810MB,(cached,2MB),CPU,[0%@1344,0%@1344,0%@1344,0%@1344,0%@1344,0%@1344],GR3D_FREQ,0%,cpu@51.625C,soc2@49.468C,soc0@50.156C,gpu@51.375C,tj@51.625C,soc1@50.593C,VDD_IN,5683mW/5667mW,VDD_CPU_GPU_CV,1309mW/1310mW,VDD_SOC,2380mW/2380mW
07-26-2026,21:28:10,RAM,768/7620MB,(lfb,31x4MB),SWAP,349/3810MB,(cached,2MB),CPU,[0%@1344,0%@1344,0%@1344,0%@1344,0%@1344,0%@1344],GR3D_FREQ,0%,cpu@51.281C,soc2@49.375C,soc0@50.25C,gpu@51.281C,tj@51.281C,soc1@50.625C,VDD_IN,5683mW/5667mW,VDD_CPU_GPU_CV,1309mW/1310mW,VDD_SOC,2380mW/2380mW
07-26-2026,21:28:10,RAM,768/7620MB,(lfb,31x4MB),SWAP,349/3810MB,(cached,2MB),CPU,[9%@1344,0%@1344,0%@1344,0%@1344,0%@1344,0%@1344],GR3D_FREQ,0%,cpu@51.25C,soc2@49.437C,soc0@50.281C,gpu@51.625C,tj@51.625C,soc1@50.375C,VDD_IN,5683mW/5667mW,VDD_CPU_GPU_CV,1309mW/1310mW,VDD_SOC,2380mW/2380mW
07-26-2026,21:28:11,RAM,768/7620MB,(lfb,31x4MB),SWAP,349/3810MB,(cached,2MB),CPU,[8%@1344,0%@1344,0%@1344,0%@1344,0%@1344,0%@1344],GR3D_FREQ,0%,cpu@51.468C,soc2@49.406C,soc0@50.343C,gpu@51.375C,tj@51.468C,soc1@50.468C,VDD_IN,5643mW/5667mW,VDD_CPU_GPU_CV,1309mW/1310mW,VDD_SOC,2380mW/2380mW
07-26-2026,21:28:11,RAM,768/7620MB,(lfb,31x4MB),SWAP,349/3810MB,(cached,2MB),CPU,[0%@1344,0%@1344,0%@1344,0%@1344,0%@1344,0%@1344],GR3D_FREQ,0%,cpu@51.625C,soc2@49.312C,soc0@50.187C,gpu@51.25C,tj@51.625C,soc1@50.468C,VDD_IN,5643mW/5667mW,VDD_CPU_GPU_CV,1309mW/1310mW,VDD_SOC,2380mW/2380mW
07-26-2026,21:28:11,RAM,768/7620MB,(lfb,31x4MB),SWAP,349/3810MB,(cached,2MB),CPU,[9%@1344,0%@1344,0%@1344,0%@1344,0%@1344,0%@1344],GR3D_FREQ,0%,cpu@51.75C,soc2@49.406C,soc0@50.312C,gpu@51.687C,tj@51.75C,soc1@50.625C,VDD_IN,5643mW/5667mW,VDD_CPU_GPU_CV,1309mW/1310mW,VDD_SOC,2380mW/2380mW
07-26-2026,21:28:11,RAM,768/7620MB,(lfb,31x4MB),SWAP,349/3810MB,(cached,2MB),CPU,[9%@1344,0%@1344,0%@1344,0%@1344,0%@1344,0%@1344],GR3D_FREQ,0%,cpu@51.312C,soc2@49.375C,soc0@50.218C,gpu@51.25C,tj@51.312C,soc1@50.312C,VDD_IN,5683mW/5667mW,VDD_CPU_GPU_CV,1309mW/1310mW,VDD_SOC,2380mW/2380mW
07-26-2026,21:28:11,RAM,768/7620MB,(lfb,31x4MB),SWAP,349/3810MB,(cached,2MB),CPU,[0%@1344,0%@1344,0%@1344,0%@1344,0%@1344,0%@1344],GR3D_FREQ,0%,cpu@51.25C,soc2@49.5C,soc0@50.468C,gpu@51.25C,tj@51.437C,soc1@50.406C,VDD_IN,5683mW/5667mW,VDD_CPU_GPU_CV,1309mW/1310mW,VDD_SOC,2380mW/2380mW
07-26-2026,21:28:11,RAM,769/7620MB,(lfb,31x4MB),SWAP,349/3810MB,(cached,2MB),CPU,[9%@1344,0%@1344,0%@1344,0%@1344,0%@1344,0%@1344],GR3D_FREQ,0%,cpu@51.656C,soc2@49.375C,soc0@50.468C,gpu@51.5C,tj@51.656C,soc1@50.343C,VDD_IN,5683mW/5667mW,VDD_CPU_GPU_CV,1309mW/1310mW,VDD_SOC,2380mW/2380mW
07-26-2026,21:28:11,RAM,768/7620MB,(lfb,31x4MB),SWAP,349/3810MB,(cached,2MB),CPU,[0%@1344,0%@1344,0%@1344,0%@1344,0%@1344,0%@1344],GR3D_FREQ,0%,cpu@51.562C,soc2@49.5C,soc0@50.187C,gpu@51.343C,tj@51.562C,soc1@50.593C,VDD_IN,5683mW/5667mW,VDD_CPU_GPU_CV,1309mW/1310mW,VDD_SOC,2380mW/2380mW
07-26-2026,21:28:11,RAM,768/7620MB,(lfb,31x4MB),SWAP,349/3810MB,(cached,2MB),CPU,[0%@1344,0%@1344,0%@1344,0%@1344,0%@1344,0%@1344],GR3D_FREQ,0%,cpu@51.312C,soc2@49.281C,soc0@50.281C,gpu@51.218C,tj@51.312C,soc1@50.406C,VDD_IN,5683mW/5667mW,VDD_CPU_GPU_CV,1309mW/1310mW,VDD_SOC,2380mW/2380mW
07-26-2026,21:28:11,RAM,768/7620MB,(lfb,31x4MB),SWAP,349/3810MB,(cached,2MB),CPU,[0%@1344,0%@1344,0%@1344,0%@1344,0%@1344,0%@1344],GR3D_FREQ,0%,cpu@51.25C,soc2@49.312C,soc0@50.281C,gpu@51.468C,tj@51.468C,soc1@50.562C,VDD_IN,5643mW/5667mW,VDD_CPU_GPU_CV,1309mW/1310mW,VDD_SOC,2380mW/2380mW
07-26-2026,21:28:12,RAM,768/7620MB,(lfb,31x4MB),SWAP,349/3810MB,(cached,2MB),CPU,[0%@1344,0%@1344,0%@1344,0%@1344,0%@1344,0%@1344],GR3D_FREQ,0%,cpu@51.562C,soc2@49.406C,soc0@50.437C,gpu@51.343C,tj@51.562C,soc1@50.375C,VDD_IN,5643mW/5667mW,VDD_CPU_GPU_CV,1309mW/1310mW,VDD_SOC,2380mW/2380mW
07-26-2026,21:28:12,RAM,768/7620MB,(lfb,31x4MB),SWAP,349/3810MB,(cached,2MB),CPU,[9%@1344,0%@1344,0%@1344,0%@1344,0%@1344,0%@1344],GR3D_FREQ,0%,cpu@51.593C,soc2@49.5C,soc0@50.187C,gpu@51.218C,tj@51.593C,soc1@50.593C,VDD_IN,5643mW/5667mW,VDD_CPU_GPU_CV,1309mW/1310mW,VDD_SOC,2380mW/2380mW
07-26-2026,21:28:12,RAM,768/7620MB,(lfb,31x4MB),SWAP,349/3810MB,(cached,2MB),CPU,[0%@1344,0%@1344,0%@1344,0%@1344,0%@1344,0%@1344],GR3D_FREQ,0%,cpu@51.843C,soc2@49.375C,soc0@50.281C,gpu@51.406C,tj@51.843C,soc1@50.406C,VDD_IN,5643mW/5667mW,VDD_CPU_GPU_CV,1309mW/1310mW,VDD_SOC,2380mW/2380mW
07-26-2026,21:28:12,RAM,768/7620MB,(lfb,31x4MB),SWAP,349/3810MB,(cached,2MB),CPU,[9%@1344,8%@1344,0%@1344,0%@1344,0%@1344,0%@1344],GR3D_FREQ,0%,cpu@51.437C,soc2@49.437C,soc0@50.375C,gpu@51.031C,tj@51.437C,soc1@50.343C,VDD_IN,5683mW/5667mW,VDD_CPU_GPU_CV,1309mW/1310mW,VDD_SOC,2380mW/2380mW
07-26-2026,21:28:12,RAM,768/7620MB,(lfb,31x4MB),SWAP,349/3810MB,(cached,2MB),CPU,[0%@1344,9%@1344,0%@1344,0%@1344,0%@1344,0%@1344],GR3D_FREQ,0%,cpu@51.468C,soc2@49.5C,soc0@50.218C,gpu@51.187C,tj@51.562C,soc1@50.437C,VDD_IN,5683mW/5667mW,VDD_CPU_GPU_CV,1309mW/1310mW,VDD_SOC,2380mW/2380mW
07-26-2026,21:28:12,RAM,768/7620MB,(lfb,31x4MB),SWAP,349/3810MB,(cached,2MB),CPU,[0%@1344,0%@1344,0%@1344,0%@1344,0%@1344,0%@1344],GR3D_FREQ,0%,cpu@51.562C,soc2@49.5C,soc0@50.25C,gpu@51.187C,tj@51.562C,soc1@50.656C,VDD_IN,5762mW/5667mW,VDD_CPU_GPU_CV,1309mW/1310mW,VDD_SOC,2380mW/2380mW
07-26-2026,21:28:12,RAM,768/7620MB,(lfb,31x4MB),SWAP,349/3810MB,(cached,2MB),CPU,[0%@1344,0%@1344,9%@1344,9%@1344,0%@1344,0%@1344],GR3D_FREQ,0%,cpu@51.5C,soc2@49.406C,soc0@50.218C,gpu@51.062C,tj@51.25C,soc1@50.468C,VDD_IN,5762mW/5668mW,VDD_CPU_GPU_CV,1309mW/1310mW,VDD_SOC,2380mW/2380mW
07-26-2026,21:28:12,RAM,768/7620MB,(lfb,31x4MB),SWAP,349/3810MB,(cached,2MB),CPU,[9%@1344,0%@1344,0%@1344,0%@1344,0%@1344,0%@1344],GR3D_FREQ,0%,cpu@51.375C,soc2@49.468C,soc0@50.375C,gpu@51.468C,tj@51.468C,soc1@50.375C,VDD_IN,5723mW/5668mW,VDD_CPU_GPU_CV,1309mW/1310mW,VDD_SOC,2380mW/2380mW
07-26-2026,21:28:12,RAM,768/7620MB,(lfb,31x4MB),SWAP,349/3810MB,(cached,2MB),CPU,[9%@1344,0%@1344,0%@1344,0%@1344,0%@1344,0%@1344],GR3D_FREQ,0%,cpu@51.437C,soc2@49.437C,soc0@50.437C,gpu@51.187C,tj@51.437C,soc1@50.468C,VDD_IN,5723mW/5668mW,VDD_CPU_GPU_CV,1309mW/1310mW,VDD_SOC,2380mW/2380mW
07-26-2026,21:28:12,RAM,768/7620MB,(lfb,31x4MB),SWAP,349/3810MB,(cached,2MB),CPU,[0%@1344,0%@1344,0%@1344,0%@1344,0%@1344,0%@1344],GR3D_FREQ,0%,cpu@51.531C,soc2@49.5C,soc0@50.25C,gpu@51.031C,tj@51.531C,soc1@50.687C,VDD_IN,5683mW/5668mW,VDD_CPU_GPU_CV,1309mW/1310mW,VDD_SOC,2380mW/2380mW
07-26-2026,21:28:13,RAM,768/7620MB,(lfb,31x4MB),SWAP,349/3810MB,(cached,2MB),CPU,[0%@1344,0%@1344,0%@1344,0%@1344,0%@1344,0%@1344],GR3D_FREQ,0%,cpu@51.5C,soc2@49.312C,soc0@50.187C,gpu@51.468C,tj@51.5C,soc1@50.375C,VDD_IN,5683mW/5668mW,VDD_CPU_GPU_CV,1309mW/1310mW,VDD_SOC,2380mW/2380mW
07-26-2026,21:28:13,RAM,768/7620MB,(lfb,31x4MB),SWAP,349/3810MB,(cached,2MB),CPU,[0%@1344,0%@1344,0%@1344,0%@1344,0%@1344,0%@1344],GR3D_FREQ,0%,cpu@51.437C,soc2@49.437C,soc0@50.218C,gpu@51.093C,tj@51.437C,soc1@50.281C,VDD_IN,5683mW/5668mW,VDD_CPU_GPU_CV,1309mW/1310mW,VDD_SOC,2380mW/2380mW
07-26-2026,21:28:13,RAM,768/7620MB,(lfb,31x4MB),SWAP,349/3810MB,(cached,2MB),CPU,[9%@1344,0%@1344,0%@1344,0%@1344,0%@1344,0%@1344],GR3D_FREQ,0%,cpu@51.406C,soc2@49.437C,soc0@50.468C,gpu@51.062C,tj@51.406C,soc1@50.468C,VDD_IN,5683mW/5668mW,VDD_CPU_GPU_CV,1309mW/1310mW,VDD_SOC,2380mW/2380mW
07-26-2026,21:28:13,RAM,768/7620MB,(lfb,31x4MB),SWAP,349/3810MB,(cached,2MB),CPU,[0%@1344,0%@1344,0%@1344,0%@1344,0%@1344,0%@1344],GR3D_FREQ,0%,cpu@51.531C,soc2@49.468C,soc0@50.25C,gpu@51.437C,tj@51.531C,soc1@50.625C,VDD_IN,5683mW/5668mW,VDD_CPU_GPU_CV,1309mW/1310mW,VDD_SOC,2380mW/2380mW
07-26-2026,21:28:13,RAM,768/7620MB,(lfb,31x4MB),SWAP,349/3810MB,(cached,2MB),CPU,[0%@1344,8%@1344,0%@1344,0%@1344,0%@1344,0%@1344],GR3D_FREQ,0%,cpu@51.593C,soc2@49.343C,soc0@50.218C,gpu@51.125C,tj@51.593C,soc1@50.343C,VDD_IN,5683mW/5668mW,VDD_CPU_GPU_CV,1309mW/1310mW,VDD_SOC,2380mW/2380mW
07-26-2026,21:28:13,RAM,769/7620MB,(lfb,31x4MB),SWAP,349/3810MB,(cached,2MB),CPU,[0%@1344,0%@1344,0%@1344,0%@1344,9%@1344,0%@1344],GR3D_FREQ,0%,cpu@51.312C,soc2@49.437C,soc0@50.312C,gpu@51.687C,tj@51.687C,soc1@50.375C,VDD_IN,5683mW/5668mW,VDD_CPU_GPU_CV,1309mW/1310mW,VDD_SOC,2380mW/2380mW
07-26-2026,21:28:13,RAM,769/7620MB,(lfb,31x4MB),SWAP,349/3810MB,(cached,2MB),CPU,[8%@1344,0%@1344,0%@1344,0%@1344,0%@1344,0%@1344],GR3D_FREQ,0%,cpu@51.375C,soc2@49.375C,soc0@50.343C,gpu@51.531C,tj@51.531C,soc1@50.468C,VDD_IN,5683mW/5668mW,VDD_CPU_GPU_CV,1309mW/1310mW,VDD_SOC,2380mW/2380mW
07-26-2026,21:28:13,RAM,769/7620MB,(lfb,31x4MB),SWAP,349/3810MB,(cached,2MB),CPU,[0%@1344,8%@1344,0%@1344,0%@1344,0%@1344,0%@1344],GR3D_FREQ,0%,cpu@51.5C,soc2@49.5C,soc0@50.5C,gpu@51.093C,tj@51.5C,soc1@50.531C,VDD_IN,5683mW/5668mW,VDD_CPU_GPU_CV,1309mW/1310mW,VDD_SOC,2380mW/2380mW
07-26-2026,21:28:13,RAM,769/7620MB,(lfb,31x4MB),SWAP,349/3810MB,(cached,2MB),CPU,[0%@1344,0%@1344,0%@1344,0%@1344,0%@1344,0%@1344],GR3D_FREQ,0%,cpu@51.468C,soc2@49.312C,soc0@50.312C,gpu@51.687C,tj@51.687C,soc1@50.656C,VDD_IN,5683mW/5668mW,VDD_CPU_GPU_CV,1309mW/1310mW,VDD_SOC,2380mW/2380mW
07-26-2026,21:28:14,RAM,769/7620MB,(lfb,31x4MB),SWAP,349/3810MB,(cached,2MB),CPU,[0%@1344,0%@1344,0%@1344,0%@1344,0%@1344,0%@1344],GR3D_FREQ,0%,cpu@51.218C,soc2@49.468C,soc0@50.25C,gpu@51.187C,tj@51.218C,soc1@50.437C,VDD_IN,5643mW/5668mW,VDD_CPU_GPU_CV,1309mW/1310mW,VDD_SOC,2380mW/2380mW
07-26-2026,21:28:14,RAM,769/7620MB,(lfb,31x4MB),SWAP,349/3810MB,(cached,2MB),CPU,[0%@1344,0%@1344,0%@1344,0%@1344,0%@1344,0%@1344],GR3D_FREQ,0%,cpu@51.312C,soc2@49.406C,soc0@50.375C,gpu@51.093C,tj@51.312C,soc1@50.468C,VDD_IN,5643mW/5668mW,VDD_CPU_GPU_CV,1309mW/1310mW,VDD_SOC,2380mW/2380mW
07-26-2026,21:28:14,RAM,769/7620MB,(lfb,31x4MB),SWAP,349/3810MB,(cached,2MB),CPU,[0%@1344,9%@1344,0%@1344,0%@1344,0%@1344,0%@1344],GR3D_FREQ,0%,cpu@51.406C,soc2@49.406C,soc0@50.437C,gpu@51.625C,tj@51.625C,soc1@50.437C,VDD_IN,5643mW/5668mW,VDD_CPU_GPU_CV,1309mW/1310mW,VDD_SOC,2380mW/2380mW
07-26-2026,21:28:14,RAM,769/7620MB,(lfb,31x4MB),SWAP,349/3810MB,(cached,2MB),CPU,[9%@1344,0%@1344,0%@1344,0%@1344,0%@1344,0%@1344],GR3D_FREQ,0%,cpu@51.468C,soc2@49.312C,soc0@50.25C,gpu@51.343C,tj@51.406C,soc1@50.375C,VDD_IN,5683mW/5668mW,VDD_CPU_GPU_CV,1309mW/1310mW,VDD_SOC,2380mW/2380mW
07-26-2026,21:28:14,RAM,769/7620MB,(lfb,31x4MB),SWAP,349/3810MB,(cached,2MB),CPU,[9%@1344,0%@1344,0%@1344,0%@1344,0%@1344,0%@1344],GR3D_FREQ,0%,cpu@51.281C,soc2@49.406C,soc0@50.406C,gpu@51.187C,tj@51.281C,soc1@50.343C,VDD_IN,5683mW/5668mW,VDD_CPU_GPU_CV,1309mW/1310mW,VDD_SOC,2380mW/2380mW
07-26-2026,21:28:14,RAM,769/7620MB,(lfb,31x4MB),SWAP,349/3810MB,(cached,2MB),CPU,[0%@1344,0%@1344,0%@1344,0%@1344,0%@1344,0%@1344],GR3D_FREQ,0%,cpu@51.437C,soc2@49.5C,soc0@50.468C,gpu@51.218C,tj@51.437C,soc1@50.406C,VDD_IN,5683mW/5668mW,VDD_CPU_GPU_CV,1309mW/1310mW,VDD_SOC,2380mW/2380mW
07-26-2026,21:28:14,RAM,769/7620MB,(lfb,31x4MB),SWAP,349/3810MB,(cached,2MB),CPU,[9%@1344,0%@1344,0%@1344,0%@1344,0%@1344,0%@1344],GR3D_FREQ,0%,cpu@51.406C,soc2@49.437C,soc0@50.312C,gpu@51.375C,tj@51.406C,soc1@50.625C,VDD_IN,5683mW/5668mW,VDD_CPU_GPU_CV,1309mW/1310mW,VDD_SOC,2380mW/2380mW
07-26-2026,21:28:14,RAM,769/7620MB,(lfb,31x4MB),SWAP,349/3810MB,(cached,2MB),CPU,[0%@1344,0%@1344,0%@1344,0%@1344,0%@1344,0%@1344],GR3D_FREQ,0%,cpu@51.437C,soc2@49.343C,soc0@50.375C,gpu@51.218C,tj@51.437C,soc1@50.718C,VDD_IN,5683mW/5668mW,VDD_CPU_GPU_CV,1309mW/1310mW,VDD_SOC,2380mW/2380mW
07-26-2026,21:28:14,RAM,769/7620MB,(lfb,31x4MB),SWAP,349/3810MB,(cached,2MB),CPU,[0%@1344,0%@1344,0%@1344,0%@1344,0%@1344,0%@1344],GR3D_FREQ,0%,cpu@51.343C,soc2@49.406C,soc0@50.281C,gpu@51.187C,tj@51.343C,soc1@50.437C,VDD_IN,5683mW/5668mW,VDD_CPU_GPU_CV,1309mW/1310mW,VDD_SOC,2380mW/2380mW
07-26-2026,21:28:14,RAM,769/7620MB,(lfb,31x4MB),SWAP,349/3810MB,(cached,2MB),CPU,[0%@1344,0%@1344,0%@1344,0%@1344,0%@1344,0%@1344],GR3D_FREQ,0%,cpu@51.312C,soc2@49.437C,soc0@50.406C,gpu@51.281C,tj@51.312C,soc1@50.562C,VDD_IN,5683mW/5668mW,VDD_CPU_GPU_CV,1309mW/1310mW,VDD_SOC,2380mW/2380mW
07-26-2026,21:28:15,RAM,769/7620MB,(lfb,31x4MB),SWAP,349/3810MB,(cached,2MB),CPU,[0%@1344,0%@1344,0%@1344,0%@1344,0%@1344,0%@1344],GR3D_FREQ,0%,cpu@51.437C,soc2@49.5C,soc0@50.218C,gpu@51.218C,tj@51.781C,soc1@50.593C,VDD_IN,5683mW/5668mW,VDD_CPU_GPU_CV,1309mW/1310mW,VDD_SOC,2380mW/2380mW
07-26-2026,21:28:15,RAM,769/7620MB,(lfb,31x4MB),SWAP,349/3810MB,(cached,2MB),CPU,[0%@1344,0%@1344,0%@1344,0%@1344,0%@1344,0%@1344],GR3D_FREQ,0%,cpu@51.468C,soc2@49.5C,soc0@50.218C,gpu@51.125C,tj@51.468C,soc1@50.687C,VDD_IN,5683mW/5668mW,VDD_CPU_GPU_CV,1309mW/1310mW,VDD_SOC,2380mW/2380mW
07-26-2026,21:28:15,RAM,769/7620MB,(lfb,31x4MB),SWAP,349/3810MB,(cached,2MB),CPU,[0%@1344,0%@1344,0%@1344,0%@1344,0%@1344,0%@1344],GR3D_FREQ,0%,cpu@51.406C,soc2@49.468C,soc0@50.281C,gpu@51.25C,tj@51.25C,soc1@50.375C,VDD_IN,5643mW/5668mW,VDD_CPU_GPU_CV,1309mW/1310mW,VDD_SOC,2380mW/2380mW
07-26-2026,21:28:15,RAM,769/7620MB,(lfb,31x4MB),SWAP,349/3810MB,(cached,2MB),CPU,[18%@1344,0%@1344,0%@1344,0%@1344,0%@1344,0%@1344],GR3D_FREQ,0%,cpu@51.343C,soc2@49.531C,soc0@50.312C,gpu@51.156C,tj@51.343C,soc1@50.406C,VDD_IN,5683mW/5668mW,VDD_CPU_GPU_CV,1309mW/1310mW,VDD_SOC,2380mW/2380mW
07-26-2026,21:28:15,RAM,769/7620MB,(lfb,31x4MB),SWAP,349/3810MB,(cached,2MB),CPU,[0%@1344,0%@1344,0%@1344,0%@1344,0%@1344,0%@1344],GR3D_FREQ,0%,cpu@51.343C,soc2@49.406C,soc0@50.468C,gpu@51.062C,tj@51.343C,soc1@50.406C,VDD_IN,5683mW/5668mW,VDD_CPU_GPU_CV,1309mW/1310mW,VDD_SOC,2380mW/2380mW
07-26-2026,21:28:15,RAM,769/7620MB,(lfb,31x4MB),SWAP,349/3810MB,(cached,2MB),CPU,[8%@1344,0%@1344,0%@1344,0%@1344,0%@1344,0%@1344],GR3D_FREQ,0%,cpu@51.375C,soc2@49.5C,soc0@50.218C,gpu@51.312C,tj@51.375C,soc1@50.625C,VDD_IN,5683mW/5668mW,VDD_CPU_GPU_CV,1309mW/1310mW,VDD_SOC,2380mW/2380mW
07-26-2026,21:28:15,RAM,769/7620MB,(lfb,31x4MB),SWAP,349/3810MB,(cached,2MB),CPU,[9%@1344,0%@1344,0%@1344,0%@1344,0%@1344,0%@1344],GR3D_FREQ,0%,cpu@51.562C,soc2@49.375C,soc0@50.281C,gpu@51.187C,tj@51.562C,soc1@50.406C,VDD_IN,5683mW/5668mW,VDD_CPU_GPU_CV,1309mW/1310mW,VDD_SOC,2380mW/2380mW
07-26-2026,21:28:15,RAM,769/7620MB,(lfb,31x4MB),SWAP,349/3810MB,(cached,2MB),CPU,[0%@1344,0%@1344,0%@1344,0%@1344,0%@1344,0%@1344],GR3D_FREQ,0%,cpu@51.312C,soc2@49.5C,soc0@50.375C,gpu@51.093C,tj@51.312C,soc1@50.343C,VDD_IN,5683mW/5668mW,VDD_CPU_GPU_CV,1309mW/1310mW,VDD_SOC,2380mW/2380mW
07-26-2026,21:28:15,RAM,769/7620MB,(lfb,31x4MB),SWAP,349/3810MB,(cached,2MB),CPU,[0%@1344,0%@1344,0%@1344,0%@1344,0%@1344,0%@1344],GR3D_FREQ,0%,cpu@51.312C,soc2@49.5C,soc0@50.437C,gpu@51.25C,tj@51.312C,soc1@50.5C,VDD_IN,5683mW/5668mW,VDD_CPU_GPU_CV,1309mW/1310mW,VDD_SOC,2380mW/2380mW
07-26-2026,21:28:16,RAM,769/7620MB,(lfb,31x4MB),SWAP,349/3810MB,(cached,2MB),CPU,[0%@1344,0%@1344,0%@1344,0%@1344,0%@1344,0%@1344],GR3D_FREQ,0%,cpu@51.406C,soc2@49.531C,soc0@50.218C,gpu@51.125C,tj@51.406C,soc1@50.625C,VDD_IN,5683mW/5668mW,VDD_CPU_GPU_CV,1309mW/1310mW,VDD_SOC,2380mW/2380mW
07-26-2026,21:28:16,RAM,769/7620MB,(lfb,31x4MB),SWAP,349/3810MB,(cached,2MB),CPU,[0%@1344,0%@1344,0%@1344,0%@1344,0%@1344,0%@1344],GR3D_FREQ,0%,cpu@51.562C,soc2@49.25C,soc0@50.25C,gpu@51.156C,tj@51.562C,soc1@50.343C,VDD_IN,5643mW/5668mW,VDD_CPU_GPU_CV,1309mW/1310mW,VDD_SOC,2380mW/2380mW
07-26-2026,21:28:16,RAM,769/7620MB,(lfb,31x4MB),SWAP,349/3810MB,(cached,2MB),CPU,[0%@1344,0%@1344,0%@1344,0%@1344,0%@1344,0%@1344],GR3D_FREQ,0%,cpu@51.25C,soc2@49.437C,soc0@50.281C,gpu@51.218C,tj@51.25C,soc1@50.375C,VDD_IN,5643mW/5668mW,VDD_CPU_GPU_CV,1309mW/1310mW,VDD_SOC,2380mW/2380mW
07-26-2026,21:28:16,RAM,769/7620MB,(lfb,31x4MB),SWAP,349/3810MB,(cached,2MB),CPU,[9%@1344,9%@1344,0%@1344,0%@1344,0%@1344,0%@1344],GR3D_FREQ,0%,cpu@51.687C,soc2@49.406C,soc0@50.218C,gpu@51.5C,tj@51.687C,soc1@50.468C,VDD_IN,5643mW/5668mW,VDD_CPU_GPU_CV,1309mW/1310mW,VDD_SOC,2380mW/2380mW
07-26-2026,21:28:16,RAM,769/7620MB,(lfb,31x4MB),SWAP,349/3810MB,(cached,2MB),CPU,[9%@1344,8%@1344,0%@1344,0%@1344,0%@1344,0%@1344],GR3D_FREQ,0%,cpu@51.718C,soc2@49.5C,soc0@50.187C,gpu@51.031C,tj@51.718C,soc1@50.656C,VDD_IN,5683mW/5668mW,VDD_CPU_GPU_CV,1309mW/1310mW,VDD_SOC,2380mW/2380mW
07-26-2026,21:28:16,RAM,769/7620MB,(lfb,31x4MB),SWAP,349/3810MB,(cached,2MB),CPU,[0%@1344,0%@1344,0%@1344,0%@1344,0%@1344,0%@1344],GR3D_FREQ,0%,cpu@51.187C,soc2@49.312C,soc0@50.187C,gpu@51.687C,tj@51.687C,soc1@50.281C,VDD_IN,5683mW/5668mW,VDD_CPU_GPU_CV,1309mW/1310mW,VDD_SOC,2380mW/2380mW
07-26-2026,21:28:16,RAM,769/7620MB,(lfb,31x4MB),SWAP,349/3810MB,(cached,2MB),CPU,[0%@1344,0%@1344,9%@1344,9%@1344,0%@1344,0%@1344],GR3D_FREQ,0%,cpu@51.281C,soc2@49.375C,soc0@50.406C,gpu@51.406C,tj@51.468C,soc1@50.531C,VDD_IN,5683mW/5668mW,VDD_CPU_GPU_CV,1309mW/1310mW,VDD_SOC,2380mW/2380mW
07-26-2026,21:28:16,RAM,769/7620MB,(lfb,31x4MB),SWAP,349/3810MB,(cached,2MB),CPU,[15%@1344,0%@1344,0%@1344,0%@1344,0%@1344,0%@1344],GR3D_FREQ,0%,cpu@51.5C,soc2@49.531C,soc0@50.406C,gpu@51.062C,tj@51.5C,soc1@50.531C,VDD_IN,5683mW/5668mW,VDD_CPU_GPU_CV,1309mW/1310mW,VDD_SOC,2380mW/2380mW
07-26-2026,21:28:16,RAM,769/7620MB,(lfb,31x4MB),SWAP,349/3810MB,(cached,2MB),CPU,[0%@1344,0%@1344,0%@1344,0%@1344,0%@1344,0%@1344],GR3D_FREQ,0%,cpu@51.718C,soc2@49.5C,soc0@50.218C,gpu@51.562C,tj@51.718C,soc1@50.593C,VDD_IN,5683mW/5668mW,VDD_CPU_GPU_CV,1309mW/1310mW,VDD_SOC,2380mW/2380mW
07-26-2026,21:28:16,RAM,769/7620MB,(lfb,31x4MB),SWAP,349/3810MB,(cached,2MB),CPU,[0%@1344,0%@1344,0%@1344,0%@1344,0%@1344,0%@1344],GR3D_FREQ,0%,cpu@51.25C,soc2@49.406C,soc0@50.187C,gpu@51.437C,tj@51.437C,soc1@50.312C,VDD_IN,5683mW/5668mW,VDD_CPU_GPU_CV,1309mW/1310mW,VDD_SOC,2380mW/2380mW
07-26-2026,21:28:17,RAM,769/7620MB,(lfb,31x4MB),SWAP,349/3810MB,(cached,2MB),CPU,[0%@1344,0%@1344,0%@1344,0%@1344,0%@1344,0%@1344],GR3D_FREQ,0%,cpu@51.312C,soc2@49.406C,soc0@50.343C,gpu@50.968C,tj@51.312C,soc1@50.406C,VDD_IN,5683mW/5668mW,VDD_CPU_GPU_CV,1309mW/1310mW,VDD_SOC,2380mW/2380mW
07-26-2026,21:28:17,RAM,769/7620MB,(lfb,31x4MB),SWAP,349/3810MB,(cached,2MB),CPU,[0%@1344,0%@1344,0%@1344,0%@1344,0%@1344,0%@1344],GR3D_FREQ,0%,cpu@51.531C,soc2@49.343C,soc0@50.468C,gpu@51.656C,tj@51.656C,soc1@50.5C,VDD_IN,5643mW/5668mW,VDD_CPU_GPU_CV,1309mW/1310mW,VDD_SOC,2380mW/2380mW
07-26-2026,21:28:17,RAM,769/7620MB,(lfb,31x4MB),SWAP,349/3810MB,(cached,2MB),CPU,[8%@1344,0%@1344,0%@1344,0%@1344,0%@1344,0%@1344],GR3D_FREQ,0%,cpu@51.687C,soc2@49.5C,soc0@50.218C,gpu@51.375C,tj@51.687C,soc1@50.593C,VDD_IN,5643mW/5668mW,VDD_CPU_GPU_CV,1309mW/1310mW,VDD_SOC,2380mW/2380mW
07-26-2026,21:28:17,RAM,769/7620MB,(lfb,31x4MB),SWAP,349/3810MB,(cached,2MB),CPU,[0%@1344,0%@1344,0%@1344,0%@1344,0%@1344,0%@1344],GR3D_FREQ,0%,cpu@51.875C,soc2@49.437C,soc0@50.187C,gpu@51.156C,tj@51.875C,soc1@50.375C,VDD_IN,5683mW/5668mW,VDD_CPU_GPU_CV,1309mW/1310mW,VDD_SOC,2380mW/2380mW
07-26-2026,21:28:17,RAM,769/7620MB,(lfb,31x4MB),SWAP,349/3810MB,(cached,2MB),CPU,[0%@1344,0%@1344,0%@1344,0%@1344,0%@1344,0%@1344],GR3D_FREQ,0%,cpu@51.281C,soc2@49.406C,soc0@50.281C,gpu@51.562C,tj@51.562C,soc1@50.406C,VDD_IN,5683mW/5668mW,VDD_CPU_GPU_CV,1309mW/1310mW,VDD_SOC,2380mW/2380mW
07-26-2026,21:28:17,RAM,769/7620MB,(lfb,31x4MB),SWAP,349/3810MB,(cached,2MB),CPU,[0%@1344,0%@1344,0%@1344,0%@1344,0%@1344,0%@1344],GR3D_FREQ,0%,cpu@51.437C,soc2@49.468C,soc0@50.5C,gpu@51.343C,tj@51.437C,soc1@50.437C,VDD_IN,5683mW/5668mW,VDD_CPU_GPU_CV,1309mW/1310mW,VDD_SOC,2380mW/2380mW
07-26-2026,21:28:17,RAM,769/7620MB,(lfb,31x4MB),SWAP,349/3810MB,(cached,2MB),CPU,[0%@1344,0%@1344,0%@1344,10%@1344,16%@1344,9%@1344],GR3D_FREQ,0%,cpu@51.625C,soc2@49.5C,soc0@50.468C,gpu@51.125C,tj@51.625C,soc1@50.625C,VDD_IN,5762mW/5668mW,VDD_CPU_GPU_CV,1309mW/1310mW,VDD_SOC,2380mW/2380mW
07-26-2026,21:28:17,RAM,769/7620MB,(lfb,31x4MB),SWAP,349/3810MB,(cached,2MB),CPU,[0%@1344,0%@1344,0%@1344,0%@1344,0%@1344,0%@1344],GR3D_FREQ,0%,cpu@51.656C,soc2@49.437C,soc0@50.25C,gpu@51.5C,tj@51.656C,soc1@50.687C,VDD_IN,5723mW/5668mW,VDD_CPU_GPU_CV,1309mW/1310mW,VDD_SOC,2380mW/2380mW
07-26-2026,21:28:17,RAM,769/7620MB,(lfb,31x4MB),SWAP,349/3810MB,(cached,2MB),CPU,[16%@1344,0%@1344,0%@1344,0%@1344,0%@1344,0%@1344],GR3D_FREQ,0%,cpu@51.312C,soc2@49.406C,soc0@50.218C,gpu@51.312C,tj@51.312C,soc1@50.312C,VDD_IN,5723mW/5668mW,VDD_CPU_GPU_CV,1309mW/1310mW,VDD_SOC,2380mW/2380mW
07-26-2026,21:28:18,RAM,769/7620MB,(lfb,31x4MB),SWAP,349/3810MB,(cached,2MB),CPU,[0%@1344,0%@1344,0%@1344,0%@1344,0%@1344,0%@1344],GR3D_FREQ,0%,cpu@51.406C,soc2@49.375C,soc0@50.343C,gpu@51.125C,tj@51.406C,soc1@50.531C,VDD_IN,5683mW/5668mW,VDD_CPU_GPU_CV,1309mW/1310mW,VDD_SOC,2380mW/2380mW
07-26-2026,21:28:18,RAM,769/7620MB,(lfb,31x4MB),SWAP,349/3810MB,(cached,2MB),CPU,[0%@1344,0%@1344,0%@1344,0%@1344,0%@1344,0%@1344],GR3D_FREQ,0%,cpu@51.468C,soc2@49.5C,soc0@50.437C,gpu@51.562C,tj@51.562C,soc1@50.406C,VDD_IN,5683mW/5668mW,VDD_CPU_GPU_CV,1309mW/1310mW,VDD_SOC,2380mW/2380mW
07-26-2026,21:28:18,RAM,769/7620MB,(lfb,31x4MB),SWAP,349/3810MB,(cached,2MB),CPU,[9%@1344,0%@1344,0%@1344,0%@1344,0%@1344,0%@1344],GR3D_FREQ,0%,cpu@51.625C,soc2@49.625C,soc0@50.25C,gpu@51.281C,tj@51.625C,soc1@50.593C,VDD_IN,5683mW/5668mW,VDD_CPU_GPU_CV,1309mW/1310mW,VDD_SOC,2380mW/2380mW
07-26-2026,21:28:18,RAM,769/7620MB,(lfb,31x4MB),SWAP,349/3810MB,(cached,2MB),CPU,[9%@1344,9%@1344,0%@1344,0%@1344,8%@1344,0%@1344],GR3D_FREQ,0%,cpu@51.437C,soc2@49.343C,soc0@50.312C,gpu@51.25C,tj@51.437C,soc1@50.375C,VDD_IN,5683mW/5668mW,VDD_CPU_GPU_CV,1309mW/1310mW,VDD_SOC,2380mW/2380mW
07-26-2026,21:28:18,RAM,769/7620MB,(lfb,31x4MB),SWAP,349/3810MB,(cached,2MB),CPU,[9%@1344,9%@1344,0%@1344,0%@1344,0%@1344,0%@1344],GR3D_FREQ,0%,cpu@51.531C,soc2@49.437C,soc0@50.468C,gpu@51.093C,tj@51.531C,soc1@50.531C,VDD_IN,5683mW/5668mW,VDD_CPU_GPU_CV,1309mW/1310mW,VDD_SOC,2380mW/2380mW
07-26-2026,21:28:18,RAM,769/7620MB,(lfb,31x4MB),SWAP,349/3810MB,(cached,2MB),CPU,[9%@1344,0%@1344,0%@1344,0%@1344,0%@1344,0%@1344],GR3D_FREQ,0%,cpu@51.562C,soc2@49.5C,soc0@50.281C,gpu@51.281C,tj@51.562C,soc1@50.593C,VDD_IN,5683mW/5668mW,VDD_CPU_GPU_CV,1309mW/1310mW,VDD_SOC,2380mW/2380mW
07-26-2026,21:28:18,RAM,770/7620MB,(lfb,31x4MB),SWAP,349/3810MB,(cached,2MB),CPU,[0%@1344,0%@1344,0%@1344,9%@1344,0%@1344,0%@1344],GR3D_FREQ,0%,cpu@51.656C,soc2@49.375C,soc0@50.218C,gpu@51.187C,tj@51.5C,soc1@50.5C,VDD_IN,5683mW/5668mW,VDD_CPU_GPU_CV,1349mW/1310mW,VDD_SOC,2380mW/2380mW
07-26-2026,21:28:18,RAM,769/7620MB,(lfb,31x4MB),SWAP,349/3810MB,(cached,2MB),CPU,[0%@1344,0%@1344,0%@1344,0%@1344,0%@1344,0%@1344],GR3D_FREQ,0%,cpu@51.343C,soc2@49.312C,soc0@50.281C,gpu@51.187C,tj@51.343C,soc1@50.343C,VDD_IN,5683mW/5668mW,VDD_CPU_GPU_CV,1309mW/1310mW,VDD_SOC,2380mW/2380mW
07-26-2026,21:28:18,RAM,769/7620MB,(lfb,31x4MB),SWAP,349/3810MB,(cached,2MB),CPU,[0%@1344,0%@1344,0%@1344,0%@1344,0%@1344,0%@1344],GR3D_FREQ,0%,cpu@51.375C,soc2@49.437C,soc0@50.5C,gpu@51.218C,tj@51.375C,soc1@50.468C,VDD_IN,5683mW/5668mW,VDD_CPU_GPU_CV,1309mW/1310mW,VDD_SOC,2380mW/2380mW
07-26-2026,21:28:18,RAM,769/7620MB,(lfb,31x4MB),SWAP,349/3810MB,(cached,2MB),CPU,[0%@1344,0%@1344,0%@1344,0%@1344,0%@1344,0%@1344],GR3D_FREQ,0%,cpu@51.531C,soc2@49.468C,soc0@50.125C,gpu@51.156C,tj@51.531C,soc1@50.593C,VDD_IN,5683mW/5668mW,VDD_CPU_GPU_CV,1309mW/1310mW,VDD_SOC,2380mW/2380mW
07-26-2026,21:28:19,RAM,769/7620MB,(lfb,31x4MB),SWAP,349/3810MB,(cached,2MB),CPU,[9%@1344,0%@1344,0%@1344,0%@1344,0%@1344,0%@1344],GR3D_FREQ,0%,cpu@51.593C,soc2@49.312C,soc0@50.281C,gpu@51.031C,tj@51.593C,soc1@50.687C,VDD_IN,5683mW/5668mW,VDD_CPU_GPU_CV,1309mW/1310mW,VDD_SOC,2380mW/2380mW
07-26-2026,21:28:19,RAM,769/7620MB,(lfb,31x4MB),SWAP,349/3810MB,(cached,2MB),CPU,[0%@1344,0%@1344,0%@1344,0%@1344,0%@1344,0%@1344],GR3D_FREQ,0%,cpu@51.375C,soc2@49.468C,soc0@50.25C,gpu@51.187C,tj@51.375C,soc1@50.343C,VDD_IN,5683mW/5668mW,VDD_CPU_GPU_CV,1309mW/1310mW,VDD_SOC,2380mW/2380mW
07-26-2026,21:28:19,RAM,769/7620MB,(lfb,31x4MB),SWAP,349/3810MB,(cached,2MB),CPU,[0%@1344,0%@1344,0%@1344,0%@1344,0%@1344,0%@1344],GR3D_FREQ,0%,cpu@51.406C,soc2@49.437C,soc0@50.25C,gpu@51.187C,tj@51.406C,soc1@50.468C,VDD_IN,5643mW/5668mW,VDD_CPU_GPU_CV,1309mW/1310mW,VDD_SOC,2380mW/2380mW
07-26-2026,21:28:19,RAM,769/7620MB,(lfb,31x4MB),SWAP,349/3810MB,(cached,2MB),CPU,[9%@1344,9%@1344,0%@1344,0%@1344,0%@1344,0%@1344],GR3D_FREQ,0%,cpu@51.5C,soc2@49.5C,soc0@50.5C,gpu@51.156C,tj@51.5C,soc1@50.406C,VDD_IN,5683mW/5668mW,VDD_CPU_GPU_CV,1309mW/1310mW,VDD_SOC,2380mW/2380mW
07-26-2026,21:28:19,RAM,769/7620MB,(lfb,31x4MB),SWAP,349/3810MB,(cached,2MB),CPU,[0%@1344,0%@1344,0%@1344,0%@1344,0%@1344,0%@1344],GR3D_FREQ,0%,cpu@51.437C,soc2@49.437C,soc0@50.25C,gpu@51.218C,tj@51.437C,soc1@50.562C,VDD_IN,5683mW/5668mW,VDD_CPU_GPU_CV,1309mW/1310mW,VDD_SOC,2380mW/2380mW
07-26-2026,21:28:19,RAM,769/7620MB,(lfb,31x4MB),SWAP,349/3810MB,(cached,2MB),CPU,[0%@1344,0%@1344,0%@1344,0%@1344,0%@1344,0%@1344],GR3D_FREQ,0%,cpu@51.625C,soc2@49.406C,soc0@50.281C,gpu@51.156C,tj@51.625C,soc1@50.375C,VDD_IN,5683mW/5668mW,VDD_CPU_GPU_CV,1309mW/1310mW,VDD_SOC,2380mW/2380mW
07-26-2026,21:28:19,RAM,769/7620MB,(lfb,31x4MB),SWAP,349/3810MB,(cached,2MB),CPU,[8%@1344,0%@1344,0%@1344,0%@1344,0%@1344,0%@1344],GR3D_FREQ,0%,cpu@51.375C,soc2@49.437C,soc0@50.437C,gpu@51.093C,tj@51.375C,soc1@50.406C,VDD_IN,5683mW/5668mW,VDD_CPU_GPU_CV,1309mW/1310mW,VDD_SOC,2380mW/2380mW
07-26-2026,21:28:19,RAM,769/7620MB,(lfb,31x4MB),SWAP,349/3810MB,(cached,2MB),CPU,[0%@1344,0%@1344,0%@1344,9%@1344,0%@1344,0%@1344],GR3D_FREQ,0%,cpu@51.437C,soc2@49.468C,soc0@50.5C,gpu@51.156C,tj@51.437C,soc1@50.5C,VDD_IN,5683mW/5668mW,VDD_CPU_GPU_CV,1309mW/1310mW,VDD_SOC,2380mW/2380mW
07-26-2026,21:28:19,RAM,769/7620MB,(lfb,31x4MB),SWAP,349/3810MB,(cached,2MB),CPU,[0%@1344,0%@1344,0%@1344,0%@1344,0%@1344,0%@1344],GR3D_FREQ,0%,cpu@51.437C,soc2@49.531C,soc0@50.218C,gpu@51.156C,tj@51.437C,soc1@50.562C,VDD_IN,5683mW/5668mW,VDD_CPU_GPU_CV,1309mW/1310mW,VDD_SOC,2380mW/2380mW
07-26-2026,21:28:20,RAM,769/7620MB,(lfb,31x4MB),SWAP,349/3810MB,(cached,2MB),CPU,[9%@1344,0%@1344,0%@1344,0%@1344,0%@1344,0%@1344],GR3D_FREQ,0%,cpu@51.531C,soc2@49.406C,soc0@50.187C,gpu@51.093C,tj@51.531C,soc1@50.375C,VDD_IN,5683mW/5668mW,VDD_CPU_GPU_CV,1309mW/1310mW,VDD_SOC,2380mW/2380mW
07-26-2026,21:28:20,RAM,769/7620MB,(lfb,31x4MB),SWAP,349/3810MB,(cached,2MB),CPU,[0%@1344,0%@1344,0%@1344,0%@1344,0%@1344,0%@1344],GR3D_FREQ,0%,cpu@51.406C,soc2@49.437C,soc0@50.343C,gpu@51.218C,tj@51.406C,soc1@50.468C,VDD_IN,5643mW/5668mW,VDD_CPU_GPU_CV,1309mW/1310mW,VDD_SOC,2380mW/2380mW
07-26-2026,21:28:20,RAM,769/7620MB,(lfb,31x4MB),SWAP,349/3810MB,(cached,2MB),CPU,[9%@1344,8%@1344,0%@1344,0%@1344,0%@1344,0%@1344],GR3D_FREQ,0%,cpu@51.437C,soc2@49.437C,soc0@50.468C,gpu@51.093C,tj@51.437C,soc1@50.468C,VDD_IN,5643mW/5668mW,VDD_CPU_GPU_CV,1309mW/1310mW,VDD_SOC,2380mW/2380mW
07-26-2026,21:28:20,RAM,769/7620MB,(lfb,31x4MB),SWAP,349/3810MB,(cached,2MB),CPU,[9%@1344,0%@1344,0%@1344,0%@1344,0%@1344,0%@1344],GR3D_FREQ,0%,cpu@51.5C,soc2@49.5C,soc0@50.281C,gpu@51.312C,tj@51.5C,soc1@50.625C,VDD_IN,5683mW/5668mW,VDD_CPU_GPU_CV,1309mW/1310mW,VDD_SOC,2380mW/2380mW
07-26-2026,21:28:20,RAM,769/7620MB,(lfb,31x4MB),SWAP,349/3810MB,(cached,2MB),CPU,[0%@1344,0%@1344,0%@1344,0%@1344,0%@1344,0%@1344],GR3D_FREQ,0%,cpu@51.281C,soc2@49.437C,soc0@50.375C,gpu@51.562C,tj@51.562C,soc1@50.312C,VDD_IN,5683mW/5668mW,VDD_CPU_GPU_CV,1309mW/1310mW,VDD_SOC,2380mW/2380mW
07-26-2026,21:28:20,RAM,769/7620MB,(lfb,31x4MB),SWAP,349/3810MB,(cached,2MB),CPU,[0%@1344,0%@1344,0%@1344,0%@1344,0%@1344,0%@1344],GR3D_FREQ,0%,cpu@51.25C,soc2@49.406C,soc0@50.468C,gpu@51.281C,tj@51.281C,soc1@50.562C,VDD_IN,5683mW/5668mW,VDD_CPU_GPU_CV,1309mW/1310mW,VDD_SOC,2380mW/2380mW
07-26-2026,21:28:20,RAM,769/7620MB,(lfb,31x4MB),SWAP,349/3810MB,(cached,2MB),CPU,[0%@1344,0%@1344,0%@1344,0%@1344,0%@1344,0%@1344],GR3D_FREQ,0%,cpu@51.406C,soc2@49.5C,soc0@50.468C,gpu@51.25C,tj@51.406C,soc1@50.375C,VDD_IN,5683mW/5668mW,VDD_CPU_GPU_CV,1309mW/1310mW,VDD_SOC,2380mW/2380mW
07-26-2026,21:28:20,RAM,769/7620MB,(lfb,31x4MB),SWAP,349/3810MB,(cached,2MB),CPU,[0%@1344,0%@1344,0%@1344,0%@1344,9%@1344,0%@1344],GR3D_FREQ,0%,cpu@51.468C,soc2@49.468C,soc0@50.156C,gpu@51.531C,tj@51.531C,soc1@50.687C,VDD_IN,5683mW/5668mW,VDD_CPU_GPU_CV,1309mW/1310mW,VDD_SOC,2380mW/2380mW
07-26-2026,21:28:20,RAM,769/7620MB,(lfb,31x4MB),SWAP,349/3810MB,(cached,2MB),CPU,[0%@1344,0%@1344,0%@1344,0%@1344,0%@1344,0%@1344],GR3D_FREQ,0%,cpu@51.593C,soc2@49.406C,soc0@50.218C,gpu@51.312C,tj@51.593C,soc1@50.343C,VDD_IN,5683mW/5668mW,VDD_CPU_GPU_CV,1309mW/1310mW,VDD_SOC,2380mW/2380mW
07-26-2026,21:28:20,RAM,769/7620MB,(lfb,31x4MB),SWAP,349/3810MB,(cached,2MB),CPU,[0%@1344,0%@1344,0%@1344,0%@1344,0%@1344,0%@1344],GR3D_FREQ,0%,cpu@51.437C,soc2@49.343C,soc0@50.406C,gpu@51.218C,tj@51.437C,soc1@50.375C,VDD_IN,5683mW/5668mW,VDD_CPU_GPU_CV,1309mW/1310mW,VDD_SOC,2380mW/2380mW
07-26-2026,21:28:21,RAM,769/7620MB,(lfb,31x4MB),SWAP,349/3810MB,(cached,2MB),CPU,[8%@1344,0%@1344,0%@1344,0%@1344,0%@1344,0%@1344],GR3D_FREQ,0%,cpu@51.25C,soc2@49.437C,soc0@50.468C,gpu@51.531C,tj@51.531C,soc1@50.562C,VDD_IN,5683mW/5668mW,VDD_CPU_GPU_CV,1309mW/1310mW,VDD_SOC,2380mW/2380mW
07-26-2026,21:28:21,RAM,769/7620MB,(lfb,31x4MB),SWAP,349/3810MB,(cached,2MB),CPU,[0%@1344,0%@1344,0%@1344,0%@1344,0%@1344,0%@1344],GR3D_FREQ,0%,cpu@51.343C,soc2@49.5C,soc0@50.25C,gpu@51.343C,tj@51.343C,soc1@50.562C,VDD_IN,5643mW/5668mW,VDD_CPU_GPU_CV,1309mW/1310mW,VDD_SOC,2380mW/2380mW
07-26-2026,21:28:21,RAM,769/7620MB,(lfb,31x4MB),SWAP,349/3810MB,(cached,2MB),CPU,[0%@1344,0%@1344,0%@1344,0%@1344,0%@1344,0%@1344],GR3D_FREQ,0%,cpu@51.5C,soc2@49.375C,soc0@50.25C,gpu@51.218C,tj@51.5C,soc1@50.343C,VDD_IN,5643mW/5668mW,VDD_CPU_GPU_CV,1309mW/1310mW,VDD_SOC,2380mW/2380mW
07-26-2026,21:28:21,RAM,769/7620MB,(lfb,31x4MB),SWAP,349/3810MB,(cached,2MB),CPU,[9%@1344,16%@1344,0%@1344,0%@1344,0%@1344,0%@1344],GR3D_FREQ,0%,cpu@51.312C,soc2@49.406C,soc0@50.312C,gpu@51.468C,tj@51.468C,soc1@50.406C,VDD_IN,5683mW/5668mW,VDD_CPU_GPU_CV,1309mW/1310mW,VDD_SOC,2380mW/2380mW
07-26-2026,21:28:21,RAM,769/7620MB,(lfb,31x4MB),SWAP,349/3810MB,(cached,2MB),CPU,[9%@1344,0%@1344,0%@1344,0%@1344,0%@1344,0%@1344],GR3D_FREQ,0%,cpu@51.406C,soc2@49.468C,soc0@50.468C,gpu@51.312C,tj@51.406C,soc1@50.531C,VDD_IN,5683mW/5668mW,VDD_CPU_GPU_CV,1309mW/1310mW,VDD_SOC,2380mW/2380mW
07-26-2026,21:28:21,RAM,769/7620MB,(lfb,31x4MB),SWAP,349/3810MB,(cached,2MB),CPU,[0%@1344,0%@1344,0%@1344,9%@1344,0%@1344,0%@1344],GR3D_FREQ,0%,cpu@51.812C,soc2@49.5C,soc0@50.531C,gpu@51.218C,tj@51.812C,soc1@50.562C,VDD_IN,5683mW/5668mW,VDD_CPU_GPU_CV,1309mW/1310mW,VDD_SOC,2380mW/2380mW
07-26-2026,21:28:21,RAM,769/7620MB,(lfb,31x4MB),SWAP,349/3810MB,(cached,2MB),CPU,[0%@1344,0%@1344,0%@1344,0%@1344,0%@1344,0%@1344],GR3D_FREQ,0%,cpu@51.5C,soc2@49.312C,soc0@50.281C,gpu@51.5C,tj@51.5C,soc1@50.406C,VDD_IN,5683mW/5668mW,VDD_CPU_GPU_CV,1309mW/1310mW,VDD_SOC,2380mW/2380mW
07-26-2026,21:28:21,RAM,769/7620MB,(lfb,31x4MB),SWAP,349/3810MB,(cached,2MB),CPU,[8%@1344,0%@1344,0%@1344,0%@1344,0%@1344,0%@1344],GR3D_FREQ,0%,cpu@51.437C,soc2@49.468C,soc0@50.312C,gpu@51.281C,tj@51.437C,soc1@50.437C,VDD_IN,5683mW/5668mW,VDD_CPU_GPU_CV,1309mW/1310mW,VDD_SOC,2380mW/2380mW
07-26-2026,21:28:21,RAM,769/7620MB,(lfb,31x4MB),SWAP,349/3810MB,(cached,2MB),CPU,[0%@1344,0%@1344,0%@1344,0%@1344,0%@1344,0%@1344],GR3D_FREQ,0%,cpu@51.343C,soc2@49.406C,soc0@50.375C,gpu@51.156C,tj@51.343C,soc1@50.437C,VDD_IN,5683mW/5668mW,VDD_CPU_GPU_CV,1309mW/1310mW,VDD_SOC,2380mW/2380mW
07-26-2026,21:28:22,RAM,769/7620MB,(lfb,31x4MB),SWAP,349/3810MB,(cached,2MB),CPU,[0%@1344,0%@1344,0%@1344,0%@1344,0%@1344,0%@1344],GR3D_FREQ,0%,cpu@51.343C,soc2@49.5C,soc0@50.5C,gpu@51.468C,tj@51.656C,soc1@50.593C,VDD_IN,5683mW/5668mW,VDD_CPU_GPU_CV,1309mW/1310mW,VDD_SOC,2380mW/2380mW
07-26-2026,21:28:22,RAM,769/7620MB,(lfb,31x4MB),SWAP,349/3810MB,(cached,2MB),CPU,[0%@1344,0%@1344,0%@1344,0%@1344,0%@1344,0%@1344],GR3D_FREQ,0%,cpu@51.468C,soc2@49.5C,soc0@50.281C,gpu@51.218C,tj@51.468C,soc1@50.593C,VDD_IN,5643mW/5668mW,VDD_CPU_GPU_CV,1309mW/1310mW,VDD_SOC,2380mW/2380mW
07-26-2026,21:28:22,RAM,769/7620MB,(lfb,31x4MB),SWAP,349/3810MB,(cached,2MB),CPU,[9%@1344,0%@1344,0%@1344,0%@1344,0%@1344,0%@1344],GR3D_FREQ,0%,cpu@51.468C,soc2@49.375C,soc0@50.343C,gpu@51.218C,tj@51.468C,soc1@50.406C,VDD_IN,5643mW/5668mW,VDD_CPU_GPU_CV,1309mW/1310mW,VDD_SOC,2380mW/2380mW
07-26-2026,21:28:22,RAM,769/7620MB,(lfb,31x4MB),SWAP,349/3810MB,(cached,2MB),CPU,[9%@1344,0%@1344,0%@1344,0%@1344,0%@1344,0%@1344],GR3D_FREQ,0%,cpu@51.5C,soc2@49.406C,soc0@50.531C,gpu@51.156C,tj@51.5C,soc1@50.468C,VDD_IN,5683mW/5668mW,VDD_CPU_GPU_CV,1309mW/1310mW,VDD_SOC,2380mW/2380mW
07-26-2026,21:28:22,RAM,769/7620MB,(lfb,31x4MB),SWAP,349/3810MB,(cached,2MB),CPU,[0%@1344,9%@1344,0%@1344,0%@1344,0%@1344,0%@1344],GR3D_FREQ,0%,cpu@51.687C,soc2@49.5C,soc0@50.218C,gpu@51C,tj@51.687C,soc1@50.625C,VDD_IN,5683mW/5668mW,VDD_CPU_GPU_CV,1309mW/1310mW,VDD_SOC,2380mW/2380mW
07-26-2026,21:28:22,RAM,769/7620MB,(lfb,31x4MB),SWAP,349/3810MB,(cached,2MB),CPU,[0%@1344,0%@1344,0%@1344,0%@1344,0%@1344,0%@1344],GR3D_FREQ,0%,cpu@51.312C,soc2@49.312C,soc0@50.25C,gpu@51.156C,tj@51.25C,soc1@50.406C,VDD_IN,5683mW/5668mW,VDD_CPU_GPU_CV,1309mW/1310mW,VDD_SOC,2380mW/2380mW
07-26-2026,21:28:22,RAM,769/7620MB,(lfb,31x4MB),SWAP,349/3810MB,(cached,2MB),CPU,[0%@1344,0%@1344,0%@1344,0%@1344,0%@1344,0%@1344],GR3D_FREQ,0%,cpu@51.25C,soc2@49.437C,soc0@50.312C,gpu@51.156C,tj@51.25C,soc1@50.437C,VDD_IN,5643mW/5668mW,VDD_CPU_GPU_CV,1309mW/1310mW,VDD_SOC,2380mW/2380mW
07-26-2026,21:28:22,RAM,769/7620MB,(lfb,31x4MB),SWAP,349/3810MB,(cached,2MB),CPU,[9%@1344,0%@1344,0%@1344,9%@1344,8%@1344,0%@1344],GR3D_FREQ,0%,cpu@51.468C,soc2@49.406C,soc0@50.406C,gpu@51.687C,tj@51.687C,soc1@50.468C,VDD_IN,5723mW/5668mW,VDD_CPU_GPU_CV,1309mW/1310mW,VDD_SOC,2380mW/2380mW
07-26-2026,21:28:22,RAM,769/7620MB,(lfb,31x4MB),SWAP,349/3810MB,(cached,2MB),CPU,[0%@1344,0%@1344,0%@1344,0%@1344,0%@1344,0%@1344],GR3D_FREQ,0%,cpu@51.656C,soc2@49.562C,soc0@50.468C,gpu@51.156C,tj@51.656C,soc1@50.593C,VDD_IN,5762mW/5669mW,VDD_CPU_GPU_CV,1309mW/1310mW,VDD_SOC,2380mW/2380mW
07-26-2026,21:28:22,RAM,769/7620MB,(lfb,31x4MB),SWAP,349/3810MB,(cached,2MB),CPU,[0%@1344,0%@1344,0%@1344,0%@1344,0%@1344,0%@1344],GR3D_FREQ,0%,cpu@51.781C,soc2@49.375C,soc0@50.312C,gpu@51.156C,tj@51.781C,soc1@50.687C,VDD_IN,5723mW/5669mW,VDD_CPU_GPU_CV,1309mW/1310mW,VDD_SOC,2380mW/2380mW
07-26-2026,21:28:23,RAM,769/7620MB,(lfb,31x4MB),SWAP,349/3810MB,(cached,2MB),CPU,[0%@1344,0%@1344,0%@1344,0%@1344,0%@1344,0%@1344],GR3D_FREQ,0%,cpu@51.281C,soc2@49.406C,soc0@50.281C,gpu@51.562C,tj@51.562C,soc1@50.406C,VDD_IN,5723mW/5669mW,VDD_CPU_GPU_CV,1309mW/1310mW,VDD_SOC,2380mW/2380mW
07-26-2026,21:28:23,RAM,769/7620MB,(lfb,31x4MB),SWAP,349/3810MB,(cached,2MB),CPU,[0%@1344,0%@1344,0%@1344,0%@1344,0%@1344,0%@1344],GR3D_FREQ,0%,cpu@51.437C,soc2@49.375C,soc0@50.406C,gpu@51.218C,tj@51.437C,soc1@50.437C,VDD_IN,5683mW/5669mW,VDD_CPU_GPU_CV,1309mW/1310mW,VDD_SOC,2380mW/2380mW
07-26-2026,21:28:23,RAM,769/7620MB,(lfb,31x4MB),SWAP,349/3810MB,(cached,2MB),CPU,[0%@1344,0%@1344,0%@1344,0%@1344,0%@1344,0%@1344],GR3D_FREQ,0%,cpu@51.531C,soc2@49.468C,soc0@50.5C,gpu@51.031C,tj@51.531C,soc1@50.5C,VDD_IN,5683mW/5669mW,VDD_CPU_GPU_CV,1309mW/1310mW,VDD_SOC,2380mW/2380mW
07-26-2026,21:28:23,RAM,769/7620MB,(lfb,31x4MB),SWAP,349/3810MB,(cached,2MB),CPU,[9%@1344,0%@1344,0%@1344,0%@1344,0%@1344,0%@1344],GR3D_FREQ,0%,cpu@51.718C,soc2@49.5C,soc0@50.187C,gpu@51.656C,tj@51.718C,soc1@50.593C,VDD_IN,5723mW/5669mW,VDD_CPU_GPU_CV,1309mW/1310mW,VDD_SOC,2380mW/2380mW
07-26-2026,21:28:23,RAM,769/7620MB,(lfb,31x4MB),SWAP,349/3810MB,(cached,2MB),CPU,[9%@1344,0%@1344,0%@1344,0%@1344,0%@1344,0%@1344],GR3D_FREQ,0%,cpu@51.281C,soc2@49.312C,soc0@50.375C,gpu@51.156C,tj@51.281C,soc1@50.25C,VDD_IN,5683mW/5669mW,VDD_CPU_GPU_CV,1309mW/1310mW,VDD_SOC,2380mW/2380mW
07-26-2026,21:28:23,RAM,769/7620MB,(lfb,31x4MB),SWAP,349/3810MB,(cached,2MB),CPU,[9%@1344,0%@1344,0%@1344,0%@1344,0%@1344,0%@1344],GR3D_FREQ,0%,cpu@51.281C,soc2@49.343C,soc0@50.312C,gpu@51.031C,tj@51.437C,soc1@50.406C,VDD_IN,5683mW/5669mW,VDD_CPU_GPU_CV,1309mW/1310mW,VDD_SOC,2380mW/2380mW
07-26-2026,21:28:23,RAM,770/7620MB,(lfb,31x4MB),SWAP,349/3810MB,(cached,2MB),CPU,[0%@1344,0%@1344,0%@1344,8%@1344,0%@1344,0%@1344],GR3D_FREQ,0%,cpu@51.562C,soc2@49.5C,soc0@50.437C,gpu@51.625C,tj@51.625C,soc1@50.343C,VDD_IN,5683mW/5669mW,VDD_CPU_GPU_CV,1309mW/1310mW,VDD_SOC,2380mW/2380mW
07-26-2026,21:28:23,RAM,770/7620MB,(lfb,31x4MB),SWAP,349/3810MB,(cached,2MB),CPU,[8%@1344,0%@1344,0%@1344,0%@1344,0%@1344,0%@1344],GR3D_FREQ,0%,cpu@51.593C,soc2@49.5C,soc0@50.343C,gpu@51.093C,tj@51.593C,soc1@50.562C,VDD_IN,5683mW/5669mW,VDD_CPU_GPU_CV,1309mW/1310mW,VDD_SOC,2380mW/2380mW
07-26-2026,21:28:23,RAM,770/7620MB,(lfb,31x4MB),SWAP,349/3810MB,(cached,2MB),CPU,[9%@1344,0%@1344,0%@1344,0%@1344,0%@1344,0%@1344],GR3D_FREQ,0%,cpu@51.781C,soc2@49.375C,soc0@50.281C,gpu@51.062C,tj@51.781C,soc1@50.406C,VDD_IN,5683mW/5669mW,VDD_CPU_GPU_CV,1309mW/1310mW,VDD_SOC,2380mW/2380mW
07-26-2026,21:28:24,RAM,770/7620MB,(lfb,31x4MB),SWAP,349/3810MB,(cached,2MB),CPU,[0%@1344,0%@1344,0%@1344,0%@1344,0%@1344,0%@1344],GR3D_FREQ,0%,cpu@51.406C,soc2@49.406C,soc0@50.312C,gpu@51.562C,tj@51.562C,soc1@50.468C,VDD_IN,5683mW/5669mW,VDD_CPU_GPU_CV,1309mW/1310mW,VDD_SOC,2380mW/2380mW
07-26-2026,21:28:24,RAM,770/7620MB,(lfb,31x4MB),SWAP,349/3810MB,(cached,2MB),CPU,[0%@1344,0%@1344,0%@1344,0%@1344,0%@1344,0%@1344],GR3D_FREQ,0%,cpu@51.468C,soc2@49.437C,soc0@50.5C,gpu@50.968C,tj@51.468C,soc1@50.5C,VDD_IN,5683mW/5669mW,VDD_CPU_GPU_CV,1309mW/1310mW,VDD_SOC,2380mW/2380mW
07-26-2026,21:28:24,RAM,770/7620MB,(lfb,31x4MB),SWAP,349/3810MB,(cached,2MB),CPU,[0%@1344,0%@1344,0%@1344,0%@1344,0%@1344,0%@1344],GR3D_FREQ,0%,cpu@51.562C,soc2@49.437C,soc0@50.5C,gpu@51.093C,tj@51.562C,soc1@50.593C,VDD_IN,5683mW/5669mW,VDD_CPU_GPU_CV,1309mW/1310mW,VDD_SOC,2380mW/2380mW
07-26-2026,21:28:24,RAM,770/7620MB,(lfb,31x4MB),SWAP,349/3810MB,(cached,2MB),CPU,[9%@1344,9%@1344,0%@1344,0%@1344,0%@1344,0%@1344],GR3D_FREQ,0%,cpu@51.437C,soc2@49.406C,soc0@50.343C,gpu@51.5C,tj@51.5C,soc1@50.375C,VDD_IN,5683mW/5669mW,VDD_CPU_GPU_CV,1309mW/1310mW,VDD_SOC,2380mW/2380mW
07-26-2026,21:28:24,RAM,770/7620MB,(lfb,31x4MB),SWAP,349/3810MB,(cached,2MB),CPU,[0%@1344,0%@1344,0%@1344,0%@1344,0%@1344,0%@1344],GR3D_FREQ,0%,cpu@51.437C,soc2@49.437C,soc0@50.25C,gpu@51.25C,tj@51.437C,soc1@50.531C,VDD_IN,5683mW/5669mW,VDD_CPU_GPU_CV,1309mW/1310mW,VDD_SOC,2380mW/2380mW
07-26-2026,21:28:24,RAM,770/7620MB,(lfb,31x4MB),SWAP,349/3810MB,(cached,2MB),CPU,[0%@1344,0%@1344,0%@1344,0%@1344,0%@1344,0%@1344],GR3D_FREQ,0%,cpu@51.437C,soc2@49.531C,soc0@50.5C,gpu@51.218C,tj@51.437C,soc1@50.343C,VDD_IN,5683mW/5669mW,VDD_CPU_GPU_CV,1309mW/1310mW,VDD_SOC,2380mW/2380mW
07-26-2026,21:28:24,RAM,770/7620MB,(lfb,31x4MB),SWAP,349/3810MB,(cached,2MB),CPU,[0%@1344,0%@1344,0%@1344,0%@1344,0%@1344,0%@1344],GR3D_FREQ,0%,cpu@51.468C,soc2@49.5C,soc0@50.218C,gpu@51.437C,tj@51.468C,soc1@50.687C,VDD_IN,5683mW/5669mW,VDD_CPU_GPU_CV,1309mW/1310mW,VDD_SOC,2380mW/2380mW
07-26-2026,21:28:24,RAM,770/7620MB,(lfb,31x4MB),SWAP,349/3810MB,(cached,2MB),CPU,[0%@1344,0%@1344,0%@1344,0%@1344,8%@1344,0%@1344],GR3D_FREQ,0%,cpu@51.5C,soc2@49.343C,soc0@50.312C,gpu@51.281C,tj@51.5C,soc1@50.437C,VDD_IN,5683mW/5669mW,VDD_CPU_GPU_CV,1309mW/1310mW,VDD_SOC,2380mW/2380mW
07-26-2026,21:28:24,RAM,770/7620MB,(lfb,31x4MB),SWAP,349/3810MB,(cached,2MB),CPU,[0%@1344,0%@1344,0%@1344,0%@1344,0%@1344,0%@1344],GR3D_FREQ,0%,cpu@51.406C,soc2@49.437C,soc0@50.375C,gpu@51.156C,tj@51.406C,soc1@50.406C,VDD_IN,5683mW/5669mW,VDD_CPU_GPU_CV,1309mW/1310mW,VDD_SOC,2380mW/2380mW
07-26-2026,21:28:24,RAM,770/7620MB,(lfb,31x4MB),SWAP,349/3810MB,(cached,2MB),CPU,[0%@1344,0%@1344,0%@1344,0%@1344,0%@1344,0%@1344],GR3D_FREQ,0%,cpu@51.437C,soc2@49.468C,soc0@50.531C,gpu@51.437C,tj@51.437C,soc1@50.437C,VDD_IN,5683mW/5669mW,VDD_CPU_GPU_CV,1309mW/1310mW,VDD_SOC,2380mW/2380mW
07-26-2026,21:28:25,RAM,770/7620MB,(lfb,31x4MB),SWAP,349/3810MB,(cached,2MB),CPU,[0%@1344,0%@1344,0%@1344,0%@1344,0%@1344,0%@1344],GR3D_FREQ,0%,cpu@51.468C,soc2@49.406C,soc0@50.25C,gpu@51.25C,tj@51.468C,soc1@50.531C,VDD_IN,5683mW/5669mW,VDD_CPU_GPU_CV,1309mW/1310mW,VDD_SOC,2380mW/2380mW
07-26-2026,21:28:25,RAM,770/7620MB,(lfb,31x4MB),SWAP,349/3810MB,(cached,2MB),CPU,[9%@1344,0%@1344,0%@1344,0%@1344,0%@1344,0%@1344],GR3D_FREQ,0%,cpu@51.75C,soc2@49.375C,soc0@50.25C,gpu@51.187C,tj@51.593C,soc1@50.312C,VDD_IN,5683mW/5669mW,VDD_CPU_GPU_CV,1309mW/1310mW,VDD_SOC,2380mW/2380mW
07-26-2026,21:28:25,RAM,770/7620MB,(lfb,31x4MB),SWAP,349/3810MB,(cached,2MB),CPU,[0%@1344,0%@1344,0%@1344,0%@1344,0%@1344,0%@1344],GR3D_FREQ,0%,cpu@51.437C,soc2@49.406C,soc0@50.406C,gpu@51.343C,tj@51.437C,soc1@50.343C,VDD_IN,5683mW/5669mW,VDD_CPU_GPU_CV,1309mW/1310mW,VDD_SOC,2380mW/2380mW
07-26-2026,21:28:25,RAM,770/7620MB,(lfb,31x4MB),SWAP,349/3810MB,(cached,2MB),CPU,[9%@1344,9%@1344,0%@1344,0%@1344,0%@1344,0%@1344],GR3D_FREQ,0%,cpu@51.375C,soc2@49.437C,soc0@50.468C,gpu@51.218C,tj@51.375C,soc1@50.468C,VDD_IN,5683mW/5669mW,VDD_CPU_GPU_CV,1309mW/1310mW,VDD_SOC,2380mW/2380mW
07-26-2026,21:28:25,RAM,770/7620MB,(lfb,31x4MB),SWAP,349/3810MB,(cached,2MB),CPU,[9%@1344,0%@1344,0%@1344,0%@1344,0%@1344,0%@1344],GR3D_FREQ,0%,cpu@51.562C,soc2@49.343C,soc0@50.531C,gpu@51.187C,tj@51.562C,soc1@50.562C,VDD_IN,5683mW/5669mW,VDD_CPU_GPU_CV,1309mW/1310mW,VDD_SOC,2380mW/2380mW
07-26-2026,21:28:25,RAM,770/7620MB,(lfb,31x4MB),SWAP,349/3810MB,(cached,2MB),CPU,[0%@1344,9%@1344,0%@1344,0%@1344,0%@1344,0%@1344],GR3D_FREQ,0%,cpu@51.593C,soc2@49.406C,soc0@50.281C,gpu@51.343C,tj@51.468C,soc1@50.5C,VDD_IN,5683mW/5669mW,VDD_CPU_GPU_CV,1309mW/1310mW,VDD_SOC,2380mW/2380mW
07-26-2026,21:28:25,RAM,770/7620MB,(lfb,31x4MB),SWAP,349/3810MB,(cached,2MB),CPU,[0%@1344,0%@1344,0%@1344,0%@1344,0%@1344,0%@1344],GR3D_FREQ,0%,cpu@51.406C,soc2@49.343C,soc0@50.343C,gpu@51.187C,tj@51.406C,soc1@50.343C,VDD_IN,5683mW/5669mW,VDD_CPU_GPU_CV,1309mW/1310mW,VDD_SOC,2380mW/2380mW
07-26-2026,21:28:25,RAM,770/7620MB,(lfb,31x4MB),SWAP,349/3810MB,(cached,2MB),CPU,[0%@1344,0%@1344,0%@1344,9%@1344,0%@1344,0%@1344],GR3D_FREQ,0%,cpu@51.437C,soc2@49.468C,soc0@50.437C,gpu@51.187C,tj@51.437C,soc1@50.375C,VDD_IN,5683mW/5669mW,VDD_CPU_GPU_CV,1309mW/1310mW,VDD_SOC,2380mW/2380mW
07-26-2026,21:28:25,RAM,770/7620MB,(lfb,31x4MB),SWAP,349/3810MB,(cached,2MB),CPU,[0%@1344,8%@1344,0%@1344,0%@1344,0%@1344,0%@1344],GR3D_FREQ,0%,cpu@51.5C,soc2@49.562C,soc0@50.531C,gpu@51.343C,tj@51.5C,soc1@50.656C,VDD_IN,5683mW/5669mW,VDD_CPU_GPU_CV,1309mW/1310mW,VDD_SOC,2380mW/2380mW
07-26-2026,21:28:26,RAM,770/7620MB,(lfb,31x4MB),SWAP,349/3810MB,(cached,2MB),CPU,[0%@1344,0%@1344,0%@1344,0%@1344,0%@1344,0%@1344],GR3D_FREQ,0%,cpu@51.531C,soc2@49.593C,soc0@50.25C,gpu@51.218C,tj@51.531C,soc1@50.687C,VDD_IN,5683mW/5669mW,VDD_CPU_GPU_CV,1309mW/1310mW,VDD_SOC,2380mW/2380mW
07-26-2026,21:28:26,RAM,770/7620MB,(lfb,31x4MB),SWAP,349/3810MB,(cached,2MB),CPU,[0%@1344,0%@1344,0%@1344,0%@1344,0%@1344,0%@1344],GR3D_FREQ,0%,cpu@51.468C,soc2@49.406C,soc0@50.343C,gpu@51.125C,tj@51.468C,soc1@50.281C,VDD_IN,5643mW/5669mW,VDD_CPU_GPU_CV,1309mW/1310mW,VDD_SOC,2380mW/2380mW
07-26-2026,21:28:26,RAM,770/7620MB,(lfb,31x4MB),SWAP,349/3810MB,(cached,2MB),CPU,[0%@1344,0%@1344,0%@1344,0%@1344,0%@1344,0%@1344],GR3D_FREQ,0%,cpu@51.437C,soc2@49.437C,soc0@50.375C,gpu@51.312C,tj@51.437C,soc1@50.437C,VDD_IN,5643mW/5669mW,VDD_CPU_GPU_CV,1309mW/1310mW,VDD_SOC,2380mW/2380mW
07-26-2026,21:28:26,RAM,770/7620MB,(lfb,31x4MB),SWAP,349/3810MB,(cached,2MB),CPU,[9%@1344,0%@1344,0%@1344,0%@1344,0%@1344,0%@1344],GR3D_FREQ,0%,cpu@51.375C,soc2@49.5C,soc0@50.281C,gpu@51.718C,tj@51.718C,soc1@50.593C,VDD_IN,5683mW/5669mW,VDD_CPU_GPU_CV,1309mW/1310mW,VDD_SOC,2380mW/2380mW
07-26-2026,21:28:26,RAM,770/7620MB,(lfb,31x4MB),SWAP,349/3810MB,(cached,2MB),CPU,[9%@1344,9%@1344,0%@1344,0%@1344,0%@1344,0%@1344],GR3D_FREQ,0%,cpu@51.531C,soc2@49.343C,soc0@50.343C,gpu@51.406C,tj@51.531C,soc1@50.312C,VDD_IN,5683mW/5669mW,VDD_CPU_GPU_CV,1309mW/1310mW,VDD_SOC,2380mW/2380mW
07-26-2026,21:28:26,RAM,770/7620MB,(lfb,31x4MB),SWAP,349/3810MB,(cached,2MB),CPU,[0%@1344,0%@1344,0%@1344,0%@1344,0%@1344,0%@1344],GR3D_FREQ,0%,cpu@51.343C,soc2@49.437C,soc0@50.312C,gpu@51.031C,tj@51.343C,soc1@50.437C,VDD_IN,5683mW/5669mW,VDD_CPU_GPU_CV,1309mW/1310mW,VDD_SOC,2380mW/2380mW
07-26-2026,21:28:26,RAM,770/7620MB,(lfb,31x4MB),SWAP,349/3810MB,(cached,2MB),CPU,[9%@1344,0%@1344,0%@1344,0%@1344,0%@1344,0%@1344],GR3D_FREQ,0%,cpu@51.343C,soc2@49.375C,soc0@50.468C,gpu@51.656C,tj@51.656C,soc1@50.437C,VDD_IN,5643mW/5669mW,VDD_CPU_GPU_CV,1309mW/1310mW,VDD_SOC,2380mW/2380mW
07-26-2026,21:28:26,RAM,770/7620MB,(lfb,31x4MB),SWAP,349/3810MB,(cached,2MB),CPU,[0%@1344,0%@1344,8%@1344,0%@1344,0%@1344,0%@1344],GR3D_FREQ,0%,cpu@51.843C,soc2@49.5C,soc0@50.593C,gpu@51.375C,tj@51.843C,soc1@50.593C,VDD_IN,5683mW/5669mW,VDD_CPU_GPU_CV,1309mW/1310mW,VDD_SOC,2380mW/2380mW
07-26-2026,21:28:26,RAM,770/7620MB,(lfb,31x4MB),SWAP,349/3810MB,(cached,2MB),CPU,[0%@1344,0%@1344,0%@1344,0%@1344,0%@1344,0%@1344],GR3D_FREQ,0%,cpu@51.5C,soc2@49.406C,soc0@50.25C,gpu@51.031C,tj@51.5C,soc1@50.437C,VDD_IN,5683mW/5669mW,VDD_CPU_GPU_CV,1309mW/1310mW,VDD_SOC,2380mW/2380mW
07-26-2026,21:28:26,RAM,770/7620MB,(lfb,31x4MB),SWAP,349/3810MB,(cached,2MB),CPU,[0%@1344,0%@1344,0%@1344,0%@1344,0%@1344,0%@1344],GR3D_FREQ,0%,cpu@51.343C,soc2@49.312C,soc0@50.281C,gpu@51.468C,tj@51.468C,soc1@50.437C,VDD_IN,5683mW/5669mW,VDD_CPU_GPU_CV,1309mW/1310mW,VDD_SOC,2380mW/2380mW
07-26-2026,21:28:27,RAM,770/7620MB,(lfb,31x4MB),SWAP,349/3810MB,(cached,2MB),CPU,[0%@1344,0%@1344,0%@1344,0%@1344,0%@1344,0%@1344],GR3D_FREQ,0%,cpu@51.25C,soc2@49.5C,soc0@50.375C,gpu@51.125C,tj@51.281C,soc1@50.531C,VDD_IN,5643mW/5669mW,VDD_CPU_GPU_CV,1309mW/1310mW,VDD_SOC,2380mW/2380mW
07-26-2026,21:28:27,RAM,770/7620MB,(lfb,31x4MB),SWAP,349/3810MB,(cached,2MB),CPU,[0%@1344,0%@1344,0%@1344,0%@1344,0%@1344,0%@1344],GR3D_FREQ,0%,cpu@51.312C,soc2@49.437C,soc0@50.531C,gpu@51.093C,tj@51.781C,soc1@50.5C,VDD_IN,5643mW/5669mW,VDD_CPU_GPU_CV,1309mW/1310mW,VDD_SOC,2380mW/2380mW
07-26-2026,21:28:27,RAM,770/7620MB,(lfb,31x4MB),SWAP,349/3810MB,(cached,2MB),CPU,[9%@1344,0%@1344,0%@1344,0%@1344,0%@1344,0%@1344],GR3D_FREQ,0%,cpu@51.375C,soc2@49.5C,soc0@50.25C,gpu@51.437C,tj@51.437C,soc1@50.687C,VDD_IN,5643mW/5669mW,VDD_CPU_GPU_CV,1309mW/1310mW,VDD_SOC,2380mW/2380mW
07-26-2026,21:28:27,RAM,770/7620MB,(lfb,31x4MB),SWAP,349/3810MB,(cached,2MB),CPU,[16%@1344,0%@1344,0%@1344,0%@1344,0%@1344,0%@1344],GR3D_FREQ,0%,cpu@51.468C,soc2@49.406C,soc0@50.312C,gpu@51.093C,tj@51.468C,soc1@50.375C,VDD_IN,5683mW/5669mW,VDD_CPU_GPU_CV,1309mW/1310mW,VDD_SOC,2380mW/2380mW
07-26-2026,21:28:27,RAM,770/7620MB,(lfb,31x4MB),SWAP,349/3810MB,(cached,2MB),CPU,[0%@1344,0%@1344,0%@1344,0%@1344,0%@1344,0%@1344],GR3D_FREQ,0%,cpu@51.312C,soc2@49.406C,soc0@50.375C,gpu@51.718C,tj@51.718C,soc1@50.437C,VDD_IN,5683mW/5669mW,VDD_CPU_GPU_CV,1309mW/1310mW,VDD_SOC,2380mW/2380mW
07-26-2026,21:28:27,RAM,770/7620MB,(lfb,31x4MB),SWAP,349/3810MB,(cached,2MB),CPU,[0%@1344,0%@1344,0%@1344,0%@1344,0%@1344,0%@1344],GR3D_FREQ,0%,cpu@51.375C,soc2@49.468C,soc0@50.531C,gpu@51.437C,tj@51.5C,soc1@50.593C,VDD_IN,5683mW/5669mW,VDD_CPU_GPU_CV,1309mW/1310mW,VDD_SOC,2380mW/2380mW
07-26-2026,21:28:27,RAM,770/7620MB,(lfb,31x4MB),SWAP,349/3810MB,(cached,2MB),CPU,[9%@1344,0%@1344,0%@1344,0%@1344,0%@1344,0%@1344],GR3D_FREQ,0%,cpu@51.312C,soc2@49.437C,soc0@50.218C,gpu@51.125C,tj@51.343C,soc1@50.531C,VDD_IN,5643mW/5669mW,VDD_CPU_GPU_CV,1309mW/1310mW,VDD_SOC,2380mW/2380mW
07-26-2026,21:28:27,RAM,770/7620MB,(lfb,31x4MB),SWAP,349/3810MB,(cached,2MB),CPU,[0%@1344,0%@1344,0%@1344,0%@1344,0%@1344,0%@1344],GR3D_FREQ,0%,cpu@51.437C,soc2@49.375C,soc0@50.25C,gpu@51.593C,tj@51.593C,soc1@50.343C,VDD_IN,5683mW/5669mW,VDD_CPU_GPU_CV,1309mW/1310mW,VDD_SOC,2380mW/2380mW
07-26-2026,21:28:27,RAM,770/7620MB,(lfb,31x4MB),SWAP,349/3810MB,(cached,2MB),CPU,[0%@1344,0%@1344,0%@1344,0%@1344,0%@1344,0%@1344],GR3D_FREQ,0%,cpu@51.343C,soc2@49.437C,soc0@50.343C,gpu@51.343C,tj@51.343C,soc1@50.437C,VDD_IN,5762mW/5669mW,VDD_CPU_GPU_CV,1309mW/1310mW,VDD_SOC,2380mW/2380mW
07-26-2026,21:28:28,RAM,770/7620MB,(lfb,31x4MB),SWAP,349/3810MB,(cached,2MB),CPU,[8%@1344,0%@1344,0%@1344,0%@1344,0%@1344,0%@1344],GR3D_FREQ,0%,cpu@51.312C,soc2@49.437C,soc0@50.468C,gpu@51.093C,tj@51.343C,soc1@50.5C,VDD_IN,5723mW/5669mW,VDD_CPU_GPU_CV,1309mW/1310mW,VDD_SOC,2380mW/2380mW
07-26-2026,21:28:28,RAM,770/7620MB,(lfb,31x4MB),SWAP,349/3810MB,(cached,2MB),CPU,[0%@1344,0%@1344,0%@1344,0%@1344,0%@1344,0%@1344],GR3D_FREQ,0%,cpu@51.718C,soc2@49.406C,soc0@50.25C,gpu@51.656C,tj@51.718C,soc1@50.531C,VDD_IN,5723mW/5669mW,VDD_CPU_GPU_CV,1309mW/1310mW,VDD_SOC,2380mW/2380mW
07-26-2026,21:28:28,RAM,770/7620MB,(lfb,31x4MB),SWAP,349/3810MB,(cached,2MB),CPU,[0%@1344,0%@1344,0%@1344,0%@1344,0%@1344,0%@1344],GR3D_FREQ,0%,cpu@51.468C,soc2@49.531C,soc0@50.312C,gpu@51.468C,tj@51.468C,soc1@50.406C,VDD_IN,5683mW/5669mW,VDD_CPU_GPU_CV,1309mW/1310mW,VDD_SOC,2380mW/2380mW
07-26-2026,21:28:28,RAM,770/7620MB,(lfb,31x4MB),SWAP,349/3810MB,(cached,2MB),CPU,[9%@1344,9%@1344,0%@1344,0%@1344,0%@1344,0%@1344],GR3D_FREQ,0%,cpu@51.562C,soc2@49.375C,soc0@50.406C,gpu@51.281C,tj@51.562C,soc1@50.468C,VDD_IN,5683mW/5669mW,VDD_CPU_GPU_CV,1309mW/1310mW,VDD_SOC,2380mW/2380mW
07-26-2026,21:28:28,RAM,770/7620MB,(lfb,31x4MB),SWAP,349/3810MB,(cached,2MB),CPU,[0%@1344,9%@1344,0%@1344,0%@1344,0%@1344,0%@1344],GR3D_FREQ,0%,cpu@51.468C,soc2@49.468C,soc0@50.531C,gpu@51.218C,tj@51.5C,soc1@50.562C,VDD_IN,5683mW/5669mW,VDD_CPU_GPU_CV,1309mW/1310mW,VDD_SOC,2380mW/2380mW
07-26-2026,21:28:28,RAM,770/7620MB,(lfb,31x4MB),SWAP,349/3810MB,(cached,2MB),CPU,[0%@1344,0%@1344,0%@1344,0%@1344,0%@1344,0%@1344],GR3D_FREQ,0%,cpu@51.656C,soc2@49.531C,soc0@50.312C,gpu@51.125C,tj@51.656C,soc1@50.625C,VDD_IN,5683mW/5669mW,VDD_CPU_GPU_CV,1309mW/1310mW,VDD_SOC,2380mW/2380mW
07-26-2026,21:28:28,RAM,770/7620MB,(lfb,31x4MB),SWAP,349/3810MB,(cached,2MB),CPU,[0%@1344,0%@1344,0%@1344,0%@1344,0%@1344,0%@1344],GR3D_FREQ,0%,cpu@51.218C,soc2@49.375C,soc0@50.187C,gpu@51.312C,tj@51.312C,soc1@50.5C,VDD_IN,5683mW/5669mW,VDD_CPU_GPU_CV,1309mW/1310mW,VDD_SOC,2380mW/2380mW
07-26-2026,21:28:28,RAM,770/7620MB,(lfb,31x4MB),SWAP,349/3810MB,(cached,2MB),CPU,[9%@1344,0%@1344,0%@1344,0%@1344,9%@1344,0%@1344],GR3D_FREQ,0%,cpu@51.531C,soc2@49.343C,soc0@50.406C,gpu@51.156C,tj@51.531C,soc1@50.437C,VDD_IN,5683mW/5669mW,VDD_CPU_GPU_CV,1309mW/1310mW,VDD_SOC,2380mW/2380mW
07-26-2026,21:28:28,RAM,770/7620MB,(lfb,31x4MB),SWAP,349/3810MB,(cached,2MB),CPU,[9%@1344,0%@1344,0%@1344,0%@1344,0%@1344,0%@1344],GR3D_FREQ,0%,cpu@51.5C,soc2@49.531C,soc0@50.5C,gpu@51.062C,tj@51.5C,soc1@50.531C,VDD_IN,5683mW/5669mW,VDD_CPU_GPU_CV,1309mW/1310mW,VDD_SOC,2380mW/2380mW
07-26-2026,21:28:28,RAM,770/7620MB,(lfb,31x4MB),SWAP,349/3810MB,(cached,2MB),CPU,[0%@1344,0%@1344,0%@1344,0%@1344,0%@1344,9%@1344],GR3D_FREQ,0%,cpu@51.687C,soc2@49.531C,soc0@50.218C,gpu@51.281C,tj@51.687C,soc1@50.593C,VDD_IN,5683mW/5669mW,VDD_CPU_GPU_CV,1309mW/1310mW,VDD_SOC,2380mW/2380mW
07-26-2026,21:28:29,RAM,770/7620MB,(lfb,31x4MB),SWAP,349/3810MB,(cached,2MB),CPU,[0%@1344,0%@1344,0%@1344,0%@1344,0%@1344,0%@1344],GR3D_FREQ,0%,cpu@51.843C,soc2@49.375C,soc0@50.218C,gpu@51.218C,tj@51.843C,soc1@50.312C,VDD_IN,5683mW/5669mW,VDD_CPU_GPU_CV,1309mW/1310mW,VDD_SOC,2380mW/2380mW
07-26-2026,21:28:29,RAM,770/7620MB,(lfb,31x4MB),SWAP,349/3810MB,(cached,2MB),CPU,[9%@1344,0%@1344,0%@1344,0%@1344,0%@1344,0%@1344],GR3D_FREQ,0%,cpu@51.406C,soc2@49.5C,soc0@50.406C,gpu@51.125C,tj@51.468C,soc1@50.406C,VDD_IN,5683mW/5669mW,VDD_CPU_GPU_CV,1309mW/1310mW,VDD_SOC,2380mW/2380mW
07-26-2026,21:28:29,RAM,770/7620MB,(lfb,31x4MB),SWAP,349/3810MB,(cached,2MB),CPU,[0%@1344,0%@1344,0%@1344,0%@1344,0%@1344,0%@1344],GR3D_FREQ,0%,cpu@51.437C,soc2@49.531C,soc0@50.406C,gpu@51.218C,tj@51.437C,soc1@50.5C,VDD_IN,5643mW/5669mW,VDD_CPU_GPU_CV,1309mW/1310mW,VDD_SOC,2380mW/2380mW
07-26-2026,21:28:29,RAM,770/7620MB,(lfb,31x4MB),SWAP,349/3810MB,(cached,2MB),CPU,[0%@1344,0%@1344,0%@1344,0%@1344,0%@1344,0%@1344],GR3D_FREQ,0%,cpu@51.562C,soc2@49.531C,soc0@50.125C,gpu@51.218C,tj@51.562C,soc1@50.5C,VDD_IN,5683mW/5669mW,VDD_CPU_GPU_CV,1309mW/1310mW,VDD_SOC,2380mW/2380mW
07-26-2026,21:28:29,RAM,770/7620MB,(lfb,31x4MB),SWAP,349/3810MB,(cached,2MB),CPU,[9%@1344,0%@1344,9%@1344,0%@1344,0%@1344,0%@1344],GR3D_FREQ,0%,cpu@51.75C,soc2@49.437C,soc0@50.343C,gpu@51.093C,tj@51.75C,soc1@50.437C,VDD_IN,5683mW/5669mW,VDD_CPU_GPU_CV,1309mW/1310mW,VDD_SOC,2380mW/2380mW
07-26-2026,21:28:29,RAM,770/7620MB,(lfb,31x4MB),SWAP,349/3810MB,(cached,2MB),CPU,[0%@1344,0%@1344,0%@1344,0%@1344,0%@1344,0%@1344],GR3D_FREQ,0%,cpu@51.343C,soc2@49.343C,soc0@50.25C,gpu@51.218C,tj@51.343C,soc1@50.406C,VDD_IN,5683mW/5669mW,VDD_CPU_GPU_CV,1309mW/1310mW,VDD_SOC,2380mW/2380mW
07-26-2026,21:28:29,RAM,770/7620MB,(lfb,31x4MB),SWAP,349/3810MB,(cached,2MB),CPU,[0%@1344,0%@1344,0%@1344,0%@1344,0%@1344,0%@1344],GR3D_FREQ,0%,cpu@51.343C,soc2@49.406C,soc0@50.343C,gpu@51.125C,tj@51.343C,soc1@50.468C,VDD_IN,5643mW/5669mW,VDD_CPU_GPU_CV,1309mW/1310mW,VDD_SOC,2380mW/2380mW
07-26-2026,21:28:29,RAM,770/7620MB,(lfb,31x4MB),SWAP,349/3810MB,(cached,2MB),CPU,[0%@1344,0%@1344,0%@1344,9%@1344,0%@1344,0%@1344],GR3D_FREQ,0%,cpu@51.531C,soc2@49.5C,soc0@50.593C,gpu@51.031C,tj@51.531C,soc1@50.468C,VDD_IN,5683mW/5669mW,VDD_CPU_GPU_CV,1309mW/1310mW,VDD_SOC,2380mW/2380mW
07-26-2026,21:28:29,RAM,770/7620MB,(lfb,31x4MB),SWAP,349/3810MB,(cached,2MB),CPU,[0%@1344,0%@1344,0%@1344,0%@1344,0%@1344,0%@1344],GR3D_FREQ,0%,cpu@51.718C,soc2@49.531C,soc0@50.281C,gpu@51.187C,tj@51.718C,soc1@50.656C,VDD_IN,5683mW/5669mW,VDD_CPU_GPU_CV,1309mW/1310mW,VDD_SOC,2380mW/2380mW
07-26-2026,21:28:30,RAM,770/7620MB,(lfb,31x4MB),SWAP,349/3810MB,(cached,2MB),CPU,[0%@1344,0%@1344,0%@1344,0%@1344,0%@1344,0%@1344],GR3D_FREQ,0%,cpu@51.312C,soc2@49.281C,soc0@50.25C,gpu@51.062C,tj@51.312C,soc1@50.343C,VDD_IN,5683mW/5669mW,VDD_CPU_GPU_CV,1309mW/1310mW,VDD_SOC,2380mW/2380mW
07-26-2026,21:28:30,RAM,770/7620MB,(lfb,31x4MB),SWAP,349/3810MB,(cached,2MB),CPU,[9%@1344,0%@1344,0%@1344,0%@1344,0%@1344,0%@1344],GR3D_FREQ,0%,cpu@51.468C,soc2@49.5C,soc0@50.406C,gpu@51.093C,tj@51.468C,soc1@50.437C,VDD_IN,5683mW/5669mW,VDD_CPU_GPU_CV,1309mW/1310mW,VDD_SOC,2380mW/2380mW
07-26-2026,21:28:30,RAM,770/7620MB,(lfb,31x4MB),SWAP,349/3810MB,(cached,2MB),CPU,[9%@1344,0%@1344,0%@1344,0%@1344,0%@1344,0%@1344],GR3D_FREQ,0%,cpu@51.468C,soc2@49.437C,soc0@50.5C,gpu@51.125C,tj@51.468C,soc1@50.562C,VDD_IN,5643mW/5669mW,VDD_CPU_GPU_CV,1309mW/1310mW,VDD_SOC,2380mW/2380mW
07-26-2026,21:28:30,RAM,770/7620MB,(lfb,31x4MB),SWAP,349/3810MB,(cached,2MB),CPU,[9%@1344,8%@1344,0%@1344,0%@1344,0%@1344,0%@1344],GR3D_FREQ,0%,cpu@51.625C,soc2@49.406C,soc0@50.281C,gpu@51.25C,tj@51.625C,soc1@50.312C,VDD_IN,5683mW/5669mW,VDD_CPU_GPU_CV,1309mW/1310mW,VDD_SOC,2380mW/2380mW
07-26-2026,21:28:30,RAM,770/7620MB,(lfb,31x4MB),SWAP,349/3810MB,(cached,2MB),CPU,[8%@1344,9%@1344,0%@1344,0%@1344,0%@1344,0%@1344],GR3D_FREQ,0%,cpu@51.437C,soc2@49.406C,soc0@50.343C,gpu@51.625C,tj@51.625C,soc1@50.375C,VDD_IN,5683mW/5669mW,VDD_CPU_GPU_CV,1309mW/1310mW,VDD_SOC,2380mW/2380mW
07-26-2026,21:28:30,RAM,770/7620MB,(lfb,31x4MB),SWAP,349/3810MB,(cached,2MB),CPU,[0%@1344,0%@1344,0%@1344,0%@1344,0%@1344,0%@1344],GR3D_FREQ,0%,cpu@51.437C,soc2@49.343C,soc0@50.468C,gpu@51.531C,tj@51.531C,soc1@50.406C,VDD_IN,5683mW/5669mW,VDD_CPU_GPU_CV,1309mW/1310mW,VDD_SOC,2380mW/2380mW
07-26-2026,21:28:30,RAM,770/7620MB,(lfb,31x4MB),SWAP,349/3810MB,(cached,2MB),CPU,[0%@1344,0%@1344,0%@1344,0%@1344,0%@1344,0%@1344],GR3D_FREQ,0%,cpu@51.468C,soc2@49.531C,soc0@50.468C,gpu@51.312C,tj@51.468C,soc1@50.468C,VDD_IN,5643mW/5669mW,VDD_CPU_GPU_CV,1309mW/1310mW,VDD_SOC,2380mW/2380mW
07-26-2026,21:28:30,RAM,770/7620MB,(lfb,31x4MB),SWAP,349/3810MB,(cached,2MB),CPU,[0%@1344,0%@1344,0%@1344,9%@1344,0%@1344,0%@1344],GR3D_FREQ,0%,cpu@51.593C,soc2@49.375C,soc0@50.343C,gpu@51.656C,tj@51.656C,soc1@50.281C,VDD_IN,5643mW/5669mW,VDD_CPU_GPU_CV,1309mW/1310mW,VDD_SOC,2380mW/2380mW
07-26-2026,21:28:30,RAM,771/7620MB,(lfb,31x4MB),SWAP,349/3810MB,(cached,2MB),CPU,[0%@1344,0%@1344,0%@1344,0%@1344,0%@1344,0%@1344],GR3D_FREQ,0%,cpu@51.343C,soc2@49.437C,soc0@50.343C,gpu@51.375C,tj@51.375C,soc1@50.406C,VDD_IN,5683mW/5669mW,VDD_CPU_GPU_CV,1309mW/1310mW,VDD_SOC,2380mW/2380mW
07-26-2026,21:28:30,RAM,771/7620MB,(lfb,31x4MB),SWAP,349/3810MB,(cached,2MB),CPU,[0%@1344,0%@1344,0%@1344,0%@1344,0%@1344,0%@1344],GR3D_FREQ,0%,cpu@51.406C,soc2@49.375C,soc0@50.406C,gpu@51.218C,tj@51.406C,soc1@50.593C,VDD_IN,5683mW/5669mW,VDD_CPU_GPU_CV,1309mW/1310mW,VDD_SOC,2380mW/2380mW
07-26-2026,21:28:31,RAM,771/7620MB,(lfb,31x4MB),SWAP,349/3810MB,(cached,2MB),CPU,[9%@1344,0%@1344,0%@1344,0%@1344,0%@1344,0%@1344],GR3D_FREQ,0%,cpu@51.437C,soc2@49.5C,soc0@50.5C,gpu@51.593C,tj@51.593C,soc1@50.562C,VDD_IN,5683mW/5669mW,VDD_CPU_GPU_CV,1309mW/1310mW,VDD_SOC,2380mW/2380mW
07-26-2026,21:28:31,RAM,771/7620MB,(lfb,31x4MB),SWAP,349/3810MB,(cached,2MB),CPU,[0%@1344,0%@1344,0%@1344,0%@1344,0%@1344,0%@1344],GR3D_FREQ,0%,cpu@51.5C,soc2@49.562C,soc0@50.25C,gpu@51.437C,tj@51.5C,soc1@50.656C,VDD_IN,5643mW/5669mW,VDD_CPU_GPU_CV,1309mW/1310mW,VDD_SOC,2380mW/2380mW
07-26-2026,21:28:31,RAM,771/7620MB,(lfb,31x4MB),SWAP,349/3810MB,(cached,2MB),CPU,[9%@1344,0%@1344,0%@1344,0%@1344,0%@1344,0%@1344],GR3D_FREQ,0%,cpu@51.562C,soc2@49.468C,soc0@50.187C,gpu@51.281C,tj@51.562C,soc1@50.281C,VDD_IN,5643mW/5669mW,VDD_CPU_GPU_CV,1309mW/1310mW,VDD_SOC,2380mW/2380mW
07-26-2026,21:28:31,RAM,770/7620MB,(lfb,31x4MB),SWAP,349/3810MB,(cached,2MB),CPU,[10%@1344,9%@1344,0%@1344,0%@1344,0%@1344,0%@1344],GR3D_FREQ,0%,cpu@51.437C,soc2@49.468C,soc0@50.406C,gpu@51.593C,tj@51.593C,soc1@50.5C,VDD_IN,5683mW/5669mW,VDD_CPU_GPU_CV,1309mW/1310mW,VDD_SOC,2380mW/2380mW
07-26-2026,21:28:31,RAM,770/7620MB,(lfb,31x4MB),SWAP,349/3810MB,(cached,2MB),CPU,[0%@1344,0%@1344,0%@1344,0%@1344,0%@1344,0%@1344],GR3D_FREQ,0%,cpu@51.406C,soc2@49.406C,soc0@50.375C,gpu@51.343C,tj@51.406C,soc1@50.562C,VDD_IN,5683mW/5669mW,VDD_CPU_GPU_CV,1309mW/1310mW,VDD_SOC,2380mW/2380mW
07-26-2026,21:28:31,RAM,770/7620MB,(lfb,31x4MB),SWAP,349/3810MB,(cached,2MB),CPU,[0%@1344,0%@1344,0%@1344,0%@1344,0%@1344,0%@1344],GR3D_FREQ,0%,cpu@51.5C,soc2@49.468C,soc0@50.218C,gpu@51.312C,tj@51.5C,soc1@50.625C,VDD_IN,5683mW/5669mW,VDD_CPU_GPU_CV,1309mW/1310mW,VDD_SOC,2380mW/2380mW
07-26-2026,21:28:31,RAM,770/7620MB,(lfb,31x4MB),SWAP,349/3810MB,(cached,2MB),CPU,[0%@1344,0%@1344,0%@1344,0%@1344,0%@1344,0%@1344],GR3D_FREQ,0%,cpu@51.531C,soc2@49.468C,soc0@50.25C,gpu@51.593C,tj@51.593C,soc1@50.343C,VDD_IN,5683mW/5669mW,VDD_CPU_GPU_CV,1309mW/1310mW,VDD_SOC,2380mW/2380mW
07-26-2026,21:28:31,RAM,771/7620MB,(lfb,31x4MB),SWAP,349/3810MB,(cached,2MB),CPU,[0%@1344,0%@1344,0%@1344,0%@1344,9%@1344,9%@1344],GR3D_FREQ,0%,cpu@51.281C,soc2@49.406C,soc0@50.218C,gpu@51.343C,tj@51.343C,soc1@50.593C,VDD_IN,5683mW/5669mW,VDD_CPU_GPU_CV,1309mW/1310mW,VDD_SOC,2380mW/2380mW
07-26-2026,21:28:31,RAM,771/7620MB,(lfb,31x4MB),SWAP,349/3810MB,(cached,2MB),CPU,[0%@1344,0%@1344,0%@1344,0%@1344,0%@1344,0%@1344],GR3D_FREQ,0%,cpu@51.375C,soc2@49.468C,soc0@50.468C,gpu@51.218C,tj@51.375C,soc1@50.468C,VDD_IN,5683mW/5669mW,VDD_CPU_GPU_CV,1309mW/1310mW,VDD_SOC,2380mW/2380mW
07-26-2026,21:28:32,RAM,771/7620MB,(lfb,31x4MB),SWAP,349/3810MB,(cached,2MB),CPU,[0%@1344,0%@1344,0%@1344,0%@1344,0%@1344,0%@1344],GR3D_FREQ,0%,cpu@51.437C,soc2@49.468C,soc0@50.156C,gpu@51.531C,tj@51.531C,soc1@50.593C,VDD_IN,5683mW/5669mW,VDD_CPU_GPU_CV,1309mW/1310mW,VDD_SOC,2380mW/2380mW
07-26-2026,21:28:32,RAM,771/7620MB,(lfb,31x4MB),SWAP,349/3810MB,(cached,2MB),CPU,[0%@1344,0%@1344,0%@1344,0%@1344,0%@1344,0%@1344],GR3D_FREQ,0%,cpu@51.468C,soc2@49.531C,soc0@50.281C,gpu@51.312C,tj@51.468C,soc1@50.843C,VDD_IN,5683mW/5669mW,VDD_CPU_GPU_CV,1309mW/1310mW,VDD_SOC,2380mW/2380mW
07-26-2026,21:28:32,RAM,771/7620MB,(lfb,31x4MB),SWAP,349/3810MB,(cached,2MB),CPU,[0%@1344,0%@1344,0%@1344,0%@1344,0%@1344,0%@1344],GR3D_FREQ,0%,cpu@51.281C,soc2@49.437C,soc0@50.343C,gpu@51.187C,tj@51.281C,soc1@50.437C,VDD_IN,5643mW/5669mW,VDD_CPU_GPU_CV,1309mW/1310mW,VDD_SOC,2380mW/2380mW
07-26-2026,21:28:32,RAM,771/7620MB,(lfb,31x4MB),SWAP,349/3810MB,(cached,2MB),CPU,[0%@1344,0%@1344,0%@1344,0%@1344,0%@1344,0%@1344],GR3D_FREQ,0%,cpu@51.312C,soc2@49.5C,soc0@50.468C,gpu@51.156C,tj@51.656C,soc1@50.625C,VDD_IN,5683mW/5669mW,VDD_CPU_GPU_CV,1309mW/1310mW,VDD_SOC,2380mW/2380mW
07-26-2026,21:28:32,RAM,771/7620MB,(lfb,31x4MB),SWAP,349/3810MB,(cached,2MB),CPU,[0%@1344,0%@1344,0%@1344,0%@1344,0%@1344,0%@1344],GR3D_FREQ,0%,cpu@51.343C,soc2@49.562C,soc0@50.218C,gpu@51.125C,tj@51.343C,soc1@50.656C,VDD_IN,5683mW/5669mW,VDD_CPU_GPU_CV,1309mW/1310mW,VDD_SOC,2380mW/2380mW
07-26-2026,21:28:32,RAM,771/7620MB,(lfb,31x4MB),SWAP,349/3810MB,(cached,2MB),CPU,[9%@1344,0%@1344,0%@1344,0%@1344,0%@1344,0%@1344],GR3D_FREQ,0%,cpu@51.5C,soc2@49.5C,soc0@50.281C,gpu@51.218C,tj@51.593C,soc1@50.312C,VDD_IN,5683mW/5669mW,VDD_CPU_GPU_CV,1309mW/1310mW,VDD_SOC,2380mW/2380mW
07-26-2026,21:28:32,RAM,771/7620MB,(lfb,31x4MB),SWAP,349/3810MB,(cached,2MB),CPU,[0%@1344,0%@1344,0%@1344,0%@1344,0%@1344,0%@1344],GR3D_FREQ,0%,cpu@51.25C,soc2@49.437C,soc0@50.343C,gpu@51.125C,tj@51.25C,soc1@50.5C,VDD_IN,5683mW/5669mW,VDD_CPU_GPU_CV,1309mW/1310mW,VDD_SOC,2380mW/2380mW
07-26-2026,21:28:32,RAM,771/7620MB,(lfb,31x4MB),SWAP,349/3810MB,(cached,2MB),CPU,[9%@1344,0%@1344,0%@1344,0%@1344,0%@1344,0%@1344],GR3D_FREQ,0%,cpu@51.437C,soc2@49.531C,soc0@50.375C,gpu@51.093C,tj@51.437C,soc1@50.531C,VDD_IN,5683mW/5669mW,VDD_CPU_GPU_CV,1309mW/1310mW,VDD_SOC,2380mW/2380mW
07-26-2026,21:28:32,RAM,771/7620MB,(lfb,31x4MB),SWAP,349/3810MB,(cached,2MB),CPU,[9%@1344,0%@1344,0%@1344,0%@1344,0%@1344,0%@1344],GR3D_FREQ,0%,cpu@51.406C,soc2@49.406C,soc0@50.281C,gpu@51.187C,tj@51.406C,soc1@50.656C,VDD_IN,5683mW/5669mW,VDD_CPU_GPU_CV,1309mW/1310mW,VDD_SOC,2380mW/2380mW
07-26-2026,21:28:32,RAM,771/7620MB,(lfb,31x4MB),SWAP,349/3810MB,(cached,2MB),CPU,[8%@1344,0%@1344,0%@1344,0%@1344,0%@1344,0%@1344],GR3D_FREQ,0%,cpu@51.5C,soc2@49.343C,soc0@50.281C,gpu@51.125C,tj@51.5C,soc1@50.375C,VDD_IN,5723mW/5669mW,VDD_CPU_GPU_CV,1309mW/1310mW,VDD_SOC,2380mW/2380mW
07-26-2026,21:28:33,RAM,771/7620MB,(lfb,31x4MB),SWAP,349/3810MB,(cached,2MB),CPU,[0%@1344,0%@1344,0%@1344,0%@1344,0%@1344,8%@1344],GR3D_FREQ,0%,cpu@51.375C,soc2@49.468C,soc0@50.312C,gpu@51C,tj@51.375C,soc1@50.468C,VDD_IN,5723mW/5669mW,VDD_CPU_GPU_CV,1309mW/1310mW,VDD_SOC,2380mW/2380mW
07-26-2026,21:28:33,RAM,771/7620MB,(lfb,31x4MB),SWAP,349/3810MB,(cached,2MB),CPU,[0%@1344,0%@1344,0%@1344,0%@1344,0%@1344,0%@1344],GR3D_FREQ,0%,cpu@51.281C,soc2@49.375C,soc0@50.468C,gpu@51.218C,tj@51.281C,soc1@50.5C,VDD_IN,5723mW/5669mW,VDD_CPU_GPU_CV,1309mW/1310mW,VDD_SOC,2380mW/2380mW
07-26-2026,21:28:33,RAM,771/7620MB,(lfb,31x4MB),SWAP,349/3810MB,(cached,2MB),CPU,[0%@1344,0%@1344,0%@1344,0%@1344,0%@1344,0%@1344],GR3D_FREQ,0%,cpu@51.718C,soc2@49.531C,soc0@50.468C,gpu@51.125C,tj@51.718C,soc1@50.531C,VDD_IN,5683mW/5670mW,VDD_CPU_GPU_CV,1309mW/1310mW,VDD_SOC,2380mW/2380mW
07-26-2026,21:28:33,RAM,771/7620MB,(lfb,31x4MB),SWAP,349/3810MB,(cached,2MB),CPU,[0%@1344,16%@1344,0%@1344,0%@1344,0%@1344,0%@1344],GR3D_FREQ,0%,cpu@51.5C,soc2@49.375C,soc0@50.312C,gpu@51.656C,tj@51.656C,soc1@50.437C,VDD_IN,5723mW/5670mW,VDD_CPU_GPU_CV,1309mW/1310mW,VDD_SOC,2380mW/2380mW
07-26-2026,21:28:33,RAM,771/7620MB,(lfb,31x4MB),SWAP,349/3810MB,(cached,2MB),CPU,[0%@1344,0%@1344,0%@1344,0%@1344,0%@1344,0%@1344],GR3D_FREQ,0%,cpu@51.281C,soc2@49.437C,soc0@50.312C,gpu@51.187C,tj@51.281C,soc1@50.25C,VDD_IN,5683mW/5670mW,VDD_CPU_GPU_CV,1309mW/1310mW,VDD_SOC,2380mW/2380mW
07-26-2026,21:28:33,RAM,771/7620MB,(lfb,31x4MB),SWAP,349/3810MB,(cached,2MB),CPU,[0%@1344,0%@1344,0%@1344,0%@1344,0%@1344,0%@1344],GR3D_FREQ,0%,cpu@51.25C,soc2@49.343C,soc0@50.406C,gpu@51.093C,tj@51.25C,soc1@50.375C,VDD_IN,5683mW/5670mW,VDD_CPU_GPU_CV,1309mW/1310mW,VDD_SOC,2380mW/2380mW
07-26-2026,21:28:33,RAM,771/7620MB,(lfb,31x4MB),SWAP,349/3810MB,(cached,2MB),CPU,[15%@1344,0%@1344,0%@1344,0%@1344,0%@1344,0%@1344],GR3D_FREQ,0%,cpu@51.656C,soc2@49.5C,soc0@50.468C,gpu@51.656C,tj@51.656C,soc1@50.437C,VDD_IN,5683mW/5670mW,VDD_CPU_GPU_CV,1309mW/1310mW,VDD_SOC,2380mW/2380mW
07-26-2026,21:28:33,RAM,771/7620MB,(lfb,31x4MB),SWAP,349/3810MB,(cached,2MB),CPU,[0%@1344,0%@1344,0%@1344,0%@1344,0%@1344,9%@1344],GR3D_FREQ,0%,cpu@51.437C,soc2@49.5C,soc0@50.343C,gpu@51.187C,tj@51.437C,soc1@50.687C,VDD_IN,5683mW/5670mW,VDD_CPU_GPU_CV,1309mW/1310mW,VDD_SOC,2380mW/2380mW
07-26-2026,21:28:33,RAM,771/7620MB,(lfb,31x4MB),SWAP,349/3810MB,(cached,2MB),CPU,[0%@1344,0%@1344,0%@1344,0%@1344,0%@1344,0%@1344],GR3D_FREQ,0%,cpu@51.5C,soc2@49.468C,soc0@50.312C,gpu@51.093C,tj@51.5C,soc1@50.25C,VDD_IN,5683mW/5670mW,VDD_CPU_GPU_CV,1309mW/1310mW,VDD_SOC,2380mW/2380mW
07-26-2026,21:28:34,RAM,771/7620MB,(lfb,31x4MB),SWAP,349/3810MB,(cached,2MB),CPU,[0%@1344,0%@1344,0%@1344,0%@1344,0%@1344,0%@1344],GR3D_FREQ,0%,cpu@51.218C,soc2@49.468C,soc0@50.468C,gpu@51.687C,tj@51.687C,soc1@50.5C,VDD_IN,5683mW/5670mW,VDD_CPU_GPU_CV,1309mW/1310mW,VDD_SOC,2380mW/2380mW
07-26-2026,21:28:34,RAM,771/7620MB,(lfb,31x4MB),SWAP,349/3810MB,(cached,2MB),CPU,[0%@1344,0%@1344,0%@1344,0%@1344,0%@1344,0%@1344],GR3D_FREQ,0%,cpu@51.625C,soc2@49.5C,soc0@50.437C,gpu@51.218C,tj@51.625C,soc1@50.437C,VDD_IN,5683mW/5670mW,VDD_CPU_GPU_CV,1309mW/1310mW,VDD_SOC,2380mW/2380mW
07-26-2026,21:28:34,RAM,771/7620MB,(lfb,31x4MB),SWAP,349/3810MB,(cached,2MB),CPU,[0%@1344,0%@1344,0%@1344,0%@1344,0%@1344,0%@1344],GR3D_FREQ,0%,cpu@51.75C,soc2@49.593C,soc0@50.25C,gpu@51.031C,tj@51.75C,soc1@50.593C,VDD_IN,5683mW/5670mW,VDD_CPU_GPU_CV,1309mW/1310mW,VDD_SOC,2380mW/2380mW
07-26-2026,21:28:34,RAM,771/7620MB,(lfb,31x4MB),SWAP,349/3810MB,(cached,2MB),CPU,[9%@1344,0%@1344,0%@1344,0%@1344,0%@1344,0%@1344],GR3D_FREQ,0%,cpu@51.25C,soc2@49.406C,soc0@50.375C,gpu@51.218C,tj@51.25C,soc1@50.312C,VDD_IN,5683mW/5670mW,VDD_CPU_GPU_CV,1309mW/1310mW,VDD_SOC,2380mW/2380mW
07-26-2026,21:28:34,RAM,771/7620MB,(lfb,31x4MB),SWAP,349/3810MB,(cached,2MB),CPU,[0%@1344,0%@1344,0%@1344,0%@1344,0%@1344,0%@1344],GR3D_FREQ,0%,cpu@51.437C,soc2@49.468C,soc0@50.406C,gpu@51.375C,tj@51.437C,soc1@50.5C,VDD_IN,5683mW/5670mW,VDD_CPU_GPU_CV,1309mW/1310mW,VDD_SOC,2380mW/2380mW
07-26-2026,21:28:34,RAM,771/7620MB,(lfb,31x4MB),SWAP,349/3810MB,(cached,2MB),CPU,[0%@1344,0%@1344,0%@1344,0%@1344,0%@1344,0%@1344],GR3D_FREQ,0%,cpu@51.593C,soc2@49.5C,soc0@50.593C,gpu@51.25C,tj@51.593C,soc1@50.531C,VDD_IN,5683mW/5670mW,VDD_CPU_GPU_CV,1309mW/1310mW,VDD_SOC,2380mW/2380mW
07-26-2026,21:28:34,RAM,771/7620MB,(lfb,31x4MB),SWAP,349/3810MB,(cached,2MB),CPU,[9%@1344,0%@1344,0%@1344,0%@1344,0%@1344,0%@1344],GR3D_FREQ,0%,cpu@51.75C,soc2@49.375C,soc0@50.187C,gpu@51.125C,tj@51.75C,soc1@50.468C,VDD_IN,5683mW/5670mW,VDD_CPU_GPU_CV,1309mW/1310mW,VDD_SOC,2380mW/2380mW
07-26-2026,21:28:34,RAM,771/7620MB,(lfb,31x4MB),SWAP,349/3810MB,(cached,2MB),CPU,[9%@1344,0%@1344,0%@1344,0%@1344,0%@1344,0%@1344],GR3D_FREQ,0%,cpu@51.218C,soc2@49.437C,soc0@50.343C,gpu@51.406C,tj@51.406C,soc1@50.406C,VDD_IN,5683mW/5670mW,VDD_CPU_GPU_CV,1309mW/1310mW,VDD_SOC,2380mW/2380mW
07-26-2026,21:28:34,RAM,771/7620MB,(lfb,31x4MB),SWAP,349/3810MB,(cached,2MB),CPU,[0%@1344,0%@1344,0%@1344,9%@1344,0%@1344,9%@1344],GR3D_FREQ,0%,cpu@51.468C,soc2@49.5C,soc0@50.437C,gpu@51.218C,tj@51.468C,soc1@50.531C,VDD_IN,5683mW/5670mW,VDD_CPU_GPU_CV,1309mW/1310mW,VDD_SOC,2380mW/2380mW
07-26-2026,21:28:34,RAM,771/7620MB,(lfb,31x4MB),SWAP,349/3810MB,(cached,2MB),CPU,[8%@1344,0%@1344,0%@1344,0%@1344,0%@1344,0%@1344],GR3D_FREQ,0%,cpu@51.531C,soc2@49.437C,soc0@50.531C,gpu@51.187C,tj@51.531C,soc1@50.562C,VDD_IN,5683mW/5670mW,VDD_CPU_GPU_CV,1309mW/1310mW,VDD_SOC,2380mW/2380mW
07-26-2026,21:28:35,RAM,771/7620MB,(lfb,31x4MB),SWAP,349/3810MB,(cached,2MB),CPU,[0%@1344,0%@1344,0%@1344,0%@1344,0%@1344,0%@1344],GR3D_FREQ,0%,cpu@51.625C,soc2@49.625C,soc0@50.375C,gpu@51.312C,tj@51.625C,soc1@50.687C,VDD_IN,5683mW/5670mW,VDD_CPU_GPU_CV,1309mW/1310mW,VDD_SOC,2380mW/2380mW
07-26-2026,21:28:35,RAM,771/7620MB,(lfb,31x4MB),SWAP,349/3810MB,(cached,2MB),CPU,[0%@1344,0%@1344,0%@1344,0%@1344,0%@1344,0%@1344],GR3D_FREQ,0%,cpu@51.312C,soc2@49.5C,soc0@50.25C,gpu@51.218C,tj@51.312C,soc1@50.343C,VDD_IN,5683mW/5670mW,VDD_CPU_GPU_CV,1309mW/1310mW,VDD_SOC,2380mW/2380mW
07-26-2026,21:28:35,RAM,771/7620MB,(lfb,31x4MB),SWAP,349/3810MB,(cached,2MB),CPU,[0%@1344,0%@1344,0%@1344,0%@1344,0%@1344,0%@1344],GR3D_FREQ,0%,cpu@51.437C,soc2@49.5C,soc0@50.468C,gpu@51.125C,tj@51.437C,soc1@50.375C,VDD_IN,5683mW/5670mW,VDD_CPU_GPU_CV,1309mW/1310mW,VDD_SOC,2380mW/2380mW
07-26-2026,21:28:35,RAM,771/7620MB,(lfb,31x4MB),SWAP,349/3810MB,(cached,2MB),CPU,[16%@1344,9%@1344,0%@1344,0%@1344,0%@1344,0%@1344],GR3D_FREQ,0%,cpu@51.437C,soc2@49.437C,soc0@50.468C,gpu@51.343C,tj@51.437C,soc1@50.531C,VDD_IN,5683mW/5670mW,VDD_CPU_GPU_CV,1309mW/1310mW,VDD_SOC,2380mW/2380mW
07-26-2026,21:28:35,RAM,771/7620MB,(lfb,31x4MB),SWAP,349/3810MB,(cached,2MB),CPU,[0%@1344,0%@1344,0%@1344,0%@1344,0%@1344,0%@1344],GR3D_FREQ,0%,cpu@51.562C,soc2@49.562C,soc0@50.281C,gpu@51.125C,tj@51.562C,soc1@50.562C,VDD_IN,5683mW/5670mW,VDD_CPU_GPU_CV,1309mW/1310mW,VDD_SOC,2380mW/2380mW
07-26-2026,21:28:35,RAM,771/7620MB,(lfb,31x4MB),SWAP,349/3810MB,(cached,2MB),CPU,[0%@1344,0%@1344,0%@1344,0%@1344,0%@1344,0%@1344],GR3D_FREQ,0%,cpu@51.781C,soc2@49.5C,soc0@50.25C,gpu@51.187C,tj@51.781C,soc1@50.343C,VDD_IN,5683mW/5670mW,VDD_CPU_GPU_CV,1309mW/1310mW,VDD_SOC,2380mW/2380mW
07-26-2026,21:28:35,RAM,771/7620MB,(lfb,31x4MB),SWAP,349/3810MB,(cached,2MB),CPU,[0%@1344,0%@1344,0%@1344,0%@1344,0%@1344,0%@1344],GR3D_FREQ,0%,cpu@51.437C,soc2@49.468C,soc0@50.375C,gpu@51.343C,tj@51.437C,soc1@50.406C,VDD_IN,5683mW/5670mW,VDD_CPU_GPU_CV,1309mW/1310mW,VDD_SOC,2380mW/2380mW
07-26-2026,21:28:35,RAM,771/7620MB,(lfb,31x4MB),SWAP,349/3810MB,(cached,2MB),CPU,[0%@1344,0%@1344,9%@1344,0%@1344,0%@1344,9%@1344],GR3D_FREQ,0%,cpu@51.468C,soc2@49.406C,soc0@50.406C,gpu@51.218C,tj@51.468C,soc1@50.437C,VDD_IN,5683mW/5670mW,VDD_CPU_GPU_CV,1309mW/1310mW,VDD_SOC,2380mW/2380mW
07-26-2026,21:28:35,RAM,771/7620MB,(lfb,31x4MB),SWAP,349/3810MB,(cached,2MB),CPU,[0%@1344,0%@1344,0%@1344,0%@1344,0%@1344,0%@1344],GR3D_FREQ,0%,cpu@51.593C,soc2@49.437C,soc0@50.281C,gpu@51.093C,tj@51.593C,soc1@50.531C,VDD_IN,5683mW/5670mW,VDD_CPU_GPU_CV,1309mW/1310mW,VDD_SOC,2380mW/2380mW
07-26-2026,21:28:36,RAM,771/7620MB,(lfb,31x4MB),SWAP,349/3810MB,(cached,2MB),CPU,[0%@1344,0%@1344,0%@1344,0%@1344,0%@1344,0%@1344],GR3D_FREQ,0%,cpu@51.625C,soc2@49.437C,soc0@50.25C,gpu@51.312C,tj@51.625C,soc1@50.781C,VDD_IN,5683mW/5670mW,VDD_CPU_GPU_CV,1309mW/1310mW,VDD_SOC,2380mW/2380mW
07-26-2026,21:28:36,RAM,771/7620MB,(lfb,31x4MB),SWAP,349/3810MB,(cached,2MB),CPU,[9%@1344,0%@1344,0%@1344,0%@1344,0%@1344,0%@1344],GR3D_FREQ,0%,cpu@51.343C,soc2@49.281C,soc0@50.187C,gpu@51.156C,tj@51.343C,soc1@50.406C,VDD_IN,5683mW/5670mW,VDD_CPU_GPU_CV,1309mW/1310mW,VDD_SOC,2380mW/2380mW
07-26-2026,21:28:36,RAM,771/7620MB,(lfb,31x4MB),SWAP,349/3810MB,(cached,2MB),CPU,[8%@1344,0%@1344,0%@1344,0%@1344,0%@1344,0%@1344],GR3D_FREQ,0%,cpu@51.437C,soc2@49.437C,soc0@50.343C,gpu@51.156C,tj@51.437C,soc1@50.437C,VDD_IN,5643mW/5670mW,VDD_CPU_GPU_CV,1309mW/1310mW,VDD_SOC,2380mW/2380mW
07-26-2026,21:28:36,RAM,771/7620MB,(lfb,31x4MB),SWAP,349/3810MB,(cached,2MB),CPU,[16%@1344,8%@1344,0%@1344,0%@1344,0%@1344,0%@1344],GR3D_FREQ,0%,cpu@51.593C,soc2@49.531C,soc0@50.312C,gpu@51.093C,tj@51.593C,soc1@50.531C,VDD_IN,5683mW/5670mW,VDD_CPU_GPU_CV,1309mW/1310mW,VDD_SOC,2380mW/2380mW
07-26-2026,21:28:36,RAM,771/7620MB,(lfb,31x4MB),SWAP,349/3810MB,(cached,2MB),CPU,[0%@1344,0%@1344,9%@1344,0%@1344,0%@1344,0%@1344],GR3D_FREQ,0%,cpu@51.5C,soc2@49.312C,soc0@50.25C,gpu@51.562C,tj@51.562C,soc1@50.437C,VDD_IN,5683mW/5670mW,VDD_CPU_GPU_CV,1309mW/1310mW,VDD_SOC,2380mW/2380mW
07-26-2026,21:28:36,RAM,771/7620MB,(lfb,31x4MB),SWAP,349/3810MB,(cached,2MB),CPU,[0%@1344,0%@1344,0%@1344,0%@1344,0%@1344,0%@1344],GR3D_FREQ,0%,cpu@51.312C,soc2@49.437C,soc0@50.312C,gpu@51.156C,tj@51.312C,soc1@50.437C,VDD_IN,5683mW/5670mW,VDD_CPU_GPU_CV,1309mW/1310mW,VDD_SOC,2380mW/2380mW
07-26-2026,21:28:36,RAM,771/7620MB,(lfb,31x4MB),SWAP,349/3810MB,(cached,2MB),CPU,[0%@1344,0%@1344,0%@1344,0%@1344,0%@1344,0%@1344],GR3D_FREQ,0%,cpu@51.437C,soc2@49.406C,soc0@50.468C,gpu@51.625C,tj@51.625C,soc1@50.437C,VDD_IN,5643mW/5670mW,VDD_CPU_GPU_CV,1309mW/1310mW,VDD_SOC,2380mW/2380mW
07-26-2026,21:28:36,RAM,771/7620MB,(lfb,31x4MB),SWAP,349/3810MB,(cached,2MB),CPU,[9%@1344,0%@1344,0%@1344,0%@1344,0%@1344,0%@1344],GR3D_FREQ,0%,cpu@51.531C,soc2@49.5C,soc0@50.218C,gpu@51.5C,tj@51.531C,soc1@50.625C,VDD_IN,5643mW/5670mW,VDD_CPU_GPU_CV,1309mW/1310mW,VDD_SOC,2380mW/2380mW
07-26-2026,21:28:36,RAM,771/7620MB,(lfb,31x4MB),SWAP,349/3810MB,(cached,2MB),CPU,[0%@1344,0%@1344,9%@1344,0%@1344,0%@1344,9%@1344],GR3D_FREQ,0%,cpu@51.593C,soc2@49.437C,soc0@50.218C,gpu@51.031C,tj@51.593C,soc1@50.406C,VDD_IN,5683mW/5670mW,VDD_CPU_GPU_CV,1309mW/1310mW,VDD_SOC,2380mW/2380mW
07-26-2026,21:28:36,RAM,771/7620MB,(lfb,31x4MB),SWAP,349/3810MB,(cached,2MB),CPU,[0%@1344,0%@1344,0%@1344,0%@1344,0%@1344,0%@1344],GR3D_FREQ,0%,cpu@51.343C,soc2@49.437C,soc0@50.281C,gpu@51.687C,tj@51.687C,soc1@50.5C,VDD_IN,5683mW/5670mW,VDD_CPU_GPU_CV,1309mW/1310mW,VDD_SOC,2380mW/2380mW
07-26-2026,21:28:37,RAM,771/7620MB,(lfb,31x4MB),SWAP,349/3810MB,(cached,2MB),CPU,[0%@1344,0%@1344,0%@1344,0%@1344,0%@1344,0%@1344],GR3D_FREQ,0%,cpu@51.312C,soc2@49.5C,soc0@50.468C,gpu@51.5C,tj@51.5C,soc1@50.437C,VDD_IN,5683mW/5670mW,VDD_CPU_GPU_CV,1309mW/1310mW,VDD_SOC,2380mW/2380mW
07-26-2026,21:28:37,RAM,771/7620MB,(lfb,31x4MB),SWAP,349/3810MB,(cached,2MB),CPU,[0%@1344,0%@1344,0%@1344,0%@1344,0%@1344,0%@1344],GR3D_FREQ,0%,cpu@51.5C,soc2@49.5C,soc0@50.125C,gpu@51.062C,tj@51.5C,soc1@50.593C,VDD_IN,5643mW/5670mW,VDD_CPU_GPU_CV,1309mW/1310mW,VDD_SOC,2380mW/2380mW
07-26-2026,21:28:37,RAM,771/7620MB,(lfb,31x4MB),SWAP,349/3810MB,(cached,2MB),CPU,[9%@1344,0%@1344,0%@1344,0%@1344,0%@1344,0%@1344],GR3D_FREQ,0%,cpu@51.5C,soc2@49.281C,soc0@50.281C,gpu@51.625C,tj@51.625C,soc1@50.375C,VDD_IN,5643mW/5670mW,VDD_CPU_GPU_CV,1309mW/1310mW,VDD_SOC,2380mW/2380mW
07-26-2026,21:28:37,RAM,771/7620MB,(lfb,31x4MB),SWAP,349/3810MB,(cached,2MB),CPU,[9%@1344,0%@1344,0%@1344,0%@1344,0%@1344,0%@1344],GR3D_FREQ,0%,cpu@51.375C,soc2@49.406C,soc0@50.281C,gpu@51.406C,tj@51.406C,soc1@50.343C,VDD_IN,5683mW/5670mW,VDD_CPU_GPU_CV,1309mW/1310mW,VDD_SOC,2380mW/2380mW
07-26-2026,21:28:37,RAM,771/7620MB,(lfb,31x4MB),SWAP,349/3810MB,(cached,2MB),CPU,[0%@1344,0%@1344,0%@1344,0%@1344,0%@1344,0%@1344],GR3D_FREQ,0%,cpu@51.312C,soc2@49.375C,soc0@50.406C,gpu@51.062C,tj@51.312C,soc1@50.468C,VDD_IN,5683mW/5670mW,VDD_CPU_GPU_CV,1309mW/1310mW,VDD_SOC,2380mW/2380mW
07-26-2026,21:28:37,RAM,771/7620MB,(lfb,31x4MB),SWAP,349/3810MB,(cached,2MB),CPU,[0%@1344,0%@1344,0%@1344,0%@1344,0%@1344,0%@1344],GR3D_FREQ,0%,cpu@51.437C,soc2@49.406C,soc0@50.531C,gpu@51.562C,tj@51.562C,soc1@50.593C,VDD_IN,5683mW/5670mW,VDD_CPU_GPU_CV,1309mW/1310mW,VDD_SOC,2380mW/2380mW
07-26-2026,21:28:37,RAM,771/7620MB,(lfb,31x4MB),SWAP,349/3810MB,(cached,2MB),CPU,[0%@1344,0%@1344,0%@1344,0%@1344,0%@1344,0%@1344],GR3D_FREQ,0%,cpu@51.562C,soc2@49.437C,soc0@50.218C,gpu@51.312C,tj@51.562C,soc1@50.75C,VDD_IN,5643mW/5670mW,VDD_CPU_GPU_CV,1309mW/1310mW,VDD_SOC,2380mW/2380mW
07-26-2026,21:28:37,RAM,771/7620MB,(lfb,31x4MB),SWAP,349/3810MB,(cached,2MB),CPU,[0%@1344,0%@1344,0%@1344,0%@1344,0%@1344,0%@1344],GR3D_FREQ,0%,cpu@51.562C,soc2@49.312C,soc0@50.218C,gpu@51.125C,tj@51.562C,soc1@50.406C,VDD_IN,5643mW/5670mW,VDD_CPU_GPU_CV,1309mW/1310mW,VDD_SOC,2380mW/2380mW
07-26-2026,21:28:37,RAM,771/7620MB,(lfb,31x4MB),SWAP,349/3810MB,(cached,2MB),CPU,[0%@1344,0%@1344,9%@1344,9%@1344,0%@1344,0%@1344],GR3D_FREQ,0%,cpu@51.375C,soc2@49.437C,soc0@50.437C,gpu@51.562C,tj@51.562C,soc1@50.437C,VDD_IN,5683mW/5670mW,VDD_CPU_GPU_CV,1309mW/1310mW,VDD_SOC,2380mW/2380mW
07-26-2026,21:28:38,RAM,771/7620MB,(lfb,31x4MB),SWAP,349/3810MB,(cached,2MB),CPU,[0%@1344,0%@1344,0%@1344,0%@1344,0%@1344,0%@1344],GR3D_FREQ,0%,cpu@51.406C,soc2@49.562C,soc0@50.5C,gpu@51.343C,tj@51.406C,soc1@50.593C,VDD_IN,5683mW/5670mW,VDD_CPU_GPU_CV,1309mW/1310mW,VDD_SOC,2380mW/2380mW
07-26-2026,21:28:38,RAM,771/7620MB,(lfb,31x4MB),SWAP,349/3810MB,(cached,2MB),CPU,[8%@1344,0%@1344,0%@1344,0%@1344,0%@1344,0%@1344],GR3D_FREQ,0%,cpu@51.531C,soc2@49.5C,soc0@50.281C,gpu@51.031C,tj@51.531C,soc1@50.593C,VDD_IN,5723mW/5670mW,VDD_CPU_GPU_CV,1309mW/1310mW,VDD_SOC,2380mW/2380mW
07-26-2026,21:28:38,RAM,771/7620MB,(lfb,31x4MB),SWAP,349/3810MB,(cached,2MB),CPU,[0%@1344,8%@1344,0%@1344,0%@1344,0%@1344,0%@1344],GR3D_FREQ,0%,cpu@51.5C,soc2@49.375C,soc0@50.25C,gpu@51.468C,tj@51.5C,soc1@50.343C,VDD_IN,5762mW/5670mW,VDD_CPU_GPU_CV,1309mW/1310mW,VDD_SOC,2380mW/2380mW
07-26-2026,21:28:38,RAM,771/7620MB,(lfb,31x4MB),SWAP,349/3810MB,(cached,2MB),CPU,[9%@1344,9%@1344,0%@1344,0%@1344,0%@1344,0%@1344],GR3D_FREQ,0%,cpu@51.406C,soc2@49.468C,soc0@50.468C,gpu@51.281C,tj@51.406C,soc1@50.5C,VDD_IN,5723mW/5670mW,VDD_CPU_GPU_CV,1309mW/1310mW,VDD_SOC,2380mW/2380mW
07-26-2026,21:28:38,RAM,771/7620MB,(lfb,31x4MB),SWAP,349/3810MB,(cached,2MB),CPU,[0%@1344,0%@1344,0%@1344,0%@1344,0%@1344,0%@1344],GR3D_FREQ,0%,cpu@51.781C,soc2@49.5C,soc0@50.281C,gpu@51.218C,tj@51.781C,soc1@50.593C,VDD_IN,5723mW/5670mW,VDD_CPU_GPU_CV,1309mW/1310mW,VDD_SOC,2380mW/2380mW
07-26-2026,21:28:38,RAM,771/7620MB,(lfb,31x4MB),SWAP,349/3810MB,(cached,2MB),CPU,[9%@1344,0%@1344,0%@1344,0%@1344,0%@1344,0%@1344],GR3D_FREQ,0%,cpu@51.437C,soc2@49.437C,soc0@50.312C,gpu@51.125C,tj@51.437C,soc1@50.343C,VDD_IN,5723mW/5670mW,VDD_CPU_GPU_CV,1309mW/1310mW,VDD_SOC,2380mW/2380mW
07-26-2026,21:28:38,RAM,771/7620MB,(lfb,31x4MB),SWAP,349/3810MB,(cached,2MB),CPU,[0%@1344,0%@1344,0%@1344,0%@1344,0%@1344,0%@1344],GR3D_FREQ,0%,cpu@51.375C,soc2@49.468C,soc0@50.375C,gpu@51.281C,tj@51.375C,soc1@50.406C,VDD_IN,5683mW/5670mW,VDD_CPU_GPU_CV,1309mW/1310mW,VDD_SOC,2380mW/2380mW
07-26-2026,21:28:38,RAM,771/7620MB,(lfb,31x4MB),SWAP,349/3810MB,(cached,2MB),CPU,[9%@1344,0%@1344,0%@1344,0%@1344,0%@1344,0%@1344],GR3D_FREQ,0%,cpu@51.25C,soc2@49.468C,soc0@50.5C,gpu@51.156C,tj@51.25C,soc1@50.5C,VDD_IN,5683mW/5670mW,VDD_CPU_GPU_CV,1309mW/1310mW,VDD_SOC,2380mW/2380mW
07-26-2026,21:28:38,RAM,771/7620MB,(lfb,31x4MB),SWAP,349/3810MB,(cached,2MB),CPU,[0%@1344,0%@1344,0%@1344,0%@1344,0%@1344,0%@1344],GR3D_FREQ,0%,cpu@51.781C,soc2@49.468C,soc0@50.5C,gpu@51.156C,tj@51.781C,soc1@50.531C,VDD_IN,5683mW/5670mW,VDD_CPU_GPU_CV,1309mW/1310mW,VDD_SOC,2380mW/2380mW
07-26-2026,21:28:38,RAM,771/7620MB,(lfb,31x4MB),SWAP,349/3810MB,(cached,2MB),CPU,[0%@1344,0%@1344,0%@1344,0%@1344,0%@1344,0%@1344],GR3D_FREQ,0%,cpu@51.375C,soc2@49.5C,soc0@50.187C,gpu@51.25C,tj@51.375C,soc1@50.812C,VDD_IN,5683mW/5670mW,VDD_CPU_GPU_CV,1309mW/1310mW,VDD_SOC,2380mW/2380mW
07-26-2026,21:28:39,RAM,771/7620MB,(lfb,31x4MB),SWAP,349/3810MB,(cached,2MB),CPU,[0%@1344,0%@1344,0%@1344,0%@1344,0%@1344,0%@1344],GR3D_FREQ,0%,cpu@51.531C,soc2@49.343C,soc0@50.281C,gpu@51.25C,tj@51.281C,soc1@50.375C,VDD_IN,5683mW/5670mW,VDD_CPU_GPU_CV,1309mW/1310mW,VDD_SOC,2380mW/2380mW
07-26-2026,21:28:39,RAM,771/7620MB,(lfb,31x4MB),SWAP,349/3810MB,(cached,2MB),CPU,[0%@1344,0%@1344,0%@1344,0%@1344,0%@1344,0%@1344],GR3D_FREQ,0%,cpu@51.25C,soc2@49.406C,soc0@50.281C,gpu@51.156C,tj@51.25C,soc1@50.375C,VDD_IN,5683mW/5670mW,VDD_CPU_GPU_CV,1309mW/1310mW,VDD_SOC,2380mW/2380mW
07-26-2026,21:28:39,RAM,771/7620MB,(lfb,31x4MB),SWAP,349/3810MB,(cached,2MB),CPU,[0%@1344,0%@1344,0%@1344,0%@1344,0%@1344,0%@1344],GR3D_FREQ,0%,cpu@51.406C,soc2@49.437C,soc0@50.468C,gpu@51.218C,tj@51.593C,soc1@50.531C,VDD_IN,5683mW/5670mW,VDD_CPU_GPU_CV,1309mW/1310mW,VDD_SOC,2380mW/2380mW
07-26-2026,21:28:39,RAM,771/7620MB,(lfb,31x4MB),SWAP,349/3810MB,(cached,2MB),CPU,[9%@1344,16%@1344,0%@1344,0%@1344,0%@1344,0%@1344],GR3D_FREQ,0%,cpu@51.718C,soc2@49.531C,soc0@50.25C,gpu@51.093C,tj@51.718C,soc1@50.593C,VDD_IN,5683mW/5670mW,VDD_CPU_GPU_CV,1309mW/1310mW,VDD_SOC,2380mW/2380mW
07-26-2026,21:28:39,RAM,771/7620MB,(lfb,31x4MB),SWAP,349/3810MB,(cached,2MB),CPU,[0%@1344,0%@1344,0%@1344,0%@1344,0%@1344,0%@1344],GR3D_FREQ,0%,cpu@51.5C,soc2@49.437C,soc0@50.312C,gpu@51.156C,tj@51.5C,soc1@50.468C,VDD_IN,5683mW/5670mW,VDD_CPU_GPU_CV,1309mW/1310mW,VDD_SOC,2380mW/2380mW
07-26-2026,21:28:39,RAM,771/7620MB,(lfb,31x4MB),SWAP,349/3810MB,(cached,2MB),CPU,[0%@1344,0%@1344,0%@1344,0%@1344,0%@1344,0%@1344],GR3D_FREQ,0%,cpu@51.437C,soc2@49.437C,soc0@50.343C,gpu@51.218C,tj@51.437C,soc1@50.468C,VDD_IN,5683mW/5670mW,VDD_CPU_GPU_CV,1309mW/1310mW,VDD_SOC,2380mW/2380mW
07-26-2026,21:28:39,RAM,771/7620MB,(lfb,31x4MB),SWAP,349/3810MB,(cached,2MB),CPU,[0%@1344,0%@1344,0%@1344,0%@1344,0%@1344,0%@1344],GR3D_FREQ,0%,cpu@51.343C,soc2@49.437C,soc0@50.437C,gpu@51.187C,tj@51.343C,soc1@50.468C,VDD_IN,5643mW/5670mW,VDD_CPU_GPU_CV,1309mW/1310mW,VDD_SOC,2380mW/2380mW
07-26-2026,21:28:39,RAM,771/7620MB,(lfb,31x4MB),SWAP,349/3810MB,(cached,2MB),CPU,[9%@1344,0%@1344,0%@1344,0%@1344,0%@1344,0%@1344],GR3D_FREQ,0%,cpu@51.656C,soc2@49.468C,soc0@50.25C,gpu@51.125C,tj@51.656C,soc1@50.687C,VDD_IN,5643mW/5670mW,VDD_CPU_GPU_CV,1309mW/1310mW,VDD_SOC,2380mW/2380mW
07-26-2026,21:28:39,RAM,771/7620MB,(lfb,31x4MB),SWAP,349/3810MB,(cached,2MB),CPU,[0%@1344,0%@1344,0%@1344,0%@1344,0%@1344,0%@1344],GR3D_FREQ,0%,cpu@51.468C,soc2@49.5C,soc0@50.218C,gpu@51.218C,tj@51.468C,soc1@50.687C,VDD_IN,5683mW/5670mW,VDD_CPU_GPU_CV,1309mW/1310mW,VDD_SOC,2380mW/2380mW
07-26-2026,21:28:40,RAM,771/7620MB,(lfb,31x4MB),SWAP,349/3810MB,(cached,2MB),CPU,[9%@1344,0%@1344,0%@1344,0%@1344,0%@1344,0%@1344],GR3D_FREQ,0%,cpu@51.218C,soc2@49.406C,soc0@50.406C,gpu@51.187C,tj@51.218C,soc1@50.406C,VDD_IN,5683mW/5670mW,VDD_CPU_GPU_CV,1309mW/1310mW,VDD_SOC,2380mW/2380mW
07-26-2026,21:28:40,RAM,771/7620MB,(lfb,31x4MB),SWAP,349/3810MB,(cached,2MB),CPU,[0%@1344,0%@1344,0%@1344,0%@1344,0%@1344,0%@1344],GR3D_FREQ,0%,cpu@51.312C,soc2@49.375C,soc0@50.375C,gpu@51.125C,tj@51.312C,soc1@50.375C,VDD_IN,5683mW/5670mW,VDD_CPU_GPU_CV,1309mW/1310mW,VDD_SOC,2380mW/2380mW
07-26-2026,21:28:40,RAM,771/7620MB,(lfb,31x4MB),SWAP,349/3810MB,(cached,2MB),CPU,[0%@1344,0%@1344,0%@1344,0%@1344,0%@1344,0%@1344],GR3D_FREQ,0%,cpu@51.593C,soc2@49.5C,soc0@50.187C,gpu@51.218C,tj@51.593C,soc1@50.593C,VDD_IN,5683mW/5670mW,VDD_CPU_GPU_CV,1309mW/1310mW,VDD_SOC,2380mW/2380mW
07-26-2026,21:28:40,RAM,771/7620MB,(lfb,31x4MB),SWAP,349/3810MB,(cached,2MB),CPU,[0%@1344,8%@1344,0%@1344,0%@1344,0%@1344,0%@1344],GR3D_FREQ,0%,cpu@51.312C,soc2@49.312C,soc0@50.375C,gpu@51.375C,tj@51.375C,soc1@50.375C,VDD_IN,5683mW/5670mW,VDD_CPU_GPU_CV,1309mW/1310mW,VDD_SOC,2380mW/2380mW
07-26-2026,21:28:40,RAM,771/7620MB,(lfb,31x4MB),SWAP,349/3810MB,(cached,2MB),CPU,[0%@1344,0%@1344,0%@1344,0%@1344,0%@1344,0%@1344],GR3D_FREQ,0%,cpu@51.406C,soc2@49.437C,soc0@50.281C,gpu@51.218C,tj@51.406C,soc1@50.468C,VDD_IN,5683mW/5670mW,VDD_CPU_GPU_CV,1309mW/1310mW,VDD_SOC,2380mW/2380mW
07-26-2026,21:28:40,RAM,771/7620MB,(lfb,31x4MB),SWAP,349/3810MB,(cached,2MB),CPU,[0%@1344,0%@1344,0%@1344,0%@1344,0%@1344,0%@1344],GR3D_FREQ,0%,cpu@51.437C,soc2@49.468C,soc0@50.468C,gpu@51.625C,tj@51.625C,soc1@50.593C,VDD_IN,5683mW/5670mW,VDD_CPU_GPU_CV,1309mW/1310mW,VDD_SOC,2380mW/2380mW
07-26-2026,21:28:40,RAM,771/7620MB,(lfb,31x4MB),SWAP,349/3810MB,(cached,2MB),CPU,[0%@1344,0%@1344,0%@1344,0%@1344,0%@1344,0%@1344],GR3D_FREQ,0%,cpu@51.531C,soc2@49.531C,soc0@50.312C,gpu@51.375C,tj@51.531C,soc1@50.625C,VDD_IN,5683mW/5670mW,VDD_CPU_GPU_CV,1309mW/1310mW,VDD_SOC,2380mW/2380mW
07-26-2026,21:28:40,RAM,771/7620MB,(lfb,31x4MB),SWAP,349/3810MB,(cached,2MB),CPU,[9%@1344,0%@1344,0%@1344,0%@1344,0%@1344,0%@1344],GR3D_FREQ,0%,cpu@51.781C,soc2@49.312C,soc0@50.281C,gpu@51.25C,tj@51.781C,soc1@50.406C,VDD_IN,5683mW/5670mW,VDD_CPU_GPU_CV,1309mW/1310mW,VDD_SOC,2380mW/2380mW
07-26-2026,21:28:40,RAM,771/7620MB,(lfb,31x4MB),SWAP,349/3810MB,(cached,2MB),CPU,[0%@1344,0%@1344,9%@1344,0%@1344,0%@1344,9%@1344],GR3D_FREQ,0%,cpu@51.5C,soc2@49.375C,soc0@50.312C,gpu@51.5C,tj@51.5C,soc1@50.468C,VDD_IN,5683mW/5670mW,VDD_CPU_GPU_CV,1309mW/1310mW,VDD_SOC,2380mW/2380mW
07-26-2026,21:28:40,RAM,771/7620MB,(lfb,31x4MB),SWAP,349/3810MB,(cached,2MB),CPU,[9%@1344,0%@1344,0%@1344,0%@1344,0%@1344,0%@1344],GR3D_FREQ,0%,cpu@51.468C,soc2@49.5C,soc0@50.5C,gpu@51.406C,tj@51.468C,soc1@50.562C,VDD_IN,5683mW/5670mW,VDD_CPU_GPU_CV,1309mW/1310mW,VDD_SOC,2380mW/2380mW
07-26-2026,21:28:41,RAM,771/7620MB,(lfb,31x4MB),SWAP,349/3810MB,(cached,2MB),CPU,[0%@1344,0%@1344,0%@1344,0%@1344,0%@1344,0%@1344],GR3D_FREQ,0%,cpu@51.625C,soc2@49.562C,soc0@50.187C,gpu@51.187C,tj@51.625C,soc1@50.625C,VDD_IN,5683mW/5670mW,VDD_CPU_GPU_CV,1309mW/1310mW,VDD_SOC,2380mW/2380mW
07-26-2026,21:28:41,RAM,771/7620MB,(lfb,31x4MB),SWAP,349/3810MB,(cached,2MB),CPU,[0%@1344,0%@1344,0%@1344,0%@1344,0%@1344,0%@1344],GR3D_FREQ,0%,cpu@51.656C,soc2@49.5C,soc0@50.281C,gpu@51.5C,tj@51.656C,soc1@50.343C,VDD_IN,5683mW/5670mW,VDD_CPU_GPU_CV,1309mW/1310mW,VDD_SOC,2380mW/2380mW
07-26-2026,21:28:41,RAM,771/7620MB,(lfb,31x4MB),SWAP,349/3810MB,(cached,2MB),CPU,[0%@1344,0%@1344,0%@1344,0%@1344,0%@1344,0%@1344],GR3D_FREQ,0%,cpu@51.281C,soc2@49.437C,soc0@50.375C,gpu@51.343C,tj@51.375C,soc1@50.406C,VDD_IN,5643mW/5670mW,VDD_CPU_GPU_CV,1309mW/1310mW,VDD_SOC,2380mW/2380mW
07-26-2026,21:28:41,RAM,771/7620MB,(lfb,31x4MB),SWAP,349/3810MB,(cached,2MB),CPU,[9%@1344,0%@1344,9%@1344,0%@1344,0%@1344,0%@1344],GR3D_FREQ,0%,cpu@51.468C,soc2@49.468C,soc0@50.468C,gpu@51.218C,tj@51.468C,soc1@50.437C,VDD_IN,5683mW/5670mW,VDD_CPU_GPU_CV,1309mW/1310mW,VDD_SOC,2380mW/2380mW
07-26-2026,21:28:41,RAM,771/7620MB,(lfb,31x4MB),SWAP,349/3810MB,(cached,2MB),CPU,[0%@1344,8%@1344,0%@1344,0%@1344,0%@1344,0%@1344],GR3D_FREQ,0%,cpu@51.656C,soc2@49.437C,soc0@50.218C,gpu@51.468C,tj@51.656C,soc1@50.531C,VDD_IN,5683mW/5670mW,VDD_CPU_GPU_CV,1309mW/1310mW,VDD_SOC,2380mW/2380mW
07-26-2026,21:28:41,RAM,771/7620MB,(lfb,31x4MB),SWAP,349/3810MB,(cached,2MB),CPU,[0%@1344,0%@1344,0%@1344,0%@1344,0%@1344,0%@1344],GR3D_FREQ,0%,cpu@51.687C,soc2@49.5C,soc0@50.25C,gpu@51.375C,tj@51.687C,soc1@50.687C,VDD_IN,5683mW/5670mW,VDD_CPU_GPU_CV,1309mW/1310mW,VDD_SOC,2380mW/2380mW
07-26-2026,21:28:41,RAM,771/7620MB,(lfb,31x4MB),SWAP,349/3810MB,(cached,2MB),CPU,[0%@1344,0%@1344,0%@1344,0%@1344,0%@1344,0%@1344],GR3D_FREQ,0%,cpu@51.781C,soc2@49.406C,soc0@50.343C,gpu@51.187C,tj@51.312C,soc1@50.437C,VDD_IN,5643mW/5670mW,VDD_CPU_GPU_CV,1309mW/1310mW,VDD_SOC,2380mW/2380mW
07-26-2026,21:28:41,RAM,771/7620MB,(lfb,31x4MB),SWAP,349/3810MB,(cached,2MB),CPU,[8%@1344,0%@1344,0%@1344,0%@1344,0%@1344,0%@1344],GR3D_FREQ,0%,cpu@51.312C,soc2@49.437C,soc0@50.437C,gpu@51.406C,tj@51.406C,soc1@50.531C,VDD_IN,5643mW/5670mW,VDD_CPU_GPU_CV,1309mW/1310mW,VDD_SOC,2380mW/2380mW
07-26-2026,21:28:41,RAM,770/7620MB,(lfb,31x4MB),SWAP,349/3810MB,(cached,2MB),CPU,[0%@1344,0%@1344,0%@1344,0%@1344,0%@1344,0%@1344],GR3D_FREQ,0%,cpu@51.437C,soc2@49.5C,soc0@50.375C,gpu@51.281C,tj@51.437C,soc1@50.593C,VDD_IN,5683mW/5670mW,VDD_CPU_GPU_CV,1309mW/1310mW,VDD_SOC,2380mW/2380mW
07-26-2026,21:28:42,RAM,770/7620MB,(lfb,31x4MB),SWAP,349/3810MB,(cached,2MB),CPU,[0%@1344,0%@1344,0%@1344,0%@1344,0%@1344,0%@1344],GR3D_FREQ,0%,cpu@51.562C,soc2@49.5C,soc0@50.281C,gpu@51.218C,tj@51.562C,soc1@50.687C,VDD_IN,5683mW/5670mW,VDD_CPU_GPU_CV,1309mW/1310mW,VDD_SOC,2380mW/2380mW
07-26-2026,21:28:42,RAM,770/7620MB,(lfb,31x4MB),SWAP,349/3810MB,(cached,2MB),CPU,[9%@1344,0%@1344,0%@1344,0%@1344,0%@1344,0%@1344],GR3D_FREQ,0%,cpu@51.718C,soc2@49.437C,soc0@50.281C,gpu@51.406C,tj@51.718C,soc1@50.437C,VDD_IN,5643mW/5670mW,VDD_CPU_GPU_CV,1309mW/1310mW,VDD_SOC,2380mW/2380mW
07-26-2026,21:28:42,RAM,770/7620MB,(lfb,31x4MB),SWAP,349/3810MB,(cached,2MB),CPU,[9%@1344,0%@1344,0%@1344,0%@1344,0%@1344,0%@1344],GR3D_FREQ,0%,cpu@51.343C,soc2@49.437C,soc0@50.375C,gpu@51.312C,tj@51.343C,soc1@50.468C,VDD_IN,5683mW/5670mW,VDD_CPU_GPU_CV,1309mW/1310mW,VDD_SOC,2380mW/2380mW
07-26-2026,21:28:42,RAM,770/7620MB,(lfb,31x4MB),SWAP,349/3810MB,(cached,2MB),CPU,[8%@1344,9%@1344,0%@1344,0%@1344,0%@1344,0%@1344],GR3D_FREQ,0%,cpu@51.5C,soc2@49.531C,soc0@50.5C,gpu@51.218C,tj@51.5C,soc1@50.625C,VDD_IN,5683mW/5670mW,VDD_CPU_GPU_CV,1309mW/1310mW,VDD_SOC,2380mW/2380mW
07-26-2026,21:28:42,RAM,771/7620MB,(lfb,31x4MB),SWAP,349/3810MB,(cached,2MB),CPU,[0%@1344,0%@1344,0%@1344,0%@1344,0%@1344,0%@1344],GR3D_FREQ,0%,cpu@51.437C,soc2@49.406C,soc0@50.312C,gpu@51.093C,tj@51.437C,soc1@50.406C,VDD_IN,5683mW/5670mW,VDD_CPU_GPU_CV,1309mW/1310mW,VDD_SOC,2380mW/2380mW
07-26-2026,21:28:42,RAM,771/7620MB,(lfb,31x4MB),SWAP,349/3810MB,(cached,2MB),CPU,[0%@1344,0%@1344,0%@1344,0%@1344,0%@1344,0%@1344],GR3D_FREQ,0%,cpu@51.218C,soc2@49.375C,soc0@50.343C,gpu@51.687C,tj@51.687C,soc1@50.437C,VDD_IN,5683mW/5670mW,VDD_CPU_GPU_CV,1309mW/1310mW,VDD_SOC,2380mW/2380mW
07-26-2026,21:28:42,RAM,771/7620MB,(lfb,31x4MB),SWAP,349/3810MB,(cached,2MB),CPU,[0%@1344,9%@1344,0%@1344,0%@1344,0%@1344,0%@1344],GR3D_FREQ,0%,cpu@51.343C,soc2@49.406C,soc0@50.375C,gpu@51.218C,tj@51.343C,soc1@50.375C,VDD_IN,5683mW/5670mW,VDD_CPU_GPU_CV,1309mW/1310mW,VDD_SOC,2380mW/2380mW
07-26-2026,21:28:42,RAM,770/7620MB,(lfb,31x4MB),SWAP,349/3810MB,(cached,2MB),CPU,[0%@1344,0%@1344,0%@1344,0%@1344,0%@1344,0%@1344],GR3D_FREQ,0%,cpu@51.468C,soc2@49.5C,soc0@50.531C,gpu@51.031C,tj@51.468C,soc1@50.625C,VDD_IN,5643mW/5670mW,VDD_CPU_GPU_CV,1309mW/1310mW,VDD_SOC,2380mW/2380mW
07-26-2026,21:28:42,RAM,770/7620MB,(lfb,31x4MB),SWAP,349/3810MB,(cached,2MB),CPU,[0%@1344,0%@1344,0%@1344,0%@1344,0%@1344,0%@1344],GR3D_FREQ,0%,cpu@51.5C,soc2@49.468C,soc0@50.312C,gpu@51.593C,tj@51.593C,soc1@50.718C,VDD_IN,5643mW/5670mW,VDD_CPU_GPU_CV,1309mW/1310mW,VDD_SOC,2380mW/2380mW
07-26-2026,21:28:42,RAM,770/7620MB,(lfb,31x4MB),SWAP,349/3810MB,(cached,2MB),CPU,[0%@1344,0%@1344,0%@1344,0%@1344,0%@1344,9%@1344],GR3D_FREQ,0%,cpu@51.468C,soc2@49.375C,soc0@50.25C,gpu@51.218C,tj@51.375C,soc1@50.375C,VDD_IN,5683mW/5670mW,VDD_CPU_GPU_CV,1309mW/1310mW,VDD_SOC,2380mW/2380mW
07-26-2026,21:28:43,RAM,770/7620MB,(lfb,31x4MB),SWAP,349/3810MB,(cached,2MB),CPU,[0%@1344,0%@1344,0%@1344,0%@1344,0%@1344,0%@1344],GR3D_FREQ,0%,cpu@51.437C,soc2@49.406C,soc0@50.312C,gpu@51.062C,tj@51.437C,soc1@50.343C,VDD_IN,5683mW/5670mW,VDD_CPU_GPU_CV,1309mW/1310mW,VDD_SOC,2380mW/2380mW
07-26-2026,21:28:43,RAM,770/7620MB,(lfb,31x4MB),SWAP,349/3810MB,(cached,2MB),CPU,[0%@1344,0%@1344,0%@1344,0%@1344,0%@1344,0%@1344],GR3D_FREQ,0%,cpu@51.468C,soc2@49.375C,soc0@50.468C,gpu@51.593C,tj@51.593C,soc1@50.468C,VDD_IN,5683mW/5670mW,VDD_CPU_GPU_CV,1309mW/1310mW,VDD_SOC,2380mW/2380mW
07-26-2026,21:28:43,RAM,770/7620MB,(lfb,31x4MB),SWAP,349/3810MB,(cached,2MB),CPU,[0%@1344,0%@1344,0%@1344,0%@1344,0%@1344,0%@1344],GR3D_FREQ,0%,cpu@51.437C,soc2@49.531C,soc0@50.218C,gpu@51.093C,tj@51.437C,soc1@50.656C,VDD_IN,5762mW/5670mW,VDD_CPU_GPU_CV,1309mW/1310mW,VDD_SOC,2380mW/2380mW
07-26-2026,21:28:43,RAM,770/7620MB,(lfb,31x4MB),SWAP,349/3810MB,(cached,2MB),CPU,[16%@1344,0%@1344,0%@1344,0%@1344,0%@1344,0%@1344],GR3D_FREQ,0%,cpu@51.531C,soc2@49.312C,soc0@50.343C,gpu@51.031C,tj@51.531C,soc1@50.406C,VDD_IN,5762mW/5670mW,VDD_CPU_GPU_CV,1309mW/1310mW,VDD_SOC,2380mW/2380mW
07-26-2026,21:28:43,RAM,770/7620MB,(lfb,31x4MB),SWAP,349/3810MB,(cached,2MB),CPU,[0%@1344,0%@1344,0%@1344,0%@1344,0%@1344,0%@1344],GR3D_FREQ,0%,cpu@51.375C,soc2@49.5C,soc0@50.437C,gpu@51.593C,tj@51.593C,soc1@50.437C,VDD_IN,5723mW/5670mW,VDD_CPU_GPU_CV,1309mW/1310mW,VDD_SOC,2380mW/2380mW
07-26-2026,21:28:43,RAM,770/7620MB,(lfb,31x4MB),SWAP,349/3810MB,(cached,2MB),CPU,[9%@1344,0%@1344,0%@1344,0%@1344,0%@1344,0%@1344],GR3D_FREQ,0%,cpu@51.312C,soc2@49.406C,soc0@50.468C,gpu@51.218C,tj@51.312C,soc1@50.468C,VDD_IN,5723mW/5670mW,VDD_CPU_GPU_CV,1309mW/1310mW,VDD_SOC,2380mW/2380mW
07-26-2026,21:28:43,RAM,770/7620MB,(lfb,31x4MB),SWAP,349/3810MB,(cached,2MB),CPU,[0%@1344,0%@1344,0%@1344,0%@1344,0%@1344,0%@1344],GR3D_FREQ,0%,cpu@51.5C,soc2@49.437C,soc0@50.218C,gpu@51.031C,tj@51.5C,soc1@50.562C,VDD_IN,5683mW/5670mW,VDD_CPU_GPU_CV,1309mW/1310mW,VDD_SOC,2380mW/2380mW
07-26-2026,21:28:43,RAM,770/7620MB,(lfb,31x4MB),SWAP,349/3810MB,(cached,2MB),CPU,[0%@1344,0%@1344,0%@1344,0%@1344,0%@1344,0%@1344],GR3D_FREQ,0%,cpu@51.468C,soc2@49.343C,soc0@50.281C,gpu@51.5C,tj@51.5C,soc1@50.718C,VDD_IN,5683mW/5670mW,VDD_CPU_GPU_CV,1309mW/1310mW,VDD_SOC,2380mW/2380mW
07-26-2026,21:28:43,RAM,770/7620MB,(lfb,31x4MB),SWAP,349/3810MB,(cached,2MB),CPU,[0%@1344,9%@1344,0%@1344,0%@1344,0%@1344,0%@1344],GR3D_FREQ,0%,cpu@51.281C,soc2@49.468C,soc0@50.375C,gpu@51.187C,tj@51.281C,soc1@50.375C,VDD_IN,5683mW/5670mW,VDD_CPU_GPU_CV,1309mW/1310mW,VDD_SOC,2380mW/2380mW
07-26-2026,21:28:44,RAM,770/7620MB,(lfb,31x4MB),SWAP,349/3810MB,(cached,2MB),CPU,[0%@1344,0%@1344,0%@1344,0%@1344,0%@1344,0%@1344],GR3D_FREQ,0%,cpu@51.437C,soc2@49.5C,soc0@50.406C,gpu@51.062C,tj@51.437C,soc1@50.468C,VDD_IN,5683mW/5670mW,VDD_CPU_GPU_CV,1309mW/1310mW,VDD_SOC,2380mW/2380mW
07-26-2026,21:28:44,RAM,770/7620MB,(lfb,31x4MB),SWAP,349/3810MB,(cached,2MB),CPU,[9%@1344,0%@1344,0%@1344,0%@1344,0%@1344,0%@1344],GR3D_FREQ,0%,cpu@51.375C,soc2@49.437C,soc0@50.187C,gpu@51.531C,tj@51.531C,soc1@50.5C,VDD_IN,5683mW/5670mW,VDD_CPU_GPU_CV,1309mW/1310mW,VDD_SOC,2380mW/2380mW
07-26-2026,21:28:44,RAM,770/7620MB,(lfb,31x4MB),SWAP,349/3810MB,(cached,2MB),CPU,[0%@1344,0%@1344,0%@1344,0%@1344,0%@1344,0%@1344],GR3D_FREQ,0%,cpu@51.531C,soc2@49.5C,soc0@50.156C,gpu@51.093C,tj@51.531C,soc1@50.687C,VDD_IN,5683mW/5670mW,VDD_CPU_GPU_CV,1309mW/1310mW,VDD_SOC,2380mW/2380mW
07-26-2026,21:28:44,RAM,770/7620MB,(lfb,31x4MB),SWAP,349/3810MB,(cached,2MB),CPU,[0%@1344,8%@1344,0%@1344,0%@1344,0%@1344,0%@1344],GR3D_FREQ,0%,cpu@51.281C,soc2@49.375C,soc0@50.406C,gpu@51.25C,tj@51.281C,soc1@50.5C,VDD_IN,5683mW/5670mW,VDD_CPU_GPU_CV,1309mW/1310mW,VDD_SOC,2380mW/2380mW
07-26-2026,21:28:44,RAM,770/7620MB,(lfb,31x4MB),SWAP,349/3810MB,(cached,2MB),CPU,[0%@1344,9%@1344,0%@1344,0%@1344,0%@1344,0%@1344],GR3D_FREQ,0%,cpu@51.625C,soc2@49.5C,soc0@50.468C,gpu@51.5C,tj@51.625C,soc1@50.625C,VDD_IN,5683mW/5670mW,VDD_CPU_GPU_CV,1309mW/1310mW,VDD_SOC,2380mW/2380mW
07-26-2026,21:28:44,RAM,770/7620MB,(lfb,31x4MB),SWAP,349/3810MB,(cached,2MB),CPU,[9%@1344,0%@1344,0%@1344,0%@1344,0%@1344,0%@1344],GR3D_FREQ,0%,cpu@51.375C,soc2@49.531C,soc0@50.25C,gpu@51.281C,tj@51.375C,soc1@50.625C,VDD_IN,5683mW/5670mW,VDD_CPU_GPU_CV,1309mW/1310mW,VDD_SOC,2380mW/2380mW
07-26-2026,21:28:44,RAM,770/7620MB,(lfb,31x4MB),SWAP,349/3810MB,(cached,2MB),CPU,[0%@1344,0%@1344,0%@1344,0%@1344,0%@1344,0%@1344],GR3D_FREQ,0%,cpu@51.375C,soc2@49.312C,soc0@50.281C,gpu@51.218C,tj@51.375C,soc1@50.375C,VDD_IN,5683mW/5671mW,VDD_CPU_GPU_CV,1309mW/1310mW,VDD_SOC,2380mW/2380mW
07-26-2026,21:28:44,RAM,770/7620MB,(lfb,31x4MB),SWAP,349/3810MB,(cached,2MB),CPU,[0%@1344,0%@1344,0%@1344,0%@1344,0%@1344,0%@1344],GR3D_FREQ,0%,cpu@51.312C,soc2@49.406C,soc0@50.343C,gpu@51.5C,tj@51.5C,soc1@50.5C,VDD_IN,5683mW/5671mW,VDD_CPU_GPU_CV,1309mW/1310mW,VDD_SOC,2380mW/2380mW
07-26-2026,21:28:44,RAM,770/7620MB,(lfb,31x4MB),SWAP,349/3810MB,(cached,2MB),CPU,[0%@1344,0%@1344,0%@1344,0%@1344,0%@1344,0%@1344],GR3D_FREQ,0%,cpu@51.281C,soc2@49.468C,soc0@50.437C,gpu@51.281C,tj@51.593C,soc1@50.406C,VDD_IN,5683mW/5671mW,VDD_CPU_GPU_CV,1309mW/1310mW,VDD_SOC,2380mW/2380mW
07-26-2026,21:28:44,RAM,770/7620MB,(lfb,31x4MB),SWAP,349/3810MB,(cached,2MB),CPU,[0%@1344,0%@1344,9%@1344,0%@1344,0%@1344,8%@1344],GR3D_FREQ,0%,cpu@51.812C,soc2@49.5C,soc0@50.25C,gpu@51.218C,tj@51.812C,soc1@50.531C,VDD_IN,5683mW/5671mW,VDD_CPU_GPU_CV,1309mW/1310mW,VDD_SOC,2380mW/2380mW
07-26-2026,21:28:45,RAM,770/7620MB,(lfb,31x4MB),SWAP,349/3810MB,(cached,2MB),CPU,[9%@1344,0%@1344,0%@1344,0%@1344,0%@1344,0%@1344],GR3D_FREQ,0%,cpu@51.468C,soc2@49.468C,soc0@50.375C,gpu@51.437C,tj@51.468C,soc1@50.75C,VDD_IN,5683mW/5671mW,VDD_CPU_GPU_CV,1309mW/1310mW,VDD_SOC,2380mW/2380mW
07-26-2026,21:28:45,RAM,770/7620MB,(lfb,31x4MB),SWAP,349/3810MB,(cached,2MB),CPU,[0%@1344,0%@1344,0%@1344,0%@1344,0%@1344,0%@1344],GR3D_FREQ,0%,cpu@51.375C,soc2@49.437C,soc0@50.312C,gpu@51.25C,tj@51.375C,soc1@50.5C,VDD_IN,5683mW/5671mW,VDD_CPU_GPU_CV,1309mW/1310mW,VDD_SOC,2380mW/2380mW
07-26-2026,21:28:45,RAM,770/7620MB,(lfb,31x4MB),SWAP,349/3810MB,(cached,2MB),CPU,[0%@1344,0%@1344,0%@1344,0%@1344,0%@1344,0%@1344],GR3D_FREQ,0%,cpu@51.25C,soc2@49.5C,soc0@50.437C,gpu@51.187C,tj@51.25C,soc1@50.5C,VDD_IN,5683mW/5671mW,VDD_CPU_GPU_CV,1309mW/1310mW,VDD_SOC,2380mW/2380mW
07-26-2026,21:28:45,RAM,770/7620MB,(lfb,31x4MB),SWAP,349/3810MB,(cached,2MB),CPU,[16%@1344,0%@1344,0%@1344,0%@1344,9%@1344,0%@1344],GR3D_FREQ,0%,cpu@51.781C,soc2@49.5C,soc0@50.281C,gpu@51.343C,tj@51.781C,soc1@50.531C,VDD_IN,5683mW/5671mW,VDD_CPU_GPU_CV,1309mW/1310mW,VDD_SOC,2380mW/2380mW
07-26-2026,21:28:45,RAM,770/7620MB,(lfb,31x4MB),SWAP,349/3810MB,(cached,2MB),CPU,[0%@1344,0%@1344,0%@1344,0%@1344,0%@1344,0%@1344],GR3D_FREQ,0%,cpu@51.375C,soc2@49.562C,soc0@50.187C,gpu@51.187C,tj@51.375C,soc1@50.718C,VDD_IN,5683mW/5671mW,VDD_CPU_GPU_CV,1309mW/1310mW,VDD_SOC,2380mW/2380mW
07-26-2026,21:28:45,RAM,770/7620MB,(lfb,31x4MB),SWAP,349/3810MB,(cached,2MB),CPU,[0%@1344,0%@1344,0%@1344,0%@1344,0%@1344,0%@1344],GR3D_FREQ,0%,cpu@51.5C,soc2@49.406C,soc0@50.25C,gpu@51.187C,tj@51.5C,soc1@50.375C,VDD_IN,5683mW/5671mW,VDD_CPU_GPU_CV,1309mW/1310mW,VDD_SOC,2380mW/2380mW
07-26-2026,21:28:45,RAM,770/7620MB,(lfb,31x4MB),SWAP,349/3810MB,(cached,2MB),CPU,[0%@1344,0%@1344,0%@1344,0%@1344,0%@1344,0%@1344],GR3D_FREQ,0%,cpu@51.312C,soc2@49.468C,soc0@50.375C,gpu@51.406C,tj@51.406C,soc1@50.406C,VDD_IN,5683mW/5671mW,VDD_CPU_GPU_CV,1309mW/1310mW,VDD_SOC,2380mW/2380mW
07-26-2026,21:28:45,RAM,770/7620MB,(lfb,31x4MB),SWAP,349/3810MB,(cached,2MB),CPU,[9%@1344,0%@1344,0%@1344,0%@1344,0%@1344,0%@1344],GR3D_FREQ,0%,cpu@51.468C,soc2@49.343C,soc0@50.468C,gpu@51.343C,tj@51.468C,soc1@50.656C,VDD_IN,5643mW/5671mW,VDD_CPU_GPU_CV,1309mW/1310mW,VDD_SOC,2380mW/2380mW
07-26-2026,21:28:45,RAM,770/7620MB,(lfb,31x4MB),SWAP,349/3810MB,(cached,2MB),CPU,[0%@1344,0%@1344,0%@1344,0%@1344,9%@1344,0%@1344],GR3D_FREQ,0%,cpu@51.812C,soc2@49.531C,soc0@50.187C,gpu@51.218C,tj@51.812C,soc1@50.562C,VDD_IN,5683mW/5671mW,VDD_CPU_GPU_CV,1309mW/1310mW,VDD_SOC,2380mW/2380mW
07-26-2026,21:28:46,RAM,770/7620MB,(lfb,31x4MB),SWAP,349/3810MB,(cached,2MB),CPU,[0%@1344,9%@1344,0%@1344,0%@1344,0%@1344,0%@1344],GR3D_FREQ,0%,cpu@51.468C,soc2@49.343C,soc0@50.375C,gpu@51.375C,tj@51.468C,soc1@50.343C,VDD_IN,5683mW/5671mW,VDD_CPU_GPU_CV,1309mW/1310mW,VDD_SOC,2380mW/2380mW
07-26-2026,21:28:46,RAM,770/7620MB,(lfb,31x4MB),SWAP,349/3810MB,(cached,2MB),CPU,[0%@1344,0%@1344,0%@1344,0%@1344,0%@1344,0%@1344],GR3D_FREQ,0%,cpu@51.281C,soc2@49.343C,soc0@50.281C,gpu@51.156C,tj@51.281C,soc1@50.375C,VDD_IN,5683mW/5671mW,VDD_CPU_GPU_CV,1309mW/1310mW,VDD_SOC,2380mW/2380mW
07-26-2026,21:28:46,RAM,770/7620MB,(lfb,31x4MB),SWAP,349/3810MB,(cached,2MB),CPU,[0%@1344,0%@1344,0%@1344,0%@1344,0%@1344,0%@1344],GR3D_FREQ,0%,cpu@51.375C,soc2@49.406C,soc0@50.468C,gpu@51.156C,tj@51.375C,soc1@50.343C,VDD_IN,5683mW/5671mW,VDD_CPU_GPU_CV,1309mW/1310mW,VDD_SOC,2380mW/2380mW
07-26-2026,21:28:46,RAM,770/7620MB,(lfb,31x4MB),SWAP,349/3810MB,(cached,2MB),CPU,[9%@1344,9%@1344,0%@1344,0%@1344,0%@1344,0%@1344],GR3D_FREQ,0%,cpu@51.75C,soc2@49.468C,soc0@50.312C,gpu@51.062C,tj@51.75C,soc1@50.343C,VDD_IN,5683mW/5671mW,VDD_CPU_GPU_CV,1309mW/1310mW,VDD_SOC,2380mW/2380mW
07-26-2026,21:28:46,RAM,770/7620MB,(lfb,31x4MB),SWAP,349/3810MB,(cached,2MB),CPU,[0%@1344,9%@1344,0%@1344,0%@1344,0%@1344,0%@1344],GR3D_FREQ,0%,cpu@51.187C,soc2@49.375C,soc0@50.312C,gpu@51.562C,tj@51.562C,soc1@50.5C,VDD_IN,5683mW/5671mW,VDD_CPU_GPU_CV,1309mW/1310mW,VDD_SOC,2380mW/2380mW
07-26-2026,21:28:46,RAM,770/7620MB,(lfb,31x4MB),SWAP,349/3810MB,(cached,2MB),CPU,[9%@1344,0%@1344,0%@1344,0%@1344,0%@1344,0%@1344],GR3D_FREQ,0%,cpu@51.437C,soc2@49.468C,soc0@50.437C,gpu@51.468C,tj@51.468C,soc1@50.406C,VDD_IN,5683mW/5671mW,VDD_CPU_GPU_CV,1309mW/1310mW,VDD_SOC,2380mW/2380mW
07-26-2026,21:28:46,RAM,770/7620MB,(lfb,31x4MB),SWAP,349/3810MB,(cached,2MB),CPU,[9%@1344,0%@1344,0%@1344,0%@1344,0%@1344,0%@1344],GR3D_FREQ,0%,cpu@51.5C,soc2@49.5C,soc0@50.281C,gpu@51.187C,tj@51.5C,soc1@50.437C,VDD_IN,5683mW/5671mW,VDD_CPU_GPU_CV,1309mW/1310mW,VDD_SOC,2380mW/2380mW
07-26-2026,21:28:46,RAM,770/7620MB,(lfb,31x4MB),SWAP,349/3810MB,(cached,2MB),CPU,[0%@1344,0%@1344,0%@1344,0%@1344,0%@1344,0%@1344],GR3D_FREQ,0%,cpu@51.687C,soc2@49.437C,soc0@50.25C,gpu@51.5C,tj@51.687C,soc1@50.75C,VDD_IN,5683mW/5671mW,VDD_CPU_GPU_CV,1309mW/1310mW,VDD_SOC,2380mW/2380mW
07-26-2026,21:28:46,RAM,770/7620MB,(lfb,31x4MB),SWAP,349/3810MB,(cached,2MB),CPU,[0%@1344,0%@1344,0%@1344,0%@1344,0%@1344,0%@1344],GR3D_FREQ,0%,cpu@51.75C,soc2@49.5C,soc0@50.281C,gpu@51.343C,tj@51.343C,soc1@50.468C,VDD_IN,5643mW/5671mW,VDD_CPU_GPU_CV,1309mW/1310mW,VDD_SOC,2380mW/2380mW
07-26-2026,21:28:46,RAM,770/7620MB,(lfb,31x4MB),SWAP,349/3810MB,(cached,2MB),CPU,[16%@1344,0%@1344,9%@1344,0%@1344,0%@1344,0%@1344],GR3D_FREQ,0%,cpu@51.437C,soc2@49.562C,soc0@50.406C,gpu@51.062C,tj@51.437C,soc1@50.437C,VDD_IN,5683mW/5671mW,VDD_CPU_GPU_CV,1309mW/1310mW,VDD_SOC,2380mW/2380mW
07-26-2026,21:28:47,RAM,769/7620MB,(lfb,31x4MB),SWAP,349/3810MB,(cached,2MB),CPU,[0%@1344,0%@1344,0%@1344,0%@1344,0%@1344,0%@1344],GR3D_FREQ,0%,cpu@51.468C,soc2@49.5C,soc0@50.468C,gpu@51.5C,tj@51.5C,soc1@50.468C,VDD_IN,5683mW/5671mW,VDD_CPU_GPU_CV,1309mW/1310mW,VDD_SOC,2380mW/2380mW
07-26-2026,21:28:47,RAM,769/7620MB,(lfb,31x4MB),SWAP,349/3810MB,(cached,2MB),CPU,[0%@1344,0%@1344,0%@1344,0%@1344,0%@1344,0%@1344],GR3D_FREQ,0%,cpu@51.593C,soc2@49.5C,soc0@50.281C,gpu@51.375C,tj@51.593C,soc1@50.593C,VDD_IN,5683mW/5671mW,VDD_CPU_GPU_CV,1309mW/1310mW,VDD_SOC,2380mW/2380mW
07-26-2026,21:28:47,RAM,769/7620MB,(lfb,31x4MB),SWAP,349/3810MB,(cached,2MB),CPU,[0%@1344,0%@1344,0%@1344,0%@1344,0%@1344,0%@1344],GR3D_FREQ,0%,cpu@51.562C,soc2@49.375C,soc0@50.281C,gpu@51.718C,tj@51.718C,soc1@50.437C,VDD_IN,5683mW/5671mW,VDD_CPU_GPU_CV,1309mW/1310mW,VDD_SOC,2380mW/2380mW
07-26-2026,21:28:47,RAM,770/7620MB,(lfb,31x4MB),SWAP,349/3810MB,(cached,2MB),CPU,[9%@1344,0%@1344,0%@1344,0%@1344,0%@1344,0%@1344],GR3D_FREQ,0%,cpu@51.468C,soc2@49.437C,soc0@50.437C,gpu@51.437C,tj@51.468C,soc1@50.406C,VDD_IN,5683mW/5671mW,VDD_CPU_GPU_CV,1309mW/1310mW,VDD_SOC,2380mW/2380mW
07-26-2026,21:28:47,RAM,770/7620MB,(lfb,31x4MB),SWAP,349/3810MB,(cached,2MB),CPU,[0%@1344,0%@1344,0%@1344,0%@1344,0%@1344,0%@1344],GR3D_FREQ,0%,cpu@51.437C,soc2@49.468C,soc0@50.437C,gpu@51.343C,tj@51.437C,soc1@50.562C,VDD_IN,5683mW/5671mW,VDD_CPU_GPU_CV,1309mW/1310mW,VDD_SOC,2380mW/2380mW
07-26-2026,21:28:47,RAM,770/7620MB,(lfb,31x4MB),SWAP,349/3810MB,(cached,2MB),CPU,[0%@1344,0%@1344,0%@1344,0%@1344,0%@1344,0%@1344],GR3D_FREQ,0%,cpu@51.437C,soc2@49.5C,soc0@50.281C,gpu@51.593C,tj@51.593C,soc1@50.625C,VDD_IN,5683mW/5671mW,VDD_CPU_GPU_CV,1309mW/1310mW,VDD_SOC,2380mW/2380mW
07-26-2026,21:28:47,RAM,770/7620MB,(lfb,31x4MB),SWAP,349/3810MB,(cached,2MB),CPU,[0%@1344,0%@1344,0%@1344,0%@1344,0%@1344,0%@1344],GR3D_FREQ,0%,cpu@51.687C,soc2@49.437C,soc0@50.25C,gpu@51.562C,tj@51.687C,soc1@50.687C,VDD_IN,5643mW/5671mW,VDD_CPU_GPU_CV,1309mW/1310mW,VDD_SOC,2380mW/2380mW
07-26-2026,21:28:47,RAM,770/7620MB,(lfb,31x4MB),SWAP,349/3810MB,(cached,2MB),CPU,[0%@1344,0%@1344,0%@1344,0%@1344,0%@1344,0%@1344],GR3D_FREQ,0%,cpu@51.437C,soc2@49.437C,soc0@50.312C,gpu@51.281C,tj@51.437C,soc1@50.406C,VDD_IN,5643mW/5671mW,VDD_CPU_GPU_CV,1309mW/1310mW,VDD_SOC,2380mW/2380mW
07-26-2026,21:28:47,RAM,770/7620MB,(lfb,31x4MB),SWAP,349/3810MB,(cached,2MB),CPU,[0%@1344,0%@1344,0%@1344,0%@1344,0%@1344,0%@1344],GR3D_FREQ,0%,cpu@51.437C,soc2@49.468C,soc0@50.468C,gpu@51.656C,tj@51.656C,soc1@50.562C,VDD_IN,5643mW/5671mW,VDD_CPU_GPU_CV,1309mW/1310mW,VDD_SOC,2380mW/2380mW
07-26-2026,21:28:48,RAM,769/7620MB,(lfb,31x4MB),SWAP,349/3810MB,(cached,2MB),CPU,[0%@1344,0%@1344,0%@1344,9%@1344,0%@1344,9%@1344],GR3D_FREQ,0%,cpu@51.468C,soc2@49.5C,soc0@50.218C,gpu@51.5C,tj@51.593C,soc1@50.562C,VDD_IN,5683mW/5671mW,VDD_CPU_GPU_CV,1309mW/1310mW,VDD_SOC,2380mW/2380mW
07-26-2026,21:28:48,RAM,769/7620MB,(lfb,31x4MB),SWAP,349/3810MB,(cached,2MB),CPU,[8%@1344,0%@1344,0%@1344,0%@1344,0%@1344,0%@1344],GR3D_FREQ,0%,cpu@51.562C,soc2@49.593C,soc0@50.218C,gpu@51.375C,tj@51.562C,soc1@50.625C,VDD_IN,5643mW/5671mW,VDD_CPU_GPU_CV,1309mW/1310mW,VDD_SOC,2380mW/2380mW
07-26-2026,21:28:48,RAM,769/7620MB,(lfb,31x4MB),SWAP,349/3810MB,(cached,2MB),CPU,[9%@1344,0%@1344,0%@1344,0%@1344,0%@1344,0%@1344],GR3D_FREQ,0%,cpu@51.343C,soc2@49.468C,soc0@50.281C,gpu@51.656C,tj@51.656C,soc1@50.375C,VDD_IN,5643mW/5671mW,VDD_CPU_GPU_CV,1309mW/1310mW,VDD_SOC,2380mW/2380mW
07-26-2026,21:28:48,RAM,769/7620MB,(lfb,31x4MB),SWAP,349/3810MB,(cached,2MB),CPU,[9%@1344,8%@1344,0%@1344,0%@1344,0%@1344,0%@1344],GR3D_FREQ,0%,cpu@51.468C,soc2@49.5C,soc0@50.468C,gpu@51C,tj@51.468C,soc1@50.562C,VDD_IN,5723mW/5671mW,VDD_CPU_GPU_CV,1309mW/1310mW,VDD_SOC,2380mW/2380mW
07-26-2026,21:28:48,RAM,769/7620MB,(lfb,31x4MB),SWAP,349/3810MB,(cached,2MB),CPU,[9%@1344,0%@1344,0%@1344,0%@1344,0%@1344,0%@1344],GR3D_FREQ,0%,cpu@51.5C,soc2@49.5C,soc0@50.25C,gpu@51.281C,tj@51.5C,soc1@50.718C,VDD_IN,5762mW/5671mW,VDD_CPU_GPU_CV,1309mW/1310mW,VDD_SOC,2380mW/2380mW
07-26-2026,21:28:48,RAM,769/7620MB,(lfb,31x4MB),SWAP,349/3810MB,(cached,2MB),CPU,[0%@1344,0%@1344,0%@1344,0%@1344,0%@1344,0%@1344],GR3D_FREQ,0%,cpu@51.531C,soc2@49.468C,soc0@50.343C,gpu@51.218C,tj@51.5C,soc1@50.312C,VDD_IN,5723mW/5671mW,VDD_CPU_GPU_CV,1309mW/1310mW,VDD_SOC,2380mW/2380mW
07-26-2026,21:28:48,RAM,769/7620MB,(lfb,31x4MB),SWAP,349/3810MB,(cached,2MB),CPU,[0%@1344,0%@1344,0%@1344,0%@1344,0%@1344,0%@1344],GR3D_FREQ,0%,cpu@51.281C,soc2@49.375C,soc0@50.468C,gpu@51.187C,tj@51.281C,soc1@50.343C,VDD_IN,5723mW/5671mW,VDD_CPU_GPU_CV,1309mW/1310mW,VDD_SOC,2380mW/2380mW
07-26-2026,21:28:48,RAM,769/7620MB,(lfb,31x4MB),SWAP,349/3810MB,(cached,2MB),CPU,[0%@1344,0%@1344,0%@1344,0%@1344,0%@1344,0%@1344],GR3D_FREQ,0%,cpu@51.406C,soc2@49.5C,soc0@50.468C,gpu@51.25C,tj@51.406C,soc1@50.5C,VDD_IN,5683mW/5671mW,VDD_CPU_GPU_CV,1309mW/1310mW,VDD_SOC,2380mW/2380mW
07-26-2026,21:28:48,RAM,769/7620MB,(lfb,31x4MB),SWAP,349/3810MB,(cached,2MB),CPU,[0%@1344,0%@1344,0%@1344,0%@1344,0%@1344,0%@1344],GR3D_FREQ,0%,cpu@51.406C,soc2@49.5C,soc0@50.25C,gpu@51.218C,tj@51.406C,soc1@50.593C,VDD_IN,5683mW/5671mW,VDD_CPU_GPU_CV,1309mW/1310mW,VDD_SOC,2380mW/2380mW
07-26-2026,21:28:48,RAM,769/7620MB,(lfb,31x4MB),SWAP,349/3810MB,(cached,2MB),CPU,[9%@1344,0%@1344,0%@1344,0%@1344,9%@1344,0%@1344],GR3D_FREQ,0%,cpu@51.468C,soc2@49.312C,soc0@50.312C,gpu@51.062C,tj@51.468C,soc1@50.843C,VDD_IN,5723mW/5671mW,VDD_CPU_GPU_CV,1309mW/1310mW,VDD_SOC,2380mW/2380mW
07-26-2026,21:28:49,RAM,769/7620MB,(lfb,31x4MB),SWAP,349/3810MB,(cached,2MB),CPU,[0%@1344,9%@1344,0%@1344,0%@1344,0%@1344,0%@1344],GR3D_FREQ,0%,cpu@51.343C,soc2@49.437C,soc0@50.343C,gpu@51.218C,tj@51.343C,soc1@50.437C,VDD_IN,5683mW/5671mW,VDD_CPU_GPU_CV,1309mW/1310mW,VDD_SOC,2380mW/2380mW
07-26-2026,21:28:49,RAM,769/7620MB,(lfb,31x4MB),SWAP,349/3810MB,(cached,2MB),CPU,[0%@1344,0%@1344,0%@1344,0%@1344,0%@1344,0%@1344],GR3D_FREQ,0%,cpu@51.281C,soc2@49.406C,soc0@50.343C,gpu@51.218C,tj@51.281C,soc1@50.468C,VDD_IN,5683mW/5671mW,VDD_CPU_GPU_CV,1309mW/1310mW,VDD_SOC,2380mW/2380mW
07-26-2026,21:28:49,RAM,769/7620MB,(lfb,31x4MB),SWAP,349/3810MB,(cached,2MB),CPU,[9%@1344,0%@1344,0%@1344,0%@1344,0%@1344,0%@1344],GR3D_FREQ,0%,cpu@51.343C,soc2@49.468C,soc0@50.281C,gpu@51.187C,tj@51.343C,soc1@50.5C,VDD_IN,5683mW/5671mW,VDD_CPU_GPU_CV,1309mW/1310mW,VDD_SOC,2380mW/2380mW
07-26-2026,21:28:49,RAM,770/7620MB,(lfb,31x4MB),SWAP,349/3810MB,(cached,2MB),CPU,[9%@1344,0%@1344,0%@1344,0%@1344,0%@1344,0%@1344],GR3D_FREQ,0%,cpu@51.531C,soc2@49.562C,soc0@50.281C,gpu@51.218C,tj@51.531C,soc1@50.656C,VDD_IN,5683mW/5671mW,VDD_CPU_GPU_CV,1349mW/1310mW,VDD_SOC,2380mW/2380mW
07-26-2026,21:28:49,RAM,770/7620MB,(lfb,31x4MB),SWAP,349/3810MB,(cached,2MB),CPU,[0%@1344,8%@1344,0%@1344,0%@1344,0%@1344,0%@1344],GR3D_FREQ,0%,cpu@51.562C,soc2@49.312C,soc0@50.25C,gpu@51.093C,tj@51.25C,soc1@50.375C,VDD_IN,5683mW/5671mW,VDD_CPU_GPU_CV,1309mW/1310mW,VDD_SOC,2380mW/2380mW
07-26-2026,21:28:49,RAM,770/7620MB,(lfb,31x4MB),SWAP,349/3810MB,(cached,2MB),CPU,[0%@1344,9%@1344,0%@1344,0%@1344,0%@1344,0%@1344],GR3D_FREQ,0%,cpu@51.375C,soc2@49.468C,soc0@50.437C,gpu@51.125C,tj@51.375C,soc1@50.562C,VDD_IN,5683mW/5671mW,VDD_CPU_GPU_CV,1309mW/1310mW,VDD_SOC,2380mW/2380mW
07-26-2026,21:28:49,RAM,770/7620MB,(lfb,31x4MB),SWAP,349/3810MB,(cached,2MB),CPU,[0%@1344,0%@1344,0%@1344,0%@1344,0%@1344,0%@1344],GR3D_FREQ,0%,cpu@51.375C,soc2@49.468C,soc0@50.25C,gpu@51.218C,tj@51.375C,soc1@50.562C,VDD_IN,5683mW/5671mW,VDD_CPU_GPU_CV,1309mW/1310mW,VDD_SOC,2380mW/2380mW
07-26-2026,21:28:49,RAM,769/7620MB,(lfb,31x4MB),SWAP,349/3810MB,(cached,2MB),CPU,[0%@1344,0%@1344,0%@1344,0%@1344,0%@1344,0%@1344],GR3D_FREQ,0%,cpu@51.5C,soc2@49.5C,soc0@50.156C,gpu@51.187C,tj@51.5C,soc1@50.687C,VDD_IN,5683mW/5671mW,VDD_CPU_GPU_CV,1309mW/1310mW,VDD_SOC,2380mW/2380mW
07-26-2026,21:28:49,RAM,769/7620MB,(lfb,31x4MB),SWAP,349/3810MB,(cached,2MB),CPU,[0%@1344,0%@1344,0%@1344,0%@1344,0%@1344,0%@1344],GR3D_FREQ,0%,cpu@51.468C,soc2@49.468C,soc0@50.312C,gpu@51.062C,tj@51.468C,soc1@50.375C,VDD_IN,5643mW/5671mW,VDD_CPU_GPU_CV,1309mW/1310mW,VDD_SOC,2380mW/2380mW
07-26-2026,21:28:50,RAM,770/7620MB,(lfb,31x4MB),SWAP,349/3810MB,(cached,2MB),CPU,[0%@1344,0%@1344,0%@1344,0%@1344,0%@1344,0%@1344],GR3D_FREQ,0%,cpu@51.281C,soc2@49.468C,soc0@50.468C,gpu@51.187C,tj@51.281C,soc1@50.437C,VDD_IN,5683mW/5671mW,VDD_CPU_GPU_CV,1309mW/1310mW,VDD_SOC,2380mW/2380mW
07-26-2026,21:28:50,RAM,770/7620MB,(lfb,31x4MB),SWAP,349/3810MB,(cached,2MB),CPU,[8%@1344,0%@1344,0%@1344,0%@1344,0%@1344,0%@1344],GR3D_FREQ,0%,cpu@51.343C,soc2@49.5C,soc0@50.5C,gpu@51.093C,tj@51.343C,soc1@50.531C,VDD_IN,5683mW/5671mW,VDD_CPU_GPU_CV,1309mW/1310mW,VDD_SOC,2380mW/2380mW
07-26-2026,21:28:50,RAM,770/7620MB,(lfb,31x4MB),SWAP,349/3810MB,(cached,2MB),CPU,[0%@1344,0%@1344,0%@1344,0%@1344,0%@1344,0%@1344],GR3D_FREQ,0%,cpu@51.5C,soc2@49.5C,soc0@50.281C,gpu@51.031C,tj@51.5C,soc1@50.562C,VDD_IN,5683mW/5671mW,VDD_CPU_GPU_CV,1309mW/1310mW,VDD_SOC,2380mW/2380mW
07-26-2026,21:28:50,RAM,770/7620MB,(lfb,31x4MB),SWAP,349/3810MB,(cached,2MB),CPU,[9%@1344,0%@1344,0%@1344,0%@1344,0%@1344,0%@1344],GR3D_FREQ,0%,cpu@51.375C,soc2@49.375C,soc0@50.281C,gpu@51.531C,tj@51.531C,soc1@50.531C,VDD_IN,5683mW/5671mW,VDD_CPU_GPU_CV,1309mW/1310mW,VDD_SOC,2380mW/2380mW
07-26-2026,21:28:50,RAM,770/7620MB,(lfb,31x4MB),SWAP,349/3810MB,(cached,2MB),CPU,[9%@1344,0%@1344,0%@1344,0%@1344,0%@1344,0%@1344],GR3D_FREQ,0%,cpu@51.343C,soc2@49.406C,soc0@50.468C,gpu@51.312C,tj@51.343C,soc1@50.531C,VDD_IN,5683mW/5671mW,VDD_CPU_GPU_CV,1309mW/1310mW,VDD_SOC,2380mW/2380mW
07-26-2026,21:28:50,RAM,770/7620MB,(lfb,31x4MB),SWAP,349/3810MB,(cached,2MB),CPU,[0%@1344,0%@1344,0%@1344,0%@1344,0%@1344,0%@1344],GR3D_FREQ,0%,cpu@51.687C,soc2@49.5C,soc0@50.25C,gpu@51.656C,tj@51.687C,soc1@50.562C,VDD_IN,5683mW/5671mW,VDD_CPU_GPU_CV,1309mW/1310mW,VDD_SOC,2380mW/2380mW
07-26-2026,21:28:50,RAM,770/7620MB,(lfb,31x4MB),SWAP,349/3810MB,(cached,2MB),CPU,[0%@1344,9%@1344,0%@1344,0%@1344,0%@1344,0%@1344],GR3D_FREQ,0%,cpu@51.375C,soc2@49.406C,soc0@50.312C,gpu@51.437C,tj@51.437C,soc1@50.687C,VDD_IN,5683mW/5671mW,VDD_CPU_GPU_CV,1309mW/1310mW,VDD_SOC,2380mW/2380mW
07-26-2026,21:28:50,RAM,770/7620MB,(lfb,31x4MB),SWAP,349/3810MB,(cached,2MB),CPU,[0%@1344,0%@1344,0%@1344,0%@1344,0%@1344,0%@1344],GR3D_FREQ,0%,cpu@51.531C,soc2@49.375C,soc0@50.218C,gpu@51.312C,tj@51.531C,soc1@50.406C,VDD_IN,5683mW/5671mW,VDD_CPU_GPU_CV,1309mW/1310mW,VDD_SOC,2380mW/2380mW
07-26-2026,21:28:50,RAM,770/7620MB,(lfb,31x4MB),SWAP,349/3810MB,(cached,2MB),CPU,[0%@1344,0%@1344,0%@1344,0%@1344,0%@1344,0%@1344],GR3D_FREQ,0%,cpu@51.375C,soc2@49.375C,soc0@50.375C,gpu@51.593C,tj@51.593C,soc1@50.406C,VDD_IN,5643mW/5671mW,VDD_CPU_GPU_CV,1309mW/1310mW,VDD_SOC,2380mW/2380mW
07-26-2026,21:28:50,RAM,771/7620MB,(lfb,31x4MB),SWAP,349/3810MB,(cached,2MB),CPU,[0%@1344,0%@1344,9%@1344,0%@1344,0%@1344,9%@1344],GR3D_FREQ,0%,cpu@51.718C,soc2@49.406C,soc0@50.468C,gpu@51.437C,tj@51.718C,soc1@50.437C,VDD_IN,5683mW/5671mW,VDD_CPU_GPU_CV,1309mW/1310mW,VDD_SOC,2380mW/2380mW
07-26-2026,21:28:51,RAM,770/7620MB,(lfb,31x4MB),SWAP,349/3810MB,(cached,2MB),CPU,[0%@1344,0%@1344,0%@1344,0%@1344,0%@1344,0%@1344],GR3D_FREQ,0%,cpu@51.75C,soc2@49.468C,soc0@50.25C,gpu@51.312C,tj@51.75C,soc1@50.593C,VDD_IN,5683mW/5671mW,VDD_CPU_GPU_CV,1309mW/1310mW,VDD_SOC,2380mW/2380mW
07-26-2026,21:28:51,RAM,770/7620MB,(lfb,31x4MB),SWAP,349/3810MB,(cached,2MB),CPU,[0%@1344,0%@1344,0%@1344,0%@1344,0%@1344,0%@1344],GR3D_FREQ,0%,cpu@51.375C,soc2@49.437C,soc0@50.312C,gpu@51.562C,tj@51.562C,soc1@50.375C,VDD_IN,5683mW/5671mW,VDD_CPU_GPU_CV,1309mW/1310mW,VDD_SOC,2380mW/2380mW
07-26-2026,21:28:51,RAM,770/7620MB,(lfb,31x4MB),SWAP,349/3810MB,(cached,2MB),CPU,[0%@1344,9%@1344,0%@1344,0%@1344,0%@1344,0%@1344],GR3D_FREQ,0%,cpu@51.281C,soc2@49.406C,soc0@50.281C,gpu@51.375C,tj@51.375C,soc1@50.437C,VDD_IN,5643mW/5671mW,VDD_CPU_GPU_CV,1309mW/1310mW,VDD_SOC,2380mW/2380mW
07-26-2026,21:28:51,RAM,770/7620MB,(lfb,31x4MB),SWAP,349/3810MB,(cached,2MB),CPU,[9%@1344,0%@1344,0%@1344,0%@1344,0%@1344,0%@1344],GR3D_FREQ,0%,cpu@51.437C,soc2@49.468C,soc0@50.406C,gpu@51.281C,tj@51.531C,soc1@50.562C,VDD_IN,5683mW/5671mW,VDD_CPU_GPU_CV,1309mW/1310mW,VDD_SOC,2380mW/2380mW
07-26-2026,21:28:51,RAM,770/7620MB,(lfb,31x4MB),SWAP,349/3810MB,(cached,2MB),CPU,[0%@1344,0%@1344,0%@1344,0%@1344,0%@1344,0%@1344],GR3D_FREQ,0%,cpu@51.656C,soc2@49.5C,soc0@50.218C,gpu@51.625C,tj@51.656C,soc1@50.625C,VDD_IN,5683mW/5671mW,VDD_CPU_GPU_CV,1309mW/1310mW,VDD_SOC,2380mW/2380mW
07-26-2026,21:28:51,RAM,770/7620MB,(lfb,31x4MB),SWAP,349/3810MB,(cached,2MB),CPU,[0%@1344,0%@1344,0%@1344,0%@1344,0%@1344,0%@1344],GR3D_FREQ,0%,cpu@51.5C,soc2@49.625C,soc0@50.218C,gpu@51.406C,tj@51.5C,soc1@50.687C,VDD_IN,5683mW/5671mW,VDD_CPU_GPU_CV,1309mW/1310mW,VDD_SOC,2380mW/2380mW
07-26-2026,21:28:51,RAM,770/7620MB,(lfb,31x4MB),SWAP,349/3810MB,(cached,2MB),CPU,[8%@1344,0%@1344,0%@1344,0%@1344,0%@1344,0%@1344],GR3D_FREQ,0%,cpu@51.343C,soc2@49.312C,soc0@50.406C,gpu@51.218C,tj@51.343C,soc1@50.375C,VDD_IN,5643mW/5671mW,VDD_CPU_GPU_CV,1309mW/1310mW,VDD_SOC,2380mW/2380mW
07-26-2026,21:28:51,RAM,770/7620MB,(lfb,31x4MB),SWAP,349/3810MB,(cached,2MB),CPU,[9%@1344,0%@1344,0%@1344,0%@1344,0%@1344,0%@1344],GR3D_FREQ,0%,cpu@51.375C,soc2@49.5C,soc0@50.406C,gpu@51.437C,tj@51.437C,soc1@50.437C,VDD_IN,5643mW/5671mW,VDD_CPU_GPU_CV,1309mW/1310mW,VDD_SOC,2380mW/2380mW
07-26-2026,21:28:51,RAM,770/7620MB,(lfb,31x4MB),SWAP,349/3810MB,(cached,2MB),CPU,[0%@1344,0%@1344,0%@1344,0%@1344,0%@1344,0%@1344],GR3D_FREQ,0%,cpu@51.625C,soc2@49.5C,soc0@50.468C,gpu@51.25C,tj@51.625C,soc1@50.593C,VDD_IN,5643mW/5671mW,VDD_CPU_GPU_CV,1309mW/1310mW,VDD_SOC,2380mW/2380mW
07-26-2026,21:28:52,RAM,770/7620MB,(lfb,31x4MB),SWAP,349/3810MB,(cached,2MB),CPU,[0%@1344,0%@1344,9%@1344,0%@1344,0%@1344,0%@1344],GR3D_FREQ,0%,cpu@51.312C,soc2@49.5C,soc0@50.312C,gpu@51.031C,tj@51.312C,soc1@50.781C,VDD_IN,5683mW/5671mW,VDD_CPU_GPU_CV,1309mW/1310mW,VDD_SOC,2380mW/2380mW
07-26-2026,21:28:52,RAM,770/7620MB,(lfb,31x4MB),SWAP,349/3810MB,(cached,2MB),CPU,[8%@1344,0%@1344,0%@1344,0%@1344,0%@1344,0%@1344],GR3D_FREQ,0%,cpu@51.5C,soc2@49.406C,soc0@50.281C,gpu@51.5C,tj@51.5C,soc1@50.406C,VDD_IN,5643mW/5671mW,VDD_CPU_GPU_CV,1309mW/1310mW,VDD_SOC,2380mW/2380mW
07-26-2026,21:28:52,RAM,770/7620MB,(lfb,31x4MB),SWAP,349/3810MB,(cached,2MB),CPU,[0%@1344,0%@1344,0%@1344,0%@1344,0%@1344,0%@1344],GR3D_FREQ,0%,cpu@51.375C,soc2@49.406C,soc0@50.343C,gpu@51.281C,tj@51.375C,soc1@50.5C,VDD_IN,5643mW/5671mW,VDD_CPU_GPU_CV,1309mW/1310mW,VDD_SOC,2380mW/2380mW
07-26-2026,21:28:52,RAM,770/7620MB,(lfb,31x4MB),SWAP,349/3810MB,(cached,2MB),CPU,[0%@1344,9%@1344,0%@1344,0%@1344,0%@1344,0%@1344],GR3D_FREQ,0%,cpu@51.562C,soc2@49.468C,soc0@50.218C,gpu@51.25C,tj@51.562C,soc1@50.5C,VDD_IN,5683mW/5671mW,VDD_CPU_GPU_CV,1309mW/1310mW,VDD_SOC,2380mW/2380mW
07-26-2026,21:28:52,RAM,771/7620MB,(lfb,31x4MB),SWAP,349/3810MB,(cached,2MB),CPU,[0%@1344,0%@1344,0%@1344,0%@1344,0%@1344,0%@1344],GR3D_FREQ,0%,cpu@51.75C,soc2@49.5C,soc0@50.281C,gpu@51.187C,tj@51.75C,soc1@50.375C,VDD_IN,5683mW/5671mW,VDD_CPU_GPU_CV,1309mW/1310mW,VDD_SOC,2380mW/2380mW
07-26-2026,21:28:52,RAM,771/7620MB,(lfb,31x4MB),SWAP,349/3810MB,(cached,2MB),CPU,[0%@1344,0%@1344,0%@1344,0%@1344,0%@1344,0%@1344],GR3D_FREQ,0%,cpu@51.406C,soc2@49.437C,soc0@50.312C,gpu@51.062C,tj@51.406C,soc1@50.406C,VDD_IN,5683mW/5671mW,VDD_CPU_GPU_CV,1309mW/1310mW,VDD_SOC,2380mW/2380mW
07-26-2026,21:28:52,RAM,771/7620MB,(lfb,31x4MB),SWAP,349/3810MB,(cached,2MB),CPU,[0%@1344,0%@1344,0%@1344,0%@1344,0%@1344,0%@1344],GR3D_FREQ,0%,cpu@51.5C,soc2@49.562C,soc0@50.406C,gpu@51.531C,tj@51.531C,soc1@50.5C,VDD_IN,5683mW/5671mW,VDD_CPU_GPU_CV,1309mW/1310mW,VDD_SOC,2380mW/2380mW
07-26-2026,21:28:52,RAM,771/7620MB,(lfb,31x4MB),SWAP,349/3810MB,(cached,2MB),CPU,[0%@1344,0%@1344,0%@1344,0%@1344,0%@1344,0%@1344],GR3D_FREQ,0%,cpu@51.625C,soc2@49.406C,soc0@50.187C,gpu@51.062C,tj@51.625C,soc1@50.5C,VDD_IN,5683mW/5671mW,VDD_CPU_GPU_CV,1309mW/1310mW,VDD_SOC,2380mW/2380mW
07-26-2026,21:28:52,RAM,770/7620MB,(lfb,31x4MB),SWAP,349/3810MB,(cached,2MB),CPU,[9%@1344,0%@1344,0%@1344,0%@1344,0%@1344,0%@1344],GR3D_FREQ,0%,cpu@51.656C,soc2@49.406C,soc0@50.375C,gpu@51.093C,tj@51.656C,soc1@50.718C,VDD_IN,5643mW/5671mW,VDD_CPU_GPU_CV,1309mW/1310mW,VDD_SOC,2380mW/2380mW
07-26-2026,21:28:52,RAM,771/7620MB,(lfb,31x4MB),SWAP,349/3810MB,(cached,2MB),CPU,[9%@1344,0%@1344,0%@1344,0%@1344,0%@1344,0%@1344],GR3D_FREQ,0%,cpu@51.437C,soc2@49.375C,soc0@50.343C,gpu@51.218C,tj@51.593C,soc1@50.437C,VDD_IN,5643mW/5671mW,VDD_CPU_GPU_CV,1309mW/1310mW,VDD_SOC,2380mW/2380mW
07-26-2026,21:28:53,RAM,771/7620MB,(lfb,31x4MB),SWAP,349/3810MB,(cached,2MB),CPU,[0%@1344,0%@1344,0%@1344,0%@1344,0%@1344,0%@1344],GR3D_FREQ,0%,cpu@51.437C,soc2@49.437C,soc0@50.437C,gpu@51.093C,tj@51.437C,soc1@50.468C,VDD_IN,5683mW/5671mW,VDD_CPU_GPU_CV,1309mW/1310mW,VDD_SOC,2380mW/2380mW
07-26-2026,21:28:53,RAM,771/7620MB,(lfb,31x4MB),SWAP,349/3810MB,(cached,2MB),CPU,[0%@1344,0%@1344,0%@1344,0%@1344,0%@1344,0%@1344],GR3D_FREQ,0%,cpu@51.531C,soc2@49.593C,soc0@50.281C,gpu@51.125C,tj@51.531C,soc1@50.625C,VDD_IN,5683mW/5671mW,VDD_CPU_GPU_CV,1309mW/1310mW,VDD_SOC,2380mW/2380mW
07-26-2026,21:28:53,RAM,771/7620MB,(lfb,31x4MB),SWAP,349/3810MB,(cached,2MB),CPU,[0%@1344,0%@1344,0%@1344,0%@1344,0%@1344,0%@1344],GR3D_FREQ,0%,cpu@51.656C,soc2@49.5C,soc0@50.312C,gpu@51.218C,tj@51.656C,soc1@50.687C,VDD_IN,5643mW/5671mW,VDD_CPU_GPU_CV,1309mW/1310mW,VDD_SOC,2380mW/2380mW
07-26-2026,21:28:53,RAM,771/7620MB,(lfb,31x4MB),SWAP,349/3810MB,(cached,2MB),CPU,[9%@1344,16%@1344,0%@1344,0%@1344,0%@1344,0%@1344],GR3D_FREQ,0%,cpu@51.875C,soc2@49.468C,soc0@50.375C,gpu@51.187C,tj@51.406C,soc1@50.5C,VDD_IN,5683mW/5671mW,VDD_CPU_GPU_CV,1309mW/1310mW,VDD_SOC,2380mW/2380mW
07-26-2026,21:28:53,RAM,771/7620MB,(lfb,31x4MB),SWAP,349/3810MB,(cached,2MB),CPU,[0%@1344,0%@1344,0%@1344,0%@1344,0%@1344,0%@1344],GR3D_FREQ,0%,cpu@51.468C,soc2@49.406C,soc0@50.437C,gpu@51.75C,tj@51.75C,soc1@50.406C,VDD_IN,5762mW/5671mW,VDD_CPU_GPU_CV,1309mW/1310mW,VDD_SOC,2380mW/2380mW
07-26-2026,21:28:53,RAM,771/7620MB,(lfb,31x4MB),SWAP,349/3810MB,(cached,2MB),CPU,[0%@1344,0%@1344,0%@1344,0%@1344,0%@1344,0%@1344],GR3D_FREQ,0%,cpu@51.468C,soc2@49.375C,soc0@50.125C,gpu@51.218C,tj@51.5C,soc1@50.5C,VDD_IN,5762mW/5671mW,VDD_CPU_GPU_CV,1309mW/1310mW,VDD_SOC,2380mW/2380mW
07-26-2026,21:28:53,RAM,771/7620MB,(lfb,31x4MB),SWAP,349/3810MB,(cached,2MB),CPU,[9%@1344,0%@1344,0%@1344,0%@1344,0%@1344,0%@1344],GR3D_FREQ,0%,cpu@51.593C,soc2@49.625C,soc0@50.312C,gpu@51.125C,tj@51.593C,soc1@50.687C,VDD_IN,5723mW/5671mW,VDD_CPU_GPU_CV,1309mW/1310mW,VDD_SOC,2380mW/2380mW
07-26-2026,21:28:53,RAM,771/7620MB,(lfb,31x4MB),SWAP,349/3810MB,(cached,2MB),CPU,[0%@1344,0%@1344,0%@1344,0%@1344,0%@1344,0%@1344],GR3D_FREQ,0%,cpu@51.718C,soc2@49.25C,soc0@50.281C,gpu@51.593C,tj@51.718C,soc1@50.468C,VDD_IN,5723mW/5671mW,VDD_CPU_GPU_CV,1309mW/1310mW,VDD_SOC,2380mW/2380mW
07-26-2026,21:28:53,RAM,771/7620MB,(lfb,31x4MB),SWAP,349/3810MB,(cached,2MB),CPU,[9%@1344,0%@1344,0%@1344,0%@1344,0%@1344,0%@1344],GR3D_FREQ,0%,cpu@51.437C,soc2@49.5C,soc0@50.312C,gpu@51.093C,tj@51.437C,soc1@50.437C,VDD_IN,5683mW/5671mW,VDD_CPU_GPU_CV,1309mW/1310mW,VDD_SOC,2380mW/2380mW
07-26-2026,21:28:54,RAM,771/7620MB,(lfb,31x4MB),SWAP,349/3810MB,(cached,2MB),CPU,[9%@1344,0%@1344,9%@1344,9%@1344,0%@1344,0%@1344],GR3D_FREQ,0%,cpu@51.437C,soc2@49.5C,soc0@50.468C,gpu@51.093C,tj@51.468C,soc1@50.531C,VDD_IN,5723mW/5671mW,VDD_CPU_GPU_CV,1309mW/1310mW,VDD_SOC,2380mW/2380mW
07-26-2026,21:28:54,RAM,771/7620MB,(lfb,31x4MB),SWAP,349/3810MB,(cached,2MB),CPU,[0%@1344,0%@1344,0%@1344,0%@1344,0%@1344,0%@1344],GR3D_FREQ,0%,cpu@51.5C,soc2@49.468C,soc0@50.25C,gpu@51.656C,tj@51.656C,soc1@50.531C,VDD_IN,5683mW/5671mW,VDD_CPU_GPU_CV,1309mW/1310mW,VDD_SOC,2380mW/2380mW
07-26-2026,21:28:54,RAM,771/7620MB,(lfb,31x4MB),SWAP,349/3810MB,(cached,2MB),CPU,[9%@1344,0%@1344,0%@1344,0%@1344,0%@1344,0%@1344],GR3D_FREQ,0%,cpu@51.687C,soc2@49.437C,soc0@50.25C,gpu@51.156C,tj@51.687C,soc1@50.75C,VDD_IN,5683mW/5671mW,VDD_CPU_GPU_CV,1309mW/1310mW,VDD_SOC,2380mW/2380mW
07-26-2026,21:28:54,RAM,771/7620MB,(lfb,31x4MB),SWAP,349/3810MB,(cached,2MB),CPU,[9%@1344,0%@1344,0%@1344,0%@1344,0%@1344,0%@1344],GR3D_FREQ,0%,cpu@51.437C,soc2@49.5C,soc0@50.437C,gpu@51.25C,tj@51.437C,soc1@50.406C,VDD_IN,5683mW/5671mW,VDD_CPU_GPU_CV,1309mW/1310mW,VDD_SOC,2380mW/2380mW
07-26-2026,21:28:54,RAM,771/7620MB,(lfb,31x4MB),SWAP,349/3810MB,(cached,2MB),CPU,[0%@1344,0%@1344,0%@1344,0%@1344,0%@1344,0%@1344],GR3D_FREQ,0%,cpu@51.468C,soc2@49.5C,soc0@50.25C,gpu@51.218C,tj@51.468C,soc1@50.593C,VDD_IN,5683mW/5671mW,VDD_CPU_GPU_CV,1309mW/1310mW,VDD_SOC,2380mW/2380mW
07-26-2026,21:28:54,RAM,771/7620MB,(lfb,31x4MB),SWAP,349/3810MB,(cached,2MB),CPU,[0%@1344,0%@1344,0%@1344,0%@1344,0%@1344,0%@1344],GR3D_FREQ,0%,cpu@51.625C,soc2@49.5C,soc0@50.25C,gpu@51.375C,tj@51.625C,soc1@50.687C,VDD_IN,5683mW/5671mW,VDD_CPU_GPU_CV,1309mW/1310mW,VDD_SOC,2380mW/2380mW
07-26-2026,21:28:54,RAM,771/7620MB,(lfb,31x4MB),SWAP,349/3810MB,(cached,2MB),CPU,[0%@1344,0%@1344,0%@1344,0%@1344,0%@1344,0%@1344],GR3D_FREQ,0%,cpu@51.531C,soc2@49.468C,soc0@50.312C,gpu@51.312C,tj@51.312C,soc1@50.437C,VDD_IN,5683mW/5671mW,VDD_CPU_GPU_CV,1309mW/1310mW,VDD_SOC,2380mW/2380mW
07-26-2026,21:28:54,RAM,771/7620MB,(lfb,31x4MB),SWAP,349/3810MB,(cached,2MB),CPU,[9%@1344,0%@1344,0%@1344,0%@1344,0%@1344,0%@1344],GR3D_FREQ,0%,cpu@51.343C,soc2@49.531C,soc0@50.406C,gpu@51.218C,tj@51.343C,soc1@50.531C,VDD_IN,5683mW/5671mW,VDD_CPU_GPU_CV,1309mW/1310mW,VDD_SOC,2380mW/2380mW
07-26-2026,21:28:54,RAM,771/7620MB,(lfb,31x4MB),SWAP,349/3810MB,(cached,2MB),CPU,[0%@1344,0%@1344,0%@1344,0%@1344,0%@1344,0%@1344],GR3D_FREQ,0%,cpu@51.437C,soc2@49.5C,soc0@50.281C,gpu@51.375C,tj@51.437C,soc1@50.531C,VDD_IN,5683mW/5671mW,VDD_CPU_GPU_CV,1309mW/1310mW,VDD_SOC,2380mW/2380mW
07-26-2026,21:28:54,RAM,771/7620MB,(lfb,31x4MB),SWAP,349/3810MB,(cached,2MB),CPU,[0%@1344,0%@1344,0%@1344,0%@1344,0%@1344,0%@1344],GR3D_FREQ,0%,cpu@51.593C,soc2@49.531C,soc0@50.312C,gpu@51.218C,tj@51.593C,soc1@50.687C,VDD_IN,5683mW/5671mW,VDD_CPU_GPU_CV,1309mW/1310mW,VDD_SOC,2380mW/2380mW
07-26-2026,21:28:55,RAM,771/7620MB,(lfb,31x4MB),SWAP,349/3810MB,(cached,2MB),CPU,[8%@1344,0%@1344,9%@1344,0%@1344,0%@1344,9%@1344],GR3D_FREQ,0%,cpu@51.437C,soc2@49.437C,soc0@50.343C,gpu@51.156C,tj@51.437C,soc1@50.375C,VDD_IN,5683mW/5671mW,VDD_CPU_GPU_CV,1309mW/1310mW,VDD_SOC,2380mW/2380mW
07-26-2026,21:28:55,RAM,771/7620MB,(lfb,31x4MB),SWAP,349/3810MB,(cached,2MB),CPU,[0%@1344,0%@1344,0%@1344,0%@1344,0%@1344,0%@1344],GR3D_FREQ,0%,cpu@51.281C,soc2@49.468C,soc0@50.406C,gpu@51.375C,tj@51.375C,soc1@50.437C,VDD_IN,5683mW/5671mW,VDD_CPU_GPU_CV,1309mW/1310mW,VDD_SOC,2380mW/2380mW
07-26-2026,21:28:55,RAM,771/7620MB,(lfb,31x4MB),SWAP,349/3810MB,(cached,2MB),CPU,[0%@1344,0%@1344,0%@1344,0%@1344,0%@1344,0%@1344],GR3D_FREQ,0%,cpu@51.406C,soc2@49.468C,soc0@50.406C,gpu@51.25C,tj@51.406C,soc1@50.562C,VDD_IN,5683mW/5671mW,VDD_CPU_GPU_CV,1309mW/1310mW,VDD_SOC,2380mW/2380mW
07-26-2026,21:28:55,RAM,772/7620MB,(lfb,31x4MB),SWAP,349/3810MB,(cached,2MB),CPU,[9%@1344,18%@1344,0%@1344,0%@1344,0%@1344,0%@1344],GR3D_FREQ,0%,cpu@51.437C,soc2@49.5C,soc0@50.25C,gpu@51.187C,tj@51.437C,soc1@50.656C,VDD_IN,5683mW/5671mW,VDD_CPU_GPU_CV,1309mW/1310mW,VDD_SOC,2380mW/2380mW
07-26-2026,21:28:55,RAM,772/7620MB,(lfb,31x4MB),SWAP,349/3810MB,(cached,2MB),CPU,[0%@1344,0%@1344,0%@1344,0%@1344,0%@1344,0%@1344],GR3D_FREQ,0%,cpu@51.531C,soc2@49.343C,soc0@50.312C,gpu@51.343C,tj@51.531C,soc1@50.75C,VDD_IN,5683mW/5671mW,VDD_CPU_GPU_CV,1309mW/1310mW,VDD_SOC,2380mW/2380mW
07-26-2026,21:28:55,RAM,772/7620MB,(lfb,31x4MB),SWAP,349/3810MB,(cached,2MB),CPU,[0%@1344,0%@1344,0%@1344,0%@1344,0%@1344,0%@1344],GR3D_FREQ,0%,cpu@51.375C,soc2@49.5C,soc0@50.343C,gpu@51.218C,tj@51.375C,soc1@50.406C,VDD_IN,5683mW/5671mW,VDD_CPU_GPU_CV,1309mW/1310mW,VDD_SOC,2380mW/2380mW
07-26-2026,21:28:55,RAM,772/7620MB,(lfb,31x4MB),SWAP,349/3810MB,(cached,2MB),CPU,[0%@1344,0%@1344,0%@1344,0%@1344,0%@1344,0%@1344],GR3D_FREQ,0%,cpu@51.406C,soc2@49.406C,soc0@50.437C,gpu@51.156C,tj@51.406C,soc1@50.5C,VDD_IN,5683mW/5671mW,VDD_CPU_GPU_CV,1309mW/1310mW,VDD_SOC,2380mW/2380mW
07-26-2026,21:28:55,RAM,771/7620MB,(lfb,31x4MB),SWAP,349/3810MB,(cached,2MB),CPU,[8%@1344,0%@1344,0%@1344,0%@1344,0%@1344,0%@1344],GR3D_FREQ,0%,cpu@51.437C,soc2@49.531C,soc0@50.25C,gpu@51.375C,tj@51.406C,soc1@50.687C,VDD_IN,5643mW/5671mW,VDD_CPU_GPU_CV,1309mW/1310mW,VDD_SOC,2380mW/2380mW
07-26-2026,21:28:55,RAM,771/7620MB,(lfb,31x4MB),SWAP,349/3810MB,(cached,2MB),CPU,[0%@1344,0%@1344,0%@1344,0%@1344,0%@1344,0%@1344],GR3D_FREQ,0%,cpu@51.468C,soc2@49.531C,soc0@50.218C,gpu@51.187C,tj@51.468C,soc1@50.781C,VDD_IN,5643mW/5671mW,VDD_CPU_GPU_CV,1309mW/1310mW,VDD_SOC,2380mW/2380mW
07-26-2026,21:28:56,RAM,772/7620MB,(lfb,31x4MB),SWAP,349/3810MB,(cached,2MB),CPU,[0%@1344,0%@1344,9%@1344,0%@1344,0%@1344,0%@1344],GR3D_FREQ,0%,cpu@51.375C,soc2@49.437C,soc0@50.312C,gpu@51.125C,tj@51.375C,soc1@50.437C,VDD_IN,5683mW/5671mW,VDD_CPU_GPU_CV,1309mW/1310mW,VDD_SOC,2380mW/2380mW
07-26-2026,21:28:56,RAM,772/7620MB,(lfb,31x4MB),SWAP,349/3810MB,(cached,2MB),CPU,[9%@1344,0%@1344,0%@1344,0%@1344,0%@1344,0%@1344],GR3D_FREQ,0%,cpu@51.406C,soc2@49.406C,soc0@50.468C,gpu@51.312C,tj@51.406C,soc1@50.437C,VDD_IN,5683mW/5671mW,VDD_CPU_GPU_CV,1309mW/1310mW,VDD_SOC,2380mW/2380mW
07-26-2026,21:28:56,RAM,772/7620MB,(lfb,31x4MB),SWAP,349/3810MB,(cached,2MB),CPU,[0%@1344,0%@1344,0%@1344,0%@1344,0%@1344,0%@1344],GR3D_FREQ,0%,cpu@51.375C,soc2@49.375C,soc0@50.5C,gpu@51.218C,tj@51.375C,soc1@50.656C,VDD_IN,5683mW/5671mW,VDD_CPU_GPU_CV,1309mW/1310mW,VDD_SOC,2380mW/2380mW
07-26-2026,21:28:56,RAM,772/7620MB,(lfb,31x4MB),SWAP,349/3810MB,(cached,2MB),CPU,[16%@1344,0%@1344,0%@1344,0%@1344,0%@1344,0%@1344],GR3D_FREQ,0%,cpu@51.468C,soc2@49.375C,soc0@50.312C,gpu@51.125C,tj@51.468C,soc1@50.343C,VDD_IN,5683mW/5671mW,VDD_CPU_GPU_CV,1309mW/1310mW,VDD_SOC,2380mW/2380mW
07-26-2026,21:28:56,RAM,772/7620MB,(lfb,31x4MB),SWAP,349/3810MB,(cached,2MB),CPU,[0%@1344,0%@1344,0%@1344,0%@1344,0%@1344,0%@1344],GR3D_FREQ,0%,cpu@51.25C,soc2@49.406C,soc0@50.406C,gpu@51.75C,tj@51.75C,soc1@50.406C,VDD_IN,5683mW/5671mW,VDD_CPU_GPU_CV,1309mW/1310mW,VDD_SOC,2380mW/2380mW
07-26-2026,21:28:56,RAM,772/7620MB,(lfb,31x4MB),SWAP,349/3810MB,(cached,2MB),CPU,[0%@1344,0%@1344,0%@1344,0%@1344,0%@1344,0%@1344],GR3D_FREQ,0%,cpu@51.562C,soc2@49.531C,soc0@50.468C,gpu@51.468C,tj@51.562C,soc1@50.531C,VDD_IN,5683mW/5671mW,VDD_CPU_GPU_CV,1309mW/1310mW,VDD_SOC,2380mW/2380mW
07-26-2026,21:28:56,RAM,772/7620MB,(lfb,31x4MB),SWAP,349/3810MB,(cached,2MB),CPU,[0%@1344,0%@1344,0%@1344,0%@1344,0%@1344,0%@1344],GR3D_FREQ,0%,cpu@51.687C,soc2@49.5C,soc0@50.25C,gpu@51.125C,tj@51.687C,soc1@50.531C,VDD_IN,5683mW/5671mW,VDD_CPU_GPU_CV,1309mW/1310mW,VDD_SOC,2380mW/2380mW
07-26-2026,21:28:56,RAM,772/7620MB,(lfb,31x4MB),SWAP,349/3810MB,(cached,2MB),CPU,[0%@1344,0%@1344,0%@1344,0%@1344,0%@1344,0%@1344],GR3D_FREQ,0%,cpu@51.437C,soc2@49.406C,soc0@50.343C,gpu@51.687C,tj@51.687C,soc1@50.75C,VDD_IN,5683mW/5671mW,VDD_CPU_GPU_CV,1309mW/1310mW,VDD_SOC,2380mW/2380mW
07-26-2026,21:28:56,RAM,771/7620MB,(lfb,31x4MB),SWAP,349/3810MB,(cached,2MB),CPU,[0%@1344,0%@1344,0%@1344,0%@1344,9%@1344,0%@1344],GR3D_FREQ,0%,cpu@51.281C,soc2@49.5C,soc0@50.312C,gpu@51.531C,tj@51.531C,soc1@50.406C,VDD_IN,5643mW/5671mW,VDD_CPU_GPU_CV,1309mW/1310mW,VDD_SOC,2380mW/2380mW
07-26-2026,21:28:56,RAM,771/7620MB,(lfb,31x4MB),SWAP,349/3810MB,(cached,2MB),CPU,[0%@1344,0%@1344,0%@1344,0%@1344,0%@1344,0%@1344],GR3D_FREQ,0%,cpu@51.312C,soc2@49.343C,soc0@50.468C,gpu@51.093C,tj@51.5C,soc1@50.468C,VDD_IN,5643mW/5671mW,VDD_CPU_GPU_CV,1309mW/1310mW,VDD_SOC,2380mW/2380mW
07-26-2026,21:28:57,RAM,772/7620MB,(lfb,31x4MB),SWAP,349/3810MB,(cached,2MB),CPU,[9%@1344,0%@1344,0%@1344,0%@1344,0%@1344,0%@1344],GR3D_FREQ,0%,cpu@51.625C,soc2@49.5C,soc0@50.281C,gpu@51.656C,tj@51.656C,soc1@50.687C,VDD_IN,5683mW/5671mW,VDD_CPU_GPU_CV,1309mW/1310mW,VDD_SOC,2380mW/2380mW
07-26-2026,21:28:57,RAM,772/7620MB,(lfb,31x4MB),SWAP,349/3810MB,(cached,2MB),CPU,[0%@1344,0%@1344,0%@1344,0%@1344,0%@1344,0%@1344],GR3D_FREQ,0%,cpu@51.375C,soc2@49.5C,soc0@50.187C,gpu@51.437C,tj@51.437C,soc1@50.718C,VDD_IN,5683mW/5671mW,VDD_CPU_GPU_CV,1309mW/1310mW,VDD_SOC,2380mW/2380mW
07-26-2026,21:28:57,RAM,772/7620MB,(lfb,31x4MB),SWAP,349/3810MB,(cached,2MB),CPU,[0%@1344,0%@1344,0%@1344,0%@1344,0%@1344,0%@1344],GR3D_FREQ,0%,cpu@51.437C,soc2@49.468C,soc0@50.312C,gpu@51.062C,tj@51.281C,soc1@50.343C,VDD_IN,5683mW/5671mW,VDD_CPU_GPU_CV,1309mW/1310mW,VDD_SOC,2380mW/2380mW
07-26-2026,21:28:57,RAM,772/7620MB,(lfb,31x4MB),SWAP,349/3810MB,(cached,2MB),CPU,[0%@1344,16%@1344,0%@1344,0%@1344,0%@1344,0%@1344],GR3D_FREQ,0%,cpu@51.406C,soc2@49.5C,soc0@50.375C,gpu@51.562C,tj@51.562C,soc1@50.437C,VDD_IN,5683mW/5671mW,VDD_CPU_GPU_CV,1309mW/1310mW,VDD_SOC,2380mW/2380mW
07-26-2026,21:28:57,RAM,772/7620MB,(lfb,31x4MB),SWAP,349/3810MB,(cached,2MB),CPU,[16%@1344,0%@1344,0%@1344,0%@1344,0%@1344,0%@1344],GR3D_FREQ,0%,cpu@51.625C,soc2@49.593C,soc0@50.218C,gpu@51.406C,tj@51.625C,soc1@50.562C,VDD_IN,5683mW/5671mW,VDD_CPU_GPU_CV,1309mW/1310mW,VDD_SOC,2380mW/2380mW
07-26-2026,21:28:57,RAM,772/7620MB,(lfb,31x4MB),SWAP,349/3810MB,(cached,2MB),CPU,[0%@1344,0%@1344,0%@1344,0%@1344,0%@1344,0%@1344],GR3D_FREQ,0%,cpu@51.75C,soc2@49.562C,soc0@50.281C,gpu@51.156C,tj@51.75C,soc1@50.625C,VDD_IN,5683mW/5671mW,VDD_CPU_GPU_CV,1309mW/1310mW,VDD_SOC,2380mW/2380mW
07-26-2026,21:28:57,RAM,772/7620MB,(lfb,31x4MB),SWAP,349/3810MB,(cached,2MB),CPU,[0%@1344,0%@1344,0%@1344,0%@1344,0%@1344,0%@1344],GR3D_FREQ,0%,cpu@51.406C,soc2@49.5C,soc0@50.343C,gpu@51.562C,tj@51.562C,soc1@50.406C,VDD_IN,5683mW/5671mW,VDD_CPU_GPU_CV,1309mW/1310mW,VDD_SOC,2380mW/2380mW
07-26-2026,21:28:57,RAM,772/7620MB,(lfb,31x4MB),SWAP,349/3810MB,(cached,2MB),CPU,[0%@1344,0%@1344,0%@1344,0%@1344,0%@1344,0%@1344],GR3D_FREQ,0%,cpu@51.343C,soc2@49.437C,soc0@50.406C,gpu@51.343C,tj@51.343C,soc1@50.375C,VDD_IN,5643mW/5671mW,VDD_CPU_GPU_CV,1309mW/1310mW,VDD_SOC,2380mW/2380mW
07-26-2026,21:28:57,RAM,772/7620MB,(lfb,31x4MB),SWAP,349/3810MB,(cached,2MB),CPU,[9%@1344,0%@1344,0%@1344,0%@1344,0%@1344,0%@1344],GR3D_FREQ,0%,cpu@51.531C,soc2@49.531C,soc0@50.5C,gpu@51.125C,tj@51.531C,soc1@50.5C,VDD_IN,5643mW/5671mW,VDD_CPU_GPU_CV,1309mW/1310mW,VDD_SOC,2380mW/2380mW
07-26-2026,21:28:58,RAM,772/7620MB,(lfb,31x4MB),SWAP,349/3810MB,(cached,2MB),CPU,[0%@1344,0%@1344,0%@1344,9%@1344,0%@1344,8%@1344],GR3D_FREQ,0%,cpu@51.718C,soc2@49.531C,soc0@50.218C,gpu@51.531C,tj@51.718C,soc1@50.687C,VDD_IN,5683mW/5671mW,VDD_CPU_GPU_CV,1309mW/1310mW,VDD_SOC,2380mW/2380mW
07-26-2026,21:28:58,RAM,772/7620MB,(lfb,31x4MB),SWAP,349/3810MB,(cached,2MB),CPU,[9%@1344,0%@1344,0%@1344,0%@1344,0%@1344,0%@1344],GR3D_FREQ,0%,cpu@51.343C,soc2@49.343C,soc0@50.25C,gpu@51.406C,tj@51.406C,soc1@50.718C,VDD_IN,5683mW/5671mW,VDD_CPU_GPU_CV,1309mW/1310mW,VDD_SOC,2380mW/2380mW
07-26-2026,21:28:58,RAM,772/7620MB,(lfb,31x4MB),SWAP,349/3810MB,(cached,2MB),CPU,[0%@1344,0%@1344,0%@1344,0%@1344,0%@1344,0%@1344],GR3D_FREQ,0%,cpu@51.25C,soc2@49.468C,soc0@50.343C,gpu@51.687C,tj@51.687C,soc1@50.5C,VDD_IN,5683mW/5671mW,VDD_CPU_GPU_CV,1309mW/1310mW,VDD_SOC,2380mW/2380mW
07-26-2026,21:28:58,RAM,772/7620MB,(lfb,31x4MB),SWAP,349/3810MB,(cached,2MB),CPU,[9%@1344,0%@1344,0%@1344,0%@1344,0%@1344,0%@1344],GR3D_FREQ,0%,cpu@51.656C,soc2@49.5C,soc0@50.218C,gpu@51.093C,tj@51.656C,soc1@50.593C,VDD_IN,5683mW/5671mW,VDD_CPU_GPU_CV,1309mW/1310mW,VDD_SOC,2380mW/2380mW
07-26-2026,21:28:58,RAM,772/7620MB,(lfb,31x4MB),SWAP,349/3810MB,(cached,2MB),CPU,[0%@1344,0%@1344,0%@1344,0%@1344,0%@1344,0%@1344],GR3D_FREQ,0%,cpu@51.593C,soc2@49.625C,soc0@50.187C,gpu@51.093C,tj@51.593C,soc1@50.718C,VDD_IN,5683mW/5671mW,VDD_CPU_GPU_CV,1309mW/1310mW,VDD_SOC,2380mW/2380mW
07-26-2026,21:28:58,RAM,772/7620MB,(lfb,31x4MB),SWAP,349/3810MB,(cached,2MB),CPU,[0%@1344,0%@1344,0%@1344,0%@1344,0%@1344,0%@1344],GR3D_FREQ,0%,cpu@51.875C,soc2@49.468C,soc0@50.312C,gpu@51.25C,tj@51.406C,soc1@50.437C,VDD_IN,5683mW/5671mW,VDD_CPU_GPU_CV,1309mW/1310mW,VDD_SOC,2380mW/2380mW
07-26-2026,21:28:58,RAM,772/7620MB,(lfb,31x4MB),SWAP,349/3810MB,(cached,2MB),CPU,[9%@1344,0%@1344,0%@1344,0%@1344,0%@1344,0%@1344],GR3D_FREQ,0%,cpu@51.437C,soc2@49.468C,soc0@50.468C,gpu@51.218C,tj@51.437C,soc1@50.406C,VDD_IN,5762mW/5671mW,VDD_CPU_GPU_CV,1309mW/1310mW,VDD_SOC,2380mW/2380mW
07-26-2026,21:28:58,RAM,771/7620MB,(lfb,31x4MB),SWAP,349/3810MB,(cached,2MB),CPU,[0%@1344,0%@1344,0%@1344,0%@1344,0%@1344,0%@1344],GR3D_FREQ,0%,cpu@51.437C,soc2@49.531C,soc0@50.25C,gpu@51.125C,tj@51.437C,soc1@50.531C,VDD_IN,5723mW/5671mW,VDD_CPU_GPU_CV,1309mW/1310mW,VDD_SOC,2380mW/2380mW
07-26-2026,21:28:58,RAM,771/7620MB,(lfb,31x4MB),SWAP,349/3810MB,(cached,2MB),CPU,[0%@1344,0%@1344,0%@1344,0%@1344,0%@1344,0%@1344],GR3D_FREQ,0%,cpu@51.656C,soc2@49.531C,soc0@50.125C,gpu@51.218C,tj@51.656C,soc1@50.687C,VDD_IN,5723mW/5671mW,VDD_CPU_GPU_CV,1309mW/1310mW,VDD_SOC,2380mW/2380mW
07-26-2026,21:28:58,RAM,771/7620MB,(lfb,31x4MB),SWAP,349/3810MB,(cached,2MB),CPU,[0%@1344,0%@1344,0%@1344,0%@1344,0%@1344,0%@1344],GR3D_FREQ,0%,cpu@51.718C,soc2@49.406C,soc0@50.25C,gpu@51.218C,tj@51.718C,soc1@50.375C,VDD_IN,5683mW/5671mW,VDD_CPU_GPU_CV,1309mW/1310mW,VDD_SOC,2380mW/2380mW
07-26-2026,21:28:59,RAM,772/7620MB,(lfb,31x4MB),SWAP,349/3810MB,(cached,2MB),CPU,[0%@1344,0%@1344,9%@1344,0%@1344,0%@1344,0%@1344],GR3D_FREQ,0%,cpu@51.437C,soc2@49.437C,soc0@50.375C,gpu@51.218C,tj@51.437C,soc1@50.468C,VDD_IN,5723mW/5671mW,VDD_CPU_GPU_CV,1309mW/1310mW,VDD_SOC,2380mW/2380mW
07-26-2026,21:28:59,RAM,772/7620MB,(lfb,31x4MB),SWAP,349/3810MB,(cached,2MB),CPU,[0%@1344,9%@1344,0%@1344,0%@1344,0%@1344,0%@1344],GR3D_FREQ,0%,cpu@51.437C,soc2@49.468C,soc0@50.437C,gpu@51.187C,tj@51.437C,soc1@50.593C,VDD_IN,5683mW/5671mW,VDD_CPU_GPU_CV,1309mW/1310mW,VDD_SOC,2380mW/2380mW
07-26-2026,21:28:59,RAM,772/7620MB,(lfb,31x4MB),SWAP,349/3810MB,(cached,2MB),CPU,[0%@1344,0%@1344,0%@1344,0%@1344,0%@1344,0%@1344],GR3D_FREQ,0%,cpu@51.625C,soc2@49.5C,soc0@50.25C,gpu@51.156C,tj@51.625C,soc1@50.687C,VDD_IN,5683mW/5671mW,VDD_CPU_GPU_CV,1309mW/1310mW,VDD_SOC,2380mW/2380mW
07-26-2026,21:28:59,RAM,772/7620MB,(lfb,31x4MB),SWAP,349/3810MB,(cached,2MB),CPU,[16%@1344,10%@1344,0%@1344,0%@1344,0%@1344,0%@1344],GR3D_FREQ,0%,cpu@51.687C,soc2@49.406C,soc0@50.406C,gpu@51.25C,tj@51.718C,soc1@50.781C,VDD_IN,5723mW/5672mW,VDD_CPU_GPU_CV,1309mW/1310mW,VDD_SOC,2380mW/2380mW
07-26-2026,21:28:59,RAM,772/7620MB,(lfb,31x4MB),SWAP,349/3810MB,(cached,2MB),CPU,[0%@1344,0%@1344,0%@1344,8%@1344,0%@1344,0%@1344],GR3D_FREQ,0%,cpu@51.437C,soc2@49.312C,soc0@50.406C,gpu@51.218C,tj@51.437C,soc1@50.375C,VDD_IN,5683mW/5672mW,VDD_CPU_GPU_CV,1309mW/1310mW,VDD_SOC,2380mW/2380mW
07-26-2026,21:28:59,RAM,772/7620MB,(lfb,31x4MB),SWAP,349/3810MB,(cached,2MB),CPU,[0%@1344,0%@1344,0%@1344,0%@1344,0%@1344,0%@1344],GR3D_FREQ,0%,cpu@51.437C,soc2@49.343C,soc0@50.406C,gpu@51.093C,tj@51.437C,soc1@50.531C,VDD_IN,5683mW/5672mW,VDD_CPU_GPU_CV,1309mW/1310mW,VDD_SOC,2380mW/2380mW
07-26-2026,21:28:59,RAM,772/7620MB,(lfb,31x4MB),SWAP,349/3810MB,(cached,2MB),CPU,[0%@1344,0%@1344,0%@1344,0%@1344,0%@1344,0%@1344],GR3D_FREQ,0%,cpu@51.593C,soc2@49.5C,soc0@50.218C,gpu@51.25C,tj@51.593C,soc1@50.593C,VDD_IN,5683mW/5672mW,VDD_CPU_GPU_CV,1309mW/1310mW,VDD_SOC,2380mW/2380mW
07-26-2026,21:28:59,RAM,772/7620MB,(lfb,31x4MB),SWAP,349/3810MB,(cached,2MB),CPU,[9%@1344,0%@1344,0%@1344,0%@1344,0%@1344,0%@1344],GR3D_FREQ,0%,cpu@51.593C,soc2@49.593C,soc0@50.281C,gpu@51.187C,tj@51.593C,soc1@50.718C,VDD_IN,5683mW/5672mW,VDD_CPU_GPU_CV,1309mW/1310mW,VDD_SOC,2380mW/2380mW
07-26-2026,21:28:59,RAM,772/7620MB,(lfb,31x4MB),SWAP,349/3810MB,(cached,2MB),CPU,[0%@1344,0%@1344,0%@1344,0%@1344,0%@1344,0%@1344],GR3D_FREQ,0%,cpu@51.406C,soc2@49.531C,soc0@50.281C,gpu@51.062C,tj@51.406C,soc1@50.5C,VDD_IN,5643mW/5672mW,VDD_CPU_GPU_CV,1309mW/1310mW,VDD_SOC,2380mW/2380mW
07-26-2026,21:29:00,RAM,772/7620MB,(lfb,31x4MB),SWAP,349/3810MB,(cached,2MB),CPU,[0%@1344,0%@1344,0%@1344,0%@1344,0%@1344,0%@1344],GR3D_FREQ,0%,cpu@51.437C,soc2@49.5C,soc0@50.343C,gpu@51.187C,tj@51.437C,soc1@50.468C,VDD_IN,5643mW/5672mW,VDD_CPU_GPU_CV,1309mW/1310mW,VDD_SOC,2380mW/2380mW
07-26-2026,21:29:00,RAM,772/7620MB,(lfb,31x4MB),SWAP,349/3810MB,(cached,2MB),CPU,[0%@1344,0%@1344,9%@1344,0%@1344,0%@1344,0%@1344],GR3D_FREQ,0%,cpu@51.5C,soc2@49.5C,soc0@50.531C,gpu@51.25C,tj@51.531C,soc1@50.625C,VDD_IN,5683mW/5672mW,VDD_CPU_GPU_CV,1309mW/1310mW,VDD_SOC,2380mW/2380mW
07-26-2026,21:29:00,RAM,772/7620MB,(lfb,31x4MB),SWAP,349/3810MB,(cached,2MB),CPU,[0%@1344,0%@1344,0%@1344,0%@1344,0%@1344,0%@1344],GR3D_FREQ,0%,cpu@51.593C,soc2@49.5C,soc0@50.312C,gpu@51.125C,tj@51.593C,soc1@50.718C,VDD_IN,5683mW/5672mW,VDD_CPU_GPU_CV,1309mW/1310mW,VDD_SOC,2380mW/2380mW
07-26-2026,21:29:00,RAM,772/7620MB,(lfb,31x4MB),SWAP,349/3810MB,(cached,2MB),CPU,[9%@1344,0%@1344,0%@1344,0%@1344,0%@1344,0%@1344],GR3D_FREQ,0%,cpu@51.375C,soc2@49.375C,soc0@50.5C,gpu@51.593C,tj@51.593C,soc1@50.406C,VDD_IN,5683mW/5672mW,VDD_CPU_GPU_CV,1309mW/1310mW,VDD_SOC,2380mW/2380mW
07-26-2026,21:29:00,RAM,772/7620MB,(lfb,31x4MB),SWAP,349/3810MB,(cached,2MB),CPU,[0%@1344,8%@1344,0%@1344,0%@1344,0%@1344,0%@1344],GR3D_FREQ,0%,cpu@51.406C,soc2@49.5C,soc0@50.531C,gpu@51.375C,tj@51.406C,soc1@50.5C,VDD_IN,5683mW/5672mW,VDD_CPU_GPU_CV,1309mW/1310mW,VDD_SOC,2380mW/2380mW
07-26-2026,21:29:00,RAM,772/7620MB,(lfb,31x4MB),SWAP,349/3810MB,(cached,2MB),CPU,[0%@1344,0%@1344,0%@1344,0%@1344,0%@1344,0%@1344],GR3D_FREQ,0%,cpu@51.468C,soc2@49.468C,soc0@50.25C,gpu@51.281C,tj@51.468C,soc1@50.562C,VDD_IN,5683mW/5672mW,VDD_CPU_GPU_CV,1309mW/1310mW,VDD_SOC,2380mW/2380mW
07-26-2026,21:29:00,RAM,772/7620MB,(lfb,31x4MB),SWAP,349/3810MB,(cached,2MB),CPU,[0%@1344,0%@1344,0%@1344,0%@1344,0%@1344,0%@1344],GR3D_FREQ,0%,cpu@51.468C,soc2@49.437C,soc0@50.312C,gpu@51.531C,tj@51.531C,soc1@50.781C,VDD_IN,5683mW/5672mW,VDD_CPU_GPU_CV,1309mW/1310mW,VDD_SOC,2380mW/2380mW
07-26-2026,21:29:00,RAM,772/7620MB,(lfb,31x4MB),SWAP,349/3810MB,(cached,2MB),CPU,[9%@1344,0%@1344,0%@1344,0%@1344,0%@1344,0%@1344],GR3D_FREQ,0%,cpu@51.343C,soc2@49.468C,soc0@50.281C,gpu@51.437C,tj@51.437C,soc1@50.406C,VDD_IN,5683mW/5672mW,VDD_CPU_GPU_CV,1309mW/1310mW,VDD_SOC,2380mW/2380mW
07-26-2026,21:29:00,RAM,772/7620MB,(lfb,31x4MB),SWAP,349/3810MB,(cached,2MB),CPU,[0%@1344,0%@1344,0%@1344,0%@1344,0%@1344,0%@1344],GR3D_FREQ,0%,cpu@51.312C,soc2@49.593C,soc0@50.5C,gpu@51.281C,tj@51.312C,soc1@50.5C,VDD_IN,5643mW/5672mW,VDD_CPU_GPU_CV,1309mW/1310mW,VDD_SOC,2380mW/2380mW
07-26-2026,21:29:00,RAM,772/7620MB,(lfb,31x4MB),SWAP,349/3810MB,(cached,2MB),CPU,[9%@1344,0%@1344,0%@1344,0%@1344,0%@1344,0%@1344],GR3D_FREQ,0%,cpu@51.437C,soc2@49.593C,soc0@50.281C,gpu@51.5C,tj@51.5C,soc1@50.656C,VDD_IN,5643mW/5672mW,VDD_CPU_GPU_CV,1309mW/1310mW,VDD_SOC,2380mW/2380mW
07-26-2026,21:29:01,RAM,772/7620MB,(lfb,31x4MB),SWAP,349/3810MB,(cached,2MB),CPU,[0%@1344,0%@1344,0%@1344,0%@1344,0%@1344,8%@1344],GR3D_FREQ,0%,cpu@51.562C,soc2@49.656C,soc0@50.375C,gpu@51.437C,tj@51.562C,soc1@50.75C,VDD_IN,5683mW/5672mW,VDD_CPU_GPU_CV,1309mW/1310mW,VDD_SOC,2380mW/2380mW
07-26-2026,21:29:01,RAM,772/7620MB,(lfb,31x4MB),SWAP,349/3810MB,(cached,2MB),CPU,[15%@1344,0%@1344,0%@1344,0%@1344,0%@1344,0%@1344],GR3D_FREQ,0%,cpu@51.375C,soc2@49.468C,soc0@50.312C,gpu@51.25C,tj@51.375C,soc1@50.437C,VDD_IN,5683mW/5672mW,VDD_CPU_GPU_CV,1309mW/1310mW,VDD_SOC,2380mW/2380mW
07-26-2026,21:29:01,RAM,772/7620MB,(lfb,31x4MB),SWAP,349/3810MB,(cached,2MB),CPU,[0%@1344,0%@1344,0%@1344,0%@1344,0%@1344,8%@1344],GR3D_FREQ,0%,cpu@51.343C,soc2@49.375C,soc0@50.375C,gpu@51.437C,tj@51.437C,soc1@50.375C,VDD_IN,5683mW/5672mW,VDD_CPU_GPU_CV,1309mW/1310mW,VDD_SOC,2380mW/2380mW
07-26-2026,21:29:01,RAM,772/7620MB,(lfb,31x4MB),SWAP,349/3810MB,(cached,2MB),CPU,[9%@1344,9%@1344,0%@1344,0%@1344,0%@1344,0%@1344],GR3D_FREQ,0%,cpu@51.437C,soc2@49.468C,soc0@50.312C,gpu@51.281C,tj@51.437C,soc1@50.531C,VDD_IN,5683mW/5672mW,VDD_CPU_GPU_CV,1309mW/1310mW,VDD_SOC,2380mW/2380mW
07-26-2026,21:29:01,RAM,772/7620MB,(lfb,31x4MB),SWAP,349/3810MB,(cached,2MB),CPU,[0%@1344,9%@1344,0%@1344,0%@1344,0%@1344,0%@1344],GR3D_FREQ,0%,cpu@51.5C,soc2@49.5C,soc0@50.312C,gpu@51.25C,tj@51.5C,soc1@50.718C,VDD_IN,5683mW/5672mW,VDD_CPU_GPU_CV,1309mW/1310mW,VDD_SOC,2380mW/2380mW
07-26-2026,21:29:01,RAM,772/7620MB,(lfb,31x4MB),SWAP,349/3810MB,(cached,2MB),CPU,[0%@1344,0%@1344,0%@1344,0%@1344,0%@1344,0%@1344],GR3D_FREQ,0%,cpu@51.437C,soc2@49.437C,soc0@50.281C,gpu@51.406C,tj@51.437C,soc1@50.437C,VDD_IN,5683mW/5672mW,VDD_CPU_GPU_CV,1309mW/1310mW,VDD_SOC,2380mW/2380mW
07-26-2026,21:29:01,RAM,772/7620MB,(lfb,31x4MB),SWAP,349/3810MB,(cached,2MB),CPU,[0%@1344,0%@1344,0%@1344,0%@1344,0%@1344,0%@1344],GR3D_FREQ,0%,cpu@51.437C,soc2@49.437C,soc0@50.406C,gpu@51.343C,tj@51.437C,soc1@50.468C,VDD_IN,5683mW/5672mW,VDD_CPU_GPU_CV,1309mW/1310mW,VDD_SOC,2380mW/2380mW
07-26-2026,21:29:01,RAM,771/7620MB,(lfb,31x4MB),SWAP,349/3810MB,(cached,2MB),CPU,[0%@1344,0%@1344,0%@1344,0%@1344,0%@1344,0%@1344],GR3D_FREQ,0%,cpu@51.406C,soc2@49.5C,soc0@50.5C,gpu@51.218C,tj@51.406C,soc1@50.468C,VDD_IN,5683mW/5672mW,VDD_CPU_GPU_CV,1309mW/1310mW,VDD_SOC,2380mW/2380mW
07-26-2026,21:29:01,RAM,771/7620MB,(lfb,31x4MB),SWAP,349/3810MB,(cached,2MB),CPU,[0%@1344,0%@1344,0%@1344,0%@1344,0%@1344,0%@1344],GR3D_FREQ,0%,cpu@51.437C,soc2@49.5C,soc0@50.312C,gpu@51.343C,tj@51.437C,soc1@50.687C,VDD_IN,5643mW/5672mW,VDD_CPU_GPU_CV,1309mW/1310mW,VDD_SOC,2380mW/2380mW
07-26-2026,21:29:02,RAM,771/7620MB,(lfb,31x4MB),SWAP,349/3810MB,(cached,2MB),CPU,[0%@1344,0%@1344,0%@1344,0%@1344,0%@1344,0%@1344],GR3D_FREQ,0%,cpu@51.5C,soc2@49.406C,soc0@50.25C,gpu@51.312C,tj@51.5C,soc1@50.406C,VDD_IN,5643mW/5672mW,VDD_CPU_GPU_CV,1309mW/1310mW,VDD_SOC,2380mW/2380mW
07-26-2026,21:29:02,RAM,772/7620MB,(lfb,31x4MB),SWAP,349/3810MB,(cached,2MB),CPU,[9%@1344,0%@1344,0%@1344,0%@1344,8%@1344,0%@1344],GR3D_FREQ,0%,cpu@51.281C,soc2@49.468C,soc0@50.343C,gpu@51.187C,tj@51.281C,soc1@50.406C,VDD_IN,5683mW/5672mW,VDD_CPU_GPU_CV,1309mW/1310mW,VDD_SOC,2380mW/2380mW
07-26-2026,21:29:02,RAM,772/7620MB,(lfb,31x4MB),SWAP,349/3810MB,(cached,2MB),CPU,[9%@1344,0%@1344,0%@1344,0%@1344,0%@1344,0%@1344],GR3D_FREQ,0%,cpu@51.468C,soc2@49.5C,soc0@50.5C,gpu@51.437C,tj@51.468C,soc1@50.562C,VDD_IN,5683mW/5672mW,VDD_CPU_GPU_CV,1309mW/1310mW,VDD_SOC,2380mW/2380mW
07-26-2026,21:29:02,RAM,772/7620MB,(lfb,31x4MB),SWAP,349/3810MB,(cached,2MB),CPU,[9%@1344,0%@1344,0%@1344,0%@1344,0%@1344,0%@1344],GR3D_FREQ,0%,cpu@51.343C,soc2@49.531C,soc0@50.25C,gpu@51.093C,tj@51.343C,soc1@50.75C,VDD_IN,5683mW/5672mW,VDD_CPU_GPU_CV,1309mW/1310mW,VDD_SOC,2380mW/2380mW
07-26-2026,21:29:02,RAM,772/7620MB,(lfb,31x4MB),SWAP,349/3810MB,(cached,2MB),CPU,[0%@1344,0%@1344,0%@1344,0%@1344,0%@1344,0%@1344],GR3D_FREQ,0%,cpu@51.25C,soc2@49.406C,soc0@50.312C,gpu@51.25C,tj@51.25C,soc1@50.468C,VDD_IN,5683mW/5672mW,VDD_CPU_GPU_CV,1309mW/1310mW,VDD_SOC,2380mW/2380mW
07-26-2026,21:29:02,RAM,772/7620MB,(lfb,31x4MB),SWAP,349/3810MB,(cached,2MB),CPU,[0%@1344,0%@1344,0%@1344,0%@1344,0%@1344,0%@1344],GR3D_FREQ,0%,cpu@51.281C,soc2@49.531C,soc0@50.375C,gpu@51.187C,tj@51.281C,soc1@50.406C,VDD_IN,5683mW/5672mW,VDD_CPU_GPU_CV,1309mW/1310mW,VDD_SOC,2380mW/2380mW
07-26-2026,21:29:02,RAM,772/7620MB,(lfb,31x4MB),SWAP,349/3810MB,(cached,2MB),CPU,[0%@1344,0%@1344,0%@1344,0%@1344,0%@1344,0%@1344],GR3D_FREQ,0%,cpu@51.718C,soc2@49.5C,soc0@50.25C,gpu@51.687C,tj@51.718C,soc1@50.468C,VDD_IN,5683mW/5672mW,VDD_CPU_GPU_CV,1309mW/1310mW,VDD_SOC,2380mW/2380mW
07-26-2026,21:29:02,RAM,771/7620MB,(lfb,31x4MB),SWAP,349/3810MB,(cached,2MB),CPU,[0%@1344,0%@1344,0%@1344,0%@1344,0%@1344,0%@1344],GR3D_FREQ,0%,cpu@51.75C,soc2@49.5C,soc0@50.218C,gpu@51.093C,tj@51.75C,soc1@50.656C,VDD_IN,5683mW/5672mW,VDD_CPU_GPU_CV,1309mW/1310mW,VDD_SOC,2380mW/2380mW
07-26-2026,21:29:02,RAM,771/7620MB,(lfb,31x4MB),SWAP,349/3810MB,(cached,2MB),CPU,[0%@1344,0%@1344,0%@1344,0%@1344,0%@1344,0%@1344],GR3D_FREQ,0%,cpu@51.468C,soc2@49.406C,soc0@50.343C,gpu@51.062C,tj@51.312C,soc1@50.343C,VDD_IN,5683mW/5672mW,VDD_CPU_GPU_CV,1309mW/1310mW,VDD_SOC,2380mW/2380mW
07-26-2026,21:29:02,RAM,771/7620MB,(lfb,31x4MB),SWAP,349/3810MB,(cached,2MB),CPU,[8%@1344,0%@1344,0%@1344,0%@1344,0%@1344,0%@1344],GR3D_FREQ,0%,cpu@51.281C,soc2@49.5C,soc0@50.406C,gpu@51.562C,tj@51.562C,soc1@50.468C,VDD_IN,5683mW/5672mW,VDD_CPU_GPU_CV,1309mW/1310mW,VDD_SOC,2380mW/2380mW
07-26-2026,21:29:03,RAM,772/7620MB,(lfb,31x4MB),SWAP,349/3810MB,(cached,2MB),CPU,[0%@1344,0%@1344,9%@1344,0%@1344,0%@1344,9%@1344],GR3D_FREQ,0%,cpu@51.718C,soc2@49.468C,soc0@50.5C,gpu@51.156C,tj@51.718C,soc1@50.5C,VDD_IN,5683mW/5672mW,VDD_CPU_GPU_CV,1309mW/1310mW,VDD_SOC,2380mW/2380mW
07-26-2026,21:29:03,RAM,772/7620MB,(lfb,31x4MB),SWAP,349/3810MB,(cached,2MB),CPU,[9%@1344,0%@1344,0%@1344,0%@1344,0%@1344,0%@1344],GR3D_FREQ,0%,cpu@51.687C,soc2@49.531C,soc0@50.25C,gpu@51.156C,tj@51.687C,soc1@50.75C,VDD_IN,5683mW/5672mW,VDD_CPU_GPU_CV,1309mW/1310mW,VDD_SOC,2380mW/2380mW
07-26-2026,21:29:03,RAM,772/7620MB,(lfb,31x4MB),SWAP,349/3810MB,(cached,2MB),CPU,[0%@1344,0%@1344,0%@1344,0%@1344,0%@1344,0%@1344],GR3D_FREQ,0%,cpu@51.343C,soc2@49.437C,soc0@50.312C,gpu@51.593C,tj@51.593C,soc1@50.843C,VDD_IN,5683mW/5672mW,VDD_CPU_GPU_CV,1309mW/1310mW,VDD_SOC,2380mW/2380mW
07-26-2026,21:29:03,RAM,772/7620MB,(lfb,31x4MB),SWAP,349/3810MB,(cached,2MB),CPU,[16%@1344,18%@1344,0%@1344,0%@1344,0%@1344,0%@1344],GR3D_FREQ,0%,cpu@51.281C,soc2@49.5C,soc0@50.406C,gpu@51.187C,tj@51.281C,soc1@50.5C,VDD_IN,5683mW/5672mW,VDD_CPU_GPU_CV,1309mW/1310mW,VDD_SOC,2380mW/2380mW
07-26-2026,21:29:03,RAM,772/7620MB,(lfb,31x4MB),SWAP,349/3810MB,(cached,2MB),CPU,[0%@1344,0%@1344,0%@1344,0%@1344,0%@1344,0%@1344],GR3D_FREQ,0%,cpu@51.562C,soc2@49.5C,soc0@50.406C,gpu@51.125C,tj@51.562C,soc1@50.406C,VDD_IN,5683mW/5672mW,VDD_CPU_GPU_CV,1309mW/1310mW,VDD_SOC,2380mW/2380mW
07-26-2026,21:29:03,RAM,772/7620MB,(lfb,31x4MB),SWAP,349/3810MB,(cached,2MB),CPU,[0%@1344,0%@1344,0%@1344,0%@1344,0%@1344,0%@1344],GR3D_FREQ,0%,cpu@51.625C,soc2@49.593C,soc0@50.25C,gpu@51.562C,tj@51.625C,soc1@50.625C,VDD_IN,5683mW/5672mW,VDD_CPU_GPU_CV,1309mW/1310mW,VDD_SOC,2380mW/2380mW
07-26-2026,21:29:03,RAM,772/7620MB,(lfb,31x4MB),SWAP,349/3810MB,(cached,2MB),CPU,[0%@1344,0%@1344,0%@1344,8%@1344,9%@1344,0%@1344],GR3D_FREQ,0%,cpu@51.937C,soc2@49.531C,soc0@50.25C,gpu@51.125C,tj@51.937C,soc1@50.75C,VDD_IN,5723mW/5672mW,VDD_CPU_GPU_CV,1309mW/1310mW,VDD_SOC,2380mW/2380mW
07-26-2026,21:29:03,RAM,772/7620MB,(lfb,31x4MB),SWAP,349/3810MB,(cached,2MB),CPU,[0%@1344,0%@1344,0%@1344,0%@1344,0%@1344,0%@1344],GR3D_FREQ,0%,cpu@51.312C,soc2@49.531C,soc0@50.375C,gpu@51.156C,tj@51.312C,soc1@50.406C,VDD_IN,5723mW/5672mW,VDD_CPU_GPU_CV,1309mW/1310mW,VDD_SOC,2380mW/2380mW
07-26-2026,21:29:03,RAM,772/7620MB,(lfb,31x4MB),SWAP,349/3810MB,(cached,2MB),CPU,[0%@1344,0%@1344,0%@1344,0%@1344,0%@1344,0%@1344],GR3D_FREQ,0%,cpu@51.25C,soc2@49.5C,soc0@50.5C,gpu@51.531C,tj@51.531C,soc1@50.468C,VDD_IN,5723mW/5672mW,VDD_CPU_GPU_CV,1309mW/1310mW,VDD_SOC,2380mW/2380mW
07-26-2026,21:29:04,RAM,772/7620MB,(lfb,31x4MB),SWAP,349/3810MB,(cached,2MB),CPU,[0%@1344,0%@1344,0%@1344,0%@1344,0%@1344,0%@1344],GR3D_FREQ,0%,cpu@51.531C,soc2@49.5C,soc0@50.593C,gpu@51.187C,tj@51.531C,soc1@50.562C,VDD_IN,5683mW/5672mW,VDD_CPU_GPU_CV,1309mW/1310mW,VDD_SOC,2380mW/2380mW
07-26-2026,21:29:04,RAM,772/7620MB,(lfb,31x4MB),SWAP,349/3810MB,(cached,2MB),CPU,[0%@1344,0%@1344,8%@1344,0%@1344,0%@1344,9%@1344],GR3D_FREQ,0%,cpu@51.781C,soc2@49.625C,soc0@50.375C,gpu@51.125C,tj@51.781C,soc1@50.687C,VDD_IN,5723mW/5672mW,VDD_CPU_GPU_CV,1309mW/1310mW,VDD_SOC,2380mW/2380mW
07-26-2026,21:29:04,RAM,772/7620MB,(lfb,31x4MB),SWAP,349/3810MB,(cached,2MB),CPU,[9%@1344,0%@1344,0%@1344,0%@1344,0%@1344,0%@1344],GR3D_FREQ,0%,cpu@51.25C,soc2@49.468C,soc0@50.281C,gpu@51.5C,tj@51.5C,soc1@50.468C,VDD_IN,5723mW/5672mW,VDD_CPU_GPU_CV,1309mW/1310mW,VDD_SOC,2380mW/2380mW
07-26-2026,21:29:04,RAM,772/7620MB,(lfb,31x4MB),SWAP,349/3810MB,(cached,2MB),CPU,[8%@1344,0%@1344,0%@1344,0%@1344,0%@1344,0%@1344],GR3D_FREQ,0%,cpu@51.468C,soc2@49.5C,soc0@50.5C,gpu@51.437C,tj@51.468C,soc1@50.531C,VDD_IN,5723mW/5672mW,VDD_CPU_GPU_CV,1309mW/1310mW,VDD_SOC,2380mW/2380mW
07-26-2026,21:29:04,RAM,772/7620MB,(lfb,31x4MB),SWAP,349/3810MB,(cached,2MB),CPU,[0%@1344,9%@1344,0%@1344,0%@1344,0%@1344,0%@1344],GR3D_FREQ,0%,cpu@51.468C,soc2@49.656C,soc0@50.218C,gpu@51.218C,tj@51.468C,soc1@50.687C,VDD_IN,5723mW/5672mW,VDD_CPU_GPU_CV,1309mW/1310mW,VDD_SOC,2380mW/2380mW
07-26-2026,21:29:04,RAM,772/7620MB,(lfb,31x4MB),SWAP,349/3810MB,(cached,2MB),CPU,[0%@1344,0%@1344,0%@1344,0%@1344,0%@1344,0%@1344],GR3D_FREQ,0%,cpu@51.593C,soc2@49.406C,soc0@50.281C,gpu@51.156C,tj@51.593C,soc1@50.718C,VDD_IN,5683mW/5672mW,VDD_CPU_GPU_CV,1309mW/1310mW,VDD_SOC,2380mW/2380mW
07-26-2026,21:29:04,RAM,772/7620MB,(lfb,31x4MB),SWAP,349/3810MB,(cached,2MB),CPU,[16%@1344,0%@1344,0%@1344,0%@1344,0%@1344,0%@1344],GR3D_FREQ,0%,cpu@51.343C,soc2@49.531C,soc0@50.437C,gpu@51.312C,tj@51.343C,soc1@50.468C,VDD_IN,5683mW/5672mW,VDD_CPU_GPU_CV,1309mW/1310mW,VDD_SOC,2380mW/2380mW
07-26-2026,21:29:04,RAM,772/7620MB,(lfb,31x4MB),SWAP,349/3810MB,(cached,2MB),CPU,[0%@1344,0%@1344,0%@1344,0%@1344,0%@1344,0%@1344],GR3D_FREQ,0%,cpu@51.5C,soc2@49.5C,soc0@50.468C,gpu@51.187C,tj@51.5C,soc1@50.5C,VDD_IN,5683mW/5672mW,VDD_CPU_GPU_CV,1309mW/1310mW,VDD_SOC,2380mW/2380mW
07-26-2026,21:29:04,RAM,772/7620MB,(lfb,31x4MB),SWAP,349/3810MB,(cached,2MB),CPU,[8%@1344,0%@1344,0%@1344,0%@1344,0%@1344,0%@1344],GR3D_FREQ,0%,cpu@51.562C,soc2@49.625C,soc0@50.312C,gpu@51.406C,tj@51.562C,soc1@50.531C,VDD_IN,5683mW/5672mW,VDD_CPU_GPU_CV,1309mW/1310mW,VDD_SOC,2380mW/2380mW
07-26-2026,21:29:04,RAM,772/7620MB,(lfb,31x4MB),SWAP,349/3810MB,(cached,2MB),CPU,[0%@1344,0%@1344,0%@1344,0%@1344,0%@1344,0%@1344],GR3D_FREQ,0%,cpu@51.625C,soc2@49.593C,soc0@50.406C,gpu@51.343C,tj@51.625C,soc1@50.687C,VDD_IN,5683mW/5672mW,VDD_CPU_GPU_CV,1309mW/1310mW,VDD_SOC,2380mW/2380mW
07-26-2026,21:29:05,RAM,772/7620MB,(lfb,31x4MB),SWAP,349/3810MB,(cached,2MB),CPU,[0%@1344,16%@1344,0%@1344,0%@1344,0%@1344,0%@1344],GR3D_FREQ,0%,cpu@51.343C,soc2@49.5C,soc0@50.437C,gpu@51.218C,tj@51.343C,soc1@50.468C,VDD_IN,5683mW/5672mW,VDD_CPU_GPU_CV,1309mW/1310mW,VDD_SOC,2380mW/2380mW
07-26-2026,21:29:05,RAM,772/7620MB,(lfb,31x4MB),SWAP,349/3810MB,(cached,2MB),CPU,[0%@1344,0%@1344,0%@1344,0%@1344,0%@1344,0%@1344],GR3D_FREQ,0%,cpu@51.5C,soc2@49.531C,soc0@50.406C,gpu@51.5C,tj@51.5C,soc1@50.593C,VDD_IN,5683mW/5672mW,VDD_CPU_GPU_CV,1309mW/1310mW,VDD_SOC,2380mW/2380mW
07-26-2026,21:29:05,RAM,772/7620MB,(lfb,31x4MB),SWAP,349/3810MB,(cached,2MB),CPU,[0%@1344,0%@1344,0%@1344,0%@1344,0%@1344,0%@1344],GR3D_FREQ,0%,cpu@51.5C,soc2@49.5C,soc0@50.312C,gpu@51.312C,tj@51.531C,soc1@50.593C,VDD_IN,5683mW/5672mW,VDD_CPU_GPU_CV,1309mW/1310mW,VDD_SOC,2380mW/2380mW
07-26-2026,21:29:05,RAM,772/7620MB,(lfb,31x4MB),SWAP,349/3810MB,(cached,2MB),CPU,[9%@1344,10%@1344,0%@1344,0%@1344,0%@1344,0%@1344],GR3D_FREQ,0%,cpu@51.5C,soc2@49.5C,soc0@50.156C,gpu@51.218C,tj@51.5C,soc1@50.687C,VDD_IN,5683mW/5672mW,VDD_CPU_GPU_CV,1309mW/1310mW,VDD_SOC,2380mW/2380mW
07-26-2026,21:29:05,RAM,772/7620MB,(lfb,31x4MB),SWAP,349/3810MB,(cached,2MB),CPU,[0%@1344,8%@1344,0%@1344,0%@1344,0%@1344,0%@1344],GR3D_FREQ,0%,cpu@51.5C,soc2@49.5C,soc0@50.312C,gpu@51.406C,tj@51.5C,soc1@50.437C,VDD_IN,5683mW/5672mW,VDD_CPU_GPU_CV,1309mW/1310mW,VDD_SOC,2380mW/2380mW
07-26-2026,21:29:05,RAM,772/7620MB,(lfb,31x4MB),SWAP,349/3810MB,(cached,2MB),CPU,[0%@1344,0%@1344,0%@1344,0%@1344,0%@1344,0%@1344],GR3D_FREQ,0%,cpu@51.375C,soc2@49.468C,soc0@50.406C,gpu@51.25C,tj@51.375C,soc1@50.468C,VDD_IN,5683mW/5672mW,VDD_CPU_GPU_CV,1309mW/1310mW,VDD_SOC,2380mW/2380mW
07-26-2026,21:29:05,RAM,772/7620MB,(lfb,31x4MB),SWAP,349/3810MB,(cached,2MB),CPU,[0%@1344,0%@1344,0%@1344,0%@1344,0%@1344,0%@1344],GR3D_FREQ,0%,cpu@51.437C,soc2@49.562C,soc0@50.593C,gpu@51.25C,tj@51.437C,soc1@50.531C,VDD_IN,5683mW/5672mW,VDD_CPU_GPU_CV,1309mW/1310mW,VDD_SOC,2380mW/2380mW
07-26-2026,21:29:05,RAM,772/7620MB,(lfb,31x4MB),SWAP,349/3810MB,(cached,2MB),CPU,[0%@1344,0%@1344,0%@1344,0%@1344,0%@1344,0%@1344],GR3D_FREQ,0%,cpu@51.531C,soc2@49.562C,soc0@50.25C,gpu@51.375C,tj@51.531C,soc1@50.593C,VDD_IN,5683mW/5672mW,VDD_CPU_GPU_CV,1309mW/1310mW,VDD_SOC,2380mW/2380mW
07-26-2026,21:29:05,RAM,772/7620MB,(lfb,31x4MB),SWAP,349/3810MB,(cached,2MB),CPU,[9%@1344,0%@1344,0%@1344,0%@1344,0%@1344,0%@1344],GR3D_FREQ,0%,cpu@51.625C,soc2@49.375C,soc0@50.312C,gpu@51.281C,tj@51.625C,soc1@50.75C,VDD_IN,5643mW/5672mW,VDD_CPU_GPU_CV,1309mW/1310mW,VDD_SOC,2380mW/2380mW
07-26-2026,21:29:06,RAM,772/7620MB,(lfb,31x4MB),SWAP,349/3810MB,(cached,2MB),CPU,[0%@1344,0%@1344,0%@1344,0%@1344,0%@1344,0%@1344],GR3D_FREQ,0%,cpu@51.312C,soc2@49.5C,soc0@50.343C,gpu@51.156C,tj@51.312C,soc1@50.531C,VDD_IN,5643mW/5672mW,VDD_CPU_GPU_CV,1309mW/1310mW,VDD_SOC,2380mW/2380mW
07-26-2026,21:29:06,RAM,772/7620MB,(lfb,31x4MB),SWAP,349/3810MB,(cached,2MB),CPU,[0%@1344,0%@1344,9%@1344,9%@1344,0%@1344,0%@1344],GR3D_FREQ,0%,cpu@51.437C,soc2@49.5C,soc0@50.468C,gpu@51.281C,tj@51.437C,soc1@50.5C,VDD_IN,5683mW/5672mW,VDD_CPU_GPU_CV,1309mW/1310mW,VDD_SOC,2380mW/2380mW
07-26-2026,21:29:06,RAM,772/7620MB,(lfb,31x4MB),SWAP,349/3810MB,(cached,2MB),CPU,[0%@1344,0%@1344,0%@1344,0%@1344,0%@1344,0%@1344],GR3D_FREQ,0%,cpu@51.437C,soc2@49.562C,soc0@50.25C,gpu@51.281C,tj@51.531C,soc1@50.562C,VDD_IN,5683mW/5672mW,VDD_CPU_GPU_CV,1309mW/1310mW,VDD_SOC,2380mW/2380mW
07-26-2026,21:29:06,RAM,772/7620MB,(lfb,31x4MB),SWAP,349/3810MB,(cached,2MB),CPU,[0%@1344,0%@1344,0%@1344,0%@1344,0%@1344,0%@1344],GR3D_FREQ,0%,cpu@51.281C,soc2@49.437C,soc0@50.375C,gpu@51.5C,tj@51.5C,soc1@50.562C,VDD_IN,5683mW/5672mW,VDD_CPU_GPU_CV,1309mW/1310mW,VDD_SOC,2380mW/2380mW
07-26-2026,21:29:06,RAM,772/7620MB,(lfb,31x4MB),SWAP,349/3810MB,(cached,2MB),CPU,[0%@1344,9%@1344,0%@1344,0%@1344,0%@1344,0%@1344],GR3D_FREQ,0%,cpu@51.406C,soc2@49.468C,soc0@50.437C,gpu@51.156C,tj@51.406C,soc1@50.5C,VDD_IN,5683mW/5672mW,VDD_CPU_GPU_CV,1309mW/1310mW,VDD_SOC,2380mW/2380mW
07-26-2026,21:29:06,RAM,772/7620MB,(lfb,31x4MB),SWAP,349/3810MB,(cached,2MB),CPU,[0%@1344,0%@1344,0%@1344,0%@1344,0%@1344,0%@1344],GR3D_FREQ,0%,cpu@51.406C,soc2@49.5C,soc0@50.187C,gpu@51.562C,tj@51.562C,soc1@50.5C,VDD_IN,5683mW/5672mW,VDD_CPU_GPU_CV,1309mW/1310mW,VDD_SOC,2380mW/2380mW
07-26-2026,21:29:06,RAM,772/7620MB,(lfb,31x4MB),SWAP,349/3810MB,(cached,2MB),CPU,[9%@1344,0%@1344,0%@1344,0%@1344,0%@1344,0%@1344],GR3D_FREQ,0%,cpu@51.468C,soc2@49.625C,soc0@50.281C,gpu@51.468C,tj@51.468C,soc1@50.656C,VDD_IN,5683mW/5672mW,VDD_CPU_GPU_CV,1309mW/1310mW,VDD_SOC,2380mW/2380mW
07-26-2026,21:29:06,RAM,772/7620MB,(lfb,31x4MB),SWAP,349/3810MB,(cached,2MB),CPU,[0%@1344,0%@1344,0%@1344,0%@1344,0%@1344,0%@1344],GR3D_FREQ,0%,cpu@51.468C,soc2@49.406C,soc0@50.343C,gpu@51.156C,tj@51.468C,soc1@50.437C,VDD_IN,5683mW/5672mW,VDD_CPU_GPU_CV,1309mW/1310mW,VDD_SOC,2380mW/2380mW
07-26-2026,21:29:06,RAM,772/7620MB,(lfb,31x4MB),SWAP,349/3810MB,(cached,2MB),CPU,[0%@1344,0%@1344,0%@1344,0%@1344,0%@1344,0%@1344],GR3D_FREQ,0%,cpu@51.312C,soc2@49.468C,soc0@50.406C,gpu@51.5C,tj@51.5C,soc1@50.468C,VDD_IN,5643mW/5672mW,VDD_CPU_GPU_CV,1309mW/1310mW,VDD_SOC,2380mW/2380mW
07-26-2026,21:29:06,RAM,772/7620MB,(lfb,31x4MB),SWAP,349/3810MB,(cached,2MB),CPU,[0%@1344,0%@1344,0%@1344,0%@1344,0%@1344,0%@1344],GR3D_FREQ,0%,cpu@51.406C,soc2@49.5C,soc0@50.593C,gpu@51.375C,tj@51.406C,soc1@50.562C,VDD_IN,5643mW/5672mW,VDD_CPU_GPU_CV,1309mW/1310mW,VDD_SOC,2380mW/2380mW
07-26-2026,21:29:07,RAM,772/7620MB,(lfb,31x4MB),SWAP,349/3810MB,(cached,2MB),CPU,[0%@1344,0%@1344,0%@1344,0%@1344,0%@1344,0%@1344],GR3D_FREQ,0%,cpu@51.593C,soc2@49.593C,soc0@50.281C,gpu@51.062C,tj@51.593C,soc1@50.687C,VDD_IN,5643mW/5672mW,VDD_CPU_GPU_CV,1309mW/1310mW,VDD_SOC,2380mW/2380mW
07-26-2026,21:29:07,RAM,772/7620MB,(lfb,31x4MB),SWAP,349/3810MB,(cached,2MB),CPU,[9%@1344,0%@1344,0%@1344,0%@1344,0%@1344,9%@1344],GR3D_FREQ,0%,cpu@51.593C,soc2@49.5C,soc0@50.312C,gpu@51.593C,tj@51.593C,soc1@50.75C,VDD_IN,5683mW/5672mW,VDD_CPU_GPU_CV,1309mW/1310mW,VDD_SOC,2380mW/2380mW
07-26-2026,21:29:07,RAM,772/7620MB,(lfb,31x4MB),SWAP,349/3810MB,(cached,2MB),CPU,[0%@1344,0%@1344,0%@1344,0%@1344,0%@1344,0%@1344],GR3D_FREQ,0%,cpu@51.343C,soc2@49.468C,soc0@50.343C,gpu@51.375C,tj@51.375C,soc1@50.468C,VDD_IN,5683mW/5672mW,VDD_CPU_GPU_CV,1309mW/1310mW,VDD_SOC,2380mW/2380mW
07-26-2026,21:29:07,RAM,772/7620MB,(lfb,31x4MB),SWAP,349/3810MB,(cached,2MB),CPU,[10%@1344,16%@1344,0%@1344,0%@1344,0%@1344,0%@1344],GR3D_FREQ,0%,cpu@51.406C,soc2@49.5C,soc0@50.468C,gpu@51.687C,tj@51.687C,soc1@50.593C,VDD_IN,5683mW/5672mW,VDD_CPU_GPU_CV,1349mW/1310mW,VDD_SOC,2380mW/2380mW
07-26-2026,21:29:07,RAM,772/7620MB,(lfb,31x4MB),SWAP,349/3810MB,(cached,2MB),CPU,[0%@1344,0%@1344,0%@1344,0%@1344,0%@1344,0%@1344],GR3D_FREQ,0%,cpu@51.468C,soc2@49.656C,soc0@50.312C,gpu@51.531C,tj@51.531C,soc1@50.687C,VDD_IN,5683mW/5672mW,VDD_CPU_GPU_CV,1309mW/1310mW,VDD_SOC,2380mW/2380mW
07-26-2026,21:29:07,RAM,772/7620MB,(lfb,31x4MB),SWAP,349/3810MB,(cached,2MB),CPU,[0%@1344,0%@1344,0%@1344,0%@1344,0%@1344,0%@1344],GR3D_FREQ,0%,cpu@51.531C,soc2@49.718C,soc0@50.343C,gpu@51.375C,tj@51.531C,soc1@50.781C,VDD_IN,5683mW/5672mW,VDD_CPU_GPU_CV,1309mW/1310mW,VDD_SOC,2380mW/2380mW
07-26-2026,21:29:07,RAM,772/7620MB,(lfb,31x4MB),SWAP,349/3810MB,(cached,2MB),CPU,[0%@1344,8%@1344,0%@1344,0%@1344,0%@1344,0%@1344],GR3D_FREQ,0%,cpu@51.25C,soc2@49.406C,soc0@50.343C,gpu@51.562C,tj@51.562C,soc1@50.5C,VDD_IN,5683mW/5672mW,VDD_CPU_GPU_CV,1309mW/1310mW,VDD_SOC,2380mW/2380mW
07-26-2026,21:29:07,RAM,772/7620MB,(lfb,31x4MB),SWAP,349/3810MB,(cached,2MB),CPU,[0%@1344,0%@1344,0%@1344,0%@1344,0%@1344,0%@1344],GR3D_FREQ,0%,cpu@51.406C,soc2@49.406C,soc0@50.468C,gpu@51.531C,tj@51.531C,soc1@50.562C,VDD_IN,5683mW/5672mW,VDD_CPU_GPU_CV,1309mW/1310mW,VDD_SOC,2380mW/2380mW
07-26-2026,21:29:07,RAM,772/7620MB,(lfb,31x4MB),SWAP,349/3810MB,(cached,2MB),CPU,[0%@1344,0%@1344,0%@1344,0%@1344,0%@1344,0%@1344],GR3D_FREQ,0%,cpu@51.437C,soc2@49.562C,soc0@50.593C,gpu@51.125C,tj@51.437C,soc1@50.531C,VDD_IN,5643mW/5672mW,VDD_CPU_GPU_CV,1309mW/1310mW,VDD_SOC,2380mW/2380mW
07-26-2026,21:29:08,RAM,772/7620MB,(lfb,31x4MB),SWAP,349/3810MB,(cached,2MB),CPU,[0%@1344,0%@1344,0%@1344,0%@1344,0%@1344,0%@1344],GR3D_FREQ,0%,cpu@51.5C,soc2@49.562C,soc0@50.343C,gpu@51.687C,tj@51.687C,soc1@50.687C,VDD_IN,5643mW/5672mW,VDD_CPU_GPU_CV,1309mW/1310mW,VDD_SOC,2380mW/2380mW
07-26-2026,21:29:08,RAM,773/7620MB,(lfb,31x4MB),SWAP,349/3810MB,(cached,2MB),CPU,[0%@1344,0%@1344,9%@1344,8%@1344,0%@1344,0%@1344],GR3D_FREQ,0%,cpu@51.437C,soc2@49.5C,soc0@50.312C,gpu@51.406C,tj@51.437C,soc1@50.375C,VDD_IN,5683mW/5672mW,VDD_CPU_GPU_CV,1309mW/1310mW,VDD_SOC,2380mW/2380mW
07-26-2026,21:29:08,RAM,772/7620MB,(lfb,31x4MB),SWAP,349/3810MB,(cached,2MB),CPU,[0%@1344,0%@1344,0%@1344,0%@1344,0%@1344,0%@1344],GR3D_FREQ,0%,cpu@51.406C,soc2@49.437C,soc0@50.406C,gpu@51.093C,tj@51.406C,soc1@50.406C,VDD_IN,5683mW/5672mW,VDD_CPU_GPU_CV,1309mW/1310mW,VDD_SOC,2380mW/2380mW
07-26-2026,21:29:08,RAM,772/7620MB,(lfb,31x4MB),SWAP,349/3810MB,(cached,2MB),CPU,[16%@1344,0%@1344,0%@1344,0%@1344,0%@1344,0%@1344],GR3D_FREQ,0%,cpu@51.812C,soc2@49.5C,soc0@50.187C,gpu@51.187C,tj@51.812C,soc1@50.687C,VDD_IN,5683mW/5672mW,VDD_CPU_GPU_CV,1309mW/1310mW,VDD_SOC,2380mW/2380mW
07-26-2026,21:29:08,RAM,772/7620MB,(lfb,31x4MB),SWAP,349/3810MB,(cached,2MB),CPU,[9%@1344,0%@1344,0%@1344,0%@1344,0%@1344,0%@1344],GR3D_FREQ,0%,cpu@51.312C,soc2@49.437C,soc0@50.343C,gpu@51.156C,tj@51.312C,soc1@50.75C,VDD_IN,5683mW/5672mW,VDD_CPU_GPU_CV,1309mW/1310mW,VDD_SOC,2380mW/2380mW
07-26-2026,21:29:08,RAM,772/7620MB,(lfb,31x4MB),SWAP,349/3810MB,(cached,2MB),CPU,[0%@1344,0%@1344,0%@1344,0%@1344,0%@1344,0%@1344],GR3D_FREQ,0%,cpu@51.281C,soc2@49.5C,soc0@50.468C,gpu@51.25C,tj@51.281C,soc1@50.531C,VDD_IN,5683mW/5672mW,VDD_CPU_GPU_CV,1309mW/1310mW,VDD_SOC,2380mW/2380mW
07-26-2026,21:29:08,RAM,772/7620MB,(lfb,31x4MB),SWAP,349/3810MB,(cached,2MB),CPU,[0%@1344,8%@1344,0%@1344,0%@1344,0%@1344,0%@1344],GR3D_FREQ,0%,cpu@51.437C,soc2@49.5C,soc0@50.468C,gpu@51.218C,tj@51.437C,soc1@50.625C,VDD_IN,5683mW/5672mW,VDD_CPU_GPU_CV,1309mW/1310mW,VDD_SOC,2380mW/2380mW
07-26-2026,21:29:08,RAM,772/7620MB,(lfb,31x4MB),SWAP,349/3810MB,(cached,2MB),CPU,[0%@1344,0%@1344,0%@1344,0%@1344,0%@1344,0%@1344],GR3D_FREQ,0%,cpu@51.593C,soc2@49.531C,soc0@50.25C,gpu@51.125C,tj@51.593C,soc1@50.593C,VDD_IN,5643mW/5672mW,VDD_CPU_GPU_CV,1309mW/1310mW,VDD_SOC,2380mW/2380mW
07-26-2026,21:29:08,RAM,772/7620MB,(lfb,31x4MB),SWAP,349/3810MB,(cached,2MB),CPU,[0%@1344,9%@1344,0%@1344,0%@1344,0%@1344,0%@1344],GR3D_FREQ,0%,cpu@51.406C,soc2@49.468C,soc0@50.312C,gpu@51.218C,tj@51.406C,soc1@50.812C,VDD_IN,5723mW/5672mW,VDD_CPU_GPU_CV,1309mW/1310mW,VDD_SOC,2380mW/2380mW
07-26-2026,21:29:08,RAM,772/7620MB,(lfb,31x4MB),SWAP,349/3810MB,(cached,2MB),CPU,[0%@1344,0%@1344,0%@1344,0%@1344,0%@1344,0%@1344],GR3D_FREQ,0%,cpu@51.343C,soc2@49.406C,soc0@50.437C,gpu@51.218C,tj@51.343C,soc1@50.468C,VDD_IN,5723mW/5672mW,VDD_CPU_GPU_CV,1309mW/1310mW,VDD_SOC,2380mW/2380mW
07-26-2026,21:29:09,RAM,772/7620MB,(lfb,31x4MB),SWAP,349/3810MB,(cached,2MB),CPU,[9%@1344,0%@1344,0%@1344,0%@1344,0%@1344,0%@1344],GR3D_FREQ,0%,cpu@51.531C,soc2@49.5C,soc0@50.375C,gpu@51.156C,tj@51.531C,soc1@50.406C,VDD_IN,5723mW/5672mW,VDD_CPU_GPU_CV,1309mW/1310mW,VDD_SOC,2380mW/2380mW
07-26-2026,21:29:09,RAM,772/7620MB,(lfb,31x4MB),SWAP,349/3810MB,(cached,2MB),CPU,[0%@1344,0%@1344,0%@1344,0%@1344,9%@1344,0%@1344],GR3D_FREQ,0%,cpu@51.593C,soc2@49.5C,soc0@50.531C,gpu@51.281C,tj@51.593C,soc1@50.593C,VDD_IN,5723mW/5672mW,VDD_CPU_GPU_CV,1309mW/1310mW,VDD_SOC,2380mW/2380mW
07-26-2026,21:29:09,RAM,772/7620MB,(lfb,31x4MB),SWAP,349/3810MB,(cached,2MB),CPU,[0%@1344,0%@1344,0%@1344,0%@1344,0%@1344,0%@1344],GR3D_FREQ,0%,cpu@51.781C,soc2@49.562C,soc0@50.375C,gpu@51.187C,tj@51.781C,soc1@50.687C,VDD_IN,5723mW/5672mW,VDD_CPU_GPU_CV,1309mW/1310mW,VDD_SOC,2380mW/2380mW
07-26-2026,21:29:09,RAM,772/7620MB,(lfb,31x4MB),SWAP,349/3810MB,(cached,2MB),CPU,[10%@1344,9%@1344,0%@1344,0%@1344,0%@1344,0%@1344],GR3D_FREQ,0%,cpu@51.281C,soc2@49.468C,soc0@50.312C,gpu@51.156C,tj@51.281C,soc1@50.5C,VDD_IN,5723mW/5672mW,VDD_CPU_GPU_CV,1349mW/1310mW,VDD_SOC,2380mW/2380mW
07-26-2026,21:29:09,RAM,772/7620MB,(lfb,31x4MB),SWAP,349/3810MB,(cached,2MB),CPU,[9%@1344,0%@1344,0%@1344,0%@1344,0%@1344,8%@1344],GR3D_FREQ,0%,cpu@51.281C,soc2@49.5C,soc0@50.437C,gpu@51.218C,tj@51.468C,soc1@50.593C,VDD_IN,5683mW/5672mW,VDD_CPU_GPU_CV,1309mW/1310mW,VDD_SOC,2380mW/2380mW
07-26-2026,21:29:09,RAM,772/7620MB,(lfb,31x4MB),SWAP,349/3810MB,(cached,2MB),CPU,[0%@1344,0%@1344,0%@1344,0%@1344,0%@1344,0%@1344],GR3D_FREQ,0%,cpu@51.468C,soc2@49.437C,soc0@50.531C,gpu@51.156C,tj@51.468C,soc1@50.656C,VDD_IN,5683mW/5672mW,VDD_CPU_GPU_CV,1309mW/1310mW,VDD_SOC,2380mW/2380mW
07-26-2026,21:29:09,RAM,772/7620MB,(lfb,31x4MB),SWAP,349/3810MB,(cached,2MB),CPU,[0%@1344,0%@1344,0%@1344,0%@1344,0%@1344,0%@1344],GR3D_FREQ,0%,cpu@51.75C,soc2@49.625C,soc0@50.25C,gpu@51.062C,tj@51.75C,soc1@50.781C,VDD_IN,5683mW/5672mW,VDD_CPU_GPU_CV,1309mW/1310mW,VDD_SOC,2380mW/2380mW
07-26-2026,21:29:09,RAM,772/7620MB,(lfb,31x4MB),SWAP,349/3810MB,(cached,2MB),CPU,[0%@1344,0%@1344,0%@1344,0%@1344,0%@1344,0%@1344],GR3D_FREQ,0%,cpu@51.218C,soc2@49.5C,soc0@50.343C,gpu@51.25C,tj@51.25C,soc1@50.406C,VDD_IN,5683mW/5672mW,VDD_CPU_GPU_CV,1309mW/1310mW,VDD_SOC,2380mW/2380mW
07-26-2026,21:29:09,RAM,772/7620MB,(lfb,31x4MB),SWAP,349/3810MB,(cached,2MB),CPU,[0%@1344,0%@1344,0%@1344,0%@1344,0%@1344,0%@1344],GR3D_FREQ,0%,cpu@51.343C,soc2@49.5C,soc0@50.437C,gpu@51.062C,tj@51.437C,soc1@50.5C,VDD_IN,5683mW/5672mW,VDD_CPU_GPU_CV,1309mW/1310mW,VDD_SOC,2380mW/2380mW
07-26-2026,21:29:10,RAM,772/7620MB,(lfb,31x4MB),SWAP,349/3810MB,(cached,2MB),CPU,[0%@1344,0%@1344,0%@1344,0%@1344,0%@1344,0%@1344],GR3D_FREQ,0%,cpu@51.468C,soc2@49.468C,soc0@50.531C,gpu@51.031C,tj@51.468C,soc1@50.5C,VDD_IN,5683mW/5672mW,VDD_CPU_GPU_CV,1309mW/1310mW,VDD_SOC,2380mW/2380mW
07-26-2026,21:29:10,RAM,772/7620MB,(lfb,31x4MB),SWAP,349/3810MB,(cached,2MB),CPU,[0%@1344,0%@1344,0%@1344,0%@1344,0%@1344,0%@1344],GR3D_FREQ,0%,cpu@51.687C,soc2@49.593C,soc0@50.281C,gpu@51.25C,tj@51.687C,soc1@50.687C,VDD_IN,5643mW/5672mW,VDD_CPU_GPU_CV,1309mW/1310mW,VDD_SOC,2380mW/2380mW
07-26-2026,21:29:10,RAM,772/7620MB,(lfb,31x4MB),SWAP,349/3810MB,(cached,2MB),CPU,[9%@1344,0%@1344,0%@1344,0%@1344,0%@1344,9%@1344],GR3D_FREQ,0%,cpu@51.781C,soc2@49.406C,soc0@50.281C,gpu@51.156C,tj@51.781C,soc1@50.437C,VDD_IN,5683mW/5672mW,VDD_CPU_GPU_CV,1309mW/1310mW,VDD_SOC,2380mW/2380mW
07-26-2026,21:29:10,RAM,772/7620MB,(lfb,31x4MB),SWAP,349/3810MB,(cached,2MB),CPU,[9%@1344,0%@1344,0%@1344,0%@1344,0%@1344,0%@1344],GR3D_FREQ,0%,cpu@51.437C,soc2@49.468C,soc0@50.437C,gpu@51.75C,tj@51.75C,soc1@50.562C,VDD_IN,5683mW/5672mW,VDD_CPU_GPU_CV,1309mW/1310mW,VDD_SOC,2380mW/2380mW
07-26-2026,21:29:10,RAM,772/7620MB,(lfb,31x4MB),SWAP,349/3810MB,(cached,2MB),CPU,[0%@1344,0%@1344,0%@1344,0%@1344,0%@1344,0%@1344],GR3D_FREQ,0%,cpu@51.5C,soc2@49.5C,soc0@50.218C,gpu@51.468C,tj@51.531C,soc1@50.562C,VDD_IN,5683mW/5672mW,VDD_CPU_GPU_CV,1309mW/1310mW,VDD_SOC,2380mW/2380mW
07-26-2026,21:29:10,RAM,772/7620MB,(lfb,31x4MB),SWAP,349/3810MB,(cached,2MB),CPU,[9%@1344,0%@1344,0%@1344,0%@1344,0%@1344,0%@1344],GR3D_FREQ,0%,cpu@51.625C,soc2@49.562C,soc0@50.312C,gpu@51.406C,tj@51.625C,soc1@50.718C,VDD_IN,5683mW/5672mW,VDD_CPU_GPU_CV,1309mW/1310mW,VDD_SOC,2380mW/2380mW
07-26-2026,21:29:10,RAM,772/7620MB,(lfb,31x4MB),SWAP,349/3810MB,(cached,2MB),CPU,[0%@1344,0%@1344,0%@1344,0%@1344,0%@1344,0%@1344],GR3D_FREQ,0%,cpu@51.5C,soc2@49.5C,soc0@50.343C,gpu@51.687C,tj@51.5C,soc1@50.406C,VDD_IN,5683mW/5672mW,VDD_CPU_GPU_CV,1309mW/1310mW,VDD_SOC,2380mW/2380mW
07-26-2026,21:29:10,RAM,772/7620MB,(lfb,31x4MB),SWAP,349/3810MB,(cached,2MB),CPU,[8%@1344,0%@1344,0%@1344,0%@1344,0%@1344,0%@1344],GR3D_FREQ,0%,cpu@51.375C,soc2@49.468C,soc0@50.468C,gpu@51.468C,tj@51.468C,soc1@50.5C,VDD_IN,5683mW/5672mW,VDD_CPU_GPU_CV,1309mW/1310mW,VDD_SOC,2380mW/2380mW
07-26-2026,21:29:10,RAM,772/7620MB,(lfb,31x4MB),SWAP,349/3810MB,(cached,2MB),CPU,[0%@1344,0%@1344,0%@1344,0%@1344,9%@1344,0%@1344],GR3D_FREQ,0%,cpu@51.562C,soc2@49.5C,soc0@50.531C,gpu@51.281C,tj@51.562C,soc1@50.562C,VDD_IN,5683mW/5672mW,VDD_CPU_GPU_CV,1309mW/1310mW,VDD_SOC,2380mW/2380mW
07-26-2026,21:29:10,RAM,772/7620MB,(lfb,31x4MB),SWAP,349/3810MB,(cached,2MB),CPU,[0%@1344,0%@1344,0%@1344,0%@1344,0%@1344,0%@1344],GR3D_FREQ,0%,cpu@51.562C,soc2@49.593C,soc0@50.312C,gpu@51.687C,tj@51.687C,soc1@50.687C,VDD_IN,5683mW/5672mW,VDD_CPU_GPU_CV,1309mW/1310mW,VDD_SOC,2380mW/2380mW
07-26-2026,21:29:11,RAM,772/7620MB,(lfb,31x4MB),SWAP,349/3810MB,(cached,2MB),CPU,[0%@1344,8%@1344,0%@1344,0%@1344,0%@1344,0%@1344],GR3D_FREQ,0%,cpu@51.593C,soc2@49.5C,soc0@50.312C,gpu@51.437C,tj@51.593C,soc1@50.468C,VDD_IN,5643mW/5672mW,VDD_CPU_GPU_CV,1309mW/1310mW,VDD_SOC,2380mW/2380mW
07-26-2026,21:29:11,RAM,772/7620MB,(lfb,31x4MB),SWAP,349/3810MB,(cached,2MB),CPU,[0%@1344,0%@1344,9%@1344,0%@1344,0%@1344,0%@1344],GR3D_FREQ,0%,cpu@51.5C,soc2@49.437C,soc0@50.468C,gpu@51.343C,tj@51.5C,soc1@50.468C,VDD_IN,5683mW/5672mW,VDD_CPU_GPU_CV,1309mW/1310mW,VDD_SOC,2380mW/2380mW
07-26-2026,21:29:11,RAM,772/7620MB,(lfb,31x4MB),SWAP,349/3810MB,(cached,2MB),CPU,[0%@1344,0%@1344,0%@1344,0%@1344,0%@1344,0%@1344],GR3D_FREQ,0%,cpu@51.437C,soc2@49.5C,soc0@50.468C,gpu@51.625C,tj@51.625C,soc1@50.593C,VDD_IN,5683mW/5672mW,VDD_CPU_GPU_CV,1309mW/1310mW,VDD_SOC,2380mW/2380mW
07-26-2026,21:29:11,RAM,772/7620MB,(lfb,31x4MB),SWAP,349/3810MB,(cached,2MB),CPU,[10%@1344,0%@1344,0%@1344,0%@1344,0%@1344,0%@1344],GR3D_FREQ,0%,cpu@51.625C,soc2@49.5C,soc0@50.343C,gpu@51.406C,tj@51.625C,soc1@50.718C,VDD_IN,5683mW/5672mW,VDD_CPU_GPU_CV,1309mW/1310mW,VDD_SOC,2380mW/2380mW
07-26-2026,21:29:11,RAM,772/7620MB,(lfb,31x4MB),SWAP,349/3810MB,(cached,2MB),CPU,[0%@1344,0%@1344,0%@1344,0%@1344,0%@1344,0%@1344],GR3D_FREQ,0%,cpu@51.625C,soc2@49.437C,soc0@50.218C,gpu@51.343C,tj@51.625C,soc1@50.687C,VDD_IN,5683mW/5672mW,VDD_CPU_GPU_CV,1309mW/1310mW,VDD_SOC,2380mW/2380mW
07-26-2026,21:29:11,RAM,772/7620MB,(lfb,31x4MB),SWAP,349/3810MB,(cached,2MB),CPU,[0%@1344,0%@1344,0%@1344,0%@1344,0%@1344,0%@1344],GR3D_FREQ,0%,cpu@51.406C,soc2@49.468C,soc0@50.406C,gpu@51.218C,tj@51.406C,soc1@50.5C,VDD_IN,5683mW/5672mW,VDD_CPU_GPU_CV,1309mW/1310mW,VDD_SOC,2380mW/2380mW
07-26-2026,21:29:11,RAM,772/7620MB,(lfb,31x4MB),SWAP,349/3810MB,(cached,2MB),CPU,[9%@1344,0%@1344,0%@1344,0%@1344,0%@1344,0%@1344],GR3D_FREQ,0%,cpu@51.406C,soc2@49.5C,soc0@50.437C,gpu@51.437C,tj@51.437C,soc1@50.625C,VDD_IN,5683mW/5672mW,VDD_CPU_GPU_CV,1309mW/1310mW,VDD_SOC,2380mW/2380mW
07-26-2026,21:29:11,RAM,772/7620MB,(lfb,31x4MB),SWAP,349/3810MB,(cached,2MB),CPU,[0%@1344,0%@1344,0%@1344,0%@1344,0%@1344,0%@1344],GR3D_FREQ,0%,cpu@51.5C,soc2@49.562C,soc0@50.593C,gpu@51.281C,tj@51.656C,soc1@50.687C,VDD_IN,5683mW/5672mW,VDD_CPU_GPU_CV,1309mW/1310mW,VDD_SOC,2380mW/2380mW
07-26-2026,21:29:11,RAM,772/7620MB,(lfb,31x4MB),SWAP,349/3810MB,(cached,2MB),CPU,[9%@1344,0%@1344,0%@1344,0%@1344,0%@1344,0%@1344],GR3D_FREQ,0%,cpu@51.562C,soc2@49.656C,soc0@50.406C,gpu@51.593C,tj@51.562C,soc1@50.687C,VDD_IN,5683mW/5672mW,VDD_CPU_GPU_CV,1309mW/1310mW,VDD_SOC,2380mW/2380mW
07-26-2026,21:29:12,RAM,772/7620MB,(lfb,31x4MB),SWAP,349/3810MB,(cached,2MB),CPU,[8%@1344,0%@1344,0%@1344,0%@1344,0%@1344,0%@1344],GR3D_FREQ,0%,cpu@51.406C,soc2@49.468C,soc0@50.468C,gpu@51.406C,tj@51.406C,soc1@50.437C,VDD_IN,5683mW/5672mW,VDD_CPU_GPU_CV,1309mW/1310mW,VDD_SOC,2380mW/2380mW
07-26-2026,21:29:12,RAM,772/7620MB,(lfb,31x4MB),SWAP,349/3810MB,(cached,2MB),CPU,[0%@1344,0%@1344,0%@1344,0%@1344,0%@1344,0%@1344],GR3D_FREQ,0%,cpu@51.5C,soc2@49.5C,soc0@50.531C,gpu@51.25C,tj@51.5C,soc1@50.437C,VDD_IN,5643mW/5672mW,VDD_CPU_GPU_CV,1309mW/1310mW,VDD_SOC,2380mW/2380mW
07-26-2026,21:29:12,RAM,772/7620MB,(lfb,31x4MB),SWAP,349/3810MB,(cached,2MB),CPU,[0%@1344,0%@1344,0%@1344,0%@1344,0%@1344,0%@1344],GR3D_FREQ,0%,cpu@51.593C,soc2@49.531C,soc0@50.468C,gpu@51.156C,tj@51.593C,soc1@50.562C,VDD_IN,5683mW/5672mW,VDD_CPU_GPU_CV,1309mW/1310mW,VDD_SOC,2380mW/2380mW
07-26-2026,21:29:12,RAM,772/7620MB,(lfb,31x4MB),SWAP,349/3810MB,(cached,2MB),CPU,[9%@1344,8%@1344,0%@1344,0%@1344,0%@1344,0%@1344],GR3D_FREQ,0%,cpu@51.625C,soc2@49.406C,soc0@50.312C,gpu@51.187C,tj@51.625C,soc1@50.781C,VDD_IN,5683mW/5672mW,VDD_CPU_GPU_CV,1309mW/1310mW,VDD_SOC,2380mW/2380mW
07-26-2026,21:29:12,RAM,772/7620MB,(lfb,31x4MB),SWAP,349/3810MB,(cached,2MB),CPU,[0%@1344,9%@1344,0%@1344,0%@1344,0%@1344,0%@1344],GR3D_FREQ,0%,cpu@51.437C,soc2@49.5C,soc0@50.468C,gpu@51.687C,tj@51.687C,soc1@50.531C,VDD_IN,5683mW/5672mW,VDD_CPU_GPU_CV,1309mW/1310mW,VDD_SOC,2380mW/2380mW
07-26-2026,21:29:12,RAM,772/7620MB,(lfb,31x4MB),SWAP,349/3810MB,(cached,2MB),CPU,[0%@1344,0%@1344,0%@1344,0%@1344,0%@1344,0%@1344],GR3D_FREQ,0%,cpu@51.343C,soc2@49.531C,soc0@50.468C,gpu@51.187C,tj@51.343C,soc1@50.468C,VDD_IN,5683mW/5672mW,VDD_CPU_GPU_CV,1309mW/1310mW,VDD_SOC,2380mW/2380mW
07-26-2026,21:29:12,RAM,772/7620MB,(lfb,31x4MB),SWAP,349/3810MB,(cached,2MB),CPU,[0%@1344,0%@1344,0%@1344,0%@1344,0%@1344,0%@1344],GR3D_FREQ,0%,cpu@51.5C,soc2@49.5C,soc0@50.25C,gpu@51.187C,tj@51.406C,soc1@50.562C,VDD_IN,5683mW/5672mW,VDD_CPU_GPU_CV,1309mW/1310mW,VDD_SOC,2380mW/2380mW
07-26-2026,21:29:12,RAM,772/7620MB,(lfb,31x4MB),SWAP,349/3810MB,(cached,2MB),CPU,[9%@1344,0%@1344,0%@1344,0%@1344,0%@1344,0%@1344],GR3D_FREQ,0%,cpu@51.562C,soc2@49.437C,soc0@50.375C,gpu@51.562C,tj@51.562C,soc1@50.75C,VDD_IN,5683mW/5672mW,VDD_CPU_GPU_CV,1309mW/1310mW,VDD_SOC,2380mW/2380mW
07-26-2026,21:29:12,RAM,772/7620MB,(lfb,31x4MB),SWAP,349/3810MB,(cached,2MB),CPU,[0%@1344,0%@1344,0%@1344,0%@1344,0%@1344,0%@1344],GR3D_FREQ,0%,cpu@51.25C,soc2@49.5C,soc0@50.437C,gpu@51.218C,tj@51.25C,soc1@50.5C,VDD_IN,5643mW/5672mW,VDD_CPU_GPU_CV,1309mW/1310mW,VDD_SOC,2380mW/2380mW
07-26-2026,21:29:12,RAM,772/7620MB,(lfb,31x4MB),SWAP,349/3810MB,(cached,2MB),CPU,[0%@1344,0%@1344,0%@1344,0%@1344,0%@1344,0%@1344],GR3D_FREQ,0%,cpu@51.437C,soc2@49.593C,soc0@50.437C,gpu@51.156C,tj@51.437C,soc1@50.593C,VDD_IN,5683mW/5672mW,VDD_CPU_GPU_CV,1309mW/1310mW,VDD_SOC,2380mW/2380mW
07-26-2026,21:29:13,RAM,772/7620MB,(lfb,31x4MB),SWAP,349/3810MB,(cached,2MB),CPU,[8%@1344,0%@1344,0%@1344,0%@1344,0%@1344,0%@1344],GR3D_FREQ,0%,cpu@51.406C,soc2@49.437C,soc0@50.625C,gpu@51.593C,tj@51.593C,soc1@50.656C,VDD_IN,5643mW/5672mW,VDD_CPU_GPU_CV,1309mW/1310mW,VDD_SOC,2380mW/2380mW
07-26-2026,21:29:13,RAM,772/7620MB,(lfb,31x4MB),SWAP,349/3810MB,(cached,2MB),CPU,[0%@1344,0%@1344,0%@1344,9%@1344,0%@1344,9%@1344],GR3D_FREQ,0%,cpu@51.687C,soc2@49.718C,soc0@50.406C,gpu@51.156C,tj@51.687C,soc1@50.75C,VDD_IN,5683mW/5672mW,VDD_CPU_GPU_CV,1309mW/1310mW,VDD_SOC,2380mW/2380mW
07-26-2026,21:29:13,RAM,772/7620MB,(lfb,31x4MB),SWAP,349/3810MB,(cached,2MB),CPU,[0%@1344,0%@1344,0%@1344,0%@1344,0%@1344,0%@1344],GR3D_FREQ,0%,cpu@51.437C,soc2@49.468C,soc0@50.312C,gpu@51.718C,tj@51.718C,soc1@50.5C,VDD_IN,5683mW/5672mW,VDD_CPU_GPU_CV,1309mW/1310mW,VDD_SOC,2380mW/2380mW
07-26-2026,21:29:13,RAM,772/7620MB,(lfb,31x4MB),SWAP,349/3810MB,(cached,2MB),CPU,[9%@1344,0%@1344,8%@1344,0%@1344,0%@1344,0%@1344],GR3D_FREQ,0%,cpu@51.437C,soc2@49.437C,soc0@50.437C,gpu@51.562C,tj@51.562C,soc1@50.5C,VDD_IN,5683mW/5672mW,VDD_CPU_GPU_CV,1309mW/1310mW,VDD_SOC,2380mW/2380mW
07-26-2026,21:29:13,RAM,772/7620MB,(lfb,31x4MB),SWAP,349/3810MB,(cached,2MB),CPU,[0%@1344,0%@1344,0%@1344,0%@1344,0%@1344,0%@1344],GR3D_FREQ,0%,cpu@51.343C,soc2@49.5C,soc0@50.562C,gpu@51.187C,tj@51.343C,soc1@50.562C,VDD_IN,5683mW/5672mW,VDD_CPU_GPU_CV,1309mW/1310mW,VDD_SOC,2380mW/2380mW
07-26-2026,21:29:13,RAM,772/7620MB,(lfb,31x4MB),SWAP,349/3810MB,(cached,2MB),CPU,[0%@1344,0%@1344,0%@1344,0%@1344,0%@1344,0%@1344],GR3D_FREQ,0%,cpu@51.5C,soc2@49.687C,soc0@50.343C,gpu@51.625C,tj@51.625C,soc1@50.781C,VDD_IN,5683mW/5672mW,VDD_CPU_GPU_CV,1309mW/1310mW,VDD_SOC,2380mW/2380mW
07-26-2026,21:29:13,RAM,772/7620MB,(lfb,31x4MB),SWAP,349/3810MB,(cached,2MB),CPU,[0%@1344,0%@1344,0%@1344,0%@1344,0%@1344,0%@1344],GR3D_FREQ,0%,cpu@51.562C,soc2@49.437C,soc0@50.406C,gpu@51.562C,tj@51.562C,soc1@50.437C,VDD_IN,5683mW/5672mW,VDD_CPU_GPU_CV,1309mW/1310mW,VDD_SOC,2380mW/2380mW
07-26-2026,21:29:13,RAM,772/7620MB,(lfb,31x4MB),SWAP,349/3810MB,(cached,2MB),CPU,[15%@1344,0%@1344,0%@1344,0%@1344,0%@1344,0%@1344],GR3D_FREQ,0%,cpu@51.437C,soc2@49.5C,soc0@50.437C,gpu@51.093C,tj@51.437C,soc1@50.5C,VDD_IN,5683mW/5672mW,VDD_CPU_GPU_CV,1309mW/1310mW,VDD_SOC,2380mW/2380mW
07-26-2026,21:29:13,RAM,772/7620MB,(lfb,31x4MB),SWAP,349/3810MB,(cached,2MB),CPU,[0%@1344,0%@1344,0%@1344,0%@1344,0%@1344,0%@1344],GR3D_FREQ,0%,cpu@51.437C,soc2@49.468C,soc0@50.531C,gpu@51.687C,tj@51.687C,soc1@50.562C,VDD_IN,5683mW/5672mW,VDD_CPU_GPU_CV,1309mW/1310mW,VDD_SOC,2380mW/2380mW
07-26-2026,21:29:14,RAM,772/7620MB,(lfb,31x4MB),SWAP,349/3810MB,(cached,2MB),CPU,[0%@1344,0%@1344,0%@1344,0%@1344,0%@1344,0%@1344],GR3D_FREQ,0%,cpu@51.437C,soc2@49.5C,soc0@50.281C,gpu@51.531C,tj@51.531C,soc1@50.625C,VDD_IN,5723mW/5672mW,VDD_CPU_GPU_CV,1309mW/1310mW,VDD_SOC,2380mW/2380mW
07-26-2026,21:29:14,RAM,772/7620MB,(lfb,31x4MB),SWAP,349/3810MB,(cached,2MB),CPU,[0%@1344,0%@1344,0%@1344,0%@1344,0%@1344,0%@1344],GR3D_FREQ,0%,cpu@51.531C,soc2@49.468C,soc0@50.375C,gpu@51.187C,tj@51.531C,soc1@50.687C,VDD_IN,5723mW/5672mW,VDD_CPU_GPU_CV,1309mW/1310mW,VDD_SOC,2380mW/2380mW
07-26-2026,21:29:14,RAM,772/7620MB,(lfb,31x4MB),SWAP,349/3810MB,(cached,2MB),CPU,[8%@1344,9%@1344,10%@1344,0%@1344,0%@1344,0%@1344],GR3D_FREQ,0%,cpu@51.281C,soc2@49.5C,soc0@50.468C,gpu@51.656C,tj@51.656C,soc1@50.531C,VDD_IN,5723mW/5672mW,VDD_CPU_GPU_CV,1309mW/1310mW,VDD_SOC,2380mW/2380mW
07-26-2026,21:29:14,RAM,772/7620MB,(lfb,31x4MB),SWAP,349/3810MB,(cached,2MB),CPU,[9%@1344,8%@1344,0%@1344,0%@1344,0%@1344,0%@1344],GR3D_FREQ,0%,cpu@51.656C,soc2@49.531C,soc0@50.375C,gpu@51.406C,tj@51.656C,soc1@50.562C,VDD_IN,5723mW/5672mW,VDD_CPU_GPU_CV,1309mW/1310mW,VDD_SOC,2380mW/2380mW
07-26-2026,21:29:14,RAM,773/7620MB,(lfb,31x4MB),SWAP,349/3810MB,(cached,2MB),CPU,[0%@1344,0%@1344,0%@1344,0%@1344,0%@1344,0%@1344],GR3D_FREQ,0%,cpu@51.937C,soc2@49.625C,soc0@50.312C,gpu@51.343C,tj@51.937C,soc1@50.781C,VDD_IN,5723mW/5672mW,VDD_CPU_GPU_CV,1309mW/1310mW,VDD_SOC,2380mW/2380mW
07-26-2026,21:29:14,RAM,773/7620MB,(lfb,31x4MB),SWAP,349/3810MB,(cached,2MB),CPU,[0%@1344,0%@1344,0%@1344,0%@1344,0%@1344,0%@1344],GR3D_FREQ,0%,cpu@51.343C,soc2@49.468C,soc0@50.375C,gpu@51.281C,tj@51.343C,soc1@50.531C,VDD_IN,5723mW/5673mW,VDD_CPU_GPU_CV,1309mW/1310mW,VDD_SOC,2380mW/2380mW
07-26-2026,21:29:14,RAM,773/7620MB,(lfb,31x4MB),SWAP,349/3810MB,(cached,2MB),CPU,[0%@1344,0%@1344,0%@1344,0%@1344,0%@1344,0%@1344],GR3D_FREQ,0%,cpu@51.343C,soc2@49.531C,soc0@50.5C,gpu@51.468C,tj@51.468C,soc1@50.437C,VDD_IN,5683mW/5673mW,VDD_CPU_GPU_CV,1309mW/1310mW,VDD_SOC,2380mW/2380mW
07-26-2026,21:29:14,RAM,772/7620MB,(lfb,31x4MB),SWAP,349/3810MB,(cached,2MB),CPU,[0%@1344,0%@1344,0%@1344,0%@1344,0%@1344,0%@1344],GR3D_FREQ,0%,cpu@51.5C,soc2@49.5C,soc0@50.593C,gpu@51.25C,tj@51.5C,soc1@50.625C,VDD_IN,5683mW/5673mW,VDD_CPU_GPU_CV,1309mW/1310mW,VDD_SOC,2380mW/2380mW
07-26-2026,21:29:14,RAM,772/7620MB,(lfb,31x4MB),SWAP,349/3810MB,(cached,2MB),CPU,[0%@1344,0%@1344,0%@1344,0%@1344,0%@1344,0%@1344],GR3D_FREQ,0%,cpu@51.687C,soc2@49.562C,soc0@50.406C,gpu@51.25C,tj@51.687C,soc1@50.718C,VDD_IN,5683mW/5673mW,VDD_CPU_GPU_CV,1309mW/1310mW,VDD_SOC,2380mW/2380mW
07-26-2026,21:29:14,RAM,772/7620MB,(lfb,31x4MB),SWAP,349/3810MB,(cached,2MB),CPU,[9%@1344,0%@1344,0%@1344,0%@1344,0%@1344,0%@1344],GR3D_FREQ,0%,cpu@51.312C,soc2@49.562C,soc0@50.343C,gpu@51.375C,tj@51.375C,soc1@50.5C,VDD_IN,5683mW/5673mW,VDD_CPU_GPU_CV,1309mW/1310mW,VDD_SOC,2380mW/2380mW
07-26-2026,21:29:15,RAM,772/7620MB,(lfb,31x4MB),SWAP,349/3810MB,(cached,2MB),CPU,[0%@1344,0%@1344,0%@1344,0%@1344,0%@1344,0%@1344],GR3D_FREQ,0%,cpu@51.375C,soc2@49.437C,soc0@50.468C,gpu@51.25C,tj@51.375C,soc1@50.468C,VDD_IN,5683mW/5673mW,VDD_CPU_GPU_CV,1309mW/1310mW,VDD_SOC,2380mW/2380mW
07-26-2026,21:29:15,RAM,773/7620MB,(lfb,31x4MB),SWAP,349/3810MB,(cached,2MB),CPU,[0%@1344,0%@1344,0%@1344,0%@1344,0%@1344,0%@1344],GR3D_FREQ,0%,cpu@51.625C,soc2@49.531C,soc0@50.531C,gpu@51.218C,tj@51.625C,soc1@50.593C,VDD_IN,5683mW/5673mW,VDD_CPU_GPU_CV,1309mW/1310mW,VDD_SOC,2380mW/2380mW
07-26-2026,21:29:15,RAM,772/7620MB,(lfb,31x4MB),SWAP,349/3810MB,(cached,2MB),CPU,[0%@1344,9%@1344,0%@1344,0%@1344,0%@1344,0%@1344],GR3D_FREQ,0%,cpu@51.625C,soc2@49.5C,soc0@50.343C,gpu@51.406C,tj@51.625C,soc1@50.687C,VDD_IN,5683mW/5673mW,VDD_CPU_GPU_CV,1309mW/1310mW,VDD_SOC,2380mW/2380mW
07-26-2026,21:29:15,RAM,773/7620MB,(lfb,31x4MB),SWAP,349/3810MB,(cached,2MB),CPU,[18%@1344,0%@1344,0%@1344,0%@1344,0%@1344,0%@1344],GR3D_FREQ,0%,cpu@51.875C,soc2@49.5C,soc0@50.343C,gpu@51.312C,tj@51.875C,soc1@50.375C,VDD_IN,5683mW/5673mW,VDD_CPU_GPU_CV,1309mW/1310mW,VDD_SOC,2380mW/2380mW
07-26-2026,21:29:15,RAM,773/7620MB,(lfb,31x4MB),SWAP,349/3810MB,(cached,2MB),CPU,[0%@1344,0%@1344,0%@1344,0%@1344,0%@1344,0%@1344],GR3D_FREQ,0%,cpu@51.187C,soc2@49.531C,soc0@50.375C,gpu@51.187C,tj@51.187C,soc1@50.531C,VDD_IN,5683mW/5673mW,VDD_CPU_GPU_CV,1309mW/1310mW,VDD_SOC,2380mW/2380mW
07-26-2026,21:29:15,RAM,773/7620MB,(lfb,31x4MB),SWAP,349/3810MB,(cached,2MB),CPU,[9%@1344,0%@1344,0%@1344,0%@1344,0%@1344,0%@1344],GR3D_FREQ,0%,cpu@51.437C,soc2@49.5C,soc0@50.468C,gpu@51.312C,tj@51.437C,soc1@50.5C,VDD_IN,5683mW/5673mW,VDD_CPU_GPU_CV,1309mW/1310mW,VDD_SOC,2380mW/2380mW
07-26-2026,21:29:15,RAM,773/7620MB,(lfb,31x4MB),SWAP,349/3810MB,(cached,2MB),CPU,[0%@1344,0%@1344,0%@1344,0%@1344,0%@1344,0%@1344],GR3D_FREQ,0%,cpu@51.562C,soc2@49.656C,soc0@50.562C,gpu@51.25C,tj@51.562C,soc1@50.687C,VDD_IN,5683mW/5673mW,VDD_CPU_GPU_CV,1309mW/1310mW,VDD_SOC,2380mW/2380mW
07-26-2026,21:29:15,RAM,772/7620MB,(lfb,31x4MB),SWAP,349/3810MB,(cached,2MB),CPU,[0%@1344,0%@1344,0%@1344,0%@1344,0%@1344,0%@1344],GR3D_FREQ,0%,cpu@51.718C,soc2@49.656C,soc0@50.312C,gpu@51.187C,tj@51.718C,soc1@50.687C,VDD_IN,5683mW/5673mW,VDD_CPU_GPU_CV,1309mW/1310mW,VDD_SOC,2380mW/2380mW
07-26-2026,21:29:15,RAM,772/7620MB,(lfb,31x4MB),SWAP,349/3810MB,(cached,2MB),CPU,[0%@1344,0%@1344,0%@1344,0%@1344,0%@1344,0%@1344],GR3D_FREQ,0%,cpu@51.25C,soc2@49.437C,soc0@50.406C,gpu@51.312C,tj@51.312C,soc1@50.5C,VDD_IN,5643mW/5673mW,VDD_CPU_GPU_CV,1309mW/1310mW,VDD_SOC,2380mW/2380mW
07-26-2026,21:29:16,RAM,772/7620MB,(lfb,31x4MB),SWAP,349/3810MB,(cached,2MB),CPU,[0%@1344,0%@1344,0%@1344,0%@1344,0%@1344,0%@1344],GR3D_FREQ,0%,cpu@51.343C,soc2@49.5C,soc0@50.5C,gpu@51.25C,tj@51.343C,soc1@50.437C,VDD_IN,5683mW/5673mW,VDD_CPU_GPU_CV,1309mW/1310mW,VDD_SOC,2380mW/2380mW
07-26-2026,21:29:16,RAM,772/7620MB,(lfb,31x4MB),SWAP,349/3810MB,(cached,2MB),CPU,[0%@1344,0%@1344,0%@1344,0%@1344,0%@1344,0%@1344],GR3D_FREQ,0%,cpu@51.562C,soc2@49.5C,soc0@50.656C,gpu@51.5C,tj@51.562C,soc1@50.531C,VDD_IN,5643mW/5673mW,VDD_CPU_GPU_CV,1309mW/1310mW,VDD_SOC,2380mW/2380mW
07-26-2026,21:29:16,RAM,772/7620MB,(lfb,31x4MB),SWAP,349/3810MB,(cached,2MB),CPU,[0%@1344,0%@1344,9%@1344,8%@1344,0%@1344,0%@1344],GR3D_FREQ,0%,cpu@51.718C,soc2@49.562C,soc0@50.25C,gpu@51.281C,tj@51.718C,soc1@50.687C,VDD_IN,5683mW/5673mW,VDD_CPU_GPU_CV,1309mW/1310mW,VDD_SOC,2380mW/2380mW
07-26-2026,21:29:16,RAM,772/7620MB,(lfb,31x4MB),SWAP,349/3810MB,(cached,2MB),CPU,[9%@1344,9%@1344,0%@1344,0%@1344,0%@1344,0%@1344],GR3D_FREQ,0%,cpu@51.406C,soc2@49.5C,soc0@50.468C,gpu@51.593C,tj@51.593C,soc1@50.531C,VDD_IN,5683mW/5673mW,VDD_CPU_GPU_CV,1309mW/1310mW,VDD_SOC,2380mW/2380mW
07-26-2026,21:29:16,RAM,772/7620MB,(lfb,31x4MB),SWAP,349/3810MB,(cached,2MB),CPU,[0%@1344,9%@1344,8%@1344,8%@1344,0%@1344,0%@1344],GR3D_FREQ,0%,cpu@51.437C,soc2@49.531C,soc0@50.531C,gpu@51.406C,tj@51.562C,soc1@50.687C,VDD_IN,5683mW/5673mW,VDD_CPU_GPU_CV,1309mW/1310mW,VDD_SOC,2380mW/2380mW
07-26-2026,21:29:16,RAM,772/7620MB,(lfb,31x4MB),SWAP,349/3810MB,(cached,2MB),CPU,[0%@1344,0%@1344,0%@1344,0%@1344,0%@1344,0%@1344],GR3D_FREQ,0%,cpu@51.656C,soc2@49.5C,soc0@50.281C,gpu@51.718C,tj@51.718C,soc1@50.687C,VDD_IN,5683mW/5673mW,VDD_CPU_GPU_CV,1309mW/1310mW,VDD_SOC,2380mW/2380mW
07-26-2026,21:29:16,RAM,772/7620MB,(lfb,31x4MB),SWAP,349/3810MB,(cached,2MB),CPU,[8%@1344,9%@1344,0%@1344,0%@1344,0%@1344,0%@1344],GR3D_FREQ,0%,cpu@51.656C,soc2@49.437C,soc0@50.406C,gpu@51.437C,tj@51.656C,soc1@50.468C,VDD_IN,5683mW/5673mW,VDD_CPU_GPU_CV,1309mW/1310mW,VDD_SOC,2380mW/2380mW
07-26-2026,21:29:16,RAM,772/7620MB,(lfb,31x4MB),SWAP,349/3810MB,(cached,2MB),CPU,[0%@1344,0%@1344,0%@1344,0%@1344,0%@1344,0%@1344],GR3D_FREQ,0%,cpu@51.343C,soc2@49.5C,soc0@50.468C,gpu@51.375C,tj@51.375C,soc1@50.437C,VDD_IN,5683mW/5673mW,VDD_CPU_GPU_CV,1309mW/1310mW,VDD_SOC,2380mW/2380mW
07-26-2026,21:29:16,RAM,772/7620MB,(lfb,31x4MB),SWAP,349/3810MB,(cached,2MB),CPU,[0%@1344,0%@1344,0%@1344,0%@1344,0%@1344,0%@1344],GR3D_FREQ,0%,cpu@51.437C,soc2@49.468C,soc0@50.468C,gpu@51.687C,tj@51.687C,soc1@50.531C,VDD_IN,5643mW/5673mW,VDD_CPU_GPU_CV,1309mW/1310mW,VDD_SOC,2380mW/2380mW
07-26-2026,21:29:16,RAM,772/7620MB,(lfb,31x4MB),SWAP,349/3810MB,(cached,2MB),CPU,[0%@1344,0%@1344,0%@1344,0%@1344,0%@1344,0%@1344],GR3D_FREQ,0%,cpu@51.593C,soc2@49.5C,soc0@50.656C,gpu@51.468C,tj@51.625C,soc1@50.687C,VDD_IN,5643mW/5673mW,VDD_CPU_GPU_CV,1309mW/1310mW,VDD_SOC,2380mW/2380mW
07-26-2026,21:29:17,RAM,772/7620MB,(lfb,31x4MB),SWAP,349/3810MB,(cached,2MB),CPU,[0%@1344,0%@1344,0%@1344,0%@1344,0%@1344,0%@1344],GR3D_FREQ,0%,cpu@51.687C,soc2@49.625C,soc0@50.406C,gpu@51.218C,tj@51.687C,soc1@50.812C,VDD_IN,5643mW/5673mW,VDD_CPU_GPU_CV,1309mW/1310mW,VDD_SOC,2380mW/2380mW
07-26-2026,21:29:17,RAM,772/7620MB,(lfb,31x4MB),SWAP,349/3810MB,(cached,2MB),CPU,[0%@1344,0%@1344,0%@1344,0%@1344,0%@1344,0%@1344],GR3D_FREQ,0%,cpu@51.5C,soc2@49.406C,soc0@50.375C,gpu@51.625C,tj@51.625C,soc1@50.5C,VDD_IN,5643mW/5673mW,VDD_CPU_GPU_CV,1309mW/1310mW,VDD_SOC,2380mW/2380mW
07-26-2026,21:29:17,RAM,772/7620MB,(lfb,31x4MB),SWAP,349/3810MB,(cached,2MB),CPU,[9%@1344,0%@1344,0%@1344,0%@1344,9%@1344,9%@1344],GR3D_FREQ,0%,cpu@51.468C,soc2@49.5C,soc0@50.406C,gpu@51.531C,tj@51.531C,soc1@50.562C,VDD_IN,5683mW/5673mW,VDD_CPU_GPU_CV,1309mW/1310mW,VDD_SOC,2380mW/2380mW
07-26-2026,21:29:17,RAM,772/7620MB,(lfb,31x4MB),SWAP,349/3810MB,(cached,2MB),CPU,[0%@1344,9%@1344,0%@1344,0%@1344,0%@1344,0%@1344],GR3D_FREQ,0%,cpu@51.531C,soc2@49.531C,soc0@50.562C,gpu@51.218C,tj@51.562C,soc1@50.5C,VDD_IN,5683mW/5673mW,VDD_CPU_GPU_CV,1309mW/1310mW,VDD_SOC,2380mW/2380mW
07-26-2026,21:29:17,RAM,772/7620MB,(lfb,31x4MB),SWAP,349/3810MB,(cached,2MB),CPU,[0%@1344,0%@1344,0%@1344,0%@1344,0%@1344,0%@1344],GR3D_FREQ,0%,cpu@51.531C,soc2@49.562C,soc0@50.312C,gpu@51.687C,tj@51.687C,soc1@50.75C,VDD_IN,5683mW/5673mW,VDD_CPU_GPU_CV,1309mW/1310mW,VDD_SOC,2380mW/2380mW
07-26-2026,21:29:17,RAM,772/7620MB,(lfb,31x4MB),SWAP,349/3810MB,(cached,2MB),CPU,[0%@1344,0%@1344,0%@1344,0%@1344,0%@1344,0%@1344],GR3D_FREQ,0%,cpu@51.75C,soc2@49.468C,soc0@50.468C,gpu@51.468C,tj@51.687C,soc1@50.562C,VDD_IN,5683mW/5673mW,VDD_CPU_GPU_CV,1309mW/1310mW,VDD_SOC,2380mW/2380mW
07-26-2026,21:29:17,RAM,772/7620MB,(lfb,31x4MB),SWAP,349/3810MB,(cached,2MB),CPU,[0%@1344,9%@1344,0%@1344,0%@1344,0%@1344,0%@1344],GR3D_FREQ,0%,cpu@51.437C,soc2@49.5C,soc0@50.437C,gpu@51.125C,tj@51.437C,soc1@50.468C,VDD_IN,5683mW/5673mW,VDD_CPU_GPU_CV,1309mW/1310mW,VDD_SOC,2380mW/2380mW
07-26-2026,21:29:17,RAM,772/7620MB,(lfb,31x4MB),SWAP,349/3810MB,(cached,2MB),CPU,[9%@1344,0%@1344,0%@1344,0%@1344,0%@1344,0%@1344],GR3D_FREQ,0%,cpu@51.468C,soc2@49.531C,soc0@50.531C,gpu@51.625C,tj@51.625C,soc1@50.531C,VDD_IN,5643mW/5673mW,VDD_CPU_GPU_CV,1309mW/1310mW,VDD_SOC,2380mW/2380mW
07-26-2026,21:29:17,RAM,772/7620MB,(lfb,31x4MB),SWAP,349/3810MB,(cached,2MB),CPU,[0%@1344,0%@1344,0%@1344,0%@1344,0%@1344,0%@1344],GR3D_FREQ,0%,cpu@51.562C,soc2@49.593C,soc0@50.281C,gpu@51.437C,tj@51.562C,soc1@50.687C,VDD_IN,5643mW/5673mW,VDD_CPU_GPU_CV,1309mW/1310mW,VDD_SOC,2380mW/2380mW
07-26-2026,21:29:18,RAM,772/7620MB,(lfb,31x4MB),SWAP,349/3810MB,(cached,2MB),CPU,[0%@1344,0%@1344,0%@1344,0%@1344,0%@1344,0%@1344],GR3D_FREQ,0%,cpu@51.687C,soc2@49.5C,soc0@50.406C,gpu@51.125C,tj@51.687C,soc1@50.75C,VDD_IN,5643mW/5673mW,VDD_CPU_GPU_CV,1309mW/1310mW,VDD_SOC,2380mW/2380mW
07-26-2026,21:29:18,RAM,772/7620MB,(lfb,31x4MB),SWAP,349/3810MB,(cached,2MB),CPU,[0%@1344,0%@1344,0%@1344,0%@1344,0%@1344,0%@1344],GR3D_FREQ,0%,cpu@51.437C,soc2@49.5C,soc0@50.406C,gpu@51.531C,tj@51.531C,soc1@50.531C,VDD_IN,5643mW/5672mW,VDD_CPU_GPU_CV,1309mW/1310mW,VDD_SOC,2380mW/2380mW
07-26-2026,21:29:18,RAM,773/7620MB,(lfb,31x4MB),SWAP,349/3810MB,(cached,2MB),CPU,[0%@1344,0%@1344,9%@1344,0%@1344,0%@1344,0%@1344],GR3D_FREQ,0%,cpu@51.437C,soc2@49.593C,soc0@50.468C,gpu@51.406C,tj@51.437C,soc1@50.656C,VDD_IN,5683mW/5672mW,VDD_CPU_GPU_CV,1309mW/1310mW,VDD_SOC,2380mW/2380mW
07-26-2026,21:29:18,RAM,773/7620MB,(lfb,31x4MB),SWAP,349/3810MB,(cached,2MB),CPU,[9%@1344,0%@1344,0%@1344,0%@1344,0%@1344,0%@1344],GR3D_FREQ,0%,cpu@51.531C,soc2@49.562C,soc0@50.25C,gpu@51.312C,tj@51.531C,soc1@50.843C,VDD_IN,5683mW/5673mW,VDD_CPU_GPU_CV,1309mW/1310mW,VDD_SOC,2380mW/2380mW
07-26-2026,21:29:18,RAM,772/7620MB,(lfb,31x4MB),SWAP,349/3810MB,(cached,2MB),CPU,[0%@1344,9%@1344,0%@1344,0%@1344,0%@1344,0%@1344],GR3D_FREQ,0%,cpu@51.468C,soc2@49.468C,soc0@50.437C,gpu@51.25C,tj@51.437C,soc1@50.562C,VDD_IN,5683mW/5673mW,VDD_CPU_GPU_CV,1309mW/1310mW,VDD_SOC,2380mW/2380mW
07-26-2026,21:29:18,RAM,772/7620MB,(lfb,31x4MB),SWAP,349/3810MB,(cached,2MB),CPU,[0%@1344,0%@1344,0%@1344,0%@1344,0%@1344,0%@1344],GR3D_FREQ,0%,cpu@51.375C,soc2@49.5C,soc0@50.406C,gpu@51.156C,tj@51.375C,soc1@50.656C,VDD_IN,5683mW/5673mW,VDD_CPU_GPU_CV,1309mW/1310mW,VDD_SOC,2380mW/2380mW
07-26-2026,21:29:18,RAM,772/7620MB,(lfb,31x4MB),SWAP,349/3810MB,(cached,2MB),CPU,[0%@1344,0%@1344,0%@1344,0%@1344,0%@1344,0%@1344],GR3D_FREQ,0%,cpu@51.375C,soc2@49.562C,soc0@50.562C,gpu@51.25C,tj@51.375C,soc1@50.593C,VDD_IN,5683mW/5673mW,VDD_CPU_GPU_CV,1309mW/1310mW,VDD_SOC,2380mW/2380mW
07-26-2026,21:29:18,RAM,772/7620MB,(lfb,31x4MB),SWAP,349/3810MB,(cached,2MB),CPU,[0%@1344,0%@1344,0%@1344,0%@1344,0%@1344,0%@1344],GR3D_FREQ,0%,cpu@51.5C,soc2@49.562C,soc0@50.375C,gpu@51.125C,tj@51.5C,soc1@50.812C,VDD_IN,5643mW/5673mW,VDD_CPU_GPU_CV,1309mW/1310mW,VDD_SOC,2380mW/2380mW
07-26-2026,21:29:18,RAM,772/7620MB,(lfb,31x4MB),SWAP,349/3810MB,(cached,2MB),CPU,[0%@1344,0%@1344,0%@1344,0%@1344,0%@1344,0%@1344],GR3D_FREQ,0%,cpu@51.625C,soc2@49.5C,soc0@50.343C,gpu@51.187C,tj@51.625C,soc1@50.531C,VDD_IN,5643mW/5672mW,VDD_CPU_GPU_CV,1309mW/1310mW,VDD_SOC,2380mW/2380mW
07-26-2026,21:29:18,RAM,772/7620MB,(lfb,31x4MB),SWAP,349/3810MB,(cached,2MB),CPU,[0%@1344,0%@1344,0%@1344,0%@1344,0%@1344,0%@1344],GR3D_FREQ,0%,cpu@51.437C,soc2@49.5C,soc0@50.437C,gpu@51.281C,tj@51.437C,soc1@50.468C,VDD_IN,5643mW/5672mW,VDD_CPU_GPU_CV,1309mW/1310mW,VDD_SOC,2380mW/2380mW
07-26-2026,21:29:19,RAM,772/7620MB,(lfb,31x4MB),SWAP,349/3810MB,(cached,2MB),CPU,[16%@1344,0%@1344,0%@1344,0%@1344,0%@1344,9%@1344],GR3D_FREQ,0%,cpu@51.468C,soc2@49.5C,soc0@50.531C,gpu@51.187C,tj@51.468C,soc1@50.562C,VDD_IN,5723mW/5672mW,VDD_CPU_GPU_CV,1309mW/1310mW,VDD_SOC,2380mW/2380mW
07-26-2026,21:29:19,RAM,772/7620MB,(lfb,31x4MB),SWAP,349/3810MB,(cached,2MB),CPU,[9%@1344,0%@1344,0%@1344,8%@1344,0%@1344,0%@1344],GR3D_FREQ,0%,cpu@51.468C,soc2@49.562C,soc0@50.312C,gpu@51.156C,tj@51.468C,soc1@50.718C,VDD_IN,5723mW/5673mW,VDD_CPU_GPU_CV,1309mW/1310mW,VDD_SOC,2380mW/2380mW
07-26-2026,21:29:19,RAM,772/7620MB,(lfb,31x4MB),SWAP,349/3810MB,(cached,2MB),CPU,[0%@1344,0%@1344,0%@1344,0%@1344,0%@1344,0%@1344],GR3D_FREQ,0%,cpu@51.531C,soc2@49.437C,soc0@50.312C,gpu@51.218C,tj@51.531C,soc1@50.531C,VDD_IN,5723mW/5673mW,VDD_CPU_GPU_CV,1309mW/1310mW,VDD_SOC,2380mW/2380mW
07-26-2026,21:29:19,RAM,772/7620MB,(lfb,31x4MB),SWAP,349/3810MB,(cached,2MB),CPU,[10%@1344,0%@1344,0%@1344,0%@1344,0%@1344,0%@1344],GR3D_FREQ,0%,cpu@51.343C,soc2@49.5C,soc0@50.343C,gpu@51.281C,tj@51.343C,soc1@50.5C,VDD_IN,5723mW/5673mW,VDD_CPU_GPU_CV,1349mW/1310mW,VDD_SOC,2380mW/2380mW
07-26-2026,21:29:19,RAM,772/7620MB,(lfb,31x4MB),SWAP,349/3810MB,(cached,2MB),CPU,[0%@1344,0%@1344,0%@1344,0%@1344,0%@1344,0%@1344],GR3D_FREQ,0%,cpu@51.406C,soc2@49.625C,soc0@50.593C,gpu@51.718C,tj@51.718C,soc1@50.531C,VDD_IN,5723mW/5673mW,VDD_CPU_GPU_CV,1309mW/1310mW,VDD_SOC,2380mW/2380mW
07-26-2026,21:29:19,RAM,772/7620MB,(lfb,31x4MB),SWAP,349/3810MB,(cached,2MB),CPU,[0%@1344,0%@1344,0%@1344,0%@1344,0%@1344,0%@1344],GR3D_FREQ,0%,cpu@51.906C,soc2@49.562C,soc0@50.593C,gpu@51.25C,tj@51.906C,soc1@50.625C,VDD_IN,5723mW/5673mW,VDD_CPU_GPU_CV,1309mW/1310mW,VDD_SOC,2380mW/2380mW
07-26-2026,21:29:19,RAM,772/7620MB,(lfb,31x4MB),SWAP,349/3810MB,(cached,2MB),CPU,[0%@1344,0%@1344,0%@1344,0%@1344,0%@1344,0%@1344],GR3D_FREQ,0%,cpu@51.562C,soc2@49.562C,soc0@50.343C,gpu@51.156C,tj@51.562C,soc1@50.406C,VDD_IN,5683mW/5673mW,VDD_CPU_GPU_CV,1309mW/1310mW,VDD_SOC,2380mW/2380mW
07-26-2026,21:29:19,RAM,772/7620MB,(lfb,31x4MB),SWAP,349/3810MB,(cached,2MB),CPU,[0%@1344,0%@1344,0%@1344,0%@1344,0%@1344,0%@1344],GR3D_FREQ,0%,cpu@51.625C,soc2@49.5C,soc0@50.375C,gpu@51.718C,tj@51.718C,soc1@50.531C,VDD_IN,5683mW/5673mW,VDD_CPU_GPU_CV,1309mW/1310mW,VDD_SOC,2380mW/2380mW
07-26-2026,21:29:19,RAM,772/7620MB,(lfb,31x4MB),SWAP,349/3810MB,(cached,2MB),CPU,[9%@1344,0%@1344,0%@1344,0%@1344,0%@1344,0%@1344],GR3D_FREQ,0%,cpu@51.406C,soc2@49.593C,soc0@50.468C,gpu@51.281C,tj@51.406C,soc1@50.625C,VDD_IN,5683mW/5673mW,VDD_CPU_GPU_CV,1309mW/1310mW,VDD_SOC,2380mW/2380mW
07-26-2026,21:29:20,RAM,772/7620MB,(lfb,31x4MB),SWAP,349/3810MB,(cached,2MB),CPU,[0%@1344,0%@1344,0%@1344,0%@1344,0%@1344,0%@1344],GR3D_FREQ,0%,cpu@51.406C,soc2@49.593C,soc0@50.593C,gpu@51.125C,tj@51.781C,soc1@50.687C,VDD_IN,5683mW/5673mW,VDD_CPU_GPU_CV,1309mW/1310mW,VDD_SOC,2380mW/2380mW
07-26-2026,21:29:20,RAM,772/7620MB,(lfb,31x4MB),SWAP,349/3810MB,(cached,2MB),CPU,[0%@1344,0%@1344,0%@1344,0%@1344,0%@1344,0%@1344],GR3D_FREQ,0%,cpu@51.437C,soc2@49.656C,soc0@50.281C,gpu@51.656C,tj@51.656C,soc1@50.625C,VDD_IN,5683mW/5673mW,VDD_CPU_GPU_CV,1309mW/1310mW,VDD_SOC,2380mW/2380mW
07-26-2026,21:29:20,RAM,773/7620MB,(lfb,31x4MB),SWAP,349/3810MB,(cached,2MB),CPU,[9%@1344,0%@1344,0%@1344,0%@1344,0%@1344,0%@1344],GR3D_FREQ,0%,cpu@51.656C,soc2@49.437C,soc0@50.312C,gpu@51.218C,tj@51.468C,soc1@50.531C,VDD_IN,5683mW/5673mW,VDD_CPU_GPU_CV,1309mW/1310mW,VDD_SOC,2380mW/2380mW
07-26-2026,21:29:20,RAM,772/7620MB,(lfb,31x4MB),SWAP,349/3810MB,(cached,2MB),CPU,[9%@1344,9%@1344,0%@1344,0%@1344,0%@1344,0%@1344],GR3D_FREQ,0%,cpu@51.531C,soc2@49.593C,soc0@50.656C,gpu@51.312C,tj@51.531C,soc1@50.656C,VDD_IN,5683mW/5673mW,VDD_CPU_GPU_CV,1309mW/1310mW,VDD_SOC,2380mW/2380mW
07-26-2026,21:29:20,RAM,772/7620MB,(lfb,31x4MB),SWAP,349/3810MB,(cached,2MB),CPU,[0%@1344,0%@1344,0%@1344,0%@1344,0%@1344,0%@1344],GR3D_FREQ,0%,cpu@51.718C,soc2@49.593C,soc0@50.375C,gpu@51.593C,tj@51.718C,soc1@50.718C,VDD_IN,5683mW/5673mW,VDD_CPU_GPU_CV,1309mW/1310mW,VDD_SOC,2380mW/2380mW
07-26-2026,21:29:20,RAM,772/7620MB,(lfb,31x4MB),SWAP,349/3810MB,(cached,2MB),CPU,[0%@1344,0%@1344,0%@1344,0%@1344,0%@1344,0%@1344],GR3D_FREQ,0%,cpu@51.75C,soc2@49.5C,soc0@50.406C,gpu@51.375C,tj@51.75C,soc1@50.5C,VDD_IN,5683mW/5673mW,VDD_CPU_GPU_CV,1309mW/1310mW,VDD_SOC,2380mW/2380mW
07-26-2026,21:29:20,RAM,772/7620MB,(lfb,31x4MB),SWAP,349/3810MB,(cached,2MB),CPU,[9%@1344,0%@1344,0%@1344,0%@1344,0%@1344,0%@1344],GR3D_FREQ,0%,cpu@51.25C,soc2@49.468C,soc0@50.437C,gpu@51.375C,tj@51.375C,soc1@50.531C,VDD_IN,5683mW/5673mW,VDD_CPU_GPU_CV,1309mW/1310mW,VDD_SOC,2380mW/2380mW
07-26-2026,21:29:20,RAM,772/7620MB,(lfb,31x4MB),SWAP,349/3810MB,(cached,2MB),CPU,[0%@1344,0%@1344,0%@1344,0%@1344,0%@1344,0%@1344],GR3D_FREQ,0%,cpu@51.625C,soc2@49.375C,soc0@50.531C,gpu@51.656C,tj@51.656C,soc1@50.531C,VDD_IN,5683mW/5673mW,VDD_CPU_GPU_CV,1309mW/1310mW,VDD_SOC,2380mW/2380mW
07-26-2026,21:29:20,RAM,772/7620MB,(lfb,31x4MB),SWAP,349/3810MB,(cached,2MB),CPU,[9%@1344,0%@1344,0%@1344,0%@1344,0%@1344,0%@1344],GR3D_FREQ,0%,cpu@51.656C,soc2@49.531C,soc0@50.562C,gpu@51.468C,tj@51.656C,soc1@50.656C,VDD_IN,5643mW/5673mW,VDD_CPU_GPU_CV,1309mW/1310mW,VDD_SOC,2380mW/2380mW
07-26-2026,21:29:20,RAM,772/7620MB,(lfb,31x4MB),SWAP,349/3810MB,(cached,2MB),CPU,[0%@1344,0%@1344,0%@1344,0%@1344,0%@1344,0%@1344],GR3D_FREQ,0%,cpu@51.812C,soc2@49.656C,soc0@50.375C,gpu@51.25C,tj@51.812C,soc1@50.812C,VDD_IN,5643mW/5673mW,VDD_CPU_GPU_CV,1309mW/1310mW,VDD_SOC,2380mW/2380mW
07-26-2026,21:29:21,RAM,772/7620MB,(lfb,31x4MB),SWAP,349/3810MB,(cached,2MB),CPU,[0%@1344,0%@1344,0%@1344,0%@1344,0%@1344,0%@1344],GR3D_FREQ,0%,cpu@51.343C,soc2@49.5C,soc0@50.406C,gpu@51.656C,tj@51.656C,soc1@50.562C,VDD_IN,5643mW/5673mW,VDD_CPU_GPU_CV,1309mW/1310mW,VDD_SOC,2380mW/2380mW
07-26-2026,21:29:21,RAM,772/7620MB,(lfb,31x4MB),SWAP,349/3810MB,(cached,2MB),CPU,[0%@1344,0%@1344,0%@1344,0%@1344,0%@1344,0%@1344],GR3D_FREQ,0%,cpu@51.562C,soc2@49.531C,soc0@50.5C,gpu@51.406C,tj@51.562C,soc1@50.656C,VDD_IN,5643mW/5673mW,VDD_CPU_GPU_CV,1309mW/1310mW,VDD_SOC,2380mW/2380mW
07-26-2026,21:29:21,RAM,772/7620MB,(lfb,31x4MB),SWAP,349/3810MB,(cached,2MB),CPU,[0%@1344,0%@1344,8%@1344,0%@1344,0%@1344,9%@1344],GR3D_FREQ,0%,cpu@51.5C,soc2@49.562C,soc0@50.531C,gpu@51.218C,tj@51.5C,soc1@50.718C,VDD_IN,5683mW/5673mW,VDD_CPU_GPU_CV,1309mW/1310mW,VDD_SOC,2380mW/2380mW
07-26-2026,21:29:21,RAM,772/7620MB,(lfb,31x4MB),SWAP,349/3810MB,(cached,2MB),CPU,[9%@1344,9%@1344,0%@1344,0%@1344,0%@1344,0%@1344],GR3D_FREQ,0%,cpu@51.781C,soc2@49.625C,soc0@50.312C,gpu@51.5C,tj@51.781C,soc1@50.75C,VDD_IN,5683mW/5673mW,VDD_CPU_GPU_CV,1349mW/1310mW,VDD_SOC,2380mW/2380mW
07-26-2026,21:29:21,RAM,772/7620MB,(lfb,31x4MB),SWAP,349/3810MB,(cached,2MB),CPU,[16%@1344,0%@1344,0%@1344,0%@1344,0%@1344,0%@1344],GR3D_FREQ,0%,cpu@51.343C,soc2@49.5C,soc0@50.312C,gpu@51.437C,tj@51.437C,soc1@50.5C,VDD_IN,5683mW/5673mW,VDD_CPU_GPU_CV,1309mW/1310mW,VDD_SOC,2380mW/2380mW
07-26-2026,21:29:21,RAM,772/7620MB,(lfb,31x4MB),SWAP,349/3810MB,(cached,2MB),CPU,[0%@1344,0%@1344,0%@1344,0%@1344,0%@1344,0%@1344],GR3D_FREQ,0%,cpu@51.25C,soc2@49.468C,soc0@50.468C,gpu@51.281C,tj@51.593C,soc1@50.593C,VDD_IN,5683mW/5673mW,VDD_CPU_GPU_CV,1309mW/1310mW,VDD_SOC,2380mW/2380mW
07-26-2026,21:29:21,RAM,772/7620MB,(lfb,31x4MB),SWAP,349/3810MB,(cached,2MB),CPU,[0%@1344,0%@1344,0%@1344,0%@1344,0%@1344,0%@1344],GR3D_FREQ,0%,cpu@51.656C,soc2@49.468C,soc0@50.718C,gpu@51.625C,tj@51.656C,soc1@50.656C,VDD_IN,5683mW/5673mW,VDD_CPU_GPU_CV,1309mW/1310mW,VDD_SOC,2380mW/2380mW
07-26-2026,21:29:21,RAM,772/7620MB,(lfb,31x4MB),SWAP,349/3810MB,(cached,2MB),CPU,[0%@1344,0%@1344,0%@1344,0%@1344,0%@1344,0%@1344],GR3D_FREQ,0%,cpu@51.687C,soc2@49.531C,soc0@50.312C,gpu@51.406C,tj@51.687C,soc1@50.687C,VDD_IN,5683mW/5673mW,VDD_CPU_GPU_CV,1309mW/1310mW,VDD_SOC,2380mW/2380mW
07-26-2026,21:29:21,RAM,772/7620MB,(lfb,31x4MB),SWAP,349/3810MB,(cached,2MB),CPU,[0%@1344,0%@1344,0%@1344,0%@1344,0%@1344,0%@1344],GR3D_FREQ,0%,cpu@51.781C,soc2@49.437C,soc0@50.312C,gpu@51.25C,tj@51.781C,soc1@50.5C,VDD_IN,5643mW/5673mW,VDD_CPU_GPU_CV,1309mW/1310mW,VDD_SOC,2380mW/2380mW
07-26-2026,21:29:22,RAM,772/7620MB,(lfb,31x4MB),SWAP,349/3810MB,(cached,2MB),CPU,[0%@1344,0%@1344,0%@1344,0%@1344,0%@1344,0%@1344],GR3D_FREQ,0%,cpu@51.343C,soc2@49.468C,soc0@50.5C,gpu@51.5C,tj@51.5C,soc1@50.593C,VDD_IN,5643mW/5673mW,VDD_CPU_GPU_CV,1309mW/1310mW,VDD_SOC,2380mW/2380mW
07-26-2026,21:29:22,RAM,772/7620MB,(lfb,31x4MB),SWAP,349/3810MB,(cached,2MB),CPU,[0%@1344,0%@1344,0%@1344,0%@1344,0%@1344,0%@1344],GR3D_FREQ,0%,cpu@51.531C,soc2@49.468C,soc0@50.468C,gpu@51.406C,tj@51.531C,soc1@50.468C,VDD_IN,5643mW/5673mW,VDD_CPU_GPU_CV,1309mW/1310mW,VDD_SOC,2380mW/2380mW
07-26-2026,21:29:22,RAM,772/7620MB,(lfb,31x4MB),SWAP,349/3810MB,(cached,2MB),CPU,[0%@1344,0%@1344,0%@1344,0%@1344,0%@1344,0%@1344],GR3D_FREQ,0%,cpu@51.625C,soc2@49.625C,soc0@50.593C,gpu@51.281C,tj@51.625C,soc1@50.687C,VDD_IN,5643mW/5673mW,VDD_CPU_GPU_CV,1309mW/1310mW,VDD_SOC,2380mW/2380mW
07-26-2026,21:29:22,RAM,772/7620MB,(lfb,31x4MB),SWAP,349/3810MB,(cached,2MB),CPU,[9%@1344,9%@1344,9%@1344,0%@1344,8%@1344,8%@1344],GR3D_FREQ,0%,cpu@51.531C,soc2@49.5C,soc0@50.406C,gpu@51.281C,tj@51.375C,soc1@50.531C,VDD_IN,5683mW/5673mW,VDD_CPU_GPU_CV,1309mW/1310mW,VDD_SOC,2380mW/2380mW
07-26-2026,21:29:22,RAM,772/7620MB,(lfb,31x4MB),SWAP,349/3810MB,(cached,2MB),CPU,[0%@1344,0%@1344,0%@1344,0%@1344,0%@1344,0%@1344],GR3D_FREQ,0%,cpu@51.437C,soc2@49.5C,soc0@50.468C,gpu@51.781C,tj@51.781C,soc1@50.656C,VDD_IN,5683mW/5673mW,VDD_CPU_GPU_CV,1309mW/1310mW,VDD_SOC,2380mW/2380mW
07-26-2026,21:29:22,RAM,772/7620MB,(lfb,31x4MB),SWAP,349/3810MB,(cached,2MB),CPU,[0%@1344,0%@1344,0%@1344,0%@1344,0%@1344,0%@1344],GR3D_FREQ,0%,cpu@51.5C,soc2@49.656C,soc0@50.562C,gpu@51.25C,tj@51.5C,soc1@50.687C,VDD_IN,5683mW/5673mW,VDD_CPU_GPU_CV,1309mW/1310mW,VDD_SOC,2380mW/2380mW
07-26-2026,21:29:22,RAM,772/7620MB,(lfb,31x4MB),SWAP,349/3810MB,(cached,2MB),CPU,[16%@1344,0%@1344,0%@1344,0%@1344,0%@1344,0%@1344],GR3D_FREQ,0%,cpu@51.656C,soc2@49.562C,soc0@50.406C,gpu@51.187C,tj@51.656C,soc1@50.687C,VDD_IN,5683mW/5673mW,VDD_CPU_GPU_CV,1309mW/1310mW,VDD_SOC,2380mW/2380mW
07-26-2026,21:29:22,RAM,772/7620MB,(lfb,31x4MB),SWAP,349/3810MB,(cached,2MB),CPU,[9%@1344,0%@1344,0%@1344,0%@1344,0%@1344,0%@1344],GR3D_FREQ,0%,cpu@51.625C,soc2@49.5C,soc0@50.437C,gpu@51.687C,tj@51.687C,soc1@50.468C,VDD_IN,5683mW/5673mW,VDD_CPU_GPU_CV,1309mW/1310mW,VDD_SOC,2380mW/2380mW
07-26-2026,21:29:22,RAM,772/7620MB,(lfb,31x4MB),SWAP,349/3810MB,(cached,2MB),CPU,[0%@1344,0%@1344,0%@1344,0%@1344,0%@1344,0%@1344],GR3D_FREQ,0%,cpu@51.531C,soc2@49.593C,soc0@50.406C,gpu@51.281C,tj@51.531C,soc1@50.562C,VDD_IN,5683mW/5673mW,VDD_CPU_GPU_CV,1309mW/1310mW,VDD_SOC,2380mW/2380mW
07-26-2026,21:29:22,RAM,772/7620MB,(lfb,31x4MB),SWAP,349/3810MB,(cached,2MB),CPU,[0%@1344,0%@1344,0%@1344,0%@1344,0%@1344,0%@1344],GR3D_FREQ,0%,cpu@51.625C,soc2@49.562C,soc0@50.656C,gpu@51.218C,tj@51.625C,soc1@50.656C,VDD_IN,5643mW/5673mW,VDD_CPU_GPU_CV,1309mW/1310mW,VDD_SOC,2380mW/2380mW
07-26-2026,21:29:23,RAM,772/7620MB,(lfb,31x4MB),SWAP,349/3810MB,(cached,2MB),CPU,[0%@1344,0%@1344,0%@1344,0%@1344,0%@1344,0%@1344],GR3D_FREQ,0%,cpu@51.562C,soc2@49.593C,soc0@50.343C,gpu@51.656C,tj@51.656C,soc1@50.75C,VDD_IN,5643mW/5673mW,VDD_CPU_GPU_CV,1309mW/1310mW,VDD_SOC,2380mW/2380mW
07-26-2026,21:29:23,RAM,772/7620MB,(lfb,31x4MB),SWAP,349/3810MB,(cached,2MB),CPU,[0%@1344,0%@1344,0%@1344,0%@1344,0%@1344,0%@1344],GR3D_FREQ,0%,cpu@51.718C,soc2@49.531C,soc0@50.406C,gpu@51.218C,tj@51.625C,soc1@50.468C,VDD_IN,5643mW/5673mW,VDD_CPU_GPU_CV,1309mW/1310mW,VDD_SOC,2380mW/2380mW
07-26-2026,21:29:23,RAM,772/7620MB,(lfb,31x4MB),SWAP,349/3810MB,(cached,2MB),CPU,[0%@1344,0%@1344,0%@1344,0%@1344,0%@1344,0%@1344],GR3D_FREQ,0%,cpu@51.375C,soc2@49.562C,soc0@50.406C,gpu@51.218C,tj@51.375C,soc1@50.656C,VDD_IN,5683mW/5673mW,VDD_CPU_GPU_CV,1309mW/1310mW,VDD_SOC,2380mW/2380mW
07-26-2026,21:29:23,RAM,772/7620MB,(lfb,31x4MB),SWAP,349/3810MB,(cached,2MB),CPU,[10%@1344,9%@1344,0%@1344,0%@1344,0%@1344,0%@1344],GR3D_FREQ,0%,cpu@51.531C,soc2@49.562C,soc0@50.531C,gpu@51.656C,tj@51.656C,soc1@50.656C,VDD_IN,5683mW/5673mW,VDD_CPU_GPU_CV,1349mW/1310mW,VDD_SOC,2380mW/2380mW
07-26-2026,21:29:23,RAM,772/7620MB,(lfb,31x4MB),SWAP,349/3810MB,(cached,2MB),CPU,[0%@1344,0%@1344,0%@1344,0%@1344,0%@1344,0%@1344],GR3D_FREQ,0%,cpu@51.562C,soc2@49.562C,soc0@50.656C,gpu@51.218C,tj@51.562C,soc1@50.75C,VDD_IN,5683mW/5673mW,VDD_CPU_GPU_CV,1309mW/1310mW,VDD_SOC,2380mW/2380mW
07-26-2026,21:29:23,RAM,772/7620MB,(lfb,31x4MB),SWAP,349/3810MB,(cached,2MB),CPU,[0%@1344,0%@1344,0%@1344,0%@1344,0%@1344,0%@1344],GR3D_FREQ,0%,cpu@51.625C,soc2@49.687C,soc0@50.406C,gpu@51.218C,tj@51.625C,soc1@50.843C,VDD_IN,5683mW/5673mW,VDD_CPU_GPU_CV,1309mW/1310mW,VDD_SOC,2380mW/2380mW
07-26-2026,21:29:23,RAM,772/7620MB,(lfb,31x4MB),SWAP,349/3810MB,(cached,2MB),CPU,[0%@1344,0%@1344,0%@1344,0%@1344,0%@1344,0%@1344],GR3D_FREQ,0%,cpu@51.687C,soc2@49.5C,soc0@50.468C,gpu@51.625C,tj@51.687C,soc1@50.562C,VDD_IN,5683mW/5673mW,VDD_CPU_GPU_CV,1309mW/1310mW,VDD_SOC,2380mW/2380mW
07-26-2026,21:29:23,RAM,772/7620MB,(lfb,31x4MB),SWAP,349/3810MB,(cached,2MB),CPU,[0%@1344,9%@1344,0%@1344,0%@1344,0%@1344,0%@1344],GR3D_FREQ,0%,cpu@51.437C,soc2@49.5C,soc0@50.468C,gpu@51.218C,tj@51.437C,soc1@50.562C,VDD_IN,5643mW/5673mW,VDD_CPU_GPU_CV,1309mW/1310mW,VDD_SOC,2380mW/2380mW
07-26-2026,21:29:23,RAM,772/7620MB,(lfb,31x4MB),SWAP,349/3810MB,(cached,2MB),CPU,[9%@1344,0%@1344,0%@1344,0%@1344,0%@1344,0%@1344],GR3D_FREQ,0%,cpu@51.531C,soc2@49.531C,soc0@50.593C,gpu@51.156C,tj@51.531C,soc1@50.656C,VDD_IN,5643mW/5673mW,VDD_CPU_GPU_CV,1309mW/1310mW,VDD_SOC,2380mW/2380mW
07-26-2026,21:29:24,RAM,772/7620MB,(lfb,31x4MB),SWAP,349/3810MB,(cached,2MB),CPU,[0%@1344,0%@1344,0%@1344,0%@1344,0%@1344,0%@1344],GR3D_FREQ,0%,cpu@51.625C,soc2@49.562C,soc0@50.406C,gpu@51.593C,tj@51.625C,soc1@50.75C,VDD_IN,5643mW/5673mW,VDD_CPU_GPU_CV,1309mW/1310mW,VDD_SOC,2380mW/2380mW
07-26-2026,21:29:24,RAM,772/7620MB,(lfb,31x4MB),SWAP,349/3810MB,(cached,2MB),CPU,[0%@1344,0%@1344,0%@1344,0%@1344,0%@1344,0%@1344],GR3D_FREQ,0%,cpu@51.687C,soc2@49.468C,soc0@50.5C,gpu@51.218C,tj@51.687C,soc1@50.593C,VDD_IN,5643mW/5673mW,VDD_CPU_GPU_CV,1309mW/1310mW,VDD_SOC,2380mW/2380mW
07-26-2026,21:29:24,RAM,772/7620MB,(lfb,31x4MB),SWAP,349/3810MB,(cached,2MB),CPU,[0%@1344,0%@1344,0%@1344,0%@1344,0%@1344,0%@1344],GR3D_FREQ,0%,cpu@51.437C,soc2@49.5C,soc0@50.437C,gpu@51.781C,tj@51.781C,soc1@50.625C,VDD_IN,5723mW/5673mW,VDD_CPU_GPU_CV,1309mW/1310mW,VDD_SOC,2380mW/2380mW
07-26-2026,21:29:24,RAM,772/7620MB,(lfb,31x4MB),SWAP,349/3810MB,(cached,2MB),CPU,[9%@1344,0%@1344,0%@1344,0%@1344,0%@1344,0%@1344],GR3D_FREQ,0%,cpu@51.5C,soc2@49.531C,soc0@50.312C,gpu@51.593C,tj@51.5C,soc1@50.687C,VDD_IN,5762mW/5673mW,VDD_CPU_GPU_CV,1349mW/1310mW,VDD_SOC,2380mW/2380mW
07-26-2026,21:29:24,RAM,772/7620MB,(lfb,31x4MB),SWAP,349/3810MB,(cached,2MB),CPU,[0%@1344,0%@1344,0%@1344,0%@1344,0%@1344,0%@1344],GR3D_FREQ,0%,cpu@51.562C,soc2@49.437C,soc0@50.468C,gpu@51.406C,tj@51.562C,soc1@50.437C,VDD_IN,5762mW/5673mW,VDD_CPU_GPU_CV,1349mW/1310mW,VDD_SOC,2380mW/2380mW
07-26-2026,21:29:24,RAM,772/7620MB,(lfb,31x4MB),SWAP,349/3810MB,(cached,2MB),CPU,[16%@1344,0%@1344,0%@1344,0%@1344,0%@1344,0%@1344],GR3D_FREQ,0%,cpu@51.375C,soc2@49.531C,soc0@50.468C,gpu@51.281C,tj@51.375C,soc1@50.593C,VDD_IN,5723mW/5673mW,VDD_CPU_GPU_CV,1309mW/1310mW,VDD_SOC,2380mW/2380mW
07-26-2026,21:29:24,RAM,772/7620MB,(lfb,31x4MB),SWAP,349/3810MB,(cached,2MB),CPU,[0%@1344,0%@1344,0%@1344,0%@1344,0%@1344,0%@1344],GR3D_FREQ,0%,cpu@51.343C,soc2@49.625C,soc0@50.531C,gpu@51.25C,tj@51.343C,soc1@50.687C,VDD_IN,5723mW/5673mW,VDD_CPU_GPU_CV,1309mW/1310mW,VDD_SOC,2380mW/2380mW
07-26-2026,21:29:24,RAM,772/7620MB,(lfb,31x4MB),SWAP,349/3810MB,(cached,2MB),CPU,[0%@1344,0%@1344,0%@1344,0%@1344,0%@1344,0%@1344],GR3D_FREQ,0%,cpu@51.468C,soc2@49.562C,soc0@50.625C,gpu@51.468C,tj@51.937C,soc1@50.781C,VDD_IN,5683mW/5673mW,VDD_CPU_GPU_CV,1309mW/1310mW,VDD_SOC,2380mW/2380mW
07-26-2026,21:29:24,RAM,772/7620MB,(lfb,31x4MB),SWAP,349/3810MB,(cached,2MB),CPU,[0%@1344,9%@1344,0%@1344,0%@1344,0%@1344,0%@1344],GR3D_FREQ,0%,cpu@51.5C,soc2@49.593C,soc0@50.343C,gpu@51.343C,tj@51.5C,soc1@50.718C,VDD_IN,5683mW/5673mW,VDD_CPU_GPU_CV,1309mW/1310mW,VDD_SOC,2380mW/2380mW
07-26-2026,21:29:24,RAM,772/7620MB,(lfb,31x4MB),SWAP,349/3810MB,(cached,2MB),CPU,[0%@1344,0%@1344,0%@1344,0%@1344,0%@1344,0%@1344],GR3D_FREQ,0%,cpu@51.406C,soc2@49.531C,soc0@50.468C,gpu@51.531C,tj@51.531C,soc1@50.562C,VDD_IN,5683mW/5673mW,VDD_CPU_GPU_CV,1309mW/1310mW,VDD_SOC,2380mW/2380mW
07-26-2026,21:29:25,RAM,772/7620MB,(lfb,31x4MB),SWAP,349/3810MB,(cached,2MB),CPU,[9%@1344,0%@1344,0%@1344,0%@1344,0%@1344,0%@1344],GR3D_FREQ,0%,cpu@51.468C,soc2@49.593C,soc0@50.531C,gpu@51.375C,tj@51.468C,soc1@50.531C,VDD_IN,5683mW/5673mW,VDD_CPU_GPU_CV,1309mW/1310mW,VDD_SOC,2380mW/2380mW
07-26-2026,21:29:25,RAM,772/7620MB,(lfb,31x4MB),SWAP,349/3810MB,(cached,2MB),CPU,[0%@1344,9%@1344,0%@1344,0%@1344,0%@1344,0%@1344],GR3D_FREQ,0%,cpu@51.5C,soc2@49.625C,soc0@50.562C,gpu@51.218C,tj@51.5C,soc1@50.625C,VDD_IN,5683mW/5673mW,VDD_CPU_GPU_CV,1309mW/1310mW,VDD_SOC,2380mW/2380mW
07-26-2026,21:29:25,RAM,773/7620MB,(lfb,31x4MB),SWAP,349/3810MB,(cached,2MB),CPU,[0%@1344,0%@1344,0%@1344,0%@1344,0%@1344,9%@1344],GR3D_FREQ,0%,cpu@51.562C,soc2@49.593C,soc0@50.437C,gpu@51.531C,tj@51.562C,soc1@50.812C,VDD_IN,5683mW/5673mW,VDD_CPU_GPU_CV,1309mW/1310mW,VDD_SOC,2380mW/2380mW
07-26-2026,21:29:25,RAM,773/7620MB,(lfb,31x4MB),SWAP,349/3810MB,(cached,2MB),CPU,[0%@1344,0%@1344,0%@1344,0%@1344,0%@1344,0%@1344],GR3D_FREQ,0%,cpu@51.625C,soc2@49.468C,soc0@50.406C,gpu@51.343C,tj@51.625C,soc1@50.437C,VDD_IN,5683mW/5673mW,VDD_CPU_GPU_CV,1349mW/1310mW,VDD_SOC,2380mW/2380mW
07-26-2026,21:29:25,RAM,772/7620MB,(lfb,31x4MB),SWAP,349/3810MB,(cached,2MB),CPU,[0%@1344,9%@1344,0%@1344,0%@1344,0%@1344,0%@1344],GR3D_FREQ,0%,cpu@51.437C,soc2@49.531C,soc0@50.437C,gpu@51.218C,tj@51.437C,soc1@50.656C,VDD_IN,5683mW/5673mW,VDD_CPU_GPU_CV,1309mW/1310mW,VDD_SOC,2380mW/2380mW
07-26-2026,21:29:25,RAM,772/7620MB,(lfb,31x4MB),SWAP,349/3810MB,(cached,2MB),CPU,[0%@1344,0%@1344,0%@1344,0%@1344,0%@1344,0%@1344],GR3D_FREQ,0%,cpu@51.375C,soc2@49.562C,soc0@50.531C,gpu@51.468C,tj@51.468C,soc1@50.625C,VDD_IN,5683mW/5673mW,VDD_CPU_GPU_CV,1309mW/1310mW,VDD_SOC,2380mW/2380mW
07-26-2026,21:29:25,RAM,772/7620MB,(lfb,31x4MB),SWAP,349/3810MB,(cached,2MB),CPU,[0%@1344,0%@1344,0%@1344,0%@1344,0%@1344,0%@1344],GR3D_FREQ,0%,cpu@51.843C,soc2@49.562C,soc0@50.343C,gpu@51.343C,tj@51.843C,soc1@50.812C,VDD_IN,5683mW/5673mW,VDD_CPU_GPU_CV,1309mW/1310mW,VDD_SOC,2380mW/2380mW
07-26-2026,21:29:25,RAM,772/7620MB,(lfb,31x4MB),SWAP,349/3810MB,(cached,2MB),CPU,[0%@1344,0%@1344,0%@1344,0%@1344,0%@1344,0%@1344],GR3D_FREQ,0%,cpu@51.562C,soc2@49.531C,soc0@50.375C,gpu@51.218C,tj@51.562C,soc1@50.781C,VDD_IN,5683mW/5673mW,VDD_CPU_GPU_CV,1309mW/1310mW,VDD_SOC,2380mW/2380mW
07-26-2026,21:29:25,RAM,772/7620MB,(lfb,31x4MB),SWAP,349/3810MB,(cached,2MB),CPU,[0%@1344,0%@1344,0%@1344,0%@1344,0%@1344,0%@1344],GR3D_FREQ,0%,cpu@51.375C,soc2@49.5C,soc0@50.468C,gpu@51.5C,tj@51.5C,soc1@50.468C,VDD_IN,5643mW/5673mW,VDD_CPU_GPU_CV,1309mW/1310mW,VDD_SOC,2380mW/2380mW
07-26-2026,21:29:26,RAM,772/7620MB,(lfb,31x4MB),SWAP,349/3810MB,(cached,2MB),CPU,[0%@1344,0%@1344,0%@1344,0%@1344,0%@1344,0%@1344],GR3D_FREQ,0%,cpu@51.437C,soc2@49.593C,soc0@50.437C,gpu@51.281C,tj@51.437C,soc1@50.656C,VDD_IN,5643mW/5673mW,VDD_CPU_GPU_CV,1309mW/1310mW,VDD_SOC,2380mW/2380mW
07-26-2026,21:29:26,RAM,772/7620MB,(lfb,31x4MB),SWAP,349/3810MB,(cached,2MB),CPU,[0%@1344,0%@1344,0%@1344,0%@1344,0%@1344,0%@1344],GR3D_FREQ,0%,cpu@51.468C,soc2@49.531C,soc0@50.656C,gpu@51.218C,tj@51.468C,soc1@50.625C,VDD_IN,5643mW/5673mW,VDD_CPU_GPU_CV,1309mW/1310mW,VDD_SOC,2380mW/2380mW
07-26-2026,21:29:26,RAM,772/7620MB,(lfb,31x4MB),SWAP,349/3810MB,(cached,2MB),CPU,[8%@1344,0%@1344,0%@1344,0%@1344,0%@1344,0%@1344],GR3D_FREQ,0%,cpu@51.593C,soc2@49.625C,soc0@50.312C,gpu@51.406C,tj@51.593C,soc1@50.843C,VDD_IN,5643mW/5673mW,VDD_CPU_GPU_CV,1309mW/1310mW,VDD_SOC,2380mW/2380mW
07-26-2026,21:29:26,RAM,772/7620MB,(lfb,31x4MB),SWAP,349/3810MB,(cached,2MB),CPU,[16%@1344,9%@1344,9%@1344,0%@1344,0%@1344,0%@1344],GR3D_FREQ,0%,cpu@51.437C,soc2@49.5C,soc0@50.437C,gpu@51.656C,tj@51.656C,soc1@50.593C,VDD_IN,5683mW/5673mW,VDD_CPU_GPU_CV,1309mW/1310mW,VDD_SOC,2380mW/2380mW
07-26-2026,21:29:26,RAM,772/7620MB,(lfb,31x4MB),SWAP,349/3810MB,(cached,2MB),CPU,[0%@1344,0%@1344,0%@1344,0%@1344,0%@1344,0%@1344],GR3D_FREQ,0%,cpu@51.625C,soc2@49.5C,soc0@50.562C,gpu@51.531C,tj@51.625C,soc1@50.656C,VDD_IN,5683mW/5673mW,VDD_CPU_GPU_CV,1309mW/1310mW,VDD_SOC,2380mW/2380mW
07-26-2026,21:29:26,RAM,772/7620MB,(lfb,31x4MB),SWAP,349/3810MB,(cached,2MB),CPU,[0%@1344,0%@1344,0%@1344,0%@1344,0%@1344,0%@1344],GR3D_FREQ,0%,cpu@51.781C,soc2@49.562C,soc0@50.468C,gpu@51.156C,tj@51.781C,soc1@50.781C,VDD_IN,5683mW/5673mW,VDD_CPU_GPU_CV,1309mW/1310mW,VDD_SOC,2380mW/2380mW
07-26-2026,21:29:26,RAM,772/7620MB,(lfb,31x4MB),SWAP,349/3810MB,(cached,2MB),CPU,[0%@1344,0%@1344,0%@1344,0%@1344,0%@1344,0%@1344],GR3D_FREQ,0%,cpu@51.312C,soc2@49.531C,soc0@50.406C,gpu@51.625C,tj@51.625C,soc1@50.468C,VDD_IN,5683mW/5673mW,VDD_CPU_GPU_CV,1309mW/1310mW,VDD_SOC,2380mW/2380mW
07-26-2026,21:29:26,RAM,772/7620MB,(lfb,31x4MB),SWAP,349/3810MB,(cached,2MB),CPU,[8%@1344,0%@1344,0%@1344,0%@1344,0%@1344,0%@1344],GR3D_FREQ,0%,cpu@51.406C,soc2@49.5C,soc0@50.468C,gpu@51.406C,tj@51.531C,soc1@50.656C,VDD_IN,5683mW/5673mW,VDD_CPU_GPU_CV,1309mW/1310mW,VDD_SOC,2380mW/2380mW
07-26-2026,21:29:26,RAM,772/7620MB,(lfb,31x4MB),SWAP,349/3810MB,(cached,2MB),CPU,[0%@1344,0%@1344,0%@1344,0%@1344,0%@1344,0%@1344],GR3D_FREQ,0%,cpu@51.625C,soc2@49.656C,soc0@50.625C,gpu@51.156C,tj@51.625C,soc1@50.625C,VDD_IN,5683mW/5673mW,VDD_CPU_GPU_CV,1309mW/1310mW,VDD_SOC,2380mW/2380mW
07-26-2026,21:29:26,RAM,772/7620MB,(lfb,31x4MB),SWAP,349/3810MB,(cached,2MB),CPU,[0%@1344,0%@1344,0%@1344,0%@1344,0%@1344,0%@1344],GR3D_FREQ,0%,cpu@51.625C,soc2@49.593C,soc0@50.375C,gpu@51.593C,tj@51.625C,soc1@50.593C,VDD_IN,5643mW/5673mW,VDD_CPU_GPU_CV,1309mW/1310mW,VDD_SOC,2380mW/2380mW
07-26-2026,21:29:27,RAM,772/7620MB,(lfb,31x4MB),SWAP,349/3810MB,(cached,2MB),CPU,[0%@1344,0%@1344,0%@1344,0%@1344,0%@1344,0%@1344],GR3D_FREQ,0%,cpu@51.906C,soc2@49.625C,soc0@50.312C,gpu@51.531C,tj@51.906C,soc1@50.562C,VDD_IN,5643mW/5673mW,VDD_CPU_GPU_CV,1309mW/1310mW,VDD_SOC,2380mW/2380mW
07-26-2026,21:29:27,RAM,772/7620MB,(lfb,31x4MB),SWAP,349/3810MB,(cached,2MB),CPU,[0%@1344,0%@1344,0%@1344,0%@1344,0%@1344,0%@1344],GR3D_FREQ,0%,cpu@51.406C,soc2@49.562C,soc0@50.468C,gpu@51.812C,tj@51.812C,soc1@50.531C,VDD_IN,5643mW/5673mW,VDD_CPU_GPU_CV,1309mW/1310mW,VDD_SOC,2380mW/2380mW
07-26-2026,21:29:27,RAM,773/7620MB,(lfb,31x4MB),SWAP,349/3810MB,(cached,2MB),CPU,[0%@1344,0%@1344,0%@1344,0%@1344,0%@1344,0%@1344],GR3D_FREQ,0%,cpu@51.437C,soc2@49.593C,soc0@50.593C,gpu@51.5C,tj@51.5C,soc1@50.656C,VDD_IN,5643mW/5673mW,VDD_CPU_GPU_CV,1309mW/1310mW,VDD_SOC,2380mW/2380mW
07-26-2026,21:29:27,RAM,773/7620MB,(lfb,31x4MB),SWAP,349/3810MB,(cached,2MB),CPU,[18%@1344,9%@1344,0%@1344,0%@1344,0%@1344,9%@1344],GR3D_FREQ,0%,cpu@51.687C,soc2@49.531C,soc0@50.625C,gpu@51.406C,tj@51.687C,soc1@50.562C,VDD_IN,5683mW/5673mW,VDD_CPU_GPU_CV,1349mW/1310mW,VDD_SOC,2380mW/2380mW
07-26-2026,21:29:27,RAM,773/7620MB,(lfb,31x4MB),SWAP,349/3810MB,(cached,2MB),CPU,[0%@1344,0%@1344,0%@1344,0%@1344,0%@1344,0%@1344],GR3D_FREQ,0%,cpu@51.812C,soc2@49.656C,soc0@50.437C,gpu@51.75C,tj@51.812C,soc1@50.812C,VDD_IN,5683mW/5673mW,VDD_CPU_GPU_CV,1309mW/1310mW,VDD_SOC,2380mW/2380mW
07-26-2026,21:29:27,RAM,773/7620MB,(lfb,31x4MB),SWAP,349/3810MB,(cached,2MB),CPU,[0%@1344,0%@1344,0%@1344,0%@1344,0%@1344,0%@1344],GR3D_FREQ,0%,cpu@51.281C,soc2@49.5C,soc0@50.406C,gpu@51.562C,tj@51.562C,soc1@50.593C,VDD_IN,5683mW/5673mW,VDD_CPU_GPU_CV,1309mW/1310mW,VDD_SOC,2380mW/2380mW
07-26-2026,21:29:27,RAM,773/7620MB,(lfb,31x4MB),SWAP,349/3810MB,(cached,2MB),CPU,[0%@1344,0%@1344,0%@1344,0%@1344,0%@1344,0%@1344],GR3D_FREQ,0%,cpu@51.531C,soc2@49.5C,soc0@50.437C,gpu@51.468C,tj@51.531C,soc1@50.562C,VDD_IN,5683mW/5673mW,VDD_CPU_GPU_CV,1309mW/1310mW,VDD_SOC,2380mW/2380mW
07-26-2026,21:29:27,RAM,772/7620MB,(lfb,31x4MB),SWAP,349/3810MB,(cached,2MB),CPU,[0%@1344,0%@1344,0%@1344,0%@1344,0%@1344,0%@1344],GR3D_FREQ,0%,cpu@51.656C,soc2@49.562C,soc0@50.562C,gpu@51.75C,tj@51.75C,soc1@50.687C,VDD_IN,5683mW/5673mW,VDD_CPU_GPU_CV,1309mW/1310mW,VDD_SOC,2380mW/2380mW
07-26-2026,21:29:27,RAM,772/7620MB,(lfb,31x4MB),SWAP,349/3810MB,(cached,2MB),CPU,[0%@1344,0%@1344,0%@1344,0%@1344,0%@1344,0%@1344],GR3D_FREQ,0%,cpu@51.718C,soc2@49.656C,soc0@50.312C,gpu@51.531C,tj@51.718C,soc1@50.687C,VDD_IN,5643mW/5673mW,VDD_CPU_GPU_CV,1309mW/1310mW,VDD_SOC,2380mW/2380mW
07-26-2026,21:29:28,RAM,772/7620MB,(lfb,31x4MB),SWAP,349/3810MB,(cached,2MB),CPU,[0%@1344,0%@1344,0%@1344,0%@1344,0%@1344,0%@1344],GR3D_FREQ,0%,cpu@51.875C,soc2@49.531C,soc0@50.406C,gpu@51.343C,tj@51.875C,soc1@50.531C,VDD_IN,5643mW/5673mW,VDD_CPU_GPU_CV,1309mW/1310mW,VDD_SOC,2380mW/2380mW
07-26-2026,21:29:28,RAM,772/7620MB,(lfb,31x4MB),SWAP,349/3810MB,(cached,2MB),CPU,[0%@1344,0%@1344,0%@1344,0%@1344,0%@1344,0%@1344],GR3D_FREQ,0%,cpu@51.468C,soc2@49.5C,soc0@50.468C,gpu@51.718C,tj@51.718C,soc1@50.593C,VDD_IN,5643mW/5673mW,VDD_CPU_GPU_CV,1309mW/1310mW,VDD_SOC,2380mW/2380mW
07-26-2026,21:29:28,RAM,772/7620MB,(lfb,31x4MB),SWAP,349/3810MB,(cached,2MB),CPU,[9%@1344,0%@1344,0%@1344,0%@1344,0%@1344,0%@1344],GR3D_FREQ,0%,cpu@51.625C,soc2@49.625C,soc0@50.625C,gpu@51.5C,tj@51.625C,soc1@50.625C,VDD_IN,5643mW/5673mW,VDD_CPU_GPU_CV,1309mW/1310mW,VDD_SOC,2380mW/2380mW
07-26-2026,21:29:28,RAM,772/7620MB,(lfb,31x4MB),SWAP,349/3810MB,(cached,2MB),CPU,[9%@1344,9%@1344,0%@1344,0%@1344,0%@1344,0%@1344],GR3D_FREQ,0%,cpu@51.781C,soc2@49.531C,soc0@50.437C,gpu@51.406C,tj@51.718C,soc1@50.531C,VDD_IN,5683mW/5673mW,VDD_CPU_GPU_CV,1349mW/1310mW,VDD_SOC,2380mW/2380mW
07-26-2026,21:29:28,RAM,772/7620MB,(lfb,31x4MB),SWAP,349/3810MB,(cached,2MB),CPU,[0%@1344,0%@1344,0%@1344,0%@1344,0%@1344,0%@1344],GR3D_FREQ,0%,cpu@51.437C,soc2@49.531C,soc0@50.468C,gpu@51.25C,tj@51.437C,soc1@50.531C,VDD_IN,5683mW/5673mW,VDD_CPU_GPU_CV,1349mW/1310mW,VDD_SOC,2380mW/2380mW
07-26-2026,21:29:28,RAM,772/7620MB,(lfb,31x4MB),SWAP,349/3810MB,(cached,2MB),CPU,[9%@1344,0%@1344,0%@1344,0%@1344,0%@1344,0%@1344],GR3D_FREQ,0%,cpu@51.406C,soc2@49.5C,soc0@50.593C,gpu@51.187C,tj@51.406C,soc1@50.5C,VDD_IN,5683mW/5673mW,VDD_CPU_GPU_CV,1309mW/1310mW,VDD_SOC,2380mW/2380mW
07-26-2026,21:29:28,RAM,772/7620MB,(lfb,31x4MB),SWAP,349/3810MB,(cached,2MB),CPU,[0%@1344,0%@1344,0%@1344,0%@1344,0%@1344,0%@1344],GR3D_FREQ,0%,cpu@51.562C,soc2@49.625C,soc0@50.625C,gpu@51.312C,tj@51.562C,soc1@50.625C,VDD_IN,5683mW/5673mW,VDD_CPU_GPU_CV,1309mW/1310mW,VDD_SOC,2380mW/2380mW
07-26-2026,21:29:28,RAM,772/7620MB,(lfb,31x4MB),SWAP,349/3810MB,(cached,2MB),CPU,[0%@1344,0%@1344,0%@1344,0%@1344,0%@1344,0%@1344],GR3D_FREQ,0%,cpu@51.718C,soc2@49.718C,soc0@50.375C,gpu@51.25C,tj@51.625C,soc1@50.531C,VDD_IN,5683mW/5673mW,VDD_CPU_GPU_CV,1309mW/1310mW,VDD_SOC,2380mW/2380mW
07-26-2026,21:29:28,RAM,772/7620MB,(lfb,31x4MB),SWAP,349/3810MB,(cached,2MB),CPU,[0%@1344,0%@1344,0%@1344,0%@1344,0%@1344,0%@1344],GR3D_FREQ,0%,cpu@51.437C,soc2@49.531C,soc0@50.468C,gpu@51.25C,tj@51.437C,soc1@50.468C,VDD_IN,5683mW/5673mW,VDD_CPU_GPU_CV,1309mW/1310mW,VDD_SOC,2380mW/2380mW
07-26-2026,21:29:28,RAM,772/7620MB,(lfb,31x4MB),SWAP,349/3810MB,(cached,2MB),CPU,[0%@1344,0%@1344,0%@1344,0%@1344,0%@1344,0%@1344],GR3D_FREQ,0%,cpu@51.5C,soc2@49.5C,soc0@50.468C,gpu@51.218C,tj@51.5C,soc1@50.531C,VDD_IN,5643mW/5673mW,VDD_CPU_GPU_CV,1309mW/1310mW,VDD_SOC,2380mW/2380mW
07-26-2026,21:29:29,RAM,772/7620MB,(lfb,31x4MB),SWAP,349/3810MB,(cached,2MB),CPU,[9%@1344,0%@1344,0%@1344,0%@1344,0%@1344,0%@1344],GR3D_FREQ,0%,cpu@51.531C,soc2@49.531C,soc0@50.625C,gpu@51.281C,tj@51.531C,soc1@50.593C,VDD_IN,5643mW/5673mW,VDD_CPU_GPU_CV,1309mW/1310mW,VDD_SOC,2380mW/2380mW
07-26-2026,21:29:29,RAM,772/7620MB,(lfb,31x4MB),SWAP,349/3810MB,(cached,2MB),CPU,[0%@1344,0%@1344,0%@1344,0%@1344,0%@1344,0%@1344],GR3D_FREQ,0%,cpu@51.687C,soc2@49.687C,soc0@50.375C,gpu@51.093C,tj@51.687C,soc1@50.718C,VDD_IN,5643mW/5673mW,VDD_CPU_GPU_CV,1309mW/1310mW,VDD_SOC,2380mW/2380mW
07-26-2026,21:29:29,RAM,772/7620MB,(lfb,31x4MB),SWAP,349/3810MB,(cached,2MB),CPU,[0%@1344,0%@1344,0%@1344,0%@1344,0%@1344,0%@1344],GR3D_FREQ,0%,cpu@51.625C,soc2@49.468C,soc0@50.343C,gpu@51.375C,tj@51.625C,soc1@50.531C,VDD_IN,5683mW/5673mW,VDD_CPU_GPU_CV,1309mW/1310mW,VDD_SOC,2380mW/2380mW
07-26-2026,21:29:29,RAM,773/7620MB,(lfb,31x4MB),SWAP,349/3810MB,(cached,2MB),CPU,[0%@1344,18%@1344,9%@1344,0%@1344,0%@1344,0%@1344],GR3D_FREQ,0%,cpu@51.5C,soc2@49.468C,soc0@50.437C,gpu@51.25C,tj@51.5C,soc1@50.562C,VDD_IN,5762mW/5673mW,VDD_CPU_GPU_CV,1349mW/1310mW,VDD_SOC,2380mW/2380mW
07-26-2026,21:29:29,RAM,773/7620MB,(lfb,31x4MB),SWAP,349/3810MB,(cached,2MB),CPU,[8%@1344,0%@1344,0%@1344,0%@1344,0%@1344,0%@1344],GR3D_FREQ,0%,cpu@51.593C,soc2@49.562C,soc0@50.562C,gpu@51.187C,tj@51.593C,soc1@50.687C,VDD_IN,5723mW/5673mW,VDD_CPU_GPU_CV,1349mW/1310mW,VDD_SOC,2380mW/2380mW
07-26-2026,21:29:29,RAM,773/7620MB,(lfb,31x4MB),SWAP,349/3810MB,(cached,2MB),CPU,[9%@1344,0%@1344,0%@1344,8%@1344,0%@1344,0%@1344],GR3D_FREQ,0%,cpu@51.687C,soc2@49.625C,soc0@50.343C,gpu@51.406C,tj@51.687C,soc1@50.687C,VDD_IN,5723mW/5673mW,VDD_CPU_GPU_CV,1309mW/1310mW,VDD_SOC,2380mW/2380mW
07-26-2026,21:29:29,RAM,773/7620MB,(lfb,31x4MB),SWAP,349/3810MB,(cached,2MB),CPU,[0%@1344,0%@1344,0%@1344,0%@1344,0%@1344,0%@1344],GR3D_FREQ,0%,cpu@51.625C,soc2@49.562C,soc0@50.406C,gpu@51.218C,tj@51.625C,soc1@50.625C,VDD_IN,5683mW/5673mW,VDD_CPU_GPU_CV,1309mW/1310mW,VDD_SOC,2380mW/2380mW
07-26-2026,21:29:29,RAM,773/7620MB,(lfb,31x4MB),SWAP,349/3810MB,(cached,2MB),CPU,[9%@1344,0%@1344,0%@1344,0%@1344,0%@1344,0%@1344],GR3D_FREQ,0%,cpu@51.437C,soc2@49.625C,soc0@50.437C,gpu@51.187C,tj@51.437C,soc1@50.625C,VDD_IN,5683mW/5673mW,VDD_CPU_GPU_CV,1309mW/1310mW,VDD_SOC,2380mW/2380mW
07-26-2026,21:29:29,RAM,773/7620MB,(lfb,31x4MB),SWAP,349/3810MB,(cached,2MB),CPU,[8%@1344,0%@1344,0%@1344,0%@1344,0%@1344,0%@1344],GR3D_FREQ,0%,cpu@51.468C,soc2@49.531C,soc0@50.562C,gpu@51.25C,tj@51.468C,soc1@50.531C,VDD_IN,5683mW/5673mW,VDD_CPU_GPU_CV,1309mW/1310mW,VDD_SOC,2380mW/2380mW
07-26-2026,21:29:30,RAM,773/7620MB,(lfb,31x4MB),SWAP,349/3810MB,(cached,2MB),CPU,[0%@1344,0%@1344,0%@1344,0%@1344,0%@1344,0%@1344],GR3D_FREQ,0%,cpu@51.593C,soc2@49.562C,soc0@50.375C,gpu@51.218C,tj@51.593C,soc1@50.656C,VDD_IN,5683mW/5673mW,VDD_CPU_GPU_CV,1309mW/1310mW,VDD_SOC,2380mW/2380mW
07-26-2026,21:29:30,RAM,773/7620MB,(lfb,31x4MB),SWAP,349/3810MB,(cached,2MB),CPU,[0%@1344,0%@1344,0%@1344,0%@1344,0%@1344,0%@1344],GR3D_FREQ,0%,cpu@51.562C,soc2@49.468C,soc0@50.468C,gpu@51.156C,tj@51.562C,soc1@50.812C,VDD_IN,5683mW/5673mW,VDD_CPU_GPU_CV,1309mW/1310mW,VDD_SOC,2380mW/2380mW
07-26-2026,21:29:30,RAM,773/7620MB,(lfb,31x4MB),SWAP,349/3810MB,(cached,2MB),CPU,[9%@1344,0%@1344,0%@1344,0%@1344,0%@1344,0%@1344],GR3D_FREQ,0%,cpu@51.437C,soc2@49.531C,soc0@50.468C,gpu@51.25C,tj@51.437C,soc1@50.5C,VDD_IN,5683mW/5673mW,VDD_CPU_GPU_CV,1309mW/1310mW,VDD_SOC,2380mW/2380mW
07-26-2026,21:29:30,RAM,773/7620MB,(lfb,31x4MB),SWAP,349/3810MB,(cached,2MB),CPU,[9%@1344,0%@1344,9%@1344,0%@1344,0%@1344,8%@1344],GR3D_FREQ,0%,cpu@51.437C,soc2@49.468C,soc0@50.593C,gpu@51.406C,tj@51.875C,soc1@50.625C,VDD_IN,5683mW/5673mW,VDD_CPU_GPU_CV,1309mW/1310mW,VDD_SOC,2380mW/2380mW
07-26-2026,21:29:30,RAM,772/7620MB,(lfb,31x4MB),SWAP,349/3810MB,(cached,2MB),CPU,[0%@1344,0%@1344,0%@1344,0%@1344,0%@1344,9%@1344],GR3D_FREQ,0%,cpu@51.531C,soc2@49.562C,soc0@50.468C,gpu@51.312C,tj@51.531C,soc1@50.718C,VDD_IN,5683mW/5673mW,VDD_CPU_GPU_CV,1349mW/1310mW,VDD_SOC,2380mW/2380mW
07-26-2026,21:29:30,RAM,772/7620MB,(lfb,31x4MB),SWAP,349/3810MB,(cached,2MB),CPU,[0%@1344,0%@1344,0%@1344,0%@1344,0%@1344,0%@1344],GR3D_FREQ,0%,cpu@51.656C,soc2@49.468C,soc0@50.5C,gpu@51.562C,tj@51.656C,soc1@50.437C,VDD_IN,5683mW/5673mW,VDD_CPU_GPU_CV,1309mW/1310mW,VDD_SOC,2380mW/2380mW
07-26-2026,21:29:30,RAM,754/7620MB,(lfb,31x4MB),SWAP,349/3810MB,(cached,2MB),CPU,[0%@1344,0%@1344,0%@1344,0%@1344,10%@1344,9%@1344],GR3D_FREQ,0%,cpu@51.531C,soc2@49.656C,soc0@50.5C,gpu@51.375C,tj@51.531C,soc1@50.593C,VDD_IN,5723mW/5673mW,VDD_CPU_GPU_CV,1349mW/1310mW,VDD_SOC,2380mW/2380mW
07-26-2026,21:29:30,RAM,754/7620MB,(lfb,31x4MB),SWAP,349/3810MB,(cached,2MB),CPU,[0%@1344,0%@1344,0%@1344,8%@1344,0%@1344,0%@1344],GR3D_FREQ,0%,cpu@51.437C,soc2@49.5C,soc0@50.562C,gpu@51.437C,tj@51.437C,soc1@50.625C,VDD_IN,5723mW/5673mW,VDD_CPU_GPU_CV,1346mW/1310mW,VDD_SOC,2380mW/2380mW
07-26-2026,21:29:30,RAM,754/7620MB,(lfb,31x4MB),SWAP,349/3810MB,(cached,2MB),CPU,[0%@1344,0%@1344,0%@1344,0%@1344,0%@1344,0%@1344],GR3D_FREQ,0%,cpu@51.468C,soc2@49.625C,soc0@50.375C,gpu@51.531C,tj@51.531C,soc1@50.687C,VDD_IN,5674mW/5673mW,VDD_CPU_GPU_CV,1307mW/1310mW,VDD_SOC,2376mW/2380mW
07-26-2026,21:29:30,RAM,754/7620MB,(lfb,31x4MB),SWAP,349/3810MB,(cached,2MB),CPU,[0%@1344,0%@1344,0%@1344,0%@1344,0%@1344,0%@1344],GR3D_FREQ,0%,cpu@51.562C,soc2@49.5C,soc0@50.468C,gpu@51.406C,tj@51.562C,soc1@50.531C,VDD_IN,5674mW/5673mW,VDD_CPU_GPU_CV,1307mW/1310mW,VDD_SOC,2376mW/2380mW
07-26-2026,21:29:31,RAM,754/7620MB,(lfb,31x4MB),SWAP,349/3810MB,(cached,2MB),CPU,[0%@1344,0%@1344,0%@1344,0%@1344,0%@1344,0%@1344],GR3D_FREQ,0%,cpu@51.406C,soc2@49.5C,soc0@50.468C,gpu@51.718C,tj@51.718C,soc1@50.468C,VDD_IN,5634mW/5673mW,VDD_CPU_GPU_CV,1307mW/1310mW,VDD_SOC,2376mW/2380mW
07-26-2026,21:29:31,RAM,754/7620MB,(lfb,31x4MB),SWAP,349/3810MB,(cached,2MB),CPU,[0%@1344,0%@1344,0%@1344,0%@1344,0%@1344,0%@1344],GR3D_FREQ,0%,cpu@51.437C,soc2@49.656C,soc0@50.468C,gpu@51.531C,tj@51.531C,soc1@50.687C,VDD_IN,5634mW/5673mW,VDD_CPU_GPU_CV,1307mW/1310mW,VDD_SOC,2376mW/2380mW
07-26-2026,21:29:31,RAM,754/7620MB,(lfb,31x4MB),SWAP,349/3810MB,(cached,2MB),CPU,[0%@1344,0%@1344,0%@1344,0%@1344,0%@1344,0%@1344],GR3D_FREQ,0%,cpu@51.5C,soc2@49.593C,soc0@50.593C,gpu@51.406C,tj@51.781C,soc1@50.687C,VDD_IN,5634mW/5673mW,VDD_CPU_GPU_CV,1307mW/1310mW,VDD_SOC,2376mW/2380mW
07-26-2026,21:29:31,RAM,754/7620MB,(lfb,31x4MB),SWAP,349/3810MB,(cached,2MB),CPU,[0%@1344,0%@1344,0%@1344,0%@1344,0%@1344,9%@1344],GR3D_FREQ,0%,cpu@51.468C,soc2@49.687C,soc0@50.343C,gpu@51.718C,tj@51.718C,soc1@50.687C,VDD_IN,5634mW/5673mW,VDD_CPU_GPU_CV,1307mW/1310mW,VDD_SOC,2376mW/2380mW
07-26-2026,21:29:31,RAM,753/7620MB,(lfb,31x4MB),SWAP,349/3810MB,(cached,2MB),CPU,[9%@1344,0%@1344,0%@1344,0%@1344,0%@1344,0%@1344],GR3D_FREQ,0%,cpu@51.593C,soc2@49.468C,soc0@50.375C,gpu@51.437C,tj@51.593C,soc1@50.531C,VDD_IN,5634mW/5673mW,VDD_CPU_GPU_CV,1307mW/1310mW,VDD_SOC,2376mW/2380mW
07-26-2026,21:29:31,RAM,753/7620MB,(lfb,31x4MB),SWAP,349/3810MB,(cached,2MB),CPU,[0%@1344,0%@1344,0%@1344,0%@1344,0%@1344,0%@1344],GR3D_FREQ,0%,cpu@51.375C,soc2@49.593C,soc0@50.5C,gpu@51.343C,tj@51.375C,soc1@50.593C,VDD_IN,5634mW/5673mW,VDD_CPU_GPU_CV,1307mW/1310mW,VDD_SOC,2376mW/2380mW
07-26-2026,21:29:31,RAM,753/7620MB,(lfb,31x4MB),SWAP,349/3810MB,(cached,2MB),CPU,[0%@1344,0%@1344,0%@1344,0%@1344,0%@1344,0%@1344],GR3D_FREQ,0%,cpu@51.437C,soc2@49.531C,soc0@50.625C,gpu@51.531C,tj@51.531C,soc1@50.656C,VDD_IN,5634mW/5673mW,VDD_CPU_GPU_CV,1307mW/1310mW,VDD_SOC,2376mW/2380mW
07-26-2026,21:29:31,RAM,753/7620MB,(lfb,31x4MB),SWAP,349/3810MB,(cached,2MB),CPU,[0%@1344,0%@1344,0%@1344,0%@1344,0%@1344,0%@1344],GR3D_FREQ,0%,cpu@51.5C,soc2@49.625C,soc0@50.437C,gpu@51.375C,tj@51.5C,soc1@50.687C,VDD_IN,5634mW/5673mW,VDD_CPU_GPU_CV,1307mW/1310mW,VDD_SOC,2376mW/2380mW
07-26-2026,21:29:31,RAM,753/7620MB,(lfb,31x4MB),SWAP,349/3810MB,(cached,2MB),CPU,[8%@1344,0%@1344,0%@1344,0%@1344,0%@1344,0%@1344],GR3D_FREQ,0%,cpu@51.593C,soc2@49.531C,soc0@50.312C,gpu@51.75C,tj@51.75C,soc1@50.562C,VDD_IN,5634mW/5673mW,VDD_CPU_GPU_CV,1307mW/1310mW,VDD_SOC,2376mW/2380mW
07-26-2026,21:29:32,RAM,753/7620MB,(lfb,31x4MB),SWAP,349/3810MB,(cached,2MB),CPU,[0%@1344,0%@1344,0%@1344,0%@1344,0%@1344,0%@1344],GR3D_FREQ,0%,cpu@51.375C,soc2@49.531C,soc0@50.406C,gpu@51.531C,tj@51.531C,soc1@50.468C,VDD_IN,5594mW/5673mW,VDD_CPU_GPU_CV,1307mW/1310mW,VDD_SOC,2376mW/2380mW
07-26-2026,21:29:32,RAM,753/7620MB,(lfb,31x4MB),SWAP,349/3810MB,(cached,2MB),CPU,[0%@1344,0%@1344,0%@1344,0%@1344,0%@1344,0%@1344],GR3D_FREQ,0%,cpu@51.437C,soc2@49.5C,soc0@50.531C,gpu@51.468C,tj@51.468C,soc1@50.625C,VDD_IN,5594mW/5673mW,VDD_CPU_GPU_CV,1307mW/1310mW,VDD_SOC,2376mW/2380mW
07-26-2026,21:29:32,RAM,753/7620MB,(lfb,31x4MB),SWAP,349/3810MB,(cached,2MB),CPU,[0%@1344,0%@1344,0%@1344,0%@1344,0%@1344,0%@1344],GR3D_FREQ,0%,cpu@51.468C,soc2@49.5C,soc0@50.593C,gpu@51.718C,tj@51.843C,soc1@50.656C,VDD_IN,5594mW/5673mW,VDD_CPU_GPU_CV,1307mW/1310mW,VDD_SOC,2376mW/2380mW
07-26-2026,21:29:32,RAM,754/7620MB,(lfb,31x4MB),SWAP,349/3810MB,(cached,2MB),CPU,[0%@1344,0%@1344,0%@1344,0%@1344,0%@1344,0%@1344],GR3D_FREQ,0%,cpu@51.593C,soc2@49.625C,soc0@50.406C,gpu@51.562C,tj@51.593C,soc1@50.75C,VDD_IN,5634mW/5673mW,VDD_CPU_GPU_CV,1307mW/1310mW,VDD_SOC,2376mW/2380mW
07-26-2026,21:29:32,RAM,753/7620MB,(lfb,31x4MB),SWAP,349/3810MB,(cached,2MB),CPU,[9%@1344,0%@1344,0%@1344,0%@1344,0%@1344,9%@1344],GR3D_FREQ,0%,cpu@51.5C,soc2@49.5C,soc0@50.375C,gpu@51.406C,tj@51.5C,soc1@50.5C,VDD_IN,5634mW/5673mW,VDD_CPU_GPU_CV,1307mW/1310mW,VDD_SOC,2376mW/2380mW
07-26-2026,21:29:32,RAM,753/7620MB,(lfb,31x4MB),SWAP,349/3810MB,(cached,2MB),CPU,[0%@1344,0%@1344,0%@1344,0%@1344,0%@1344,0%@1344],GR3D_FREQ,0%,cpu@51.437C,soc2@49.468C,soc0@50.468C,gpu@51.718C,tj@51.718C,soc1@50.531C,VDD_IN,5634mW/5672mW,VDD_CPU_GPU_CV,1307mW/1310mW,VDD_SOC,2376mW/2380mW
07-26-2026,21:29:32,RAM,753/7620MB,(lfb,31x4MB),SWAP,349/3810MB,(cached,2MB),CPU,[0%@1344,0%@1344,0%@1344,0%@1344,0%@1344,0%@1344],GR3D_FREQ,0%,cpu@51.406C,soc2@49.593C,soc0@50.656C,gpu@51.468C,tj@51.468C,soc1@50.656C,VDD_IN,5634mW/5672mW,VDD_CPU_GPU_CV,1307mW/1310mW,VDD_SOC,2376mW/2380mW
07-26-2026,21:29:32,RAM,753/7620MB,(lfb,31x4MB),SWAP,349/3810MB,(cached,2MB),CPU,[0%@1344,0%@1344,0%@1344,0%@1344,0%@1344,0%@1344],GR3D_FREQ,0%,cpu@51.437C,soc2@49.593C,soc0@50.375C,gpu@51.218C,tj@51.437C,soc1@50.687C,VDD_IN,5594mW/5672mW,VDD_CPU_GPU_CV,1307mW/1310mW,VDD_SOC,2376mW/2380mW
07-26-2026,21:29:32,RAM,753/7620MB,(lfb,31x4MB),SWAP,349/3810MB,(cached,2MB),CPU,[8%@1344,0%@1344,0%@1344,0%@1344,0%@1344,0%@1344],GR3D_FREQ,0%,cpu@51.5C,soc2@49.5C,soc0@50.406C,gpu@51.687C,tj@51.687C,soc1@50.687C,VDD_IN,5594mW/5672mW,VDD_CPU_GPU_CV,1307mW/1310mW,VDD_SOC,2376mW/2380mW
07-26-2026,21:29:32,RAM,753/7620MB,(lfb,31x4MB),SWAP,349/3810MB,(cached,2MB),CPU,[0%@1344,0%@1344,0%@1344,0%@1344,0%@1344,0%@1344],GR3D_FREQ,0%,cpu@51.468C,soc2@49.531C,soc0@50.5C,gpu@51.5C,tj@51.5C,soc1@50.343C,VDD_IN,5594mW/5672mW,VDD_CPU_GPU_CV,1307mW/1310mW,VDD_SOC,2376mW/2380mW
07-26-2026,21:29:33,RAM,753/7620MB,(lfb,31x4MB),SWAP,349/3810MB,(cached,2MB),CPU,[0%@1344,0%@1344,0%@1344,0%@1344,0%@1344,0%@1344],GR3D_FREQ,0%,cpu@51.406C,soc2@49.562C,soc0@50.5C,gpu@51.156C,tj@51.406C,soc1@50.468C,VDD_IN,5594mW/5672mW,VDD_CPU_GPU_CV,1307mW/1310mW,VDD_SOC,2376mW/2380mW
07-26-2026,21:29:33,RAM,753/7620MB,(lfb,31x4MB),SWAP,349/3810MB,(cached,2MB),CPU,[0%@1344,0%@1344,0%@1344,0%@1344,0%@1344,0%@1344],GR3D_FREQ,0%,cpu@51.531C,soc2@49.562C,soc0@50.312C,gpu@51.656C,tj@51.656C,soc1@50.625C,VDD_IN,5594mW/5672mW,VDD_CPU_GPU_CV,1307mW/1310mW,VDD_SOC,2376mW/2380mW
07-26-2026,21:29:33,RAM,753/7620MB,(lfb,31x4MB),SWAP,349/3810MB,(cached,2MB),CPU,[0%@1344,0%@1344,0%@1344,0%@1344,0%@1344,0%@1344],GR3D_FREQ,0%,cpu@51.593C,soc2@49.656C,soc0@50.375C,gpu@51.437C,tj@51.593C,soc1@50.75C,VDD_IN,5594mW/5672mW,VDD_CPU_GPU_CV,1307mW/1310mW,VDD_SOC,2376mW/2380mW
07-26-2026,21:29:33,RAM,754/7620MB,(lfb,31x4MB),SWAP,349/3810MB,(cached,2MB),CPU,[9%@1344,0%@1344,9%@1344,9%@1344,9%@1344,0%@1344],GR3D_FREQ,0%,cpu@51.468C,soc2@49.468C,soc0@50.375C,gpu@51.218C,tj@51.468C,soc1@50.5C,VDD_IN,5594mW/5672mW,VDD_CPU_GPU_CV,1307mW/1310mW,VDD_SOC,2376mW/2380mW
07-26-2026,21:29:33,RAM,754/7620MB,(lfb,31x4MB),SWAP,349/3810MB,(cached,2MB),CPU,[0%@1344,0%@1344,0%@1344,0%@1344,0%@1344,0%@1344],GR3D_FREQ,0%,cpu@51.375C,soc2@49.593C,soc0@50.468C,gpu@51.593C,tj@51.593C,soc1@50.562C,VDD_IN,5594mW/5672mW,VDD_CPU_GPU_CV,1307mW/1310mW,VDD_SOC,2376mW/2380mW
07-26-2026,21:29:33,RAM,754/7620MB,(lfb,31x4MB),SWAP,349/3810MB,(cached,2MB),CPU,[0%@1344,0%@1344,0%@1344,0%@1344,0%@1344,0%@1344],GR3D_FREQ,0%,cpu@51.437C,soc2@49.593C,soc0@50.562C,gpu@51.437C,tj@51.437C,soc1@50.5C,VDD_IN,5594mW/5672mW,VDD_CPU_GPU_CV,1307mW/1310mW,VDD_SOC,2376mW/2380mW
07-26-2026,21:29:33,RAM,754/7620MB,(lfb,31x4MB),SWAP,349/3810MB,(cached,2MB),CPU,[0%@1344,0%@1344,0%@1344,0%@1344,0%@1344,0%@1344],GR3D_FREQ,0%,cpu@51.5C,soc2@49.531C,soc0@50.375C,gpu@51.75C,tj@51.75C,soc1@50.687C,VDD_IN,5585mW/5672mW,VDD_CPU_GPU_CV,1305mW/1310mW,VDD_SOC,2376mW/2380mW
07-26-2026,21:29:33,RAM,754/7620MB,(lfb,31x4MB),SWAP,349/3810MB,(cached,2MB),CPU,[0%@1344,0%@1344,0%@1344,0%@1344,0%@1344,0%@1344],GR3D_FREQ,0%,cpu@51.687C,soc2@49.531C,soc0@50.375C,gpu@51.562C,tj@51.687C,soc1@50.781C,VDD_IN,5594mW/5672mW,VDD_CPU_GPU_CV,1307mW/1310mW,VDD_SOC,2376mW/2380mW
07-26-2026,21:29:33,RAM,754/7620MB,(lfb,31x4MB),SWAP,349/3810MB,(cached,2MB),CPU,[0%@1344,0%@1344,0%@1344,0%@1344,0%@1344,0%@1344],GR3D_FREQ,0%,cpu@51.343C,soc2@49.468C,soc0@50.343C,gpu@51.218C,tj@51.343C,soc1@50.562C,VDD_IN,5585mW/5672mW,VDD_CPU_GPU_CV,1305mW/1310mW,VDD_SOC,2376mW/2380mW
07-26-2026,21:29:34,RAM,754/7620MB,(lfb,31x4MB),SWAP,349/3810MB,(cached,2MB),CPU,[0%@1344,0%@1344,0%@1344,0%@1344,0%@1344,0%@1344],GR3D_FREQ,0%,cpu@51.5C,soc2@49.593C,soc0@50.5C,gpu@51.843C,tj@51.843C,soc1@50.593C,VDD_IN,5585mW/5672mW,VDD_CPU_GPU_CV,1305mW/1310mW,VDD_SOC,2376mW/2380mW
07-26-2026,21:29:34,RAM,754/7620MB,(lfb,31x4MB),SWAP,349/3810MB,(cached,2MB),CPU,[0%@1344,0%@1344,0%@1344,0%@1344,0%@1344,0%@1344],GR3D_FREQ,0%,cpu@51.468C,soc2@49.562C,soc0@50.343C,gpu@51.593C,tj@51.593C,soc1@50.562C,VDD_IN,5546mW/5672mW,VDD_CPU_GPU_CV,1305mW/1310mW,VDD_SOC,2376mW/2380mW
07-26-2026,21:29:34,RAM,754/7620MB,(lfb,31x4MB),SWAP,349/3810MB,(cached,2MB),CPU,[8%@1344,0%@1344,0%@1344,0%@1344,0%@1344,0%@1344],GR3D_FREQ,0%,cpu@51.625C,soc2@49.625C,soc0@50.281C,gpu@51.187C,tj@51.625C,soc1@50.687C,VDD_IN,5546mW/5672mW,VDD_CPU_GPU_CV,1305mW/1310mW,VDD_SOC,2376mW/2380mW
07-26-2026,21:29:34,RAM,754/7620MB,(lfb,31x4MB),SWAP,349/3810MB,(cached,2MB),CPU,[0%@1344,0%@1344,0%@1344,0%@1344,0%@1344,0%@1344],GR3D_FREQ,0%,cpu@51.562C,soc2@49.468C,soc0@50.468C,gpu@51.687C,tj@51.687C,soc1@50.468C,VDD_IN,5585mW/5672mW,VDD_CPU_GPU_CV,1305mW/1310mW,VDD_SOC,2376mW/2380mW
07-26-2026,21:29:34,RAM,754/7620MB,(lfb,31x4MB),SWAP,349/3810MB,(cached,2MB),CPU,[0%@1344,0%@1344,0%@1344,0%@1344,0%@1344,9%@1344],GR3D_FREQ,0%,cpu@51.343C,soc2@49.5C,soc0@50.468C,gpu@51.437C,tj@51.437C,soc1@50.468C,VDD_IN,5625mW/5672mW,VDD_CPU_GPU_CV,1305mW/1310mW,VDD_SOC,2376mW/2380mW
07-26-2026,21:29:34,RAM,754/7620MB,(lfb,31x4MB),SWAP,349/3810MB,(cached,2MB),CPU,[0%@1344,0%@1344,0%@1344,0%@1344,0%@1344,0%@1344],GR3D_FREQ,0%,cpu@51.437C,soc2@49.531C,soc0@50.5C,gpu@51.218C,tj@51.437C,soc1@50.656C,VDD_IN,5704mW/5672mW,VDD_CPU_GPU_CV,1305mW/1310mW,VDD_SOC,2376mW/2380mW
07-26-2026,21:29:34,RAM,754/7620MB,(lfb,31x4MB),SWAP,349/3810MB,(cached,2MB),CPU,[0%@1344,0%@1344,0%@1344,0%@1344,0%@1344,0%@1344],GR3D_FREQ,0%,cpu@51.531C,soc2@49.562C,soc0@50.312C,gpu@51.656C,tj@51.656C,soc1@50.781C,VDD_IN,5674mW/5672mW,VDD_CPU_GPU_CV,1305mW/1310mW,VDD_SOC,2376mW/2380mW
07-26-2026,21:29:34,RAM,754/7620MB,(lfb,31x4MB),SWAP,349/3810MB,(cached,2MB),CPU,[0%@1344,0%@1344,0%@1344,0%@1344,0%@1344,0%@1344],GR3D_FREQ,0%,cpu@51.437C,soc2@49.531C,soc0@50.343C,gpu@51.218C,tj@51.5C,soc1@50.812C,VDD_IN,5674mW/5672mW,VDD_CPU_GPU_CV,1305mW/1310mW,VDD_SOC,2376mW/2380mW
07-26-2026,21:29:34,RAM,754/7620MB,(lfb,31x4MB),SWAP,349/3810MB,(cached,2MB),CPU,[0%@1344,0%@1344,0%@1344,0%@1344,0%@1344,0%@1344],GR3D_FREQ,0%,cpu@51.375C,soc2@49.562C,soc0@50.406C,gpu@51.156C,tj@51.375C,soc1@50.531C,VDD_IN,5634mW/5672mW,VDD_CPU_GPU_CV,1305mW/1310mW,VDD_SOC,2376mW/2380mW
07-26-2026,21:29:34,RAM,754/7620MB,(lfb,31x4MB),SWAP,349/3810MB,(cached,2MB),CPU,[8%@1344,0%@1344,0%@1344,0%@1344,0%@1344,0%@1344],GR3D_FREQ,0%,cpu@51.468C,soc2@49.562C,soc0@50.468C,gpu@51.593C,tj@51.593C,soc1@50.593C,VDD_IN,5625mW/5672mW,VDD_CPU_GPU_CV,1305mW/1310mW,VDD_SOC,2376mW/2380mW
07-26-2026,21:29:35,RAM,754/7620MB,(lfb,31x4MB),SWAP,349/3810MB,(cached,2MB),CPU,[0%@1344,0%@1344,0%@1344,0%@1344,0%@1344,0%@1344],GR3D_FREQ,0%,cpu@51.437C,soc2@49.593C,soc0@50.312C,gpu@51.218C,tj@51.437C,soc1@50.625C,VDD_IN,5585mW/5672mW,VDD_CPU_GPU_CV,1305mW/1310mW,VDD_SOC,2376mW/2380mW
07-26-2026,21:29:35,RAM,754/7620MB,(lfb,31x4MB),SWAP,349/3810MB,(cached,2MB),CPU,[0%@1344,0%@1344,0%@1344,0%@1344,0%@1344,0%@1344],GR3D_FREQ,0%,cpu@51.656C,soc2@49.593C,soc0@50.375C,gpu@51.125C,tj@51.656C,soc1@50.718C,VDD_IN,5585mW/5672mW,VDD_CPU_GPU_CV,1305mW/1310mW,VDD_SOC,2376mW/2380mW
07-26-2026,21:29:35,RAM,754/7620MB,(lfb,31x4MB),SWAP,349/3810MB,(cached,2MB),CPU,[0%@1344,0%@1344,0%@1344,0%@1344,0%@1344,0%@1344],GR3D_FREQ,0%,cpu@51.625C,soc2@49.5C,soc0@50.406C,gpu@51.656C,tj@51.656C,soc1@50.5C,VDD_IN,5594mW/5672mW,VDD_CPU_GPU_CV,1305mW/1310mW,VDD_SOC,2376mW/2380mW
07-26-2026,21:29:35,RAM,755/7620MB,(lfb,31x4MB),SWAP,349/3810MB,(cached,2MB),CPU,[0%@1344,0%@1344,0%@1344,0%@1344,0%@1344,9%@1344],GR3D_FREQ,0%,cpu@51.406C,soc2@49.531C,soc0@50.5C,gpu@51.156C,tj@51.406C,soc1@50.531C,VDD_IN,5594mW/5671mW,VDD_CPU_GPU_CV,1305mW/1310mW,VDD_SOC,2376mW/2380mW
07-26-2026,21:29:35,RAM,754/7620MB,(lfb,31x4MB),SWAP,349/3810MB,(cached,2MB),CPU,[0%@1344,8%@1344,0%@1344,0%@1344,0%@1344,0%@1344],GR3D_FREQ,0%,cpu@51.468C,soc2@49.5C,soc0@50.593C,gpu@51.781C,tj@51.781C,soc1@50.656C,VDD_IN,5594mW/5671mW,VDD_CPU_GPU_CV,1305mW/1310mW,VDD_SOC,2376mW/2380mW
07-26-2026,21:29:35,RAM,754/7620MB,(lfb,31x4MB),SWAP,349/3810MB,(cached,2MB),CPU,[0%@1344,0%@1344,0%@1344,0%@1344,0%@1344,0%@1344],GR3D_FREQ,0%,cpu@51.5C,soc2@49.687C,soc0@50.25C,gpu@51.687C,tj@51.687C,soc1@50.687C,VDD_IN,5594mW/5671mW,VDD_CPU_GPU_CV,1305mW/1310mW,VDD_SOC,2376mW/2380mW
07-26-2026,21:29:35,RAM,754/7620MB,(lfb,31x4MB),SWAP,349/3810MB,(cached,2MB),CPU,[0%@1344,0%@1344,0%@1344,0%@1344,0%@1344,0%@1344],GR3D_FREQ,0%,cpu@51.5C,soc2@49.5C,soc0@50.343C,gpu@51.218C,tj@51.5C,soc1@50.875C,VDD_IN,5594mW/5671mW,VDD_CPU_GPU_CV,1307mW/1310mW,VDD_SOC,2376mW/2380mW
07-26-2026,21:29:35,RAM,754/7620MB,(lfb,31x4MB),SWAP,349/3810MB,(cached,2MB),CPU,[0%@1344,0%@1344,0%@1344,0%@1344,0%@1344,0%@1344],GR3D_FREQ,0%,cpu@51.406C,soc2@49.468C,soc0@50.406C,gpu@51.812C,tj@51.812C,soc1@50.562C,VDD_IN,5594mW/5671mW,VDD_CPU_GPU_CV,1307mW/1310mW,VDD_SOC,2376mW/2380mW
07-26-2026,21:29:35,RAM,754/7620MB,(lfb,31x4MB),SWAP,349/3810MB,(cached,2MB),CPU,[0%@1344,0%@1344,0%@1344,0%@1344,0%@1344,0%@1344],GR3D_FREQ,0%,cpu@51.375C,soc2@49.531C,soc0@50.562C,gpu@51.25C,tj@51.375C,soc1@50.593C,VDD_IN,5594mW/5671mW,VDD_CPU_GPU_CV,1307mW/1310mW,VDD_SOC,2376mW/2380mW
07-26-2026,21:29:36,RAM,754/7620MB,(lfb,31x4MB),SWAP,349/3810MB,(cached,2MB),CPU,[0%@1344,0%@1344,0%@1344,0%@1344,0%@1344,0%@1344],GR3D_FREQ,0%,cpu@51.468C,soc2@49.562C,soc0@50.593C,gpu@51.218C,tj@51.468C,soc1@50.593C,VDD_IN,5555mW/5671mW,VDD_CPU_GPU_CV,1307mW/1310mW,VDD_SOC,2376mW/2380mW
07-26-2026,21:29:36,RAM,754/7620MB,(lfb,31x4MB),SWAP,349/3810MB,(cached,2MB),CPU,[0%@1344,0%@1344,0%@1344,0%@1344,0%@1344,0%@1344],GR3D_FREQ,0%,cpu@51.593C,soc2@49.531C,soc0@50.406C,gpu@51.718C,tj@51.718C,soc1@50.656C,VDD_IN,5546mW/5671mW,VDD_CPU_GPU_CV,1305mW/1310mW,VDD_SOC,2376mW/2380mW
07-26-2026,21:29:36,RAM,754/7620MB,(lfb,31x4MB),SWAP,349/3810MB,(cached,2MB),CPU,[0%@1344,0%@1344,0%@1344,0%@1344,0%@1344,0%@1344],GR3D_FREQ,0%,cpu@51.562C,soc2@49.5C,soc0@50.468C,gpu@51.281C,tj@51.562C,soc1@50.406C,VDD_IN,5546mW/5671mW,VDD_CPU_GPU_CV,1307mW/1310mW,VDD_SOC,2376mW/2380mW
07-26-2026,21:29:36,RAM,754/7620MB,(lfb,31x4MB),SWAP,349/3810MB,(cached,2MB),CPU,[0%@1344,0%@1344,0%@1344,0%@1344,0%@1344,0%@1344],GR3D_FREQ,0%,cpu@51.312C,soc2@49.5C,soc0@50.5C,gpu@51.218C,tj@51.312C,soc1@50.5C,VDD_IN,5555mW/5671mW,VDD_CPU_GPU_CV,1305mW/1310mW,VDD_SOC,2376mW/2380mW
07-26-2026,21:29:36,RAM,754/7620MB,(lfb,31x4MB),SWAP,349/3810MB,(cached,2MB),CPU,[0%@1344,9%@1344,0%@1344,0%@1344,0%@1344,0%@1344],GR3D_FREQ,0%,cpu@51.437C,soc2@49.531C,soc0@50.468C,gpu@51.218C,tj@51.437C,soc1@50.468C,VDD_IN,5594mW/5671mW,VDD_CPU_GPU_CV,1305mW/1310mW,VDD_SOC,2376mW/2380mW
07-26-2026,21:29:36,RAM,754/7620MB,(lfb,31x4MB),SWAP,349/3810MB,(cached,2MB),CPU,[0%@1344,0%@1344,0%@1344,0%@1344,0%@1344,0%@1344],GR3D_FREQ,0%,cpu@51.562C,soc2@49.562C,soc0@50.343C,gpu@51.218C,tj@51.562C,soc1@50.593C,VDD_IN,5594mW/5671mW,VDD_CPU_GPU_CV,1307mW/1310mW,VDD_SOC,2376mW/2380mW
07-26-2026,21:29:36,RAM,754/7620MB,(lfb,31x4MB),SWAP,349/3810MB,(cached,2MB),CPU,[0%@1344,0%@1344,0%@1344,0%@1344,0%@1344,0%@1344],GR3D_FREQ,0%,cpu@51.593C,soc2@49.468C,soc0@50.343C,gpu@51.218C,tj@51.593C,soc1@50.468C,VDD_IN,5594mW/5671mW,VDD_CPU_GPU_CV,1305mW/1310mW,VDD_SOC,2376mW/2380mW
07-26-2026,21:29:36,RAM,754/7620MB,(lfb,31x4MB),SWAP,349/3810MB,(cached,2MB),CPU,[0%@1344,0%@1344,0%@1344,0%@1344,0%@1344,0%@1344],GR3D_FREQ,0%,cpu@51.437C,soc2@49.5C,soc0@50.375C,gpu@51.218C,tj@51.437C,soc1@50.468C,VDD_IN,5594mW/5671mW,VDD_CPU_GPU_CV,1307mW/1310mW,VDD_SOC,2376mW/2380mW
07-26-2026,21:29:36,RAM,754/7620MB,(lfb,31x4MB),SWAP,349/3810MB,(cached,2MB),CPU,[0%@1344,0%@1344,0%@1344,0%@1344,0%@1344,0%@1344],GR3D_FREQ,0%,cpu@51.375C,soc2@49.531C,soc0@50.531C,gpu@51.187C,tj@51.375C,soc1@50.437C,VDD_IN,5594mW/5671mW,VDD_CPU_GPU_CV,1307mW/1310mW,VDD_SOC,2376mW/2380mW
07-26-2026,21:29:36,RAM,754/7620MB,(lfb,31x4MB),SWAP,349/3810MB,(cached,2MB),CPU,[0%@1344,0%@1344,0%@1344,0%@1344,0%@1344,0%@1344],GR3D_FREQ,0%,cpu@51.468C,soc2@49.5C,soc0@50.562C,gpu@51.093C,tj@51.468C,soc1@50.593C,VDD_IN,5555mW/5671mW,VDD_CPU_GPU_CV,1307mW/1310mW,VDD_SOC,2376mW/2380mW
07-26-2026,21:29:37,RAM,754/7620MB,(lfb,31x4MB),SWAP,349/3810MB,(cached,2MB),CPU,[0%@1344,0%@1344,0%@1344,0%@1344,0%@1344,0%@1344],GR3D_FREQ,0%,cpu@51.593C,soc2@49.625C,soc0@50.375C,gpu@51.343C,tj@51.593C,soc1@50.718C,VDD_IN,5555mW/5671mW,VDD_CPU_GPU_CV,1307mW/1310mW,VDD_SOC,2376mW/2380mW
07-26-2026,21:29:37,RAM,754/7620MB,(lfb,31x4MB),SWAP,349/3810MB,(cached,2MB),CPU,[0%@1344,0%@1344,0%@1344,0%@1344,0%@1344,0%@1344],GR3D_FREQ,0%,cpu@51.468C,soc2@49.437C,soc0@50.343C,gpu@51.281C,tj@51.468C,soc1@50.437C,VDD_IN,5555mW/5671mW,VDD_CPU_GPU_CV,1307mW/1310mW,VDD_SOC,2376mW/2380mW
07-26-2026,21:29:37,RAM,754/7620MB,(lfb,31x4MB),SWAP,349/3810MB,(cached,2MB),CPU,[0%@1344,0%@1344,0%@1344,0%@1344,0%@1344,0%@1344],GR3D_FREQ,0%,cpu@51.437C,soc2@49.531C,soc0@50.437C,gpu@51.281C,tj@51.437C,soc1@50.468C,VDD_IN,5555mW/5671mW,VDD_CPU_GPU_CV,1307mW/1310mW,VDD_SOC,2376mW/2380mW
07-26-2026,21:29:37,RAM,754/7620MB,(lfb,31x4MB),SWAP,349/3810MB,(cached,2MB),CPU,[0%@1344,0%@1344,9%@1344,9%@1344,0%@1344,0%@1344],GR3D_FREQ,0%,cpu@51.437C,soc2@49.5C,soc0@50.562C,gpu@51.281C,tj@51.437C,soc1@50.531C,VDD_IN,5555mW/5671mW,VDD_CPU_GPU_CV,1307mW/1310mW,VDD_SOC,2376mW/2380mW
07-26-2026,21:29:37,RAM,754/7620MB,(lfb,31x4MB),SWAP,349/3810MB,(cached,2MB),CPU,[0%@1344,0%@1344,0%@1344,0%@1344,0%@1344,0%@1344],GR3D_FREQ,0%,cpu@51.687C,soc2@49.562C,soc0@50.281C,gpu@51.187C,tj@51.687C,soc1@50.562C,VDD_IN,5594mW/5670mW,VDD_CPU_GPU_CV,1307mW/1310mW,VDD_SOC,2376mW/2380mW
07-26-2026,21:29:37,RAM,754/7620MB,(lfb,31x4MB),SWAP,349/3810MB,(cached,2MB),CPU,[0%@1344,0%@1344,0%@1344,0%@1344,0%@1344,0%@1344],GR3D_FREQ,0%,cpu@51.562C,soc2@49.5C,soc0@50.343C,gpu@51.312C,tj@51.562C,soc1@50.75C,VDD_IN,5594mW/5670mW,VDD_CPU_GPU_CV,1307mW/1310mW,VDD_SOC,2376mW/2380mW
07-26-2026,21:29:37,RAM,754/7620MB,(lfb,31x4MB),SWAP,349/3810MB,(cached,2MB),CPU,[0%@1344,0%@1344,0%@1344,0%@1344,0%@1344,0%@1344],GR3D_FREQ,0%,cpu@51.375C,soc2@49.468C,soc0@50.375C,gpu@51.218C,tj@51.375C,soc1@50.406C,VDD_IN,5594mW/5670mW,VDD_CPU_GPU_CV,1307mW/1310mW,VDD_SOC,2376mW/2380mW
07-26-2026,21:29:37,RAM,754/7620MB,(lfb,31x4MB),SWAP,349/3810MB,(cached,2MB),CPU,[0%@1344,0%@1344,0%@1344,0%@1344,0%@1344,0%@1344],GR3D_FREQ,0%,cpu@51.406C,soc2@49.593C,soc0@50.437C,gpu@51.187C,tj@51.406C,soc1@50.593C,VDD_IN,5555mW/5670mW,VDD_CPU_GPU_CV,1307mW/1310mW,VDD_SOC,2376mW/2380mW
07-26-2026,21:29:37,RAM,754/7620MB,(lfb,31x4MB),SWAP,349/3810MB,(cached,2MB),CPU,[0%@1344,0%@1344,0%@1344,0%@1344,0%@1344,0%@1344],GR3D_FREQ,0%,cpu@51.593C,soc2@49.562C,soc0@50.625C,gpu@51.312C,tj@51.593C,soc1@50.593C,VDD_IN,5555mW/5670mW,VDD_CPU_GPU_CV,1307mW/1310mW,VDD_SOC,2376mW/2380mW
07-26-2026,21:29:38,RAM,754/7620MB,(lfb,31x4MB),SWAP,349/3810MB,(cached,2MB),CPU,[9%@1344,0%@1344,0%@1344,0%@1344,0%@1344,0%@1344],GR3D_FREQ,0%,cpu@51.625C,soc2@49.656C,soc0@50.375C,gpu@51.187C,tj@51.625C,soc1@50.718C,VDD_IN,5555mW/5670mW,VDD_CPU_GPU_CV,1307mW/1310mW,VDD_SOC,2376mW/2380mW
07-26-2026,21:29:38,RAM,754/7620MB,(lfb,31x4MB),SWAP,349/3810MB,(cached,2MB),CPU,[0%@1344,0%@1344,0%@1344,0%@1344,0%@1344,0%@1344],GR3D_FREQ,0%,cpu@51.718C,soc2@49.5C,soc0@50.343C,gpu@51.406C,tj@51.718C,soc1@50.468C,VDD_IN,5555mW/5670mW,VDD_CPU_GPU_CV,1307mW/1310mW,VDD_SOC,2376mW/2380mW
07-26-2026,21:29:38,RAM,754/7620MB,(lfb,31x4MB),SWAP,349/3810MB,(cached,2MB),CPU,[0%@1344,0%@1344,0%@1344,0%@1344,0%@1344,0%@1344],GR3D_FREQ,0%,cpu@51.437C,soc2@49.468C,soc0@50.406C,gpu@51.281C,tj@51.437C,soc1@50.406C,VDD_IN,5555mW/5670mW,VDD_CPU_GPU_CV,1307mW/1310mW,VDD_SOC,2376mW/2380mW
07-26-2026,21:29:38,RAM,754/7620MB,(lfb,31x4MB),SWAP,349/3810MB,(cached,2MB),CPU,[0%@1344,0%@1344,0%@1344,8%@1344,0%@1344,0%@1344],GR3D_FREQ,0%,cpu@51.5C,soc2@49.5C,soc0@50.468C,gpu@51.218C,tj@51.5C,soc1@50.531C,VDD_IN,5555mW/5670mW,VDD_CPU_GPU_CV,1307mW/1310mW,VDD_SOC,2376mW/2380mW
07-26-2026,21:29:38,RAM,754/7620MB,(lfb,31x4MB),SWAP,349/3810MB,(cached,2MB),CPU,[0%@1344,0%@1344,0%@1344,0%@1344,0%@1344,0%@1344],GR3D_FREQ,0%,cpu@51.593C,soc2@49.531C,soc0@50.25C,gpu@51.437C,tj@51.593C,soc1@50.468C,VDD_IN,5594mW/5670mW,VDD_CPU_GPU_CV,1307mW/1310mW,VDD_SOC,2376mW/2380mW
07-26-2026,21:29:38,RAM,754/7620MB,(lfb,31x4MB),SWAP,349/3810MB,(cached,2MB),CPU,[0%@1344,0%@1344,8%@1344,0%@1344,0%@1344,0%@1344],GR3D_FREQ,0%,cpu@51.75C,soc2@49.468C,soc0@50.375C,gpu@51.281C,tj@51.75C,soc1@50.718C,VDD_IN,5594mW/5670mW,VDD_CPU_GPU_CV,1307mW/1310mW,VDD_SOC,2376mW/2380mW
07-26-2026,21:29:38,RAM,754/7620MB,(lfb,31x4MB),SWAP,349/3810MB,(cached,2MB),CPU,[0%@1344,0%@1344,0%@1344,0%@1344,0%@1344,0%@1344],GR3D_FREQ,0%,cpu@51.625C,soc2@49.5C,soc0@50.437C,gpu@51.5C,tj@51.625C,soc1@50.5C,VDD_IN,5594mW/5670mW,VDD_CPU_GPU_CV,1307mW/1310mW,VDD_SOC,2376mW/2380mW
07-26-2026,21:29:38,RAM,754/7620MB,(lfb,31x4MB),SWAP,349/3810MB,(cached,2MB),CPU,[0%@1344,8%@1344,0%@1344,0%@1344,0%@1344,0%@1344],GR3D_FREQ,0%,cpu@51.437C,soc2@49.531C,soc0@50.468C,gpu@51.281C,tj@51.437C,soc1@50.531C,VDD_IN,5594mW/5670mW,VDD_CPU_GPU_CV,1307mW/1310mW,VDD_SOC,2376mW/2380mW
07-26-2026,21:29:38,RAM,754/7620MB,(lfb,31x4MB),SWAP,349/3810MB,(cached,2MB),CPU,[0%@1344,0%@1344,0%@1344,0%@1344,0%@1344,0%@1344],GR3D_FREQ,0%,cpu@51.5C,soc2@49.5C,soc0@50.625C,gpu@51.343C,tj@51.5C,soc1@50.562C,VDD_IN,5555mW/5670mW,VDD_CPU_GPU_CV,1305mW/1310mW,VDD_SOC,2376mW/2380mW
07-26-2026,21:29:38,RAM,754/7620MB,(lfb,31x4MB),SWAP,349/3810MB,(cached,2MB),CPU,[0%@1344,0%@1344,0%@1344,0%@1344,0%@1344,0%@1344],GR3D_FREQ,0%,cpu@51.593C,soc2@49.656C,soc0@50.312C,gpu@51.468C,tj@51.593C,soc1@50.718C,VDD_IN,5555mW/5670mW,VDD_CPU_GPU_CV,1307mW/1310mW,VDD_SOC,2376mW/2380mW
07-26-2026,21:29:39,RAM,754/7620MB,(lfb,31x4MB),SWAP,349/3810MB,(cached,2MB),CPU,[0%@1344,0%@1344,0%@1344,0%@1344,0%@1344,0%@1344],GR3D_FREQ,0%,cpu@51.75C,soc2@49.5C,soc0@50.437C,gpu@51.281C,tj@51.75C,soc1@50.75C,VDD_IN,5555mW/5670mW,VDD_CPU_GPU_CV,1307mW/1310mW,VDD_SOC,2376mW/2380mW
07-26-2026,21:29:39,RAM,754/7620MB,(lfb,31x4MB),SWAP,349/3810MB,(cached,2MB),CPU,[0%@1344,0%@1344,0%@1344,0%@1344,0%@1344,0%@1344],GR3D_FREQ,0%,cpu@51.437C,soc2@49.5C,soc0@50.312C,gpu@51.343C,tj@51.437C,soc1@50.343C,VDD_IN,5555mW/5670mW,VDD_CPU_GPU_CV,1305mW/1310mW,VDD_SOC,2376mW/2380mW
07-26-2026,21:29:39,RAM,754/7620MB,(lfb,31x4MB),SWAP,349/3810MB,(cached,2MB),CPU,[0%@1344,0%@1344,0%@1344,0%@1344,0%@1344,0%@1344],GR3D_FREQ,0%,cpu@51.437C,soc2@49.468C,soc0@50.531C,gpu@51.468C,tj@51.468C,soc1@50.531C,VDD_IN,5555mW/5670mW,VDD_CPU_GPU_CV,1307mW/1310mW,VDD_SOC,2376mW/2380mW
07-26-2026,21:29:39,RAM,754/7620MB,(lfb,31x4MB),SWAP,349/3810MB,(cached,2MB),CPU,[8%@1344,0%@1344,0%@1344,0%@1344,0%@1344,0%@1344],GR3D_FREQ,0%,cpu@51.531C,soc2@49.531C,soc0@50.375C,gpu@51.281C,tj@51.656C,soc1@50.687C,VDD_IN,5555mW/5670mW,VDD_CPU_GPU_CV,1307mW/1310mW,VDD_SOC,2376mW/2380mW
07-26-2026,21:29:39,RAM,754/7620MB,(lfb,31x4MB),SWAP,349/3810MB,(cached,2MB),CPU,[0%@1344,9%@1344,0%@1344,0%@1344,9%@1344,9%@1344],GR3D_FREQ,0%,cpu@51.656C,soc2@49.656C,soc0@50.375C,gpu@51.625C,tj@51.656C,soc1@50.812C,VDD_IN,5594mW/5669mW,VDD_CPU_GPU_CV,1307mW/1310mW,VDD_SOC,2376mW/2380mW
07-26-2026,21:29:39,RAM,754/7620MB,(lfb,31x4MB),SWAP,349/3810MB,(cached,2MB),CPU,[0%@1344,0%@1344,0%@1344,0%@1344,0%@1344,0%@1344],GR3D_FREQ,0%,cpu@51.75C,soc2@49.468C,soc0@50.375C,gpu@51.468C,tj@51.75C,soc1@50.437C,VDD_IN,5674mW/5669mW,VDD_CPU_GPU_CV,1305mW/1310mW,VDD_SOC,2376mW/2380mW
07-26-2026,21:29:39,RAM,754/7620MB,(lfb,31x4MB),SWAP,349/3810MB,(cached,2MB),CPU,[0%@1344,0%@1344,0%@1344,0%@1344,0%@1344,0%@1344],GR3D_FREQ,0%,cpu@51.531C,soc2@49.562C,soc0@50.468C,gpu@51.343C,tj@51.531C,soc1@50.468C,VDD_IN,5634mW/5669mW,VDD_CPU_GPU_CV,1307mW/1310mW,VDD_SOC,2376mW/2380mW
07-26-2026,21:29:39,RAM,754/7620MB,(lfb,31x4MB),SWAP,349/3810MB,(cached,2MB),CPU,[0%@1344,0%@1344,0%@1344,0%@1344,0%@1344,0%@1344],GR3D_FREQ,0%,cpu@51.531C,soc2@49.5C,soc0@50.468C,gpu@51.625C,tj@51.625C,soc1@50.562C,VDD_IN,5634mW/5669mW,VDD_CPU_GPU_CV,1307mW/1310mW,VDD_SOC,2376mW/2380mW
07-26-2026,21:29:39,RAM,754/7620MB,(lfb,31x4MB),SWAP,349/3810MB,(cached,2MB),CPU,[0%@1344,0%@1344,0%@1344,0%@1344,0%@1344,0%@1344],GR3D_FREQ,0%,cpu@51.625C,soc2@49.531C,soc0@50.343C,gpu@51.468C,tj@51.625C,soc1@50.687C,VDD_IN,5594mW/5669mW,VDD_CPU_GPU_CV,1307mW/1310mW,VDD_SOC,2376mW/2380mW
07-26-2026,21:29:40,RAM,754/7620MB,(lfb,31x4MB),SWAP,349/3810MB,(cached,2MB),CPU,[0%@1344,0%@1344,0%@1344,0%@1344,0%@1344,0%@1344],GR3D_FREQ,0%,cpu@51.656C,soc2@49.531C,soc0@50.375C,gpu@51.312C,tj@51.656C,soc1@50.843C,VDD_IN,5594mW/5669mW,VDD_CPU_GPU_CV,1307mW/1310mW,VDD_SOC,2376mW/2380mW
07-26-2026,21:29:40,RAM,754/7620MB,(lfb,31x4MB),SWAP,349/3810MB,(cached,2MB),CPU,[0%@1344,9%@1344,0%@1344,0%@1344,0%@1344,0%@1344],GR3D_FREQ,0%,cpu@51.375C,soc2@49.5C,soc0@50.406C,gpu@51.531C,tj@51.531C,soc1@50.562C,VDD_IN,5594mW/5669mW,VDD_CPU_GPU_CV,1305mW/1310mW,VDD_SOC,2376mW/2380mW
07-26-2026,21:29:40,RAM,754/7620MB,(lfb,31x4MB),SWAP,349/3810MB,(cached,2MB),CPU,[0%@1344,0%@1344,0%@1344,0%@1344,0%@1344,0%@1344],GR3D_FREQ,0%,cpu@51.531C,soc2@49.5C,soc0@50.531C,gpu@51.468C,tj@51.531C,soc1@50.468C,VDD_IN,5594mW/5669mW,VDD_CPU_GPU_CV,1305mW/1310mW,VDD_SOC,2376mW/2380mW
07-26-2026,21:29:40,RAM,754/7620MB,(lfb,31x4MB),SWAP,349/3810MB,(cached,2MB),CPU,[0%@1344,0%@1344,0%@1344,0%@1344,0%@1344,0%@1344],GR3D_FREQ,0%,cpu@51.531C,soc2@49.625C,soc0@50.375C,gpu@51.625C,tj@51.625C,soc1@50.656C,VDD_IN,5585mW/5669mW,VDD_CPU_GPU_CV,1305mW/1310mW,VDD_SOC,2376mW/2380mW
07-26-2026,21:29:40,RAM,755/7620MB,(lfb,31x4MB),SWAP,349/3810MB,(cached,2MB),CPU,[0%@1344,9%@1344,0%@1344,9%@1344,0%@1344,9%@1344],GR3D_FREQ,0%,cpu@51.656C,soc2@49.593C,soc0@50.437C,gpu@51.531C,tj@51.656C,soc1@50.812C,VDD_IN,5585mW/5669mW,VDD_CPU_GPU_CV,1305mW/1310mW,VDD_SOC,2376mW/2380mW
07-26-2026,21:29:40,RAM,754/7620MB,(lfb,31x4MB),SWAP,349/3810MB,(cached,2MB),CPU,[0%@1344,0%@1344,0%@1344,0%@1344,9%@1344,0%@1344],GR3D_FREQ,0%,cpu@51.906C,soc2@49.437C,soc0@50.406C,gpu@51.281C,tj@51.906C,soc1@50.468C,VDD_IN,5585mW/5669mW,VDD_CPU_GPU_CV,1305mW/1310mW,VDD_SOC,2376mW/2380mW
07-26-2026,21:29:40,RAM,754/7620MB,(lfb,31x4MB),SWAP,349/3810MB,(cached,2MB),CPU,[0%@1344,0%@1344,0%@1344,0%@1344,0%@1344,0%@1344],GR3D_FREQ,0%,cpu@51.562C,soc2@49.531C,soc0@50.468C,gpu@51.656C,tj@51.656C,soc1@50.468C,VDD_IN,5585mW/5669mW,VDD_CPU_GPU_CV,1305mW/1310mW,VDD_SOC,2376mW/2380mW
07-26-2026,21:29:40,RAM,754/7620MB,(lfb,31x4MB),SWAP,349/3810MB,(cached,2MB),CPU,[0%@1344,0%@1344,0%@1344,0%@1344,0%@1344,0%@1344],GR3D_FREQ,0%,cpu@51.5C,soc2@49.531C,soc0@50.562C,gpu@51.531C,tj@51.562C,soc1@50.625C,VDD_IN,5594mW/5669mW,VDD_CPU_GPU_CV,1305mW/1310mW,VDD_SOC,2376mW/2380mW
07-26-2026,21:29:40,RAM,753/7620MB,(lfb,31x4MB),SWAP,349/3810MB,(cached,2MB),CPU,[0%@1344,9%@1344,0%@1344,0%@1344,0%@1344,0%@1344],GR3D_FREQ,0%,cpu@51.593C,soc2@49.593C,soc0@50.312C,gpu@51.218C,tj@51.593C,soc1@50.656C,VDD_IN,5585mW/5669mW,VDD_CPU_GPU_CV,1305mW/1310mW,VDD_SOC,2376mW/2380mW
07-26-2026,21:29:40,RAM,753/7620MB,(lfb,31x4MB),SWAP,349/3810MB,(cached,2MB),CPU,[0%@1344,0%@1344,0%@1344,0%@1344,0%@1344,0%@1344],GR3D_FREQ,0%,cpu@51.906C,soc2@49.531C,soc0@50.406C,gpu@51.562C,tj@51.906C,soc1@50.437C,VDD_IN,5594mW/5669mW,VDD_CPU_GPU_CV,1305mW/1310mW,VDD_SOC,2376mW/2380mW
07-26-2026,21:29:41,RAM,753/7620MB,(lfb,31x4MB),SWAP,349/3810MB,(cached,2MB),CPU,[0%@1344,0%@1344,0%@1344,0%@1344,0%@1344,0%@1344],GR3D_FREQ,0%,cpu@51.25C,soc2@49.5C,soc0@50.437C,gpu@51.562C,tj@51.562C,soc1@50.5C,VDD_IN,5594mW/5669mW,VDD_CPU_GPU_CV,1305mW/1310mW,VDD_SOC,2376mW/2380mW
07-26-2026,21:29:41,RAM,753/7620MB,(lfb,31x4MB),SWAP,349/3810MB,(cached,2MB),CPU,[0%@1344,0%@1344,0%@1344,0%@1344,0%@1344,0%@1344],GR3D_FREQ,0%,cpu@51.593C,soc2@49.5C,soc0@50.5C,gpu@51.218C,tj@51.593C,soc1@50.531C,VDD_IN,5555mW/5669mW,VDD_CPU_GPU_CV,1305mW/1310mW,VDD_SOC,2376mW/2380mW
07-26-2026,21:29:41,RAM,753/7620MB,(lfb,31x4MB),SWAP,349/3810MB,(cached,2MB),CPU,[0%@1344,0%@1344,0%@1344,0%@1344,0%@1344,0%@1344],GR3D_FREQ,0%,cpu@51.593C,soc2@49.531C,soc0@50.562C,gpu@51.593C,tj@51.593C,soc1@50.625C,VDD_IN,5546mW/5669mW,VDD_CPU_GPU_CV,1305mW/1310mW,VDD_SOC,2376mW/2380mW
07-26-2026,21:29:41,RAM,753/7620MB,(lfb,31x4MB),SWAP,349/3810MB,(cached,2MB),CPU,[0%@1344,8%@1344,0%@1344,0%@1344,0%@1344,0%@1344],GR3D_FREQ,0%,cpu@51.687C,soc2@49.656C,soc0@50.468C,gpu@51.406C,tj@51.687C,soc1@50.625C,VDD_IN,5555mW/5669mW,VDD_CPU_GPU_CV,1305mW/1310mW,VDD_SOC,2376mW/2380mW
07-26-2026,21:29:41,RAM,754/7620MB,(lfb,31x4MB),SWAP,349/3810MB,(cached,2MB),CPU,[0%@1344,9%@1344,0%@1344,0%@1344,0%@1344,0%@1344],GR3D_FREQ,0%,cpu@51.281C,soc2@49.5C,soc0@50.375C,gpu@51.687C,tj@51.687C,soc1@50.437C,VDD_IN,5594mW/5669mW,VDD_CPU_GPU_CV,1307mW/1310mW,VDD_SOC,2376mW/2380mW
07-26-2026,21:29:41,RAM,754/7620MB,(lfb,31x4MB),SWAP,349/3810MB,(cached,2MB),CPU,[0%@1344,0%@1344,0%@1344,0%@1344,0%@1344,0%@1344],GR3D_FREQ,0%,cpu@51.281C,soc2@49.5C,soc0@50.437C,gpu@51.531C,tj@51.562C,soc1@50.468C,VDD_IN,5594mW/5669mW,VDD_CPU_GPU_CV,1305mW/1310mW,VDD_SOC,2376mW/2380mW
07-26-2026,21:29:41,RAM,754/7620MB,(lfb,31x4MB),SWAP,349/3810MB,(cached,2MB),CPU,[0%@1344,0%@1344,0%@1344,0%@1344,0%@1344,0%@1344],GR3D_FREQ,0%,cpu@51.531C,soc2@49.562C,soc0@50.531C,gpu@51.5C,tj@51.531C,soc1@50.531C,VDD_IN,5585mW/5669mW,VDD_CPU_GPU_CV,1307mW/1310mW,VDD_SOC,2376mW/2380mW
07-26-2026,21:29:41,RAM,754/7620MB,(lfb,31x4MB),SWAP,349/3810MB,(cached,2MB),CPU,[0%@1344,0%@1344,0%@1344,0%@1344,0%@1344,0%@1344],GR3D_FREQ,0%,cpu@51.656C,soc2@49.562C,soc0@50.343C,gpu@51.718C,tj@51.718C,soc1@50.687C,VDD_IN,5594mW/5669mW,VDD_CPU_GPU_CV,1307mW/1310mW,VDD_SOC,2376mW/2380mW
07-26-2026,21:29:41,RAM,754/7620MB,(lfb,31x4MB),SWAP,349/3810MB,(cached,2MB),CPU,[9%@1344,0%@1344,0%@1344,0%@1344,0%@1344,0%@1344],GR3D_FREQ,0%,cpu@51.781C,soc2@49.718C,soc0@50.437C,gpu@51.562C,tj@51.781C,soc1@50.468C,VDD_IN,5546mW/5669mW,VDD_CPU_GPU_CV,1307mW/1310mW,VDD_SOC,2376mW/2380mW
07-26-2026,21:29:42,RAM,754/7620MB,(lfb,31x4MB),SWAP,349/3810MB,(cached,2MB),CPU,[0%@1344,0%@1344,0%@1344,0%@1344,0%@1344,0%@1344],GR3D_FREQ,0%,cpu@51.281C,soc2@49.5C,soc0@50.437C,gpu@51.187C,tj@51.281C,soc1@50.343C,VDD_IN,5555mW/5668mW,VDD_CPU_GPU_CV,1307mW/1310mW,VDD_SOC,2376mW/2380mW
07-26-2026,21:29:42,RAM,754/7620MB,(lfb,31x4MB),SWAP,349/3810MB,(cached,2MB),CPU,[0%@1344,0%@1344,0%@1344,0%@1344,0%@1344,0%@1344],GR3D_FREQ,0%,cpu@51.468C,soc2@49.5C,soc0@50.468C,gpu@51.687C,tj@51.687C,soc1@50.562C,VDD_IN,5555mW/5668mW,VDD_CPU_GPU_CV,1305mW/1310mW,VDD_SOC,2376mW/2380mW
07-26-2026,21:29:42,RAM,754/7620MB,(lfb,31x4MB),SWAP,349/3810MB,(cached,2MB),CPU,[0%@1344,0%@1344,0%@1344,0%@1344,0%@1344,0%@1344],GR3D_FREQ,0%,cpu@51.656C,soc2@49.625C,soc0@50.656C,gpu@51.468C,tj@51.656C,soc1@50.656C,VDD_IN,5546mW/5668mW,VDD_CPU_GPU_CV,1305mW/1310mW,VDD_SOC,2376mW/2380mW
07-26-2026,21:29:42,RAM,754/7620MB,(lfb,31x4MB),SWAP,349/3810MB,(cached,2MB),CPU,[0%@1344,0%@1344,0%@1344,0%@1344,0%@1344,0%@1344],GR3D_FREQ,0%,cpu@51.656C,soc2@49.562C,soc0@50.343C,gpu@51.093C,tj@51.656C,soc1@50.687C,VDD_IN,5546mW/5668mW,VDD_CPU_GPU_CV,1305mW/1310mW,VDD_SOC,2376mW/2380mW
07-26-2026,21:29:42,RAM,754/7620MB,(lfb,31x4MB),SWAP,349/3810MB,(cached,2MB),CPU,[0%@1344,0%@1344,0%@1344,0%@1344,0%@1344,0%@1344],GR3D_FREQ,0%,cpu@51.281C,soc2@49.5C,soc0@50.468C,gpu@51.656C,tj@51.656C,soc1@50.531C,VDD_IN,5546mW/5668mW,VDD_CPU_GPU_CV,1305mW/1310mW,VDD_SOC,2376mW/2380mW
07-26-2026,21:29:42,RAM,754/7620MB,(lfb,31x4MB),SWAP,349/3810MB,(cached,2MB),CPU,[0%@1344,0%@1344,0%@1344,0%@1344,0%@1344,9%@1344],GR3D_FREQ,0%,cpu@51.281C,soc2@49.406C,soc0@50.468C,gpu@51.437C,tj@51.437C,soc1@50.5C,VDD_IN,5594mW/5668mW,VDD_CPU_GPU_CV,1305mW/1310mW,VDD_SOC,2376mW/2380mW
07-26-2026,21:29:42,RAM,754/7620MB,(lfb,31x4MB),SWAP,349/3810MB,(cached,2MB),CPU,[0%@1344,0%@1344,0%@1344,0%@1344,0%@1344,0%@1344],GR3D_FREQ,0%,cpu@51.562C,soc2@49.593C,soc0@50.468C,gpu@51.218C,tj@51.562C,soc1@50.593C,VDD_IN,5585mW/5668mW,VDD_CPU_GPU_CV,1305mW/1310mW,VDD_SOC,2376mW/2380mW
07-26-2026,21:29:42,RAM,754/7620MB,(lfb,31x4MB),SWAP,349/3810MB,(cached,2MB),CPU,[0%@1344,0%@1344,0%@1344,0%@1344,0%@1344,0%@1344],GR3D_FREQ,0%,cpu@51.593C,soc2@49.625C,soc0@50.312C,gpu@51.562C,tj@51.593C,soc1@50.75C,VDD_IN,5594mW/5668mW,VDD_CPU_GPU_CV,1305mW/1310mW,VDD_SOC,2376mW/2380mW
07-26-2026,21:29:42,RAM,754/7620MB,(lfb,31x4MB),SWAP,349/3810MB,(cached,2MB),CPU,[0%@1344,9%@1344,0%@1344,0%@1344,0%@1344,0%@1344],GR3D_FREQ,0%,cpu@51.843C,soc2@49.656C,soc0@50.281C,gpu@51.218C,tj@51.843C,soc1@50.781C,VDD_IN,5585mW/5668mW,VDD_CPU_GPU_CV,1305mW/1310mW,VDD_SOC,2376mW/2380mW
07-26-2026,21:29:42,RAM,754/7620MB,(lfb,31x4MB),SWAP,349/3810MB,(cached,2MB),CPU,[0%@1344,0%@1344,0%@1344,0%@1344,0%@1344,0%@1344],GR3D_FREQ,0%,cpu@51.312C,soc2@49.375C,soc0@50.468C,gpu@51.156C,tj@51.312C,soc1@50.593C,VDD_IN,5585mW/5668mW,VDD_CPU_GPU_CV,1305mW/1310mW,VDD_SOC,2376mW/2380mW
07-26-2026,21:29:43,RAM,754/7620MB,(lfb,31x4MB),SWAP,349/3810MB,(cached,2MB),CPU,[0%@1344,0%@1344,0%@1344,0%@1344,0%@1344,0%@1344],GR3D_FREQ,0%,cpu@51.343C,soc2@49.5C,soc0@50.531C,gpu@51.625C,tj@51.625C,soc1@50.531C,VDD_IN,5585mW/5668mW,VDD_CPU_GPU_CV,1305mW/1310mW,VDD_SOC,2376mW/2380mW
07-26-2026,21:29:43,RAM,754/7620MB,(lfb,31x4MB),SWAP,349/3810MB,(cached,2MB),CPU,[9%@1344,0%@1344,0%@1344,0%@1344,0%@1344,0%@1344],GR3D_FREQ,0%,cpu@51.625C,soc2@49.5C,soc0@50.562C,gpu@51.25C,tj@51.625C,soc1@50.593C,VDD_IN,5585mW/5668mW,VDD_CPU_GPU_CV,1305mW/1310mW,VDD_SOC,2376mW/2380mW
07-26-2026,21:29:43,RAM,754/7620MB,(lfb,31x4MB),SWAP,349/3810MB,(cached,2MB),CPU,[0%@1344,0%@1344,0%@1344,0%@1344,0%@1344,0%@1344],GR3D_FREQ,0%,cpu@51.75C,soc2@49.5C,soc0@50.281C,gpu@51.781C,tj@51.781C,soc1@50.687C,VDD_IN,5546mW/5668mW,VDD_CPU_GPU_CV,1305mW/1310mW,VDD_SOC,2376mW/2380mW
07-26-2026,21:29:43,RAM,754/7620MB,(lfb,31x4MB),SWAP,349/3810MB,(cached,2MB),CPU,[0%@1344,0%@1344,0%@1344,0%@1344,0%@1344,0%@1344],GR3D_FREQ,0%,cpu@51.531C,soc2@49.5C,soc0@50.375C,gpu@51.25C,tj@51.531C,soc1@50.812C,VDD_IN,5546mW/5668mW,VDD_CPU_GPU_CV,1305mW/1310mW,VDD_SOC,2376mW/2380mW
07-26-2026,21:29:43,RAM,755/7620MB,(lfb,31x4MB),SWAP,349/3810MB,(cached,2MB),CPU,[0%@1344,0%@1344,0%@1344,0%@1344,0%@1344,0%@1344],GR3D_FREQ,0%,cpu@51.375C,soc2@49.5C,soc0@50.5C,gpu@51.156C,tj@51.375C,soc1@50.468C,VDD_IN,5585mW/5668mW,VDD_CPU_GPU_CV,1305mW/1310mW,VDD_SOC,2376mW/2380mW
07-26-2026,21:29:43,RAM,754/7620MB,(lfb,31x4MB),SWAP,349/3810MB,(cached,2MB),CPU,[0%@1344,0%@1344,0%@1344,0%@1344,0%@1344,0%@1344],GR3D_FREQ,0%,cpu@51.687C,soc2@49.531C,soc0@50.468C,gpu@51.718C,tj@51.718C,soc1@50.5C,VDD_IN,5585mW/5668mW,VDD_CPU_GPU_CV,1305mW/1310mW,VDD_SOC,2376mW/2380mW
07-26-2026,21:29:43,RAM,754/7620MB,(lfb,31x4MB),SWAP,349/3810MB,(cached,2MB),CPU,[0%@1344,0%@1344,0%@1344,0%@1344,0%@1344,0%@1344],GR3D_FREQ,0%,cpu@51.781C,soc2@49.625C,soc0@50.281C,gpu@51.218C,tj@51.781C,soc1@50.593C,VDD_IN,5594mW/5668mW,VDD_CPU_GPU_CV,1305mW/1310mW,VDD_SOC,2376mW/2380mW
07-26-2026,21:29:43,RAM,753/7620MB,(lfb,31x4MB),SWAP,349/3810MB,(cached,2MB),CPU,[8%@1344,0%@1344,0%@1344,0%@1344,0%@1344,0%@1344],GR3D_FREQ,0%,cpu@51.406C,soc2@49.593C,soc0@50.375C,gpu@51.125C,tj@51.406C,soc1@50.843C,VDD_IN,5594mW/5668mW,VDD_CPU_GPU_CV,1305mW/1310mW,VDD_SOC,2376mW/2380mW
07-26-2026,21:29:43,RAM,753/7620MB,(lfb,31x4MB),SWAP,349/3810MB,(cached,2MB),CPU,[0%@1344,0%@1344,0%@1344,0%@1344,0%@1344,0%@1344],GR3D_FREQ,0%,cpu@51.5C,soc2@49.5C,soc0@50.406C,gpu@51.687C,tj@51.687C,soc1@50.437C,VDD_IN,5594mW/5668mW,VDD_CPU_GPU_CV,1305mW/1310mW,VDD_SOC,2376mW/2380mW
07-26-2026,21:29:44,RAM,753/7620MB,(lfb,31x4MB),SWAP,349/3810MB,(cached,2MB),CPU,[0%@1344,0%@1344,0%@1344,0%@1344,0%@1344,0%@1344],GR3D_FREQ,0%,cpu@51.343C,soc2@49.5C,soc0@50.468C,gpu@51.218C,tj@51.343C,soc1@50.437C,VDD_IN,5585mW/5668mW,VDD_CPU_GPU_CV,1305mW/1310mW,VDD_SOC,2376mW/2380mW
07-26-2026,21:29:44,RAM,753/7620MB,(lfb,31x4MB),SWAP,349/3810MB,(cached,2MB),CPU,[0%@1344,0%@1344,0%@1344,0%@1344,0%@1344,0%@1344],GR3D_FREQ,0%,cpu@51.687C,soc2@49.562C,soc0@50.531C,gpu@51.187C,tj@51.687C,soc1@50.562C,VDD_IN,5546mW/5667mW,VDD_CPU_GPU_CV,1305mW/1310mW,VDD_SOC,2376mW/2380mW
07-26-2026,21:29:44,RAM,753/7620MB,(lfb,31x4MB),SWAP,349/3810MB,(cached,2MB),CPU,[0%@1344,9%@1344,0%@1344,0%@1344,0%@1344,0%@1344],GR3D_FREQ,0%,cpu@51.75C,soc2@49.562C,soc0@50.375C,gpu@51.343C,tj@51.75C,soc1@50.656C,VDD_IN,5546mW/5667mW,VDD_CPU_GPU_CV,1305mW/1310mW,VDD_SOC,2373mW/2380mW
07-26-2026,21:29:44,RAM,753/7620MB,(lfb,31x4MB),SWAP,349/3810MB,(cached,2MB),CPU,[0%@1344,0%@1344,0%@1344,0%@1344,0%@1344,0%@1344],GR3D_FREQ,0%,cpu@51.437C,soc2@49.468C,soc0@50.406C,gpu@51.187C,tj@51.437C,soc1@50.812C,VDD_IN,5546mW/5667mW,VDD_CPU_GPU_CV,1305mW/1310mW,VDD_SOC,2376mW/2380mW
07-26-2026,21:29:44,RAM,753/7620MB,(lfb,31x4MB),SWAP,349/3810MB,(cached,2MB),CPU,[0%@1344,0%@1344,0%@1344,0%@1344,0%@1344,0%@1344],GR3D_FREQ,0%,cpu@51.375C,soc2@49.437C,soc0@50.437C,gpu@51.156C,tj@51.375C,soc1@50.437C,VDD_IN,5546mW/5667mW,VDD_CPU_GPU_CV,1305mW/1310mW,VDD_SOC,2376mW/2380mW
07-26-2026,21:29:44,RAM,754/7620MB,(lfb,31x4MB),SWAP,349/3810MB,(cached,2MB),CPU,[0%@1344,0%@1344,9%@1344,9%@1344,9%@1344,9%@1344],GR3D_FREQ,0%,cpu@51.281C,soc2@49.5C,soc0@50.468C,gpu@51.281C,tj@51.281C,soc1@50.437C,VDD_IN,5585mW/5667mW,VDD_CPU_GPU_CV,1305mW/1310mW,VDD_SOC,2373mW/2380mW
07-26-2026,21:29:44,RAM,754/7620MB,(lfb,31x4MB),SWAP,349/3810MB,(cached,2MB),CPU,[0%@1344,0%@1344,0%@1344,0%@1344,0%@1344,0%@1344],GR3D_FREQ,0%,cpu@51.781C,soc2@49.5C,soc0@50.375C,gpu@51.218C,tj@51.781C,soc1@50.5C,VDD_IN,5585mW/5667mW,VDD_CPU_GPU_CV,1305mW/1310mW,VDD_SOC,2373mW/2380mW
07-26-2026,21:29:44,RAM,754/7620MB,(lfb,31x4MB),SWAP,349/3810MB,(cached,2MB),CPU,[0%@1344,0%@1344,0%@1344,0%@1344,0%@1344,0%@1344],GR3D_FREQ,0%,cpu@51.406C,soc2@49.687C,soc0@50.25C,gpu@51.125C,tj@51.406C,soc1@50.75C,VDD_IN,5665mW/5667mW,VDD_CPU_GPU_CV,1305mW/1310mW,VDD_SOC,2376mW/2380mW
07-26-2026,21:29:44,RAM,753/7620MB,(lfb,31x4MB),SWAP,349/3810MB,(cached,2MB),CPU,[0%@1344,0%@1344,0%@1344,0%@1344,0%@1344,0%@1344],GR3D_FREQ,0%,cpu@51.656C,soc2@49.468C,soc0@50.406C,gpu@51.281C,tj@51.625C,soc1@50.437C,VDD_IN,5625mW/5667mW,VDD_CPU_GPU_CV,1305mW/1310mW,VDD_SOC,2373mW/2380mW
07-26-2026,21:29:44,RAM,753/7620MB,(lfb,31x4MB),SWAP,349/3810MB,(cached,2MB),CPU,[0%@1344,0%@1344,0%@1344,0%@1344,0%@1344,0%@1344],GR3D_FREQ,0%,cpu@51.375C,soc2@49.5C,soc0@50.437C,gpu@51.218C,tj@51.375C,soc1@50.562C,VDD_IN,5625mW/5667mW,VDD_CPU_GPU_CV,1305mW/1310mW,VDD_SOC,2376mW/2380mW
07-26-2026,21:29:45,RAM,753/7620MB,(lfb,31x4MB),SWAP,349/3810MB,(cached,2MB),CPU,[0%@1344,9%@1344,0%@1344,0%@1344,0%@1344,0%@1344],GR3D_FREQ,0%,cpu@51.375C,soc2@49.531C,soc0@50.531C,gpu@51.312C,tj@51.687C,soc1@50.562C,VDD_IN,5625mW/5667mW,VDD_CPU_GPU_CV,1305mW/1310mW,VDD_SOC,2376mW/2380mW
07-26-2026,21:29:45,RAM,753/7620MB,(lfb,31x4MB),SWAP,349/3810MB,(cached,2MB),CPU,[0%@1344,0%@1344,0%@1344,0%@1344,0%@1344,0%@1344],GR3D_FREQ,0%,cpu@51.937C,soc2@49.531C,soc0@50.343C,gpu@51.218C,tj@51.937C,soc1@50.656C,VDD_IN,5625mW/5667mW,VDD_CPU_GPU_CV,1305mW/1310mW,VDD_SOC,2376mW/2380mW
07-26-2026,21:29:45,RAM,753/7620MB,(lfb,31x4MB),SWAP,349/3810MB,(cached,2MB),CPU,[0%@1344,0%@1344,0%@1344,0%@1344,0%@1344,0%@1344],GR3D_FREQ,0%,cpu@51.468C,soc2@49.531C,soc0@50.406C,gpu@51.156C,tj@51.468C,soc1@50.437C,VDD_IN,5585mW/5667mW,VDD_CPU_GPU_CV,1305mW/1310mW,VDD_SOC,2376mW/2380mW
07-26-2026,21:29:45,RAM,753/7620MB,(lfb,31x4MB),SWAP,349/3810MB,(cached,2MB),CPU,[0%@1344,0%@1344,0%@1344,0%@1344,0%@1344,0%@1344],GR3D_FREQ,0%,cpu@51.437C,soc2@49.5C,soc0@50.468C,gpu@51.25C,tj@51.437C,soc1@50.531C,VDD_IN,5594mW/5667mW,VDD_CPU_GPU_CV,1305mW/1310mW,VDD_SOC,2376mW/2380mW
07-26-2026,21:29:45,RAM,754/7620MB,(lfb,31x4MB),SWAP,349/3810MB,(cached,2MB),CPU,[0%@1344,0%@1344,0%@1344,0%@1344,9%@1344,0%@1344],GR3D_FREQ,0%,cpu@51.375C,soc2@49.531C,soc0@50.625C,gpu@51.218C,tj@51.375C,soc1@50.437C,VDD_IN,5594mW/5667mW,VDD_CPU_GPU_CV,1305mW/1310mW,VDD_SOC,2376mW/2380mW
07-26-2026,21:29:45,RAM,754/7620MB,(lfb,31x4MB),SWAP,349/3810MB,(cached,2MB),CPU,[0%@1344,0%@1344,0%@1344,0%@1344,0%@1344,0%@1344],GR3D_FREQ,0%,cpu@51.75C,soc2@49.5C,soc0@50.593C,gpu@51.375C,tj@51.75C,soc1@50.593C,VDD_IN,5594mW/5667mW,VDD_CPU_GPU_CV,1305mW/1310mW,VDD_SOC,2376mW/2380mW
07-26-2026,21:29:45,RAM,754/7620MB,(lfb,31x4MB),SWAP,349/3810MB,(cached,2MB),CPU,[0%@1344,0%@1344,0%@1344,0%@1344,0%@1344,0%@1344],GR3D_FREQ,0%,cpu@51.437C,soc2@49.656C,soc0@50.406C,gpu@51.343C,tj@51.437C,soc1@50.687C,VDD_IN,5585mW/5667mW,VDD_CPU_GPU_CV,1305mW/1310mW,VDD_SOC,2376mW/2380mW
07-26-2026,21:29:45,RAM,754/7620MB,(lfb,31x4MB),SWAP,349/3810MB,(cached,2MB),CPU,[0%@1344,0%@1344,0%@1344,0%@1344,0%@1344,0%@1344],GR3D_FREQ,0%,cpu@51.5C,soc2@49.531C,soc0@50.406C,gpu@51.218C,tj@51.5C,soc1@50.437C,VDD_IN,5585mW/5667mW,VDD_CPU_GPU_CV,1305mW/1310mW,VDD_SOC,2376mW/2380mW
07-26-2026,21:29:45,RAM,754/7620MB,(lfb,31x4MB),SWAP,349/3810MB,(cached,2MB),CPU,[0%@1344,0%@1344,0%@1344,0%@1344,0%@1344,0%@1344],GR3D_FREQ,0%,cpu@51.312C,soc2@49.5C,soc0@50.468C,gpu@51.437C,tj@51.437C,soc1@50.468C,VDD_IN,5594mW/5667mW,VDD_CPU_GPU_CV,1305mW/1310mW,VDD_SOC,2376mW/2380mW
07-26-2026,21:29:45,RAM,754/7620MB,(lfb,31x4MB),SWAP,349/3810MB,(cached,2MB),CPU,[0%@1344,0%@1344,0%@1344,0%@1344,0%@1344,0%@1344],GR3D_FREQ,0%,cpu@51.312C,soc2@49.5C,soc0@50.5C,gpu@51.218C,tj@51.312C,soc1@50.437C,VDD_IN,5585mW/5667mW,VDD_CPU_GPU_CV,1305mW/1310mW,VDD_SOC,2376mW/2379mW
07-26-2026,21:29:46,RAM,754/7620MB,(lfb,31x4MB),SWAP,349/3810MB,(cached,2MB),CPU,[0%@1344,0%@1344,0%@1344,0%@1344,0%@1344,0%@1344],GR3D_FREQ,0%,cpu@51.812C,soc2@49.5C,soc0@50.406C,gpu@51.218C,tj@51.812C,soc1@50.687C,VDD_IN,5585mW/5667mW,VDD_CPU_GPU_CV,1305mW/1310mW,VDD_SOC,2376mW/2379mW
07-26-2026,21:29:46,RAM,754/7620MB,(lfb,31x4MB),SWAP,349/3810MB,(cached,2MB),CPU,[0%@1344,0%@1344,0%@1344,0%@1344,0%@1344,0%@1344],GR3D_FREQ,0%,cpu@51.562C,soc2@49.531C,soc0@50.375C,gpu@51.312C,tj@51.562C,soc1@50.375C,VDD_IN,5546mW/5667mW,VDD_CPU_GPU_CV,1305mW/1310mW,VDD_SOC,2376mW/2379mW
07-26-2026,21:29:46,RAM,754/7620MB,(lfb,31x4MB),SWAP,349/3810MB,(cached,2MB),CPU,[0%@1344,0%@1344,0%@1344,0%@1344,0%@1344,0%@1344],GR3D_FREQ,0%,cpu@51.312C,soc2@49.5C,soc0@50.437C,gpu@51.25C,tj@51.312C,soc1@50.437C,VDD_IN,5546mW/5667mW,VDD_CPU_GPU_CV,1305mW/1310mW,VDD_SOC,2376mW/2379mW
07-26-2026,21:29:46,RAM,754/7620MB,(lfb,31x4MB),SWAP,349/3810MB,(cached,2MB),CPU,[0%@1344,0%@1344,0%@1344,0%@1344,0%@1344,0%@1344],GR3D_FREQ,0%,cpu@51.343C,soc2@49.562C,soc0@50.437C,gpu@51.437C,tj@51.437C,soc1@50.562C,VDD_IN,5555mW/5667mW,VDD_CPU_GPU_CV,1305mW/1310mW,VDD_SOC,2376mW/2379mW
07-26-2026,21:29:46,RAM,754/7620MB,(lfb,31x4MB),SWAP,349/3810MB,(cached,2MB),CPU,[0%@1344,0%@1344,0%@1344,0%@1344,0%@1344,0%@1344],GR3D_FREQ,0%,cpu@51.468C,soc2@49.531C,soc0@50.562C,gpu@51.375C,tj@51.468C,soc1@50.5C,VDD_IN,5585mW/5667mW,VDD_CPU_GPU_CV,1305mW/1310mW,VDD_SOC,2376mW/2379mW
07-26-2026,21:29:46,RAM,754/7620MB,(lfb,31x4MB),SWAP,349/3810MB,(cached,2MB),CPU,[0%@1344,0%@1344,0%@1344,0%@1344,0%@1344,0%@1344],GR3D_FREQ,0%,cpu@51.437C,soc2@49.625C,soc0@50.375C,gpu@51.312C,tj@51.437C,soc1@50.718C,VDD_IN,5585mW/5667mW,VDD_CPU_GPU_CV,1305mW/1310mW,VDD_SOC,2376mW/2379mW
07-26-2026,21:29:46,RAM,754/7620MB,(lfb,31x4MB),SWAP,349/3810MB,(cached,2MB),CPU,[9%@1344,0%@1344,0%@1344,0%@1344,0%@1344,0%@1344],GR3D_FREQ,0%,cpu@51.562C,soc2@49.562C,soc0@50.468C,gpu@51.468C,tj@51.562C,soc1@50.437C,VDD_IN,5585mW/5666mW,VDD_CPU_GPU_CV,1305mW/1310mW,VDD_SOC,2376mW/2379mW
07-26-2026,21:29:46,RAM,754/7620MB,(lfb,31x4MB),SWAP,349/3810MB,(cached,2MB),CPU,[0%@1344,0%@1344,0%@1344,0%@1344,0%@1344,0%@1344],GR3D_FREQ,0%,cpu@51.375C,soc2@49.562C,soc0@50.468C,gpu@51.312C,tj@51.375C,soc1@50.531C,VDD_IN,5594mW/5666mW,VDD_CPU_GPU_CV,1305mW/1310mW,VDD_SOC,2376mW/2379mW
07-26-2026,21:29:46,RAM,754/7620MB,(lfb,31x4MB),SWAP,349/3810MB,(cached,2MB),CPU,[0%@1344,0%@1344,0%@1344,0%@1344,0%@1344,0%@1344],GR3D_FREQ,0%,cpu@51.343C,soc2@49.5C,soc0@50.593C,gpu@51.25C,tj@51.343C,soc1@50.531C,VDD_IN,5585mW/5666mW,VDD_CPU_GPU_CV,1305mW/1310mW,VDD_SOC,2376mW/2379mW
07-26-2026,21:29:47,RAM,754/7620MB,(lfb,31x4MB),SWAP,349/3810MB,(cached,2MB),CPU,[0%@1344,0%@1344,0%@1344,0%@1344,0%@1344,0%@1344],GR3D_FREQ,0%,cpu@51.343C,soc2@49.562C,soc0@50.343C,gpu@51.468C,tj@51.468C,soc1@50.687C,VDD_IN,5594mW/5666mW,VDD_CPU_GPU_CV,1305mW/1310mW,VDD_SOC,2376mW/2379mW
07-26-2026,21:29:47,RAM,754/7620MB,(lfb,31x4MB),SWAP,349/3810MB,(cached,2MB),CPU,[0%@1344,0%@1344,0%@1344,0%@1344,0%@1344,0%@1344],GR3D_FREQ,0%,cpu@51.656C,soc2@49.468C,soc0@50.375C,gpu@51.281C,tj@51.656C,soc1@50.437C,VDD_IN,5555mW/5666mW,VDD_CPU_GPU_CV,1305mW/1310mW,VDD_SOC,2376mW/2379mW
07-26-2026,21:29:47,RAM,754/7620MB,(lfb,31x4MB),SWAP,349/3810MB,(cached,2MB),CPU,[0%@1344,0%@1344,0%@1344,0%@1344,0%@1344,0%@1344],GR3D_FREQ,0%,cpu@51.375C,soc2@49.5C,soc0@50.375C,gpu@51.218C,tj@51.375C,soc1@50.5C,VDD_IN,5555mW/5666mW,VDD_CPU_GPU_CV,1305mW/1310mW,VDD_SOC,2376mW/2379mW
07-26-2026,21:29:47,RAM,754/7620MB,(lfb,31x4MB),SWAP,349/3810MB,(cached,2MB),CPU,[0%@1344,0%@1344,0%@1344,0%@1344,0%@1344,0%@1344],GR3D_FREQ,0%,cpu@51.375C,soc2@49.5C,soc0@50.468C,gpu@51.437C,tj@51.437C,soc1@50.531C,VDD_IN,5555mW/5666mW,VDD_CPU_GPU_CV,1307mW/1310mW,VDD_SOC,2376mW/2379mW
07-26-2026,21:29:47,RAM,754/7620MB,(lfb,31x4MB),SWAP,349/3810MB,(cached,2MB),CPU,[0%@1344,0%@1344,0%@1344,0%@1344,0%@1344,0%@1344],GR3D_FREQ,0%,cpu@51.437C,soc2@49.593C,soc0@50.531C,gpu@51.375C,tj@51.437C,soc1@50.5C,VDD_IN,5555mW/5666mW,VDD_CPU_GPU_CV,1305mW/1310mW,VDD_SOC,2376mW/2379mW
07-26-2026,21:29:47,RAM,754/7620MB,(lfb,31x4MB),SWAP,349/3810MB,(cached,2MB),CPU,[0%@1344,0%@1344,0%@1344,9%@1344,0%@1344,9%@1344],GR3D_FREQ,0%,cpu@51.531C,soc2@49.625C,soc0@50.312C,gpu@51.5C,tj@51.531C,soc1@50.656C,VDD_IN,5594mW/5666mW,VDD_CPU_GPU_CV,1307mW/1310mW,VDD_SOC,2376mW/2379mW
07-26-2026,21:29:47,RAM,753/7620MB,(lfb,31x4MB),SWAP,349/3810MB,(cached,2MB),CPU,[9%@1344,0%@1344,0%@1344,0%@1344,0%@1344,0%@1344],GR3D_FREQ,0%,cpu@51.593C,soc2@49.5C,soc0@50.281C,gpu@51.343C,tj@51.593C,soc1@50.406C,VDD_IN,5594mW/5666mW,VDD_CPU_GPU_CV,1307mW/1310mW,VDD_SOC,2376mW/2379mW
07-26-2026,21:29:47,RAM,753/7620MB,(lfb,31x4MB),SWAP,349/3810MB,(cached,2MB),CPU,[0%@1344,0%@1344,0%@1344,0%@1344,0%@1344,0%@1344],GR3D_FREQ,0%,cpu@51.343C,soc2@49.531C,soc0@50.468C,gpu@51.218C,tj@51.343C,soc1@50.593C,VDD_IN,5594mW/5666mW,VDD_CPU_GPU_CV,1307mW/1310mW,VDD_SOC,2376mW/2379mW
07-26-2026,21:29:47,RAM,753/7620MB,(lfb,31x4MB),SWAP,349/3810MB,(cached,2MB),CPU,[8%@1344,0%@1344,0%@1344,0%@1344,0%@1344,0%@1344],GR3D_FREQ,0%,cpu@51.437C,soc2@49.656C,soc0@50.562C,gpu@51.531C,tj@51.531C,soc1@50.531C,VDD_IN,5594mW/5666mW,VDD_CPU_GPU_CV,1307mW/1310mW,VDD_SOC,2376mW/2379mW
07-26-2026,21:29:47,RAM,753/7620MB,(lfb,31x4MB),SWAP,349/3810MB,(cached,2MB),CPU,[0%@1344,0%@1344,0%@1344,0%@1344,0%@1344,0%@1344],GR3D_FREQ,0%,cpu@51.437C,soc2@49.593C,soc0@50.281C,gpu@51.406C,tj@51.437C,soc1@50.687C,VDD_IN,5546mW/5666mW,VDD_CPU_GPU_CV,1305mW/1310mW,VDD_SOC,2376mW/2379mW
07-26-2026,21:29:48,RAM,753/7620MB,(lfb,31x4MB),SWAP,349/3810MB,(cached,2MB),CPU,[9%@1344,0%@1344,0%@1344,0%@1344,0%@1344,0%@1344],GR3D_FREQ,0%,cpu@51.625C,soc2@49.531C,soc0@50.406C,gpu@51.218C,tj@51.625C,soc1@50.687C,VDD_IN,5546mW/5666mW,VDD_CPU_GPU_CV,1305mW/1310mW,VDD_SOC,2376mW/2379mW
07-26-2026,21:29:48,RAM,753/7620MB,(lfb,31x4MB),SWAP,349/3810MB,(cached,2MB),CPU,[8%@1344,0%@1344,0%@1344,0%@1344,0%@1344,0%@1344],GR3D_FREQ,0%,cpu@51.312C,soc2@49.593C,soc0@50.468C,gpu@51.468C,tj@51.468C,soc1@50.531C,VDD_IN,5546mW/5666mW,VDD_CPU_GPU_CV,1305mW/1310mW,VDD_SOC,2376mW/2379mW
07-26-2026,21:29:48,RAM,753/7620MB,(lfb,31x4MB),SWAP,349/3810MB,(cached,2MB),CPU,[0%@1344,0%@1344,0%@1344,0%@1344,0%@1344,0%@1344],GR3D_FREQ,0%,cpu@51.343C,soc2@49.562C,soc0@50.468C,gpu@51.281C,tj@51.343C,soc1@50.531C,VDD_IN,5546mW/5666mW,VDD_CPU_GPU_CV,1305mW/1310mW,VDD_SOC,2376mW/2379mW
07-26-2026,21:29:48,RAM,753/7620MB,(lfb,31x4MB),SWAP,349/3810MB,(cached,2MB),CPU,[0%@1344,0%@1344,0%@1344,0%@1344,0%@1344,0%@1344],GR3D_FREQ,0%,cpu@51.468C,soc2@49.531C,soc0@50.593C,gpu@51.281C,tj@51.468C,soc1@50.5C,VDD_IN,5546mW/5666mW,VDD_CPU_GPU_CV,1305mW/1310mW,VDD_SOC,2376mW/2379mW
07-26-2026,21:29:48,RAM,755/7620MB,(lfb,31x4MB),SWAP,349/3810MB,(cached,2MB),CPU,[0%@1344,0%@1344,0%@1344,0%@1344,0%@1344,0%@1344],GR3D_FREQ,0%,cpu@51.562C,soc2@49.718C,soc0@50.375C,gpu@51.437C,tj@51.562C,soc1@50.75C,VDD_IN,5585mW/5666mW,VDD_CPU_GPU_CV,1305mW/1310mW,VDD_SOC,2376mW/2379mW
07-26-2026,21:29:48,RAM,754/7620MB,(lfb,31x4MB),SWAP,349/3810MB,(cached,2MB),CPU,[0%@1344,0%@1344,0%@1344,0%@1344,0%@1344,0%@1344],GR3D_FREQ,0%,cpu@51.437C,soc2@49.5C,soc0@50.312C,gpu@51.375C,tj@51.437C,soc1@50.406C,VDD_IN,5594mW/5666mW,VDD_CPU_GPU_CV,1305mW/1310mW,VDD_SOC,2376mW/2379mW
07-26-2026,21:29:48,RAM,754/7620MB,(lfb,31x4MB),SWAP,349/3810MB,(cached,2MB),CPU,[0%@1344,0%@1344,0%@1344,0%@1344,0%@1344,0%@1344],GR3D_FREQ,0%,cpu@51.5C,soc2@49.531C,soc0@50.5C,gpu@51.593C,tj@51.593C,soc1@50.5C,VDD_IN,5555mW/5666mW,VDD_CPU_GPU_CV,1305mW/1310mW,VDD_SOC,2376mW/2379mW
07-26-2026,21:29:48,RAM,754/7620MB,(lfb,31x4MB),SWAP,349/3810MB,(cached,2MB),CPU,[0%@1344,0%@1344,0%@1344,0%@1344,0%@1344,0%@1344],GR3D_FREQ,0%,cpu@51.437C,soc2@49.656C,soc0@50.593C,gpu@51.406C,tj@51.437C,soc1@50.625C,VDD_IN,5585mW/5666mW,VDD_CPU_GPU_CV,1305mW/1310mW,VDD_SOC,2376mW/2379mW
07-26-2026,21:29:48,RAM,754/7620MB,(lfb,31x4MB),SWAP,349/3810MB,(cached,2MB),CPU,[0%@1344,0%@1344,0%@1344,0%@1344,0%@1344,0%@1344],GR3D_FREQ,0%,cpu@51.406C,soc2@49.562C,soc0@50.343C,gpu@51.312C,tj@51.406C,soc1@50.687C,VDD_IN,5546mW/5665mW,VDD_CPU_GPU_CV,1305mW/1310mW,VDD_SOC,2376mW/2379mW
07-26-2026,21:29:49,RAM,754/7620MB,(lfb,31x4MB),SWAP,349/3810MB,(cached,2MB),CPU,[0%@1344,0%@1344,0%@1344,0%@1344,0%@1344,0%@1344],GR3D_FREQ,0%,cpu@51.5C,soc2@49.531C,soc0@50.406C,gpu@51.531C,tj@51.531C,soc1@50.781C,VDD_IN,5555mW/5665mW,VDD_CPU_GPU_CV,1305mW/1310mW,VDD_SOC,2376mW/2379mW
07-26-2026,21:29:49,RAM,754/7620MB,(lfb,31x4MB),SWAP,349/3810MB,(cached,2MB),CPU,[0%@1344,0%@1344,0%@1344,0%@1344,0%@1344,0%@1344],GR3D_FREQ,0%,cpu@51.375C,soc2@49.531C,soc0@50.406C,gpu@51.406C,tj@51.406C,soc1@50.468C,VDD_IN,5546mW/5665mW,VDD_CPU_GPU_CV,1305mW/1310mW,VDD_SOC,2376mW/2379mW
07-26-2026,21:29:49,RAM,754/7620MB,(lfb,31x4MB),SWAP,349/3810MB,(cached,2MB),CPU,[0%@1344,0%@1344,0%@1344,0%@1344,0%@1344,0%@1344],GR3D_FREQ,0%,cpu@51.437C,soc2@49.625C,soc0@50.468C,gpu@51.281C,tj@51.437C,soc1@50.593C,VDD_IN,5555mW/5665mW,VDD_CPU_GPU_CV,1305mW/1310mW,VDD_SOC,2376mW/2379mW
07-26-2026,21:29:49,RAM,754/7620MB,(lfb,31x4MB),SWAP,349/3810MB,(cached,2MB),CPU,[0%@1344,0%@1344,0%@1344,0%@1344,0%@1344,0%@1344],GR3D_FREQ,0%,cpu@51.437C,soc2@49.593C,soc0@50.281C,gpu@51.593C,tj@51.593C,soc1@50.5C,VDD_IN,5546mW/5665mW,VDD_CPU_GPU_CV,1305mW/1310mW,VDD_SOC,2376mW/2379mW
07-26-2026,21:29:49,RAM,754/7620MB,(lfb,31x4MB),SWAP,349/3810MB,(cached,2MB),CPU,[9%@1344,0%@1344,0%@1344,0%@1344,0%@1344,0%@1344],GR3D_FREQ,0%,cpu@51.562C,soc2@49.687C,soc0@50.343C,gpu@51.406C,tj@51.562C,soc1@50.687C,VDD_IN,5546mW/5665mW,VDD_CPU_GPU_CV,1305mW/1310mW,VDD_SOC,2376mW/2379mW
07-26-2026,21:29:49,RAM,754/7620MB,(lfb,31x4MB),SWAP,349/3810MB,(cached,2MB),CPU,[0%@1344,0%@1344,16%@1344,0%@1344,0%@1344,9%@1344],GR3D_FREQ,0%,cpu@51.562C,soc2@49.437C,soc0@50.437C,gpu@51.281C,tj@51.562C,soc1@50.5C,VDD_IN,5585mW/5665mW,VDD_CPU_GPU_CV,1305mW/1310mW,VDD_SOC,2376mW/2379mW
07-26-2026,21:29:49,RAM,754/7620MB,(lfb,31x4MB),SWAP,349/3810MB,(cached,2MB),CPU,[0%@1344,0%@1344,0%@1344,0%@1344,0%@1344,0%@1344],GR3D_FREQ,0%,cpu@51.375C,soc2@49.5C,soc0@50.406C,gpu@51.531C,tj@51.531C,soc1@50.437C,VDD_IN,5585mW/5665mW,VDD_CPU_GPU_CV,1305mW/1310mW,VDD_SOC,2376mW/2379mW
07-26-2026,21:29:49,RAM,754/7620MB,(lfb,31x4MB),SWAP,349/3810MB,(cached,2MB),CPU,[0%@1344,0%@1344,0%@1344,0%@1344,0%@1344,0%@1344],GR3D_FREQ,0%,cpu@51.437C,soc2@49.625C,soc0@50.562C,gpu@51.312C,tj@51.437C,soc1@50.562C,VDD_IN,5585mW/5665mW,VDD_CPU_GPU_CV,1305mW/1310mW,VDD_SOC,2376mW/2379mW
07-26-2026,21:29:49,RAM,754/7620MB,(lfb,31x4MB),SWAP,349/3810MB,(cached,2MB),CPU,[0%@1344,0%@1344,0%@1344,0%@1344,0%@1344,0%@1344],GR3D_FREQ,0%,cpu@51.5C,soc2@49.593C,soc0@50.218C,gpu@51.343C,tj@51.5C,soc1@50.687C,VDD_IN,5665mW/5665mW,VDD_CPU_GPU_CV,1305mW/1310mW,VDD_SOC,2376mW/2379mW
07-26-2026,21:29:49,RAM,754/7620MB,(lfb,31x4MB),SWAP,349/3810MB,(cached,2MB),CPU,[0%@1344,0%@1344,0%@1344,0%@1344,0%@1344,0%@1344],GR3D_FREQ,0%,cpu@51.687C,soc2@49.531C,soc0@50.375C,gpu@51.5C,tj@51.687C,soc1@50.437C,VDD_IN,5634mW/5665mW,VDD_CPU_GPU_CV,1305mW/1310mW,VDD_SOC,2376mW/2379mW
07-26-2026,21:29:50,RAM,754/7620MB,(lfb,31x4MB),SWAP,349/3810MB,(cached,2MB),CPU,[0%@1344,0%@1344,0%@1344,0%@1344,0%@1344,0%@1344],GR3D_FREQ,0%,cpu@51.437C,soc2@49.593C,soc0@50.437C,gpu@51.406C,tj@51.437C,soc1@50.593C,VDD_IN,5625mW/5665mW,VDD_CPU_GPU_CV,1305mW/1310mW,VDD_SOC,2376mW/2379mW
07-26-2026,21:29:50,RAM,754/7620MB,(lfb,31x4MB),SWAP,349/3810MB,(cached,2MB),CPU,[0%@1344,0%@1344,0%@1344,0%@1344,0%@1344,0%@1344],GR3D_FREQ,0%,cpu@51.375C,soc2@49.5C,soc0@50.5C,gpu@51.593C,tj@51.375C,soc1@50.531C,VDD_IN,5585mW/5665mW,VDD_CPU_GPU_CV,1305mW/1310mW,VDD_SOC,2376mW/2379mW
07-26-2026,21:29:50,RAM,754/7620MB,(lfb,31x4MB),SWAP,349/3810MB,(cached,2MB),CPU,[0%@1344,0%@1344,0%@1344,0%@1344,0%@1344,0%@1344],GR3D_FREQ,0%,cpu@51.5C,soc2@49.656C,soc0@50.406C,gpu@51.406C,tj@51.5C,soc1@50.656C,VDD_IN,5585mW/5665mW,VDD_CPU_GPU_CV,1305mW/1310mW,VDD_SOC,2376mW/2379mW
07-26-2026,21:29:50,RAM,754/7620MB,(lfb,31x4MB),SWAP,349/3810MB,(cached,2MB),CPU,[0%@1344,0%@1344,0%@1344,0%@1344,0%@1344,0%@1344],GR3D_FREQ,0%,cpu@51.656C,soc2@49.5C,soc0@50.437C,gpu@51.312C,tj@51.656C,soc1@50.718C,VDD_IN,5585mW/5665mW,VDD_CPU_GPU_CV,1305mW/1310mW,VDD_SOC,2376mW/2379mW
07-26-2026,21:29:50,RAM,754/7620MB,(lfb,31x4MB),SWAP,349/3810MB,(cached,2MB),CPU,[0%@1344,0%@1344,0%@1344,0%@1344,0%@1344,0%@1344],GR3D_FREQ,0%,cpu@51.343C,soc2@49.562C,soc0@50.375C,gpu@51.562C,tj@51.562C,soc1@50.562C,VDD_IN,5594mW/5665mW,VDD_CPU_GPU_CV,1305mW/1310mW,VDD_SOC,2376mW/2379mW
07-26-2026,21:29:50,RAM,754/7620MB,(lfb,31x4MB),SWAP,349/3810MB,(cached,2MB),CPU,[0%@1344,0%@1344,9%@1344,0%@1344,0%@1344,0%@1344],GR3D_FREQ,0%,cpu@51.437C,soc2@49.593C,soc0@50.468C,gpu@51.437C,tj@51.437C,soc1@50.5C,VDD_IN,5585mW/5665mW,VDD_CPU_GPU_CV,1305mW/1310mW,VDD_SOC,2376mW/2379mW
07-26-2026,21:29:50,RAM,754/7620MB,(lfb,31x4MB),SWAP,349/3810MB,(cached,2MB),CPU,[0%@1344,0%@1344,0%@1344,0%@1344,0%@1344,0%@1344],GR3D_FREQ,0%,cpu@51.468C,soc2@49.593C,soc0@50.656C,gpu@51.281C,tj@51.468C,soc1@50.531C,VDD_IN,5585mW/5665mW,VDD_CPU_GPU_CV,1305mW/1310mW,VDD_SOC,2376mW/2379mW
07-26-2026,21:29:50,RAM,754/7620MB,(lfb,31x4MB),SWAP,349/3810MB,(cached,2MB),CPU,[0%@1344,0%@1344,0%@1344,0%@1344,0%@1344,9%@1344],GR3D_FREQ,0%,cpu@51.5C,soc2@49.687C,soc0@50.343C,gpu@51.625C,tj@51.625C,soc1@50.75C,VDD_IN,5594mW/5665mW,VDD_CPU_GPU_CV,1305mW/1310mW,VDD_SOC,2376mW/2379mW
07-26-2026,21:29:50,RAM,754/7620MB,(lfb,31x4MB),SWAP,349/3810MB,(cached,2MB),CPU,[0%@1344,0%@1344,0%@1344,0%@1344,0%@1344,0%@1344],GR3D_FREQ,0%,cpu@51.5C,soc2@49.531C,soc0@50.437C,gpu@51.343C,tj@51.5C,soc1@50.843C,VDD_IN,5594mW/5665mW,VDD_CPU_GPU_CV,1305mW/1310mW,VDD_SOC,2376mW/2379mW
07-26-2026,21:29:51,RAM,754/7620MB,(lfb,31x4MB),SWAP,349/3810MB,(cached,2MB),CPU,[0%@1344,0%@1344,0%@1344,0%@1344,0%@1344,0%@1344],GR3D_FREQ,0%,cpu@51.343C,soc2@49.5C,soc0@50.468C,gpu@51.687C,tj@51.343C,soc1@50.437C,VDD_IN,5585mW/5665mW,VDD_CPU_GPU_CV,1305mW/1310mW,VDD_SOC,2376mW/2379mW
07-26-2026,21:29:51,RAM,754/7620MB,(lfb,31x4MB),SWAP,349/3810MB,(cached,2MB),CPU,[9%@1344,0%@1344,0%@1344,0%@1344,0%@1344,0%@1344],GR3D_FREQ,0%,cpu@51.437C,soc2@49.5C,soc0@50.468C,gpu@51.562C,tj@51.562C,soc1@50.625C,VDD_IN,5585mW/5665mW,VDD_CPU_GPU_CV,1305mW/1310mW,VDD_SOC,2376mW/2379mW
07-26-2026,21:29:51,RAM,754/7620MB,(lfb,31x4MB),SWAP,349/3810MB,(cached,2MB),CPU,[0%@1344,8%@1344,0%@1344,0%@1344,0%@1344,0%@1344],GR3D_FREQ,0%,cpu@51.562C,soc2@49.593C,soc0@50.375C,gpu@51.375C,tj@51.562C,soc1@50.531C,VDD_IN,5585mW/5665mW,VDD_CPU_GPU_CV,1305mW/1310mW,VDD_SOC,2373mW/2379mW
07-26-2026,21:29:51,RAM,754/7620MB,(lfb,31x4MB),SWAP,349/3810MB,(cached,2MB),CPU,[0%@1344,0%@1344,0%@1344,0%@1344,0%@1344,0%@1344],GR3D_FREQ,0%,cpu@51.531C,soc2@49.625C,soc0@50.312C,gpu@51.75C,tj@51.75C,soc1@50.843C,VDD_IN,5585mW/5665mW,VDD_CPU_GPU_CV,1305mW/1310mW,VDD_SOC,2376mW/2379mW
07-26-2026,21:29:51,RAM,754/7620MB,(lfb,31x4MB),SWAP,349/3810MB,(cached,2MB),CPU,[0%@1344,0%@1344,0%@1344,0%@1344,0%@1344,0%@1344],GR3D_FREQ,0%,cpu@51.593C,soc2@49.5C,soc0@50.468C,gpu@51.593C,tj@51.593C,soc1@50.5C,VDD_IN,5585mW/5664mW,VDD_CPU_GPU_CV,1305mW/1310mW,VDD_SOC,2376mW/2379mW
07-26-2026,21:29:51,RAM,754/7620MB,(lfb,31x4MB),SWAP,349/3810MB,(cached,2MB),CPU,[0%@1344,0%@1344,0%@1344,9%@1344,0%@1344,0%@1344],GR3D_FREQ,0%,cpu@51.375C,soc2@49.593C,soc0@50.531C,gpu@51.406C,tj@51.406C,soc1@50.5C,VDD_IN,5585mW/5664mW,VDD_CPU_GPU_CV,1305mW/1310mW,VDD_SOC,2376mW/2379mW
07-26-2026,21:29:51,RAM,754/7620MB,(lfb,31x4MB),SWAP,349/3810MB,(cached,2MB),CPU,[0%@1344,0%@1344,0%@1344,0%@1344,0%@1344,0%@1344],GR3D_FREQ,0%,cpu@51.5C,soc2@49.531C,soc0@50.468C,gpu@51.656C,tj@51.656C,soc1@50.656C,VDD_IN,5585mW/5664mW,VDD_CPU_GPU_CV,1305mW/1310mW,VDD_SOC,2376mW/2379mW
07-26-2026,21:29:51,RAM,754/7620MB,(lfb,31x4MB),SWAP,349/3810MB,(cached,2MB),CPU,[0%@1344,0%@1344,0%@1344,0%@1344,0%@1344,0%@1344],GR3D_FREQ,0%,cpu@51.531C,soc2@49.656C,soc0@50.312C,gpu@51.437C,tj@51.531C,soc1@50.625C,VDD_IN,5594mW/5664mW,VDD_CPU_GPU_CV,1305mW/1310mW,VDD_SOC,2376mW/2379mW
07-26-2026,21:29:51,RAM,754/7620MB,(lfb,31x4MB),SWAP,349/3810MB,(cached,2MB),CPU,[0%@1344,0%@1344,0%@1344,0%@1344,0%@1344,0%@1344],GR3D_FREQ,0%,cpu@51.562C,soc2@49.531C,soc0@50.468C,gpu@51.156C,tj@51.562C,soc1@50.406C,VDD_IN,5585mW/5664mW,VDD_CPU_GPU_CV,1305mW/1310mW,VDD_SOC,2376mW/2379mW
07-26-2026,21:29:51,RAM,754/7620MB,(lfb,31x4MB),SWAP,349/3810MB,(cached,2MB),CPU,[9%@1344,0%@1344,0%@1344,0%@1344,0%@1344,0%@1344],GR3D_FREQ,0%,cpu@51.437C,soc2@49.468C,soc0@50.437C,gpu@51.562C,tj@51.562C,soc1@50.593C,VDD_IN,5585mW/5664mW,VDD_CPU_GPU_CV,1305mW/1310mW,VDD_SOC,2376mW/2379mW
07-26-2026,21:29:52,RAM,754/7620MB,(lfb,31x4MB),SWAP,349/3810MB,(cached,2MB),CPU,[0%@1344,8%@1344,0%@1344,0%@1344,0%@1344,0%@1344],GR3D_FREQ,0%,cpu@51.437C,soc2@49.531C,soc0@50.468C,gpu@51.406C,tj@51.437C,soc1@50.625C,VDD_IN,5594mW/5664mW,VDD_CPU_GPU_CV,1305mW/1310mW,VDD_SOC,2376mW/2379mW
07-26-2026,21:29:52,RAM,754/7620MB,(lfb,31x4MB),SWAP,349/3810MB,(cached,2MB),CPU,[0%@1344,0%@1344,0%@1344,0%@1344,0%@1344,0%@1344],GR3D_FREQ,0%,cpu@51.531C,soc2@49.562C,soc0@50.25C,gpu@51.187C,tj@51.531C,soc1@50.562C,VDD_IN,5585mW/5664mW,VDD_CPU_GPU_CV,1305mW/1310mW,VDD_SOC,2376mW/2379mW
07-26-2026,21:29:52,RAM,754/7620MB,(lfb,31x4MB),SWAP,349/3810MB,(cached,2MB),CPU,[0%@1344,0%@1344,0%@1344,0%@1344,0%@1344,0%@1344],GR3D_FREQ,0%,cpu@51.625C,soc2@49.593C,soc0@50.343C,gpu@51.531C,tj@51.625C,soc1@50.843C,VDD_IN,5585mW/5664mW,VDD_CPU_GPU_CV,1305mW/1310mW,VDD_SOC,2376mW/2379mW
07-26-2026,21:29:52,RAM,754/7620MB,(lfb,31x4MB),SWAP,349/3810MB,(cached,2MB),CPU,[0%@1344,0%@1344,0%@1344,0%@1344,0%@1344,0%@1344],GR3D_FREQ,0%,cpu@51.625C,soc2@49.468C,soc0@50.437C,gpu@51.375C,tj@51.625C,soc1@50.531C,VDD_IN,5546mW/5664mW,VDD_CPU_GPU_CV,1305mW/1310mW,VDD_SOC,2376mW/2379mW
07-26-2026,21:29:52,RAM,754/7620MB,(lfb,31x4MB),SWAP,349/3810MB,(cached,2MB),CPU,[0%@1344,0%@1344,0%@1344,0%@1344,0%@1344,0%@1344],GR3D_FREQ,0%,cpu@51.406C,soc2@49.5C,soc0@50.437C,gpu@51.718C,tj@51.718C,soc1@50.531C,VDD_IN,5555mW/5664mW,VDD_CPU_GPU_CV,1305mW/1310mW,VDD_SOC,2376mW/2379mW
07-26-2026,21:29:52,RAM,753/7620MB,(lfb,31x4MB),SWAP,349/3810MB,(cached,2MB),CPU,[8%@1344,0%@1344,0%@1344,0%@1344,0%@1344,0%@1344],GR3D_FREQ,0%,cpu@51.437C,soc2@49.5C,soc0@50.656C,gpu@51.625C,tj@51.625C,soc1@50.687C,VDD_IN,5594mW/5664mW,VDD_CPU_GPU_CV,1307mW/1310mW,VDD_SOC,2376mW/2379mW
07-26-2026,21:29:52,RAM,753/7620MB,(lfb,31x4MB),SWAP,349/3810MB,(cached,2MB),CPU,[0%@1344,9%@1344,0%@1344,0%@1344,0%@1344,0%@1344],GR3D_FREQ,0%,cpu@51.625C,soc2@49.687C,soc0@50.437C,gpu@51.218C,tj@51.625C,soc1@50.687C,VDD_IN,5594mW/5664mW,VDD_CPU_GPU_CV,1307mW/1310mW,VDD_SOC,2376mW/2379mW
07-26-2026,21:29:52,RAM,753/7620MB,(lfb,31x4MB),SWAP,349/3810MB,(cached,2MB),CPU,[0%@1344,9%@1344,0%@1344,0%@1344,0%@1344,0%@1344],GR3D_FREQ,0%,cpu@51.593C,soc2@49.5C,soc0@50.437C,gpu@51.687C,tj@51.687C,soc1@50.5C,VDD_IN,5594mW/5664mW,VDD_CPU_GPU_CV,1307mW/1310mW,VDD_SOC,2376mW/2379mW
07-26-2026,21:29:52,RAM,753/7620MB,(lfb,31x4MB),SWAP,349/3810MB,(cached,2MB),CPU,[0%@1344,0%@1344,0%@1344,0%@1344,0%@1344,0%@1344],GR3D_FREQ,0%,cpu@51.406C,soc2@49.531C,soc0@50.468C,gpu@51.562C,tj@51.562C,soc1@50.5C,VDD_IN,5594mW/5664mW,VDD_CPU_GPU_CV,1307mW/1310mW,VDD_SOC,2376mW/2379mW
07-26-2026,21:29:53,RAM,753/7620MB,(lfb,31x4MB),SWAP,349/3810MB,(cached,2MB),CPU,[0%@1344,0%@1344,0%@1344,0%@1344,0%@1344,0%@1344],GR3D_FREQ,0%,cpu@51.437C,soc2@49.531C,soc0@50.468C,gpu@51.156C,tj@51.437C,soc1@50.562C,VDD_IN,5594mW/5664mW,VDD_CPU_GPU_CV,1307mW/1310mW,VDD_SOC,2376mW/2379mW
07-26-2026,21:29:53,RAM,753/7620MB,(lfb,31x4MB),SWAP,349/3810MB,(cached,2MB),CPU,[0%@1344,0%@1344,8%@1344,0%@1344,0%@1344,0%@1344],GR3D_FREQ,0%,cpu@51.5C,soc2@49.593C,soc0@50.562C,gpu@51.687C,tj@51.687C,soc1@50.687C,VDD_IN,5594mW/5664mW,VDD_CPU_GPU_CV,1307mW/1310mW,VDD_SOC,2376mW/2379mW
07-26-2026,21:29:53,RAM,753/7620MB,(lfb,31x4MB),SWAP,349/3810MB,(cached,2MB),CPU,[0%@1344,0%@1344,0%@1344,0%@1344,0%@1344,0%@1344],GR3D_FREQ,0%,cpu@51.593C,soc2@49.656C,soc0@50.281C,gpu@51.468C,tj@51.5C,soc1@50.812C,VDD_IN,5585mW/5664mW,VDD_CPU_GPU_CV,1305mW/1310mW,VDD_SOC,2376mW/2379mW
07-26-2026,21:29:53,RAM,753/7620MB,(lfb,31x4MB),SWAP,349/3810MB,(cached,2MB),CPU,[0%@1344,0%@1344,0%@1344,0%@1344,0%@1344,0%@1344],GR3D_FREQ,0%,cpu@51.625C,soc2@49.5C,soc0@50.468C,gpu@51.187C,tj@51.375C,soc1@50.5C,VDD_IN,5594mW/5664mW,VDD_CPU_GPU_CV,1305mW/1310mW,VDD_SOC,2376mW/2379mW
07-26-2026,21:29:53,RAM,753/7620MB,(lfb,31x4MB),SWAP,349/3810MB,(cached,2MB),CPU,[0%@1344,0%@1344,0%@1344,0%@1344,0%@1344,0%@1344],GR3D_FREQ,0%,cpu@51.437C,soc2@49.468C,soc0@50.468C,gpu@51.656C,tj@51.656C,soc1@50.437C,VDD_IN,5585mW/5664mW,VDD_CPU_GPU_CV,1305mW/1310mW,VDD_SOC,2376mW/2379mW
07-26-2026,21:29:53,RAM,754/7620MB,(lfb,31x4MB),SWAP,349/3810MB,(cached,2MB),CPU,[0%@1344,0%@1344,9%@1344,0%@1344,0%@1344,0%@1344],GR3D_FREQ,0%,cpu@51.593C,soc2@49.562C,soc0@50.593C,gpu@51.5C,tj@51.593C,soc1@50.5C,VDD_IN,5585mW/5664mW,VDD_CPU_GPU_CV,1305mW/1310mW,VDD_SOC,2376mW/2379mW
07-26-2026,21:29:53,RAM,754/7620MB,(lfb,31x4MB),SWAP,349/3810MB,(cached,2MB),CPU,[0%@1344,0%@1344,0%@1344,0%@1344,0%@1344,0%@1344],GR3D_FREQ,0%,cpu@51.562C,soc2@49.625C,soc0@50.375C,gpu@51.125C,tj@51.562C,soc1@50.593C,VDD_IN,5585mW/5664mW,VDD_CPU_GPU_CV,1305mW/1310mW,VDD_SOC,2376mW/2379mW
07-26-2026,21:29:53,RAM,754/7620MB,(lfb,31x4MB),SWAP,349/3810MB,(cached,2MB),CPU,[0%@1344,8%@1344,0%@1344,0%@1344,0%@1344,0%@1344],GR3D_FREQ,0%,cpu@51.625C,soc2@49.5C,soc0@50.375C,gpu@51.656C,tj@51.656C,soc1@50.437C,VDD_IN,5594mW/5664mW,VDD_CPU_GPU_CV,1307mW/1310mW,VDD_SOC,2376mW/2379mW
07-26-2026,21:29:53,RAM,754/7620MB,(lfb,31x4MB),SWAP,349/3810MB,(cached,2MB),CPU,[0%@1344,0%@1344,0%@1344,0%@1344,0%@1344,0%@1344],GR3D_FREQ,0%,cpu@51.468C,soc2@49.718C,soc0@50.375C,gpu@51.218C,tj@51.468C,soc1@50.5C,VDD_IN,5594mW/5664mW,VDD_CPU_GPU_CV,1307mW/1310mW,VDD_SOC,2376mW/2379mW
07-26-2026,21:29:53,RAM,754/7620MB,(lfb,31x4MB),SWAP,349/3810MB,(cached,2MB),CPU,[0%@1344,0%@1344,0%@1344,0%@1344,0%@1344,0%@1344],GR3D_FREQ,0%,cpu@51.437C,soc2@49.531C,soc0@50.562C,gpu@51.218C,tj@51.437C,soc1@50.562C,VDD_IN,5585mW/5664mW,VDD_CPU_GPU_CV,1305mW/1310mW,VDD_SOC,2376mW/2379mW
07-26-2026,21:29:54,RAM,754/7620MB,(lfb,31x4MB),SWAP,349/3810MB,(cached,2MB),CPU,[0%@1344,0%@1344,0%@1344,0%@1344,0%@1344,0%@1344],GR3D_FREQ,0%,cpu@51.468C,soc2@49.625C,soc0@50.656C,gpu@51.593C,tj@51.593C,soc1@50.531C,VDD_IN,5585mW/5664mW,VDD_CPU_GPU_CV,1305mW/1310mW,VDD_SOC,2376mW/2379mW
07-26-2026,21:29:54,RAM,754/7620MB,(lfb,31x4MB),SWAP,349/3810MB,(cached,2MB),CPU,[0%@1344,0%@1344,0%@1344,0%@1344,0%@1344,0%@1344],GR3D_FREQ,0%,cpu@51.531C,soc2@49.687C,soc0@50.375C,gpu@51.218C,tj@51.531C,soc1@50.656C,VDD_IN,5546mW/5663mW,VDD_CPU_GPU_CV,1305mW/1310mW,VDD_SOC,2376mW/2379mW
07-26-2026,21:29:54,RAM,754/7620MB,(lfb,31x4MB),SWAP,349/3810MB,(cached,2MB),CPU,[0%@1344,0%@1344,0%@1344,0%@1344,0%@1344,0%@1344],GR3D_FREQ,0%,cpu@51.625C,soc2@49.468C,soc0@50.343C,gpu@51.812C,tj@51.812C,soc1@50.437C,VDD_IN,5546mW/5663mW,VDD_CPU_GPU_CV,1305mW/1310mW,VDD_SOC,2376mW/2379mW
07-26-2026,21:29:54,RAM,754/7620MB,(lfb,31x4MB),SWAP,349/3810MB,(cached,2MB),CPU,[0%@1344,0%@1344,0%@1344,0%@1344,0%@1344,0%@1344],GR3D_FREQ,0%,cpu@51.406C,soc2@49.531C,soc0@50.5C,gpu@51.25C,tj@51.406C,soc1@50.5C,VDD_IN,5546mW/5663mW,VDD_CPU_GPU_CV,1305mW/1310mW,VDD_SOC,2376mW/2379mW
07-26-2026,21:29:54,RAM,754/7620MB,(lfb,31x4MB),SWAP,349/3810MB,(cached,2MB),CPU,[0%@1344,0%@1344,0%@1344,0%@1344,0%@1344,0%@1344],GR3D_FREQ,0%,cpu@51.468C,soc2@49.562C,soc0@50.531C,gpu@51.125C,tj@51.468C,soc1@50.531C,VDD_IN,5546mW/5663mW,VDD_CPU_GPU_CV,1305mW/1310mW,VDD_SOC,2376mW/2379mW
07-26-2026,21:29:54,RAM,754/7620MB,(lfb,31x4MB),SWAP,349/3810MB,(cached,2MB),CPU,[0%@1344,0%@1344,0%@1344,0%@1344,9%@1344,0%@1344],GR3D_FREQ,0%,cpu@51.656C,soc2@49.531C,soc0@50.375C,gpu@51.718C,tj@51.718C,soc1@50.687C,VDD_IN,5585mW/5663mW,VDD_CPU_GPU_CV,1305mW/1310mW,VDD_SOC,2376mW/2379mW
07-26-2026,21:29:54,RAM,753/7620MB,(lfb,31x4MB),SWAP,349/3810MB,(cached,2MB),CPU,[0%@1344,0%@1344,0%@1344,0%@1344,0%@1344,0%@1344],GR3D_FREQ,0%,cpu@51.687C,soc2@49.593C,soc0@50.5C,gpu@51.218C,tj@51.687C,soc1@50.781C,VDD_IN,5594mW/5663mW,VDD_CPU_GPU_CV,1307mW/1310mW,VDD_SOC,2376mW/2379mW
07-26-2026,21:29:54,RAM,753/7620MB,(lfb,31x4MB),SWAP,349/3810MB,(cached,2MB),CPU,[0%@1344,0%@1344,0%@1344,0%@1344,0%@1344,0%@1344],GR3D_FREQ,0%,cpu@51.375C,soc2@49.5C,soc0@50.406C,gpu@51.218C,tj@51.375C,soc1@50.406C,VDD_IN,5594mW/5663mW,VDD_CPU_GPU_CV,1307mW/1310mW,VDD_SOC,2376mW/2379mW
07-26-2026,21:29:54,RAM,753/7620MB,(lfb,31x4MB),SWAP,349/3810MB,(cached,2MB),CPU,[0%@1344,0%@1344,0%@1344,0%@1344,0%@1344,0%@1344],GR3D_FREQ,0%,cpu@51.5C,soc2@49.593C,soc0@50.468C,gpu@51.687C,tj@51.687C,soc1@50.625C,VDD_IN,5634mW/5663mW,VDD_CPU_GPU_CV,1305mW/1310mW,VDD_SOC,2376mW/2379mW
07-26-2026,21:29:55,RAM,753/7620MB,(lfb,31x4MB),SWAP,349/3810MB,(cached,2MB),CPU,[0%@1344,0%@1344,0%@1344,0%@1344,0%@1344,0%@1344],GR3D_FREQ,0%,cpu@51.5C,soc2@49.625C,soc0@50.656C,gpu@51.218C,tj@51.5C,soc1@50.593C,VDD_IN,5665mW/5663mW,VDD_CPU_GPU_CV,1305mW/1310mW,VDD_SOC,2376mW/2379mW
07-26-2026,21:29:55,RAM,753/7620MB,(lfb,31x4MB),SWAP,349/3810MB,(cached,2MB),CPU,[0%@1344,0%@1344,0%@1344,0%@1344,0%@1344,0%@1344],GR3D_FREQ,0%,cpu@51.562C,soc2@49.656C,soc0@50.375C,gpu@51.218C,tj@51.562C,soc1@50.718C,VDD_IN,5634mW/5663mW,VDD_CPU_GPU_CV,1307mW/1310mW,VDD_SOC,2376mW/2379mW
07-26-2026,21:29:55,RAM,753/7620MB,(lfb,31x4MB),SWAP,349/3810MB,(cached,2MB),CPU,[0%@1344,0%@1344,0%@1344,0%@1344,0%@1344,0%@1344],GR3D_FREQ,0%,cpu@51.5C,soc2@49.5C,soc0@50.406C,gpu@51.312C,tj@51.5C,soc1@50.406C,VDD_IN,5625mW/5663mW,VDD_CPU_GPU_CV,1307mW/1310mW,VDD_SOC,2376mW/2379mW
07-26-2026,21:29:55,RAM,753/7620MB,(lfb,31x4MB),SWAP,349/3810MB,(cached,2MB),CPU,[0%@1344,9%@1344,0%@1344,0%@1344,0%@1344,0%@1344],GR3D_FREQ,0%,cpu@51.437C,soc2@49.562C,soc0@50.5C,gpu@51.281C,tj@51.437C,soc1@50.531C,VDD_IN,5594mW/5663mW,VDD_CPU_GPU_CV,1305mW/1310mW,VDD_SOC,2376mW/2379mW
07-26-2026,21:29:55,RAM,753/7620MB,(lfb,31x4MB),SWAP,349/3810MB,(cached,2MB),CPU,[0%@1344,0%@1344,0%@1344,0%@1344,0%@1344,0%@1344],GR3D_FREQ,0%,cpu@51.437C,soc2@49.562C,soc0@50.468C,gpu@51.125C,tj@51.437C,soc1@50.656C,VDD_IN,5585mW/5663mW,VDD_CPU_GPU_CV,1305mW/1310mW,VDD_SOC,2376mW/2379mW
07-26-2026,21:29:55,RAM,753/7620MB,(lfb,31x4MB),SWAP,349/3810MB,(cached,2MB),CPU,[0%@1344,0%@1344,0%@1344,0%@1344,0%@1344,0%@1344],GR3D_FREQ,0%,cpu@51.593C,soc2@49.5C,soc0@50.312C,gpu@51.312C,tj@51.593C,soc1@50.593C,VDD_IN,5594mW/5663mW,VDD_CPU_GPU_CV,1305mW/1310mW,VDD_SOC,2376mW/2379mW
07-26-2026,21:29:55,RAM,753/7620MB,(lfb,31x4MB),SWAP,349/3810MB,(cached,2MB),CPU,[0%@1344,0%@1344,9%@1344,8%@1344,0%@1344,0%@1344],GR3D_FREQ,0%,cpu@51.718C,soc2@49.5C,soc0@50.406C,gpu@51.187C,tj@51.718C,soc1@50.843C,VDD_IN,5594mW/5663mW,VDD_CPU_GPU_CV,1307mW/1310mW,VDD_SOC,2376mW/2379mW
07-26-2026,21:29:55,RAM,753/7620MB,(lfb,31x4MB),SWAP,349/3810MB,(cached,2MB),CPU,[0%@1344,0%@1344,0%@1344,0%@1344,0%@1344,0%@1344],GR3D_FREQ,0%,cpu@51.406C,soc2@49.5C,soc0@50.406C,gpu@51.156C,tj@51.406C,soc1@50.437C,VDD_IN,5585mW/5663mW,VDD_CPU_GPU_CV,1305mW/1310mW,VDD_SOC,2376mW/2379mW
07-26-2026,21:29:55,RAM,753/7620MB,(lfb,31x4MB),SWAP,349/3810MB,(cached,2MB),CPU,[0%@1344,9%@1344,0%@1344,0%@1344,0%@1344,0%@1344],GR3D_FREQ,0%,cpu@51.375C,soc2@49.625C,soc0@50.468C,gpu@51.281C,tj@51.375C,soc1@50.531C,VDD_IN,5585mW/5663mW,VDD_CPU_GPU_CV,1305mW/1310mW,VDD_SOC,2376mW/2379mW
07-26-2026,21:29:55,RAM,753/7620MB,(lfb,31x4MB),SWAP,349/3810MB,(cached,2MB),CPU,[0%@1344,0%@1344,0%@1344,0%@1344,0%@1344,0%@1344],GR3D_FREQ,0%,cpu@51.468C,soc2@49.562C,soc0@50.312C,gpu@51.218C,tj@51.468C,soc1@50.5C,VDD_IN,5585mW/5663mW,VDD_CPU_GPU_CV,1305mW/1310mW,VDD_SOC,2376mW/2379mW
07-26-2026,21:29:56,RAM,753/7620MB,(lfb,31x4MB),SWAP,349/3810MB,(cached,2MB),CPU,[0%@1344,0%@1344,0%@1344,0%@1344,0%@1344,0%@1344],GR3D_FREQ,0%,cpu@51.687C,soc2@49.531C,soc0@50.312C,gpu@51.343C,tj@51.687C,soc1@50.656C,VDD_IN,5594mW/5663mW,VDD_CPU_GPU_CV,1305mW/1310mW,VDD_SOC,2376mW/2379mW
07-26-2026,21:29:56,RAM,753/7620MB,(lfb,31x4MB),SWAP,349/3810MB,(cached,2MB),CPU,[0%@1344,0%@1344,0%@1344,0%@1344,0%@1344,0%@1344],GR3D_FREQ,0%,cpu@51.781C,soc2@49.531C,soc0@50.437C,gpu@51.218C,tj@51.781C,soc1@50.437C,VDD_IN,5585mW/5663mW,VDD_CPU_GPU_CV,1305mW/1310mW,VDD_SOC,2376mW/2379mW
07-26-2026,21:29:56,RAM,753/7620MB,(lfb,31x4MB),SWAP,349/3810MB,(cached,2MB),CPU,[9%@1344,0%@1344,0%@1344,0%@1344,0%@1344,0%@1344],GR3D_FREQ,0%,cpu@51.375C,soc2@49.5C,soc0@50.5C,gpu@51.156C,tj@51.375C,soc1@50.468C,VDD_IN,5555mW/5663mW,VDD_CPU_GPU_CV,1307mW/1310mW,VDD_SOC,2376mW/2379mW
07-26-2026,21:29:56,RAM,753/7620MB,(lfb,31x4MB),SWAP,349/3810MB,(cached,2MB),CPU,[0%@1344,0%@1344,0%@1344,0%@1344,0%@1344,0%@1344],GR3D_FREQ,0%,cpu@51.562C,soc2@49.562C,soc0@50.531C,gpu@51.406C,tj@51.562C,soc1@50.625C,VDD_IN,5555mW/5663mW,VDD_CPU_GPU_CV,1307mW/1310mW,VDD_SOC,2376mW/2379mW
07-26-2026,21:29:56,RAM,753/7620MB,(lfb,31x4MB),SWAP,349/3810MB,(cached,2MB),CPU,[0%@1344,9%@1344,0%@1344,0%@1344,0%@1344,0%@1344],GR3D_FREQ,0%,cpu@51.656C,soc2@49.656C,soc0@50.312C,gpu@51.343C,tj@51.656C,soc1@50.625C,VDD_IN,5546mW/5663mW,VDD_CPU_GPU_CV,1307mW/1310mW,VDD_SOC,2376mW/2379mW
07-26-2026,21:29:56,RAM,754/7620MB,(lfb,31x4MB),SWAP,349/3810MB,(cached,2MB),CPU,[0%@1344,0%@1344,0%@1344,9%@1344,0%@1344,0%@1344],GR3D_FREQ,0%,cpu@51.718C,soc2@49.5C,soc0@50.406C,gpu@51.25C,tj@51.718C,soc1@50.843C,VDD_IN,5594mW/5663mW,VDD_CPU_GPU_CV,1305mW/1310mW,VDD_SOC,2376mW/2379mW
07-26-2026,21:29:56,RAM,753/7620MB,(lfb,31x4MB),SWAP,349/3810MB,(cached,2MB),CPU,[0%@1344,0%@1344,0%@1344,0%@1344,0%@1344,0%@1344],GR3D_FREQ,0%,cpu@51.75C,soc2@49.5C,soc0@50.375C,gpu@51.312C,tj@51.468C,soc1@50.375C,VDD_IN,5594mW/5663mW,VDD_CPU_GPU_CV,1307mW/1310mW,VDD_SOC,2376mW/2379mW
07-26-2026,21:29:56,RAM,753/7620MB,(lfb,31x4MB),SWAP,349/3810MB,(cached,2MB),CPU,[0%@1344,0%@1344,0%@1344,0%@1344,0%@1344,0%@1344],GR3D_FREQ,0%,cpu@51.437C,soc2@49.562C,soc0@50.468C,gpu@51.25C,tj@51.437C,soc1@50.562C,VDD_IN,5594mW/5663mW,VDD_CPU_GPU_CV,1307mW/1310mW,VDD_SOC,2376mW/2379mW
07-26-2026,21:29:56,RAM,753/7620MB,(lfb,31x4MB),SWAP,349/3810MB,(cached,2MB),CPU,[0%@1344,0%@1344,0%@1344,0%@1344,0%@1344,0%@1344],GR3D_FREQ,0%,cpu@51.562C,soc2@49.656C,soc0@50.593C,gpu@51.468C,tj@51.562C,soc1@50.531C,VDD_IN,5555mW/5663mW,VDD_CPU_GPU_CV,1307mW/1310mW,VDD_SOC,2376mW/2379mW
07-26-2026,21:29:57,RAM,753/7620MB,(lfb,31x4MB),SWAP,349/3810MB,(cached,2MB),CPU,[0%@1344,0%@1344,0%@1344,0%@1344,0%@1344,0%@1344],GR3D_FREQ,0%,cpu@51.625C,soc2@49.593C,soc0@50.312C,gpu@51.281C,tj@51.625C,soc1@50.687C,VDD_IN,5585mW/5662mW,VDD_CPU_GPU_CV,1305mW/1310mW,VDD_SOC,2376mW/2379mW
07-26-2026,21:29:57,RAM,753/7620MB,(lfb,31x4MB),SWAP,349/3810MB,(cached,2MB),CPU,[0%@1344,0%@1344,0%@1344,0%@1344,0%@1344,0%@1344],GR3D_FREQ,0%,cpu@51.75C,soc2@49.5C,soc0@50.375C,gpu@51.218C,tj@51.75C,soc1@50.468C,VDD_IN,5546mW/5662mW,VDD_CPU_GPU_CV,1305mW/1310mW,VDD_SOC,2376mW/2379mW
07-26-2026,21:29:57,RAM,753/7620MB,(lfb,31x4MB),SWAP,349/3810MB,(cached,2MB),CPU,[0%@1344,0%@1344,0%@1344,0%@1344,0%@1344,0%@1344],GR3D_FREQ,0%,cpu@51.437C,soc2@49.531C,soc0@50.406C,gpu@51.281C,tj@51.437C,soc1@50.531C,VDD_IN,5546mW/5662mW,VDD_CPU_GPU_CV,1305mW/1310mW,VDD_SOC,2376mW/2379mW
07-26-2026,21:29:57,RAM,753/7620MB,(lfb,31x4MB),SWAP,349/3810MB,(cached,2MB),CPU,[0%@1344,0%@1344,0%@1344,0%@1344,0%@1344,0%@1344],GR3D_FREQ,0%,cpu@51.531C,soc2@49.656C,soc0@50.593C,gpu@51.343C,tj@51.531C,soc1@50.593C,VDD_IN,5546mW/5662mW,VDD_CPU_GPU_CV,1305mW/1310mW,VDD_SOC,2376mW/2379mW
07-26-2026,21:29:57,RAM,753/7620MB,(lfb,31x4MB),SWAP,349/3810MB,(cached,2MB),CPU,[0%@1344,0%@1344,0%@1344,0%@1344,0%@1344,0%@1344],GR3D_FREQ,0%,cpu@51.562C,soc2@49.593C,soc0@50.343C,gpu@51.187C,tj@51.562C,soc1@50.593C,VDD_IN,5555mW/5662mW,VDD_CPU_GPU_CV,1305mW/1310mW,VDD_SOC,2376mW/2379mW
07-26-2026,21:29:57,RAM,753/7620MB,(lfb,31x4MB),SWAP,349/3810MB,(cached,2MB),CPU,[9%@1344,0%@1344,0%@1344,0%@1344,0%@1344,0%@1344],GR3D_FREQ,0%,cpu@51.656C,soc2@49.656C,soc0@50.343C,gpu@51.312C,tj@51.656C,soc1@50.718C,VDD_IN,5555mW/5662mW,VDD_CPU_GPU_CV,1305mW/1310mW,VDD_SOC,2376mW/2379mW
07-26-2026,21:29:57,RAM,753/7620MB,(lfb,31x4MB),SWAP,349/3810MB,(cached,2MB),CPU,[0%@1344,0%@1344,0%@1344,0%@1344,0%@1344,0%@1344],GR3D_FREQ,0%,cpu@51.25C,soc2@49.5C,soc0@50.437C,gpu@51.218C,tj@51.25C,soc1@50.5C,VDD_IN,5585mW/5662mW,VDD_CPU_GPU_CV,1305mW/1310mW,VDD_SOC,2376mW/2379mW
07-26-2026,21:29:57,RAM,753/7620MB,(lfb,31x4MB),SWAP,349/3810MB,(cached,2MB),CPU,[0%@1344,0%@1344,0%@1344,0%@1344,0%@1344,0%@1344],GR3D_FREQ,0%,cpu@51.437C,soc2@49.531C,soc0@50.5C,gpu@51.437C,tj@51.437C,soc1@50.531C,VDD_IN,5585mW/5662mW,VDD_CPU_GPU_CV,1305mW/1310mW,VDD_SOC,2376mW/2379mW
07-26-2026,21:29:57,RAM,753/7620MB,(lfb,31x4MB),SWAP,349/3810MB,(cached,2MB),CPU,[8%@1344,0%@1344,0%@1344,0%@1344,0%@1344,0%@1344],GR3D_FREQ,0%,cpu@51.562C,soc2@49.593C,soc0@50.531C,gpu@51.375C,tj@51.562C,soc1@50.625C,VDD_IN,5594mW/5662mW,VDD_CPU_GPU_CV,1305mW/1310mW,VDD_SOC,2376mW/2379mW
07-26-2026,21:29:57,RAM,753/7620MB,(lfb,31x4MB),SWAP,349/3810MB,(cached,2MB),CPU,[0%@1344,0%@1344,0%@1344,0%@1344,0%@1344,0%@1344],GR3D_FREQ,0%,cpu@51.718C,soc2@49.562C,soc0@50.281C,gpu@51.312C,tj@51.718C,soc1@50.656C,VDD_IN,5585mW/5662mW,VDD_CPU_GPU_CV,1305mW/1310mW,VDD_SOC,2376mW/2379mW
07-26-2026,21:29:58,RAM,753/7620MB,(lfb,31x4MB),SWAP,349/3810MB,(cached,2MB),CPU,[0%@1344,0%@1344,0%@1344,0%@1344,0%@1344,0%@1344],GR3D_FREQ,0%,cpu@51.812C,soc2@49.531C,soc0@50.312C,gpu@51.468C,tj@51.812C,soc1@50.437C,VDD_IN,5585mW/5662mW,VDD_CPU_GPU_CV,1305mW/1310mW,VDD_SOC,2376mW/2379mW
07-26-2026,21:29:58,RAM,753/7620MB,(lfb,31x4MB),SWAP,349/3810MB,(cached,2MB),CPU,[0%@1344,0%@1344,0%@1344,0%@1344,0%@1344,0%@1344],GR3D_FREQ,0%,cpu@51.375C,soc2@49.5C,soc0@50.437C,gpu@51.375C,tj@51.468C,soc1@50.5C,VDD_IN,5546mW/5662mW,VDD_CPU_GPU_CV,1305mW/1310mW,VDD_SOC,2376mW/2379mW
07-26-2026,21:29:58,RAM,753/7620MB,(lfb,31x4MB),SWAP,349/3810MB,(cached,2MB),CPU,[0%@1344,0%@1344,0%@1344,0%@1344,0%@1344,0%@1344],GR3D_FREQ,0%,cpu@51.5C,soc2@49.593C,soc0@50.562C,gpu@51.468C,tj@51.5C,soc1@50.593C,VDD_IN,5546mW/5662mW,VDD_CPU_GPU_CV,1305mW/1310mW,VDD_SOC,2376mW/2379mW
07-26-2026,21:29:58,RAM,753/7620MB,(lfb,31x4MB),SWAP,349/3810MB,(cached,2MB),CPU,[0%@1344,0%@1344,0%@1344,0%@1344,0%@1344,0%@1344],GR3D_FREQ,0%,cpu@51.656C,soc2@49.625C,soc0@50.656C,gpu@51.343C,tj@51.656C,soc1@50.656C,VDD_IN,5546mW/5662mW,VDD_CPU_GPU_CV,1305mW/1310mW,VDD_SOC,2376mW/2379mW
07-26-2026,21:29:58,RAM,753/7620MB,(lfb,31x4MB),SWAP,349/3810MB,(cached,2MB),CPU,[0%@1344,0%@1344,0%@1344,0%@1344,0%@1344,0%@1344],GR3D_FREQ,0%,cpu@51.781C,soc2@49.718C,soc0@50.312C,gpu@51.25C,tj@51.781C,soc1@50.625C,VDD_IN,5546mW/5662mW,VDD_CPU_GPU_CV,1305mW/1310mW,VDD_SOC,2376mW/2379mW
07-26-2026,21:29:58,RAM,753/7620MB,(lfb,31x4MB),SWAP,349/3810MB,(cached,2MB),CPU,[0%@1344,0%@1344,0%@1344,0%@1344,9%@1344,0%@1344],GR3D_FREQ,0%,cpu@51.437C,soc2@49.531C,soc0@50.468C,gpu@51.562C,tj@51.562C,soc1@50.531C,VDD_IN,5585mW/5662mW,VDD_CPU_GPU_CV,1305mW/1310mW,VDD_SOC,2376mW/2379mW
07-26-2026,21:29:58,RAM,753/7620MB,(lfb,31x4MB),SWAP,349/3810MB,(cached,2MB),CPU,[0%@1344,0%@1344,0%@1344,0%@1344,0%@1344,0%@1344],GR3D_FREQ,0%,cpu@51.312C,soc2@49.625C,soc0@50.5C,gpu@51.437C,tj@51.5C,soc1@50.531C,VDD_IN,5585mW/5662mW,VDD_CPU_GPU_CV,1305mW/1310mW,VDD_SOC,2376mW/2379mW
07-26-2026,21:29:58,RAM,753/7620MB,(lfb,31x4MB),SWAP,349/3810MB,(cached,2MB),CPU,[0%@1344,8%@1344,0%@1344,0%@1344,0%@1344,0%@1344],GR3D_FREQ,0%,cpu@51.625C,soc2@49.625C,soc0@50.625C,gpu@51.218C,tj@51.625C,soc1@50.5C,VDD_IN,5585mW/5662mW,VDD_CPU_GPU_CV,1305mW/1310mW,VDD_SOC,2376mW/2379mW
07-26-2026,21:29:58,RAM,753/7620MB,(lfb,31x4MB),SWAP,349/3810MB,(cached,2MB),CPU,[0%@1344,0%@1344,0%@1344,0%@1344,0%@1344,0%@1344],GR3D_FREQ,0%,cpu@51.687C,soc2@49.593C,soc0@50.468C,gpu@51.531C,tj@51.687C,soc1@50.656C,VDD_IN,5546mW/5662mW,VDD_CPU_GPU_CV,1305mW/1310mW,VDD_SOC,2376mW/2379mW
07-26-2026,21:29:59,RAM,753/7620MB,(lfb,31x4MB),SWAP,349/3810MB,(cached,2MB),CPU,[0%@1344,0%@1344,0%@1344,0%@1344,0%@1344,0%@1344],GR3D_FREQ,0%,cpu@51.812C,soc2@49.5C,soc0@50.25C,gpu@51.375C,tj@51.812C,soc1@50.437C,VDD_IN,5594mW/5662mW,VDD_CPU_GPU_CV,1305mW/1310mW,VDD_SOC,2376mW/2379mW
07-26-2026,21:29:59,RAM,753/7620MB,(lfb,31x4MB),SWAP,349/3810MB,(cached,2MB),CPU,[0%@1344,0%@1344,0%@1344,0%@1344,0%@1344,0%@1344],GR3D_FREQ,0%,cpu@51.375C,soc2@49.5C,soc0@50.5C,gpu@51.718C,tj@51.718C,soc1@50.468C,VDD_IN,5555mW/5662mW,VDD_CPU_GPU_CV,1305mW/1310mW,VDD_SOC,2376mW/2379mW
07-26-2026,21:29:59,RAM,753/7620MB,(lfb,31x4MB),SWAP,349/3810MB,(cached,2MB),CPU,[0%@1344,0%@1344,0%@1344,0%@1344,0%@1344,0%@1344],GR3D_FREQ,0%,cpu@51.593C,soc2@49.562C,soc0@50.468C,gpu@51.406C,tj@51.593C,soc1@50.5C,VDD_IN,5555mW/5662mW,VDD_CPU_GPU_CV,1305mW/1310mW,VDD_SOC,2376mW/2379mW
07-26-2026,21:29:59,RAM,753/7620MB,(lfb,31x4MB),SWAP,349/3810MB,(cached,2MB),CPU,[0%@1344,0%@1344,0%@1344,0%@1344,0%@1344,0%@1344],GR3D_FREQ,0%,cpu@51.687C,soc2@49.625C,soc0@50.687C,gpu@51.375C,tj@51.687C,soc1@50.625C,VDD_IN,5555mW/5661mW,VDD_CPU_GPU_CV,1305mW/1310mW,VDD_SOC,2376mW/2379mW
07-26-2026,21:29:59,RAM,753/7620MB,(lfb,31x4MB),SWAP,349/3810MB,(cached,2MB),CPU,[0%@1344,0%@1344,0%@1344,0%@1344,0%@1344,0%@1344],GR3D_FREQ,0%,cpu@51.781C,soc2@49.625C,soc0@50.406C,gpu@51.593C,tj@51.781C,soc1@50.687C,VDD_IN,5555mW/5661mW,VDD_CPU_GPU_CV,1305mW/1310mW,VDD_SOC,2376mW/2379mW
07-26-2026,21:29:59,RAM,753/7620MB,(lfb,31x4MB),SWAP,349/3810MB,(cached,2MB),CPU,[0%@1344,0%@1344,0%@1344,0%@1344,0%@1344,0%@1344],GR3D_FREQ,0%,cpu@51.312C,soc2@49.5C,soc0@50.375C,gpu@51.5C,tj@51.5C,soc1@50.5C,VDD_IN,5546mW/5661mW,VDD_CPU_GPU_CV,1305mW/1310mW,VDD_SOC,2376mW/2379mW
07-26-2026,21:29:59,RAM,752/7620MB,(lfb,31x4MB),SWAP,349/3810MB,(cached,2MB),CPU,[0%@1344,0%@1344,9%@1344,0%@1344,0%@1344,0%@1344],GR3D_FREQ,0%,cpu@51.406C,soc2@49.531C,soc0@50.468C,gpu@51.281C,tj@51.406C,soc1@50.562C,VDD_IN,5594mW/5661mW,VDD_CPU_GPU_CV,1305mW/1310mW,VDD_SOC,2376mW/2379mW
07-26-2026,21:29:59,RAM,752/7620MB,(lfb,31x4MB),SWAP,349/3810MB,(cached,2MB),CPU,[0%@1344,8%@1344,0%@1344,0%@1344,0%@1344,0%@1344],GR3D_FREQ,0%,cpu@51.656C,soc2@49.531C,soc0@50.593C,gpu@51.625C,tj@51.656C,soc1@50.531C,VDD_IN,5594mW/5661mW,VDD_CPU_GPU_CV,1307mW/1310mW,VDD_SOC,2376mW/2379mW
07-26-2026,21:29:59,RAM,752/7620MB,(lfb,31x4MB),SWAP,349/3810MB,(cached,2MB),CPU,[0%@1344,0%@1344,0%@1344,0%@1344,0%@1344,0%@1344],GR3D_FREQ,0%,cpu@51.75C,soc2@49.593C,soc0@50.281C,gpu@51.406C,tj@51.75C,soc1@50.625C,VDD_IN,5585mW/5661mW,VDD_CPU_GPU_CV,1305mW/1310mW,VDD_SOC,2376mW/2379mW
07-26-2026,21:29:59,RAM,752/7620MB,(lfb,31x4MB),SWAP,349/3810MB,(cached,2MB),CPU,[0%@1344,0%@1344,0%@1344,0%@1344,0%@1344,0%@1344],GR3D_FREQ,0%,cpu@51.468C,soc2@49.5C,soc0@50.375C,gpu@51.875C,tj@51.875C,soc1@50.843C,VDD_IN,5546mW/5661mW,VDD_CPU_GPU_CV,1305mW/1310mW,VDD_SOC,2376mW/2379mW
07-26-2026,21:30:00,RAM,752/7620MB,(lfb,31x4MB),SWAP,349/3810MB,(cached,2MB),CPU,[0%@1344,9%@1344,0%@1344,0%@1344,0%@1344,0%@1344],GR3D_FREQ,0%,cpu@51.312C,soc2@49.531C,soc0@50.468C,gpu@51.656C,tj@51.656C,soc1@50.437C,VDD_IN,5634mW/5661mW,VDD_CPU_GPU_CV,1307mW/1310mW,VDD_SOC,2376mW/2379mW
07-26-2026,21:30:00,RAM,752/7620MB,(lfb,31x4MB),SWAP,349/3810MB,(cached,2MB),CPU,[0%@1344,0%@1344,0%@1344,0%@1344,0%@1344,0%@1344],GR3D_FREQ,0%,cpu@51.312C,soc2@49.593C,soc0@50.5C,gpu@51.406C,tj@51.562C,soc1@50.625C,VDD_IN,5625mW/5661mW,VDD_CPU_GPU_CV,1305mW/1310mW,VDD_SOC,2376mW/2379mW
07-26-2026,21:30:00,RAM,752/7620MB,(lfb,31x4MB),SWAP,349/3810MB,(cached,2MB),CPU,[0%@1344,0%@1344,0%@1344,0%@1344,0%@1344,0%@1344],GR3D_FREQ,0%,cpu@51.625C,soc2@49.593C,soc0@50.343C,gpu@51.75C,tj@51.75C,soc1@50.625C,VDD_IN,5625mW/5661mW,VDD_CPU_GPU_CV,1305mW/1310mW,VDD_SOC,2376mW/2379mW
07-26-2026,21:30:00,RAM,752/7620MB,(lfb,31x4MB),SWAP,349/3810MB,(cached,2MB),CPU,[0%@1344,0%@1344,0%@1344,0%@1344,0%@1344,0%@1344],GR3D_FREQ,0%,cpu@51.781C,soc2@49.718C,soc0@50.375C,gpu@51.562C,tj@51.781C,soc1@50.781C,VDD_IN,5585mW/5661mW,VDD_CPU_GPU_CV,1305mW/1310mW,VDD_SOC,2376mW/2379mW
07-26-2026,21:30:00,RAM,752/7620MB,(lfb,31x4MB),SWAP,349/3810MB,(cached,2MB),CPU,[0%@1344,0%@1344,0%@1344,8%@1344,0%@1344,0%@1344],GR3D_FREQ,0%,cpu@51.593C,soc2@49.593C,soc0@50.437C,gpu@51.468C,tj@51.468C,soc1@50.468C,VDD_IN,5585mW/5661mW,VDD_CPU_GPU_CV,1305mW/1310mW,VDD_SOC,2376mW/2379mW
07-26-2026,21:30:00,RAM,752/7620MB,(lfb,31x4MB),SWAP,349/3810MB,(cached,2MB),CPU,[0%@1344,0%@1344,0%@1344,0%@1344,0%@1344,0%@1344],GR3D_FREQ,0%,cpu@51.281C,soc2@49.5C,soc0@50.468C,gpu@51.718C,tj@51.718C,soc1@50.437C,VDD_IN,5585mW/5661mW,VDD_CPU_GPU_CV,1305mW/1310mW,VDD_SOC,2376mW/2379mW
07-26-2026,21:30:00,RAM,752/7620MB,(lfb,31x4MB),SWAP,349/3810MB,(cached,2MB),CPU,[8%@1344,0%@1344,8%@1344,8%@1344,0%@1344,0%@1344],GR3D_FREQ,0%,cpu@51.625C,soc2@49.593C,soc0@50.593C,gpu@51.531C,tj@51.625C,soc1@50.531C,VDD_IN,5585mW/5661mW,VDD_CPU_GPU_CV,1305mW/1310mW,VDD_SOC,2376mW/2379mW
07-26-2026,21:30:00,RAM,752/7620MB,(lfb,31x4MB),SWAP,349/3810MB,(cached,2MB),CPU,[0%@1344,0%@1344,0%@1344,0%@1344,0%@1344,0%@1344],GR3D_FREQ,0%,cpu@51.718C,soc2@49.593C,soc0@50.468C,gpu@51.187C,tj@51.718C,soc1@50.562C,VDD_IN,5585mW/5661mW,VDD_CPU_GPU_CV,1305mW/1310mW,VDD_SOC,2376mW/2379mW
07-26-2026,21:30:00,RAM,752/7620MB,(lfb,31x4MB),SWAP,349/3810MB,(cached,2MB),CPU,[0%@1344,0%@1344,0%@1344,0%@1344,0%@1344,0%@1344],GR3D_FREQ,0%,cpu@51.406C,soc2@49.562C,soc0@50.406C,gpu@51.718C,tj@51.718C,soc1@50.75C,VDD_IN,5594mW/5661mW,VDD_CPU_GPU_CV,1305mW/1310mW,VDD_SOC,2376mW/2379mW
07-26-2026,21:30:01,RAM,752/7620MB,(lfb,31x4MB),SWAP,349/3810MB,(cached,2MB),CPU,[0%@1344,0%@1344,0%@1344,0%@1344,0%@1344,0%@1344],GR3D_FREQ,0%,cpu@51.312C,soc2@49.5C,soc0@50.406C,gpu@51.5C,tj@51.5C,soc1@50.531C,VDD_IN,5594mW/5661mW,VDD_CPU_GPU_CV,1305mW/1310mW,VDD_SOC,2376mW/2379mW
07-26-2026,21:30:01,RAM,752/7620MB,(lfb,31x4MB),SWAP,349/3810MB,(cached,2MB),CPU,[0%@1344,0%@1344,0%@1344,0%@1344,0%@1344,0%@1344],GR3D_FREQ,0%,cpu@51.343C,soc2@49.593C,soc0@50.562C,gpu@51.125C,tj@51.343C,soc1@50.5C,VDD_IN,5594mW/5661mW,VDD_CPU_GPU_CV,1305mW/1310mW,VDD_SOC,2376mW/2379mW
07-26-2026,21:30:01,RAM,752/7620MB,(lfb,31x4MB),SWAP,349/3810MB,(cached,2MB),CPU,[0%@1344,0%@1344,0%@1344,0%@1344,0%@1344,0%@1344],GR3D_FREQ,0%,cpu@51.593C,soc2@49.625C,soc0@50.343C,gpu@51.625C,tj@51.625C,soc1@50.687C,VDD_IN,5594mW/5661mW,VDD_CPU_GPU_CV,1305mW/1310mW,VDD_SOC,2376mW/2379mW
07-26-2026,21:30:01,RAM,752/7620MB,(lfb,31x4MB),SWAP,349/3810MB,(cached,2MB),CPU,[0%@1344,0%@1344,0%@1344,0%@1344,0%@1344,0%@1344],GR3D_FREQ,0%,cpu@51.781C,soc2@49.687C,soc0@50.281C,gpu@51.5C,tj@51.781C,soc1@50.687C,VDD_IN,5555mW/5661mW,VDD_CPU_GPU_CV,1307mW/1310mW,VDD_SOC,2376mW/2379mW
07-26-2026,21:30:01,RAM,752/7620MB,(lfb,31x4MB),SWAP,349/3810MB,(cached,2MB),CPU,[8%@1344,0%@1344,0%@1344,0%@1344,0%@1344,0%@1344],GR3D_FREQ,0%,cpu@51.531C,soc2@49.562C,soc0@50.468C,gpu@51.218C,tj@51.531C,soc1@50.5C,VDD_IN,5555mW/5661mW,VDD_CPU_GPU_CV,1307mW/1310mW,VDD_SOC,2376mW/2379mW
07-26-2026,21:30:01,RAM,752/7620MB,(lfb,31x4MB),SWAP,349/3810MB,(cached,2MB),CPU,[0%@1344,0%@1344,0%@1344,0%@1344,0%@1344,0%@1344],GR3D_FREQ,0%,cpu@51.312C,soc2@49.531C,soc0@50.531C,gpu@51.593C,tj@51.593C,soc1@50.625C,VDD_IN,5546mW/5661mW,VDD_CPU_GPU_CV,1305mW/1310mW,VDD_SOC,2376mW/2379mW
07-26-2026,21:30:01,RAM,752/7620MB,(lfb,31x4MB),SWAP,349/3810MB,(cached,2MB),CPU,[0%@1344,0%@1344,0%@1344,0%@1344,0%@1344,0%@1344],GR3D_FREQ,0%,cpu@51.593C,soc2@49.593C,soc0@50.625C,gpu@51.218C,tj@51.593C,soc1@50.593C,VDD_IN,5594mW/5661mW,VDD_CPU_GPU_CV,1305mW/1310mW,VDD_SOC,2376mW/2379mW
07-26-2026,21:30:01,RAM,752/7620MB,(lfb,31x4MB),SWAP,349/3810MB,(cached,2MB),CPU,[0%@1344,0%@1344,0%@1344,0%@1344,0%@1344,0%@1344],GR3D_FREQ,0%,cpu@51.875C,soc2@49.656C,soc0@50.312C,gpu@51.843C,tj@51.875C,soc1@50.625C,VDD_IN,5585mW/5661mW,VDD_CPU_GPU_CV,1305mW/1310mW,VDD_SOC,2376mW/2379mW
07-26-2026,21:30:01,RAM,752/7620MB,(lfb,31x4MB),SWAP,349/3810MB,(cached,2MB),CPU,[0%@1344,0%@1344,0%@1344,0%@1344,0%@1344,0%@1344],GR3D_FREQ,0%,cpu@51.437C,soc2@49.562C,soc0@50.5C,gpu@51.593C,tj@51.593C,soc1@50.75C,VDD_IN,5594mW/5661mW,VDD_CPU_GPU_CV,1305mW/1310mW,VDD_SOC,2376mW/2379mW
07-26-2026,21:30:01,RAM,752/7620MB,(lfb,31x4MB),SWAP,349/3810MB,(cached,2MB),CPU,[0%@1344,0%@1344,0%@1344,0%@1344,0%@1344,9%@1344],GR3D_FREQ,0%,cpu@51.375C,soc2@49.531C,soc0@50.406C,gpu@51.218C,tj@51.375C,soc1@50.468C,VDD_IN,5594mW/5661mW,VDD_CPU_GPU_CV,1305mW/1310mW,VDD_SOC,2376mW/2379mW
07-26-2026,21:30:02,RAM,752/7620MB,(lfb,31x4MB),SWAP,349/3810MB,(cached,2MB),CPU,[0%@1344,0%@1344,0%@1344,0%@1344,0%@1344,0%@1344],GR3D_FREQ,0%,cpu@51.375C,soc2@49.625C,soc0@50.531C,gpu@51.687C,tj@51.687C,soc1@50.5C,VDD_IN,5585mW/5661mW,VDD_CPU_GPU_CV,1305mW/1310mW,VDD_SOC,2376mW/2379mW
07-26-2026,21:30:02,RAM,752/7620MB,(lfb,31x4MB),SWAP,349/3810MB,(cached,2MB),CPU,[0%@1344,0%@1344,0%@1344,0%@1344,0%@1344,0%@1344],GR3D_FREQ,0%,cpu@51.718C,soc2@49.656C,soc0@50.531C,gpu@51.562C,tj@51.718C,soc1@50.562C,VDD_IN,5594mW/5660mW,VDD_CPU_GPU_CV,1305mW/1310mW,VDD_SOC,2376mW/2379mW
07-26-2026,21:30:02,RAM,752/7620MB,(lfb,31x4MB),SWAP,349/3810MB,(cached,2MB),CPU,[0%@1344,0%@1344,0%@1344,0%@1344,0%@1344,0%@1344],GR3D_FREQ,0%,cpu@51.437C,soc2@49.687C,soc0@50.343C,gpu@51.218C,tj@51.437C,soc1@50.812C,VDD_IN,5594mW/5660mW,VDD_CPU_GPU_CV,1307mW/1310mW,VDD_SOC,2376mW/2379mW
07-26-2026,21:30:02,RAM,752/7620MB,(lfb,31x4MB),SWAP,349/3810MB,(cached,2MB),CPU,[0%@1344,0%@1344,0%@1344,0%@1344,0%@1344,0%@1344],GR3D_FREQ,0%,cpu@51.5C,soc2@49.562C,soc0@50.406C,gpu@51.687C,tj@51.687C,soc1@50.406C,VDD_IN,5594mW/5660mW,VDD_CPU_GPU_CV,1307mW/1310mW,VDD_SOC,2376mW/2379mW
07-26-2026,21:30:02,RAM,752/7620MB,(lfb,31x4MB),SWAP,349/3810MB,(cached,2MB),CPU,[0%@1344,0%@1344,0%@1344,0%@1344,0%@1344,0%@1344],GR3D_FREQ,0%,cpu@51.437C,soc2@49.5C,soc0@50.5C,gpu@51.218C,tj@51.437C,soc1@50.531C,VDD_IN,5555mW/5660mW,VDD_CPU_GPU_CV,1307mW/1310mW,VDD_SOC,2376mW/2379mW
07-26-2026,21:30:02,RAM,752/7620MB,(lfb,31x4MB),SWAP,349/3810MB,(cached,2MB),CPU,[9%@1344,0%@1344,0%@1344,0%@1344,0%@1344,0%@1344],GR3D_FREQ,0%,cpu@51.406C,soc2@49.562C,soc0@50.468C,gpu@51.125C,tj@51.406C,soc1@50.562C,VDD_IN,5555mW/5660mW,VDD_CPU_GPU_CV,1307mW/1310mW,VDD_SOC,2376mW/2379mW
07-26-2026,21:30:02,RAM,752/7620MB,(lfb,31x4MB),SWAP,349/3810MB,(cached,2MB),CPU,[0%@1344,0%@1344,0%@1344,9%@1344,0%@1344,0%@1344],GR3D_FREQ,0%,cpu@51.687C,soc2@49.5C,soc0@50.375C,gpu@51.687C,tj@51.687C,soc1@50.687C,VDD_IN,5585mW/5660mW,VDD_CPU_GPU_CV,1305mW/1310mW,VDD_SOC,2376mW/2379mW
07-26-2026,21:30:02,RAM,752/7620MB,(lfb,31x4MB),SWAP,349/3810MB,(cached,2MB),CPU,[0%@1344,0%@1344,0%@1344,0%@1344,0%@1344,0%@1344],GR3D_FREQ,0%,cpu@51.5C,soc2@49.656C,soc0@50.375C,gpu@51.281C,tj@51.5C,soc1@50.843C,VDD_IN,5594mW/5660mW,VDD_CPU_GPU_CV,1307mW/1310mW,VDD_SOC,2376mW/2379mW
07-26-2026,21:30:02,RAM,752/7620MB,(lfb,31x4MB),SWAP,349/3810MB,(cached,2MB),CPU,[0%@1344,0%@1344,0%@1344,0%@1344,0%@1344,0%@1344],GR3D_FREQ,0%,cpu@51.406C,soc2@49.562C,soc0@50.437C,gpu@51.093C,tj@51.406C,soc1@50.562C,VDD_IN,5594mW/5660mW,VDD_CPU_GPU_CV,1307mW/1310mW,VDD_SOC,2376mW/2379mW
07-26-2026,21:30:02,RAM,752/7620MB,(lfb,31x4MB),SWAP,349/3810MB,(cached,2MB),CPU,[0%@1344,8%@1344,0%@1344,0%@1344,0%@1344,0%@1344],GR3D_FREQ,0%,cpu@51.437C,soc2@49.5C,soc0@50.625C,gpu@51.687C,tj@51.687C,soc1@50.593C,VDD_IN,5555mW/5660mW,VDD_CPU_GPU_CV,1307mW/1310mW,VDD_SOC,2376mW/2379mW
07-26-2026,21:30:03,RAM,752/7620MB,(lfb,31x4MB),SWAP,349/3810MB,(cached,2MB),CPU,[0%@1344,0%@1344,0%@1344,0%@1344,0%@1344,0%@1344],GR3D_FREQ,0%,cpu@51.75C,soc2@49.593C,soc0@50.562C,gpu@51.218C,tj@51.75C,soc1@50.593C,VDD_IN,5594mW/5660mW,VDD_CPU_GPU_CV,1307mW/1310mW,VDD_SOC,2376mW/2379mW
07-26-2026,21:30:03,RAM,752/7620MB,(lfb,31x4MB),SWAP,349/3810MB,(cached,2MB),CPU,[0%@1344,9%@1344,0%@1344,0%@1344,0%@1344,0%@1344],GR3D_FREQ,0%,cpu@51.375C,soc2@49.656C,soc0@50.406C,gpu@51.156C,tj@51.375C,soc1@50.687C,VDD_IN,5555mW/5660mW,VDD_CPU_GPU_CV,1307mW/1310mW,VDD_SOC,2376mW/2379mW
07-26-2026,21:30:03,RAM,752/7620MB,(lfb,31x4MB),SWAP,349/3810MB,(cached,2MB),CPU,[0%@1344,0%@1344,0%@1344,0%@1344,0%@1344,0%@1344],GR3D_FREQ,0%,cpu@51.593C,soc2@49.531C,soc0@50.406C,gpu@51.343C,tj@51.593C,soc1@50.406C,VDD_IN,5555mW/5660mW,VDD_CPU_GPU_CV,1307mW/1310mW,VDD_SOC,2376mW/2379mW
07-26-2026,21:30:03,RAM,752/7620MB,(lfb,31x4MB),SWAP,349/3810MB,(cached,2MB),CPU,[0%@1344,0%@1344,0%@1344,0%@1344,0%@1344,0%@1344],GR3D_FREQ,0%,cpu@51.312C,soc2@49.562C,soc0@50.468C,gpu@51.25C,tj@51.312C,soc1@50.468C,VDD_IN,5555mW/5660mW,VDD_CPU_GPU_CV,1307mW/1310mW,VDD_SOC,2376mW/2379mW
07-26-2026,21:30:03,RAM,752/7620MB,(lfb,31x4MB),SWAP,349/3810MB,(cached,2MB),CPU,[0%@1344,0%@1344,0%@1344,0%@1344,0%@1344,0%@1344],GR3D_FREQ,0%,cpu@51.375C,soc2@49.531C,soc0@50.562C,gpu@51.718C,tj@51.718C,soc1@50.562C,VDD_IN,5555mW/5660mW,VDD_CPU_GPU_CV,1307mW/1310mW,VDD_SOC,2376mW/2379mW
07-26-2026,21:30:03,RAM,752/7620MB,(lfb,31x4MB),SWAP,349/3810MB,(cached,2MB),CPU,[0%@1344,0%@1344,0%@1344,0%@1344,0%@1344,0%@1344],GR3D_FREQ,0%,cpu@51.812C,soc2@49.593C,soc0@50.656C,gpu@51.25C,tj@51.812C,soc1@50.687C,VDD_IN,5555mW/5660mW,VDD_CPU_GPU_CV,1307mW/1310mW,VDD_SOC,2376mW/2379mW
07-26-2026,21:30:03,RAM,752/7620MB,(lfb,31x4MB),SWAP,349/3810MB,(cached,2MB),CPU,[0%@1344,0%@1344,9%@1344,0%@1344,0%@1344,0%@1344],GR3D_FREQ,0%,cpu@51.531C,soc2@49.625C,soc0@50.406C,gpu@51.218C,tj@51.531C,soc1@50.406C,VDD_IN,5594mW/5660mW,VDD_CPU_GPU_CV,1307mW/1310mW,VDD_SOC,2376mW/2379mW
07-26-2026,21:30:03,RAM,752/7620MB,(lfb,31x4MB),SWAP,349/3810MB,(cached,2MB),CPU,[0%@1344,0%@1344,0%@1344,0%@1344,0%@1344,0%@1344],GR3D_FREQ,0%,cpu@51.312C,soc2@49.531C,soc0@50.468C,gpu@51.75C,tj@51.75C,soc1@50.406C,VDD_IN,5594mW/5660mW,VDD_CPU_GPU_CV,1307mW/1310mW,VDD_SOC,2376mW/2379mW
07-26-2026,21:30:03,RAM,752/7620MB,(lfb,31x4MB),SWAP,349/3810MB,(cached,2MB),CPU,[0%@1344,0%@1344,0%@1344,0%@1344,0%@1344,0%@1344],GR3D_FREQ,0%,cpu@51.343C,soc2@49.5C,soc0@50.406C,gpu@51.312C,tj@51.343C,soc1@50.468C,VDD_IN,5594mW/5660mW,VDD_CPU_GPU_CV,1307mW/1310mW,VDD_SOC,2376mW/2379mW
07-26-2026,21:30:04,RAM,752/7620MB,(lfb,31x4MB),SWAP,349/3810MB,(cached,2MB),CPU,[0%@1344,0%@1344,0%@1344,0%@1344,0%@1344,0%@1344],GR3D_FREQ,0%,cpu@51.375C,soc2@49.562C,soc0@50.625C,gpu@51.187C,tj@51.781C,soc1@50.593C,VDD_IN,5594mW/5660mW,VDD_CPU_GPU_CV,1307mW/1310mW,VDD_SOC,2376mW/2379mW
07-26-2026,21:30:04,RAM,752/7620MB,(lfb,31x4MB),SWAP,349/3810MB,(cached,2MB),CPU,[0%@1344,0%@1344,0%@1344,0%@1344,0%@1344,0%@1344],GR3D_FREQ,0%,cpu@51.468C,soc2@49.593C,soc0@50.375C,gpu@51.281C,tj@51.468C,soc1@50.687C,VDD_IN,5594mW/5660mW,VDD_CPU_GPU_CV,1307mW/1310mW,VDD_SOC,2376mW/2379mW
07-26-2026,21:30:04,RAM,752/7620MB,(lfb,31x4MB),SWAP,349/3810MB,(cached,2MB),CPU,[0%@1344,0%@1344,0%@1344,0%@1344,0%@1344,0%@1344],GR3D_FREQ,0%,cpu@51.593C,soc2@49.531C,soc0@50.406C,gpu@51.218C,tj@51.593C,soc1@50.531C,VDD_IN,5594mW/5660mW,VDD_CPU_GPU_CV,1307mW/1310mW,VDD_SOC,2376mW/2379mW
07-26-2026,21:30:04,RAM,752/7620MB,(lfb,31x4MB),SWAP,349/3810MB,(cached,2MB),CPU,[0%@1344,0%@1344,0%@1344,0%@1344,0%@1344,0%@1344],GR3D_FREQ,0%,cpu@51.312C,soc2@49.5C,soc0@50.468C,gpu@51.187C,tj@51.312C,soc1@50.406C,VDD_IN,5594mW/5660mW,VDD_CPU_GPU_CV,1307mW/1310mW,VDD_SOC,2376mW/2379mW
07-26-2026,21:30:04,RAM,752/7620MB,(lfb,31x4MB),SWAP,349/3810MB,(cached,2MB),CPU,[0%@1344,0%@1344,0%@1344,0%@1344,0%@1344,0%@1344],GR3D_FREQ,0%,cpu@51.375C,soc2@49.5C,soc0@50.531C,gpu@51.343C,tj@51.375C,soc1@50.437C,VDD_IN,5594mW/5660mW,VDD_CPU_GPU_CV,1307mW/1310mW,VDD_SOC,2376mW/2379mW
07-26-2026,21:30:04,RAM,752/7620MB,(lfb,31x4MB),SWAP,349/3810MB,(cached,2MB),CPU,[0%@1344,0%@1344,0%@1344,0%@1344,0%@1344,0%@1344],GR3D_FREQ,0%,cpu@51.437C,soc2@49.531C,soc0@50.375C,gpu@51.187C,tj@51.937C,soc1@50.687C,VDD_IN,5594mW/5660mW,VDD_CPU_GPU_CV,1307mW/1310mW,VDD_SOC,2376mW/2379mW
07-26-2026,21:30:04,RAM,752/7620MB,(lfb,31x4MB),SWAP,349/3810MB,(cached,2MB),CPU,[0%@1344,0%@1344,0%@1344,9%@1344,0%@1344,0%@1344],GR3D_FREQ,0%,cpu@51.531C,soc2@49.5C,soc0@50.375C,gpu@51.218C,tj@51.531C,soc1@50.718C,VDD_IN,5594mW/5660mW,VDD_CPU_GPU_CV,1307mW/1310mW,VDD_SOC,2376mW/2379mW
07-26-2026,21:30:04,RAM,752/7620MB,(lfb,31x4MB),SWAP,349/3810MB,(cached,2MB),CPU,[0%@1344,9%@1344,0%@1344,0%@1344,0%@1344,0%@1344],GR3D_FREQ,0%,cpu@51.5C,soc2@49.5C,soc0@50.406C,gpu@51.281C,tj@51.375C,soc1@50.5C,VDD_IN,5594mW/5660mW,VDD_CPU_GPU_CV,1307mW/1310mW,VDD_SOC,2376mW/2379mW
07-26-2026,21:30:04,RAM,752/7620MB,(lfb,31x4MB),SWAP,349/3810MB,(cached,2MB),CPU,[0%@1344,0%@1344,0%@1344,0%@1344,0%@1344,0%@1344],GR3D_FREQ,0%,cpu@51.437C,soc2@49.5C,soc0@50.468C,gpu@51.187C,tj@51.437C,soc1@50.593C,VDD_IN,5594mW/5660mW,VDD_CPU_GPU_CV,1307mW/1310mW,VDD_SOC,2376mW/2379mW
07-26-2026,21:30:04,RAM,752/7620MB,(lfb,31x4MB),SWAP,349/3810MB,(cached,2MB),CPU,[0%@1344,0%@1344,0%@1344,0%@1344,0%@1344,0%@1344],GR3D_FREQ,0%,cpu@51.5C,soc2@49.656C,soc0@50.625C,gpu@51.343C,tj@51.5C,soc1@50.593C,VDD_IN,5594mW/5659mW,VDD_CPU_GPU_CV,1305mW/1310mW,VDD_SOC,2376mW/2379mW
07-26-2026,21:30:05,RAM,752/7620MB,(lfb,31x4MB),SWAP,349/3810MB,(cached,2MB),CPU,[0%@1344,0%@1344,0%@1344,0%@1344,0%@1344,0%@1344],GR3D_FREQ,0%,cpu@51.468C,soc2@49.656C,soc0@50.343C,gpu@51.218C,tj@51.468C,soc1@50.656C,VDD_IN,5594mW/5659mW,VDD_CPU_GPU_CV,1307mW/1310mW,VDD_SOC,2376mW/2379mW
07-26-2026,21:30:05,RAM,752/7620MB,(lfb,31x4MB),SWAP,349/3810MB,(cached,2MB),CPU,[9%@1344,0%@1344,0%@1344,0%@1344,7%@1344,0%@1344],GR3D_FREQ,0%,cpu@51.562C,soc2@49.5C,soc0@50.406C,gpu@51.218C,tj@51.562C,soc1@50.468C,VDD_IN,5594mW/5659mW,VDD_CPU_GPU_CV,1305mW/1310mW,VDD_SOC,2376mW/2379mW
07-26-2026,21:30:05,RAM,752/7620MB,(lfb,31x4MB),SWAP,349/3810MB,(cached,2MB),CPU,[0%@1344,0%@1344,0%@1344,0%@1344,0%@1344,0%@1344],GR3D_FREQ,0%,cpu@51.343C,soc2@49.5C,soc0@50.5C,gpu@51.343C,tj@51.343C,soc1@50.531C,VDD_IN,5594mW/5659mW,VDD_CPU_GPU_CV,1305mW/1310mW,VDD_SOC,2376mW/2379mW
07-26-2026,21:30:05,RAM,752/7620MB,(lfb,31x4MB),SWAP,349/3810MB,(cached,2MB),CPU,[0%@1344,0%@1344,0%@1344,0%@1344,0%@1344,0%@1344],GR3D_FREQ,0%,cpu@51.5C,soc2@49.562C,soc0@50.562C,gpu@51.218C,tj@51.5C,soc1@50.437C,VDD_IN,5594mW/5659mW,VDD_CPU_GPU_CV,1307mW/1310mW,VDD_SOC,2376mW/2379mW
07-26-2026,21:30:05,RAM,752/7620MB,(lfb,31x4MB),SWAP,349/3810MB,(cached,2MB),CPU,[0%@1344,0%@1344,0%@1344,0%@1344,0%@1344,0%@1344],GR3D_FREQ,0%,cpu@51.531C,soc2@49.625C,soc0@50.406C,gpu@51.218C,tj@51.531C,soc1@50.562C,VDD_IN,5585mW/5659mW,VDD_CPU_GPU_CV,1305mW/1310mW,VDD_SOC,2376mW/2379mW
07-26-2026,21:30:05,RAM,752/7620MB,(lfb,31x4MB),SWAP,349/3810MB,(cached,2MB),CPU,[0%@1344,8%@1344,0%@1344,0%@1344,0%@1344,0%@1344],GR3D_FREQ,0%,cpu@51.593C,soc2@49.5C,soc0@50.406C,gpu@51.343C,tj@51.593C,soc1@50.812C,VDD_IN,5585mW/5659mW,VDD_CPU_GPU_CV,1305mW/1310mW,VDD_SOC,2376mW/2379mW
07-26-2026,21:30:05,RAM,752/7620MB,(lfb,31x4MB),SWAP,349/3810MB,(cached,2MB),CPU,[0%@1344,0%@1344,0%@1344,0%@1344,0%@1344,0%@1344],GR3D_FREQ,0%,cpu@51.468C,soc2@49.625C,soc0@50.468C,gpu@51.25C,tj@51.468C,soc1@50.531C,VDD_IN,5585mW/5659mW,VDD_CPU_GPU_CV,1305mW/1310mW,VDD_SOC,2376mW/2379mW
07-26-2026,21:30:05,RAM,752/7620MB,(lfb,31x4MB),SWAP,349/3810MB,(cached,2MB),CPU,[0%@1344,0%@1344,0%@1344,0%@1344,0%@1344,0%@1344],GR3D_FREQ,0%,cpu@51.437C,soc2@49.5C,soc0@50.468C,gpu@51.437C,tj@51.437C,soc1@50.468C,VDD_IN,5585mW/5659mW,VDD_CPU_GPU_CV,1305mW/1310mW,VDD_SOC,2376mW/2379mW
07-26-2026,21:30:05,RAM,752/7620MB,(lfb,31x4MB),SWAP,349/3810MB,(cached,2MB),CPU,[0%@1344,0%@1344,0%@1344,0%@1344,0%@1344,0%@1344],GR3D_FREQ,0%,cpu@51.5C,soc2@49.625C,soc0@50.531C,gpu@51.218C,tj@51.5C,soc1@50.687C,VDD_IN,5594mW/5659mW,VDD_CPU_GPU_CV,1307mW/1310mW,VDD_SOC,2376mW/2379mW
07-26-2026,21:30:06,RAM,752/7620MB,(lfb,31x4MB),SWAP,349/3810MB,(cached,2MB),CPU,[0%@1344,0%@1344,0%@1344,0%@1344,0%@1344,0%@1344],GR3D_FREQ,0%,cpu@51.5C,soc2@49.718C,soc0@50.343C,gpu@51.25C,tj@51.5C,soc1@50.875C,VDD_IN,5594mW/5659mW,VDD_CPU_GPU_CV,1307mW/1310mW,VDD_SOC,2376mW/2379mW
07-26-2026,21:30:06,RAM,752/7620MB,(lfb,31x4MB),SWAP,349/3810MB,(cached,2MB),CPU,[0%@1344,0%@1344,0%@1344,0%@1344,0%@1344,0%@1344],GR3D_FREQ,0%,cpu@51.687C,soc2@49.562C,soc0@50.375C,gpu@51.437C,tj@51.687C,soc1@50.843C,VDD_IN,5585mW/5659mW,VDD_CPU_GPU_CV,1305mW/1310mW,VDD_SOC,2376mW/2379mW
07-26-2026,21:30:06,RAM,752/7620MB,(lfb,31x4MB),SWAP,349/3810MB,(cached,2MB),CPU,[0%@1344,0%@1344,0%@1344,0%@1344,0%@1344,0%@1344],GR3D_FREQ,0%,cpu@51.437C,soc2@49.5C,soc0@50.312C,gpu@51.25C,tj@51.437C,soc1@50.531C,VDD_IN,5594mW/5659mW,VDD_CPU_GPU_CV,1307mW/1310mW,VDD_SOC,2376mW/2379mW
07-26-2026,21:30:06,RAM,752/7620MB,(lfb,31x4MB),SWAP,349/3810MB,(cached,2MB),CPU,[0%@1344,0%@1344,0%@1344,0%@1344,0%@1344,0%@1344],GR3D_FREQ,0%,cpu@51.375C,soc2@49.625C,soc0@50.5C,gpu@51.25C,tj@51.375C,soc1@50.562C,VDD_IN,5585mW/5659mW,VDD_CPU_GPU_CV,1307mW/1310mW,VDD_SOC,2376mW/2379mW
07-26-2026,21:30:06,RAM,752/7620MB,(lfb,31x4MB),SWAP,349/3810MB,(cached,2MB),CPU,[0%@1344,0%@1344,0%@1344,0%@1344,0%@1344,0%@1344],GR3D_FREQ,0%,cpu@51.531C,soc2@49.593C,soc0@50.312C,gpu@51.406C,tj@51.5C,soc1@50.656C,VDD_IN,5585mW/5659mW,VDD_CPU_GPU_CV,1305mW/1309mW,VDD_SOC,2376mW/2379mW
07-26-2026,21:30:06,RAM,752/7620MB,(lfb,31x4MB),SWAP,349/3810MB,(cached,2MB),CPU,[0%@1344,9%@1344,0%@1344,0%@1344,0%@1344,0%@1344],GR3D_FREQ,0%,cpu@51.562C,soc2@49.718C,soc0@50.468C,gpu@51.25C,tj@51.562C,soc1@50.781C,VDD_IN,5585mW/5659mW,VDD_CPU_GPU_CV,1305mW/1309mW,VDD_SOC,2376mW/2379mW
07-26-2026,21:30:06,RAM,752/7620MB,(lfb,31x4MB),SWAP,349/3810MB,(cached,2MB),CPU,[0%@1344,0%@1344,0%@1344,0%@1344,0%@1344,0%@1344],GR3D_FREQ,0%,cpu@51.437C,soc2@49.531C,soc0@50.468C,gpu@51.156C,tj@51.437C,soc1@50.531C,VDD_IN,5585mW/5659mW,VDD_CPU_GPU_CV,1307mW/1309mW,VDD_SOC,2376mW/2379mW
07-26-2026,21:30:06,RAM,751/7620MB,(lfb,31x4MB),SWAP,349/3810MB,(cached,2MB),CPU,[0%@1344,0%@1344,0%@1344,0%@1344,0%@1344,0%@1344],GR3D_FREQ,0%,cpu@51.343C,soc2@49.593C,soc0@50.468C,gpu@51.406C,tj@51.406C,soc1@50.562C,VDD_IN,5585mW/5659mW,VDD_CPU_GPU_CV,1305mW/1309mW,VDD_SOC,2376mW/2379mW
07-26-2026,21:30:06,RAM,751/7620MB,(lfb,31x4MB),SWAP,349/3810MB,(cached,2MB),CPU,[0%@1344,0%@1344,0%@1344,0%@1344,0%@1344,0%@1344],GR3D_FREQ,0%,cpu@51.5C,soc2@49.562C,soc0@50.625C,gpu@51.281C,tj@51.5C,soc1@50.656C,VDD_IN,5585mW/5659mW,VDD_CPU_GPU_CV,1305mW/1309mW,VDD_SOC,2376mW/2379mW
07-26-2026,21:30:06,RAM,751/7620MB,(lfb,31x4MB),SWAP,349/3810MB,(cached,2MB),CPU,[8%@1344,0%@1344,0%@1344,0%@1344,0%@1344,0%@1344],GR3D_FREQ,0%,cpu@51.593C,soc2@49.687C,soc0@50.375C,gpu@51.406C,tj@51.593C,soc1@50.781C,VDD_IN,5594mW/5659mW,VDD_CPU_GPU_CV,1305mW/1309mW,VDD_SOC,2376mW/2379mW
07-26-2026,21:30:07,RAM,751/7620MB,(lfb,31x4MB),SWAP,349/3810MB,(cached,2MB),CPU,[0%@1344,0%@1344,0%@1344,0%@1344,0%@1344,0%@1344],GR3D_FREQ,0%,cpu@51.531C,soc2@49.562C,soc0@50.406C,gpu@51.406C,tj@51.531C,soc1@50.843C,VDD_IN,5594mW/5659mW,VDD_CPU_GPU_CV,1307mW/1309mW,VDD_SOC,2376mW/2379mW
07-26-2026,21:30:07,RAM,751/7620MB,(lfb,31x4MB),SWAP,349/3810MB,(cached,2MB),CPU,[0%@1344,0%@1344,0%@1344,0%@1344,0%@1344,0%@1344],GR3D_FREQ,0%,cpu@51.406C,soc2@49.562C,soc0@50.5C,gpu@51.187C,tj@51.406C,soc1@50.531C,VDD_IN,5594mW/5659mW,VDD_CPU_GPU_CV,1307mW/1309mW,VDD_SOC,2376mW/2379mW
07-26-2026,21:30:07,RAM,751/7620MB,(lfb,31x4MB),SWAP,349/3810MB,(cached,2MB),CPU,[0%@1344,0%@1344,0%@1344,0%@1344,0%@1344,0%@1344],GR3D_FREQ,0%,cpu@51.468C,soc2@49.593C,soc0@50.562C,gpu@51.531C,tj@51.531C,soc1@50.625C,VDD_IN,5594mW/5659mW,VDD_CPU_GPU_CV,1307mW/1309mW,VDD_SOC,2376mW/2379mW
07-26-2026,21:30:07,RAM,751/7620MB,(lfb,31x4MB),SWAP,349/3810MB,(cached,2MB),CPU,[0%@1344,9%@1344,0%@1344,0%@1344,0%@1344,0%@1344],GR3D_FREQ,0%,cpu@51.5C,soc2@49.625C,soc0@50.406C,gpu@51.25C,tj@51.5C,soc1@50.687C,VDD_IN,5594mW/5659mW,VDD_CPU_GPU_CV,1307mW/1309mW,VDD_SOC,2376mW/2379mW
07-26-2026,21:30:07,RAM,751/7620MB,(lfb,31x4MB),SWAP,349/3810MB,(cached,2MB),CPU,[0%@1344,0%@1344,0%@1344,0%@1344,0%@1344,0%@1344],GR3D_FREQ,0%,cpu@51.687C,soc2@49.625C,soc0@50.375C,gpu@51.25C,tj@51.687C,soc1@50.875C,VDD_IN,5594mW/5659mW,VDD_CPU_GPU_CV,1307mW/1309mW,VDD_SOC,2376mW/2379mW
07-26-2026,21:30:07,RAM,751/7620MB,(lfb,31x4MB),SWAP,349/3810MB,(cached,2MB),CPU,[0%@1344,0%@1344,0%@1344,0%@1344,0%@1344,0%@1344],GR3D_FREQ,0%,cpu@51.593C,soc2@49.531C,soc0@50.5C,gpu@51.375C,tj@51.375C,soc1@50.468C,VDD_IN,5555mW/5659mW,VDD_CPU_GPU_CV,1307mW/1309mW,VDD_SOC,2376mW/2379mW
07-26-2026,21:30:07,RAM,752/7620MB,(lfb,31x4MB),SWAP,349/3810MB,(cached,2MB),CPU,[0%@1344,9%@1344,0%@1344,0%@1344,8%@1344,0%@1344],GR3D_FREQ,0%,cpu@51.343C,soc2@49.531C,soc0@50.531C,gpu@51.343C,tj@51.343C,soc1@50.5C,VDD_IN,5594mW/5659mW,VDD_CPU_GPU_CV,1307mW/1309mW,VDD_SOC,2376mW/2379mW
07-26-2026,21:30:07,RAM,752/7620MB,(lfb,31x4MB),SWAP,349/3810MB,(cached,2MB),CPU,[0%@1344,0%@1344,0%@1344,0%@1344,0%@1344,0%@1344],GR3D_FREQ,0%,cpu@51.5C,soc2@49.562C,soc0@50.531C,gpu@51.531C,tj@51.531C,soc1@50.687C,VDD_IN,5594mW/5659mW,VDD_CPU_GPU_CV,1307mW/1309mW,VDD_SOC,2376mW/2379mW
07-26-2026,21:30:07,RAM,752/7620MB,(lfb,31x4MB),SWAP,349/3810MB,(cached,2MB),CPU,[0%@1344,0%@1344,0%@1344,0%@1344,0%@1344,0%@1344],GR3D_FREQ,0%,cpu@51.562C,soc2@49.625C,soc0@50.343C,gpu@51.406C,tj@51.562C,soc1@50.687C,VDD_IN,5594mW/5659mW,VDD_CPU_GPU_CV,1307mW/1309mW,VDD_SOC,2376mW/2379mW
07-26-2026,21:30:08,RAM,752/7620MB,(lfb,31x4MB),SWAP,349/3810MB,(cached,2MB),CPU,[8%@1344,0%@1344,0%@1344,0%@1344,0%@1344,0%@1344],GR3D_FREQ,0%,cpu@51.625C,soc2@49.531C,soc0@50.468C,gpu@51.312C,tj@51.625C,soc1@50.468C,VDD_IN,5594mW/5659mW,VDD_CPU_GPU_CV,1307mW/1309mW,VDD_SOC,2376mW/2379mW
07-26-2026,21:30:08,RAM,752/7620MB,(lfb,31x4MB),SWAP,349/3810MB,(cached,2MB),CPU,[0%@1344,0%@1344,0%@1344,0%@1344,0%@1344,0%@1344],GR3D_FREQ,0%,cpu@51.437C,soc2@49.687C,soc0@50.468C,gpu@51.468C,tj@51.468C,soc1@50.468C,VDD_IN,5594mW/5659mW,VDD_CPU_GPU_CV,1307mW/1309mW,VDD_SOC,2376mW/2379mW
07-26-2026,21:30:08,RAM,752/7620MB,(lfb,31x4MB),SWAP,349/3810MB,(cached,2MB),CPU,[0%@1344,0%@1344,0%@1344,0%@1344,0%@1344,0%@1344],GR3D_FREQ,0%,cpu@51.437C,soc2@49.531C,soc0@50.656C,gpu@51.437C,tj@51.437C,soc1@50.562C,VDD_IN,5594mW/5658mW,VDD_CPU_GPU_CV,1307mW/1309mW,VDD_SOC,2376mW/2379mW
07-26-2026,21:30:08,RAM,752/7620MB,(lfb,31x4MB),SWAP,349/3810MB,(cached,2MB),CPU,[0%@1344,0%@1344,0%@1344,0%@1344,0%@1344,0%@1344],GR3D_FREQ,0%,cpu@51.5C,soc2@49.625C,soc0@50.375C,gpu@51.312C,tj@51.5C,soc1@50.593C,VDD_IN,5594mW/5658mW,VDD_CPU_GPU_CV,1305mW/1309mW,VDD_SOC,2376mW/2379mW
07-26-2026,21:30:08,RAM,752/7620MB,(lfb,31x4MB),SWAP,349/3810MB,(cached,2MB),CPU,[0%@1344,0%@1344,0%@1344,0%@1344,0%@1344,0%@1344],GR3D_FREQ,0%,cpu@51.593C,soc2@49.718C,soc0@50.343C,gpu@51.5C,tj@51.531C,soc1@50.812C,VDD_IN,5594mW/5658mW,VDD_CPU_GPU_CV,1305mW/1309mW,VDD_SOC,2376mW/2379mW
07-26-2026,21:30:08,RAM,752/7620MB,(lfb,31x4MB),SWAP,349/3810MB,(cached,2MB),CPU,[0%@1344,0%@1344,0%@1344,0%@1344,0%@1344,0%@1344],GR3D_FREQ,0%,cpu@51.718C,soc2@49.5C,soc0@50.468C,gpu@51.312C,tj@51.437C,soc1@50.468C,VDD_IN,5594mW/5658mW,VDD_CPU_GPU_CV,1305mW/1309mW,VDD_SOC,2376mW/2379mW
07-26-2026,21:30:08,RAM,752/7620MB,(lfb,31x4MB),SWAP,349/3810MB,(cached,2MB),CPU,[0%@1344,0%@1344,0%@1344,0%@1344,0%@1344,0%@1344],GR3D_FREQ,0%,cpu@51.312C,soc2@49.468C,soc0@50.468C,gpu@51.656C,tj@51.656C,soc1@50.5C,VDD_IN,5555mW/5658mW,VDD_CPU_GPU_CV,1305mW/1309mW,VDD_SOC,2376mW/2379mW
07-26-2026,21:30:08,RAM,752/7620MB,(lfb,31x4MB),SWAP,349/3810MB,(cached,2MB),CPU,[0%@1344,0%@1344,0%@1344,0%@1344,0%@1344,0%@1344],GR3D_FREQ,0%,cpu@51.531C,soc2@49.625C,soc0@50.531C,gpu@51.468C,tj@51.531C,soc1@50.562C,VDD_IN,5594mW/5658mW,VDD_CPU_GPU_CV,1305mW/1309mW,VDD_SOC,2376mW/2379mW
07-26-2026,21:30:08,RAM,752/7620MB,(lfb,31x4MB),SWAP,349/3810MB,(cached,2MB),CPU,[0%@1344,9%@1344,0%@1344,0%@1344,0%@1344,0%@1344],GR3D_FREQ,0%,cpu@51.656C,soc2@49.625C,soc0@50.312C,gpu@51.312C,tj@51.656C,soc1@50.687C,VDD_IN,5594mW/5658mW,VDD_CPU_GPU_CV,1307mW/1309mW,VDD_SOC,2376mW/2379mW
07-26-2026,21:30:08,RAM,752/7620MB,(lfb,31x4MB),SWAP,349/3810MB,(cached,2MB),CPU,[0%@1344,0%@1344,0%@1344,0%@1344,0%@1344,0%@1344],GR3D_FREQ,0%,cpu@51.625C,soc2@49.5C,soc0@50.406C,gpu@51.562C,tj@51.625C,soc1@50.468C,VDD_IN,5594mW/5658mW,VDD_CPU_GPU_CV,1307mW/1309mW,VDD_SOC,2376mW/2379mW
07-26-2026,21:30:09,RAM,752/7620MB,(lfb,31x4MB),SWAP,349/3810MB,(cached,2MB),CPU,[0%@1344,0%@1344,0%@1344,0%@1344,0%@1344,0%@1344],GR3D_FREQ,0%,cpu@51.5C,soc2@49.562C,soc0@50.437C,gpu@51.5C,tj@51.5C,soc1@50.437C,VDD_IN,5555mW/5658mW,VDD_CPU_GPU_CV,1307mW/1309mW,VDD_SOC,2376mW/2379mW
07-26-2026,21:30:09,RAM,752/7620MB,(lfb,31x4MB),SWAP,349/3810MB,(cached,2MB),CPU,[0%@1344,0%@1344,0%@1344,0%@1344,0%@1344,0%@1344],GR3D_FREQ,0%,cpu@51.437C,soc2@49.531C,soc0@50.531C,gpu@51.406C,tj@51.437C,soc1@50.593C,VDD_IN,5555mW/5658mW,VDD_CPU_GPU_CV,1307mW/1309mW,VDD_SOC,2376mW/2379mW
07-26-2026,21:30:09,RAM,752/7620MB,(lfb,31x4MB),SWAP,349/3810MB,(cached,2MB),CPU,[0%@1344,0%@1344,0%@1344,0%@1344,0%@1344,0%@1344],GR3D_FREQ,0%,cpu@51.562C,soc2@49.531C,soc0@50.625C,gpu@51.5C,tj@51.562C,soc1@50.687C,VDD_IN,5594mW/5658mW,VDD_CPU_GPU_CV,1307mW/1309mW,VDD_SOC,2376mW/2379mW
07-26-2026,21:30:09,RAM,752/7620MB,(lfb,31x4MB),SWAP,349/3810MB,(cached,2MB),CPU,[0%@1344,0%@1344,0%@1344,0%@1344,0%@1344,0%@1344],GR3D_FREQ,0%,cpu@51.593C,soc2@49.687C,soc0@50.437C,gpu@51.5C,tj@51.593C,soc1@50.687C,VDD_IN,5555mW/5658mW,VDD_CPU_GPU_CV,1307mW/1309mW,VDD_SOC,2376mW/2379mW
07-26-2026,21:30:09,RAM,752/7620MB,(lfb,31x4MB),SWAP,349/3810MB,(cached,2MB),CPU,[0%@1344,8%@1344,0%@1344,0%@1344,0%@1344,0%@1344],GR3D_FREQ,0%,cpu@51.625C,soc2@49.531C,soc0@50.437C,gpu@51.687C,tj@51.687C,soc1@50.562C,VDD_IN,5555mW/5658mW,VDD_CPU_GPU_CV,1307mW/1309mW,VDD_SOC,2376mW/2379mW
07-26-2026,21:30:09,RAM,752/7620MB,(lfb,31x4MB),SWAP,349/3810MB,(cached,2MB),CPU,[0%@1344,0%@1344,0%@1344,0%@1344,0%@1344,0%@1344],GR3D_FREQ,0%,cpu@51.437C,soc2@49.625C,soc0@50.468C,gpu@51.531C,tj@51.531C,soc1@50.5C,VDD_IN,5555mW/5658mW,VDD_CPU_GPU_CV,1307mW/1309mW,VDD_SOC,2376mW/2379mW
07-26-2026,21:30:09,RAM,753/7620MB,(lfb,31x4MB),SWAP,349/3810MB,(cached,2MB),CPU,[0%@1344,0%@1344,0%@1344,9%@1344,9%@1344,0%@1344],GR3D_FREQ,0%,cpu@51.5C,soc2@49.593C,soc0@50.531C,gpu@51.5C,tj@51.5C,soc1@50.625C,VDD_IN,5594mW/5658mW,VDD_CPU_GPU_CV,1307mW/1309mW,VDD_SOC,2376mW/2379mW
07-26-2026,21:30:09,RAM,752/7620MB,(lfb,31x4MB),SWAP,349/3810MB,(cached,2MB),CPU,[8%@1344,0%@1344,0%@1344,0%@1344,0%@1344,0%@1344],GR3D_FREQ,0%,cpu@51.656C,soc2@49.625C,soc0@50.375C,gpu@51.687C,tj@51.687C,soc1@50.718C,VDD_IN,5594mW/5658mW,VDD_CPU_GPU_CV,1307mW/1309mW,VDD_SOC,2376mW/2379mW
07-26-2026,21:30:09,RAM,752/7620MB,(lfb,31x4MB),SWAP,349/3810MB,(cached,2MB),CPU,[0%@1344,0%@1344,0%@1344,0%@1344,0%@1344,0%@1344],GR3D_FREQ,0%,cpu@51.593C,soc2@49.5C,soc0@50.437C,gpu@51.562C,tj@51.593C,soc1@50.406C,VDD_IN,5594mW/5658mW,VDD_CPU_GPU_CV,1307mW/1309mW,VDD_SOC,2376mW/2379mW
07-26-2026,21:30:10,RAM,752/7620MB,(lfb,31x4MB),SWAP,349/3810MB,(cached,2MB),CPU,[0%@1344,0%@1344,0%@1344,0%@1344,0%@1344,0%@1344],GR3D_FREQ,0%,cpu@51.406C,soc2@49.531C,soc0@50.468C,gpu@51.406C,tj@51.406C,soc1@50.468C,VDD_IN,5594mW/5658mW,VDD_CPU_GPU_CV,1307mW/1309mW,VDD_SOC,2376mW/2379mW
07-26-2026,21:30:10,RAM,752/7620MB,(lfb,31x4MB),SWAP,349/3810MB,(cached,2MB),CPU,[0%@1344,0%@1344,0%@1344,0%@1344,0%@1344,0%@1344],GR3D_FREQ,0%,cpu@51.531C,soc2@49.531C,soc0@50.5C,gpu@51.75C,tj@51.75C,soc1@50.531C,VDD_IN,5594mW/5658mW,VDD_CPU_GPU_CV,1307mW/1309mW,VDD_SOC,2376mW/2379mW
07-26-2026,21:30:10,RAM,752/7620MB,(lfb,31x4MB),SWAP,349/3810MB,(cached,2MB),CPU,[9%@1344,0%@1344,0%@1344,0%@1344,0%@1344,0%@1344],GR3D_FREQ,0%,cpu@51.562C,soc2@49.625C,soc0@50.687C,gpu@51.468C,tj@51.562C,soc1@50.718C,VDD_IN,5594mW/5658mW,VDD_CPU_GPU_CV,1307mW/1309mW,VDD_SOC,2376mW/2379mW
07-26-2026,21:30:10,RAM,752/7620MB,(lfb,31x4MB),SWAP,349/3810MB,(cached,2MB),CPU,[0%@1344,9%@1344,0%@1344,0%@1344,0%@1344,0%@1344],GR3D_FREQ,0%,cpu@51.656C,soc2@49.718C,soc0@50.375C,gpu@51.187C,tj@51.656C,soc1@50.718C,VDD_IN,5594mW/5658mW,VDD_CPU_GPU_CV,1307mW/1309mW,VDD_SOC,2376mW/2379mW
07-26-2026,21:30:10,RAM,752/7620MB,(lfb,31x4MB),SWAP,349/3810MB,(cached,2MB),CPU,[0%@1344,0%@1344,0%@1344,0%@1344,0%@1344,0%@1344],GR3D_FREQ,0%,cpu@51.593C,soc2@49.562C,soc0@50.406C,gpu@51.625C,tj@51.625C,soc1@50.5C,VDD_IN,5594mW/5658mW,VDD_CPU_GPU_CV,1307mW/1309mW,VDD_SOC,2376mW/2379mW
07-26-2026,21:30:10,RAM,752/7620MB,(lfb,31x4MB),SWAP,349/3810MB,(cached,2MB),CPU,[0%@1344,0%@1344,0%@1344,0%@1344,0%@1344,8%@1344],GR3D_FREQ,0%,cpu@51.437C,soc2@49.562C,soc0@50.468C,gpu@51.437C,tj@51.437C,soc1@50.531C,VDD_IN,5594mW/5658mW,VDD_CPU_GPU_CV,1307mW/1309mW,VDD_SOC,2376mW/2379mW
07-26-2026,21:30:10,RAM,752/7620MB,(lfb,31x4MB),SWAP,349/3810MB,(cached,2MB),CPU,[0%@1344,0%@1344,0%@1344,0%@1344,0%@1344,0%@1344],GR3D_FREQ,0%,cpu@51.468C,soc2@49.593C,soc0@50.625C,gpu@51.187C,tj@51.468C,soc1@50.625C,VDD_IN,5594mW/5658mW,VDD_CPU_GPU_CV,1307mW/1309mW,VDD_SOC,2376mW/2379mW
07-26-2026,21:30:10,RAM,752/7620MB,(lfb,31x4MB),SWAP,349/3810MB,(cached,2MB),CPU,[8%@1344,0%@1344,0%@1344,9%@1344,0%@1344,0%@1344],GR3D_FREQ,0%,cpu@51.656C,soc2@49.687C,soc0@50.406C,gpu@51.656C,tj@51.656C,soc1@50.75C,VDD_IN,5594mW/5658mW,VDD_CPU_GPU_CV,1307mW/1309mW,VDD_SOC,2376mW/2379mW
07-26-2026,21:30:10,RAM,752/7620MB,(lfb,31x4MB),SWAP,349/3810MB,(cached,2MB),CPU,[0%@1344,0%@1344,0%@1344,0%@1344,0%@1344,0%@1344],GR3D_FREQ,0%,cpu@51.687C,soc2@49.593C,soc0@50.468C,gpu@51.468C,tj@51.656C,soc1@50.531C,VDD_IN,5594mW/5658mW,VDD_CPU_GPU_CV,1307mW/1309mW,VDD_SOC,2376mW/2379mW
07-26-2026,21:30:10,RAM,752/7620MB,(lfb,31x4MB),SWAP,349/3810MB,(cached,2MB),CPU,[0%@1344,0%@1344,0%@1344,0%@1344,0%@1344,0%@1344],GR3D_FREQ,0%,cpu@51.375C,soc2@49.562C,soc0@50.437C,gpu@51.125C,tj@51.406C,soc1@50.5C,VDD_IN,5585mW/5658mW,VDD_CPU_GPU_CV,1305mW/1309mW,VDD_SOC,2376mW/2379mW
07-26-2026,21:30:11,RAM,752/7620MB,(lfb,31x4MB),SWAP,349/3810MB,(cached,2MB),CPU,[0%@1344,0%@1344,0%@1344,0%@1344,0%@1344,0%@1344],GR3D_FREQ,0%,cpu@51.531C,soc2@49.593C,soc0@50.5C,gpu@51.531C,tj@51.531C,soc1@50.625C,VDD_IN,5594mW/5658mW,VDD_CPU_GPU_CV,1305mW/1309mW,VDD_SOC,2376mW/2379mW
07-26-2026,21:30:11,RAM,752/7620MB,(lfb,31x4MB),SWAP,349/3810MB,(cached,2MB),CPU,[9%@1344,0%@1344,0%@1344,0%@1344,0%@1344,0%@1344],GR3D_FREQ,0%,cpu@51.531C,soc2@49.593C,soc0@50.625C,gpu@51.406C,tj@51.656C,soc1@50.625C,VDD_IN,5594mW/5658mW,VDD_CPU_GPU_CV,1305mW/1309mW,VDD_SOC,2376mW/2379mW
07-26-2026,21:30:11,RAM,752/7620MB,(lfb,31x4MB),SWAP,349/3810MB,(cached,2MB),CPU,[0%@1344,0%@1344,0%@1344,0%@1344,0%@1344,0%@1344],GR3D_FREQ,0%,cpu@51.718C,soc2@49.656C,soc0@50.437C,gpu@51.781C,tj@51.781C,soc1@50.812C,VDD_IN,5594mW/5658mW,VDD_CPU_GPU_CV,1307mW/1309mW,VDD_SOC,2376mW/2379mW
07-26-2026,21:30:11,RAM,752/7620MB,(lfb,31x4MB),SWAP,349/3810MB,(cached,2MB),CPU,[0%@1344,0%@1344,0%@1344,0%@1344,0%@1344,0%@1344],GR3D_FREQ,0%,cpu@51.437C,soc2@49.593C,soc0@50.437C,gpu@51.531C,tj@51.531C,soc1@50.531C,VDD_IN,5594mW/5658mW,VDD_CPU_GPU_CV,1307mW/1309mW,VDD_SOC,2376mW/2379mW
07-26-2026,21:30:11,RAM,752/7620MB,(lfb,31x4MB),SWAP,349/3810MB,(cached,2MB),CPU,[0%@1344,0%@1344,8%@1344,0%@1344,0%@1344,0%@1344],GR3D_FREQ,0%,cpu@51.437C,soc2@49.625C,soc0@50.468C,gpu@51.218C,tj@51.437C,soc1@50.437C,VDD_IN,5555mW/5657mW,VDD_CPU_GPU_CV,1307mW/1309mW,VDD_SOC,2376mW/2379mW
07-26-2026,21:30:11,RAM,752/7620MB,(lfb,31x4MB),SWAP,349/3810MB,(cached,2MB),CPU,[9%@1344,0%@1344,0%@1344,0%@1344,0%@1344,0%@1344],GR3D_FREQ,0%,cpu@51.437C,soc2@49.593C,soc0@50.656C,gpu@51.718C,tj@51.718C,soc1@50.593C,VDD_IN,5555mW/5657mW,VDD_CPU_GPU_CV,1307mW/1309mW,VDD_SOC,2376mW/2379mW
07-26-2026,21:30:11,RAM,754/7620MB,(lfb,31x4MB),SWAP,349/3810MB,(cached,2MB),CPU,[0%@1344,0%@1344,8%@1344,0%@1344,0%@1344,0%@1344],GR3D_FREQ,0%,cpu@51.625C,soc2@49.687C,soc0@50.375C,gpu@51.531C,tj@51.625C,soc1@50.75C,VDD_IN,5585mW/5657mW,VDD_CPU_GPU_CV,1305mW/1309mW,VDD_SOC,2376mW/2379mW
07-26-2026,21:30:11,RAM,753/7620MB,(lfb,31x4MB),SWAP,349/3810MB,(cached,2MB),CPU,[0%@1344,0%@1344,0%@1344,0%@1344,0%@1344,0%@1344],GR3D_FREQ,0%,cpu@51.718C,soc2@49.468C,soc0@50.468C,gpu@51.187C,tj@51.718C,soc1@50.625C,VDD_IN,5594mW/5657mW,VDD_CPU_GPU_CV,1307mW/1309mW,VDD_SOC,2376mW/2379mW
07-26-2026,21:30:11,RAM,753/7620MB,(lfb,31x4MB),SWAP,349/3810MB,(cached,2MB),CPU,[0%@1344,0%@1344,0%@1344,0%@1344,0%@1344,0%@1344],GR3D_FREQ,0%,cpu@51.406C,soc2@49.5C,soc0@50.531C,gpu@51.656C,tj@51.656C,soc1@50.593C,VDD_IN,5594mW/5657mW,VDD_CPU_GPU_CV,1307mW/1309mW,VDD_SOC,2376mW/2379mW
07-26-2026,21:30:12,RAM,753/7620MB,(lfb,31x4MB),SWAP,349/3810MB,(cached,2MB),CPU,[0%@1344,0%@1344,0%@1344,0%@1344,0%@1344,0%@1344],GR3D_FREQ,0%,cpu@51.437C,soc2@49.562C,soc0@50.5C,gpu@51.5C,tj@51.5C,soc1@50.562C,VDD_IN,5585mW/5657mW,VDD_CPU_GPU_CV,1305mW/1309mW,VDD_SOC,2376mW/2379mW
07-26-2026,21:30:12,RAM,753/7620MB,(lfb,31x4MB),SWAP,349/3810MB,(cached,2MB),CPU,[0%@1344,0%@1344,0%@1344,0%@1344,0%@1344,0%@1344],GR3D_FREQ,0%,cpu@51.625C,soc2@49.656C,soc0@50.437C,gpu@51.187C,tj@51.625C,soc1@50.75C,VDD_IN,5585mW/5657mW,VDD_CPU_GPU_CV,1305mW/1309mW,VDD_SOC,2376mW/2379mW
07-26-2026,21:30:12,RAM,753/7620MB,(lfb,31x4MB),SWAP,349/3810MB,(cached,2MB),CPU,[0%@1344,0%@1344,0%@1344,0%@1344,0%@1344,0%@1344],GR3D_FREQ,0%,cpu@51.75C,soc2@49.718C,soc0@50.406C,gpu@51.562C,tj@51.75C,soc1@50.75C,VDD_IN,5546mW/5657mW,VDD_CPU_GPU_CV,1305mW/1309mW,VDD_SOC,2376mW/2379mW
07-26-2026,21:30:12,RAM,753/7620MB,(lfb,31x4MB),SWAP,349/3810MB,(cached,2MB),CPU,[0%@1344,0%@1344,0%@1344,0%@1344,0%@1344,0%@1344],GR3D_FREQ,0%,cpu@51.562C,soc2@49.5C,soc0@50.437C,gpu@51.406C,tj@51.562C,soc1@50.468C,VDD_IN,5585mW/5657mW,VDD_CPU_GPU_CV,1305mW/1309mW,VDD_SOC,2376mW/2379mW
07-26-2026,21:30:12,RAM,753/7620MB,(lfb,31x4MB),SWAP,349/3810MB,(cached,2MB),CPU,[0%@1344,0%@1344,0%@1344,0%@1344,0%@1344,0%@1344],GR3D_FREQ,0%,cpu@51.437C,soc2@49.656C,soc0@50.5C,gpu@51.218C,tj@51.437C,soc1@50.5C,VDD_IN,5585mW/5657mW,VDD_CPU_GPU_CV,1305mW/1309mW,VDD_SOC,2376mW/2379mW
07-26-2026,21:30:12,RAM,753/7620MB,(lfb,31x4MB),SWAP,349/3810MB,(cached,2MB),CPU,[0%@1344,0%@1344,0%@1344,0%@1344,0%@1344,0%@1344],GR3D_FREQ,0%,cpu@51.5C,soc2@49.562C,soc0@50.687C,gpu@51.687C,tj@51.687C,soc1@50.656C,VDD_IN,5555mW/5657mW,VDD_CPU_GPU_CV,1305mW/1309mW,VDD_SOC,2376mW/2379mW
07-26-2026,21:30:12,RAM,753/7620MB,(lfb,31x4MB),SWAP,349/3810MB,(cached,2MB),CPU,[0%@1344,0%@1344,0%@1344,0%@1344,0%@1344,0%@1344],GR3D_FREQ,0%,cpu@51.5C,soc2@49.593C,soc0@50.375C,gpu@51.218C,tj@51.5C,soc1@50.843C,VDD_IN,5555mW/5657mW,VDD_CPU_GPU_CV,1305mW/1309mW,VDD_SOC,2376mW/2379mW
07-26-2026,21:30:12,RAM,753/7620MB,(lfb,31x4MB),SWAP,349/3810MB,(cached,2MB),CPU,[0%@1344,0%@1344,0%@1344,0%@1344,9%@1344,0%@1344],GR3D_FREQ,0%,cpu@51.718C,soc2@49.531C,soc0@50.406C,gpu@51.156C,tj@51.718C,soc1@50.875C,VDD_IN,5594mW/5657mW,VDD_CPU_GPU_CV,1305mW/1309mW,VDD_SOC,2376mW/2379mW
07-26-2026,21:30:12,RAM,753/7620MB,(lfb,31x4MB),SWAP,349/3810MB,(cached,2MB),CPU,[0%@1344,0%@1344,0%@1344,0%@1344,0%@1344,0%@1344],GR3D_FREQ,0%,cpu@51.437C,soc2@49.562C,soc0@50.468C,gpu@51.562C,tj@51.562C,soc1@50.593C,VDD_IN,5594mW/5657mW,VDD_CPU_GPU_CV,1305mW/1309mW,VDD_SOC,2376mW/2379mW
07-26-2026,21:30:12,RAM,753/7620MB,(lfb,31x4MB),SWAP,349/3810MB,(cached,2MB),CPU,[0%@1344,0%@1344,0%@1344,0%@1344,0%@1344,0%@1344],GR3D_FREQ,0%,cpu@51.5C,soc2@49.625C,soc0@50.5C,gpu@51.218C,tj@51.5C,soc1@50.531C,VDD_IN,5585mW/5657mW,VDD_CPU_GPU_CV,1305mW/1309mW,VDD_SOC,2376mW/2379mW
07-26-2026,21:30:13,RAM,752/7620MB,(lfb,31x4MB),SWAP,349/3810MB,(cached,2MB),CPU,[9%@1344,0%@1344,0%@1344,9%@1344,0%@1344,9%@1344],GR3D_FREQ,0%,cpu@51.687C,soc2@49.625C,soc0@50.312C,gpu@51.75C,tj@51.75C,soc1@50.562C,VDD_IN,5625mW/5657mW,VDD_CPU_GPU_CV,1344mW/1309mW,VDD_SOC,2376mW/2379mW
07-26-2026,21:30:13,RAM,752/7620MB,(lfb,31x4MB),SWAP,349/3810MB,(cached,2MB),CPU,[0%@1344,0%@1344,0%@1344,0%@1344,0%@1344,0%@1344],GR3D_FREQ,0%,cpu@51.718C,soc2@49.656C,soc0@50.437C,gpu@51.468C,tj@51.718C,soc1@50.781C,VDD_IN,5625mW/5657mW,VDD_CPU_GPU_CV,1305mW/1309mW,VDD_SOC,2376mW/2379mW
07-26-2026,21:30:13,RAM,752/7620MB,(lfb,31x4MB),SWAP,349/3810MB,(cached,2MB),CPU,[0%@1344,0%@1344,0%@1344,0%@1344,0%@1344,0%@1344],GR3D_FREQ,0%,cpu@51.437C,soc2@49.5C,soc0@50.437C,gpu@51.218C,tj@51.437C,soc1@50.468C,VDD_IN,5585mW/5657mW,VDD_CPU_GPU_CV,1305mW/1309mW,VDD_SOC,2376mW/2379mW
07-26-2026,21:30:13,RAM,752/7620MB,(lfb,31x4MB),SWAP,349/3810MB,(cached,2MB),CPU,[0%@1344,0%@1344,0%@1344,0%@1344,0%@1344,0%@1344],GR3D_FREQ,0%,cpu@51.437C,soc2@49.5C,soc0@50.562C,gpu@51.718C,tj@51.718C,soc1@50.687C,VDD_IN,5594mW/5657mW,VDD_CPU_GPU_CV,1305mW/1309mW,VDD_SOC,2376mW/2379mW
07-26-2026,21:30:13,RAM,752/7620MB,(lfb,31x4MB),SWAP,349/3810MB,(cached,2MB),CPU,[0%@1344,9%@1344,0%@1344,0%@1344,0%@1344,0%@1344],GR3D_FREQ,0%,cpu@51.468C,soc2@49.593C,soc0@50.656C,gpu@51.531C,tj@51.531C,soc1@50.656C,VDD_IN,5594mW/5657mW,VDD_CPU_GPU_CV,1305mW/1309mW,VDD_SOC,2376mW/2379mW
07-26-2026,21:30:13,RAM,752/7620MB,(lfb,31x4MB),SWAP,349/3810MB,(cached,2MB),CPU,[0%@1344,0%@1344,0%@1344,0%@1344,0%@1344,0%@1344],GR3D_FREQ,0%,cpu@51.625C,soc2@49.562C,soc0@50.343C,gpu@51.25C,tj@51.625C,soc1@50.812C,VDD_IN,5594mW/5657mW,VDD_CPU_GPU_CV,1305mW/1309mW,VDD_SOC,2376mW/2379mW
07-26-2026,21:30:13,RAM,752/7620MB,(lfb,31x4MB),SWAP,349/3810MB,(cached,2MB),CPU,[0%@1344,0%@1344,0%@1344,0%@1344,0%@1344,0%@1344],GR3D_FREQ,0%,cpu@51.687C,soc2@49.5C,soc0@50.468C,gpu@51.687C,tj@51.687C,soc1@50.812C,VDD_IN,5594mW/5657mW,VDD_CPU_GPU_CV,1305mW/1309mW,VDD_SOC,2376mW/2379mW
07-26-2026,21:30:13,RAM,752/7620MB,(lfb,31x4MB),SWAP,349/3810MB,(cached,2MB),CPU,[0%@1344,0%@1344,0%@1344,9%@1344,0%@1344,0%@1344],GR3D_FREQ,0%,cpu@51.406C,soc2@49.656C,soc0@50.562C,gpu@51.218C,tj@51.406C,soc1@50.625C,VDD_IN,5594mW/5657mW,VDD_CPU_GPU_CV,1307mW/1309mW,VDD_SOC,2376mW/2379mW
07-26-2026,21:30:13,RAM,752/7620MB,(lfb,31x4MB),SWAP,349/3810MB,(cached,2MB),CPU,[0%@1344,0%@1344,0%@1344,0%@1344,0%@1344,0%@1344],GR3D_FREQ,0%,cpu@51.5C,soc2@49.531C,soc0@50.5C,gpu@51.187C,tj@51.5C,soc1@50.625C,VDD_IN,5585mW/5657mW,VDD_CPU_GPU_CV,1305mW/1309mW,VDD_SOC,2376mW/2379mW
07-26-2026,21:30:14,RAM,752/7620MB,(lfb,31x4MB),SWAP,349/3810MB,(cached,2MB),CPU,[8%@1344,0%@1344,0%@1344,0%@1344,0%@1344,0%@1344],GR3D_FREQ,0%,cpu@51.625C,soc2@49.687C,soc0@50.375C,gpu@51.718C,tj@51.718C,soc1@50.656C,VDD_IN,5585mW/5657mW,VDD_CPU_GPU_CV,1305mW/1309mW,VDD_SOC,2376mW/2379mW
07-26-2026,21:30:14,RAM,752/7620MB,(lfb,31x4MB),SWAP,349/3810MB,(cached,2MB),CPU,[0%@1344,0%@1344,0%@1344,0%@1344,0%@1344,0%@1344],GR3D_FREQ,0%,cpu@51.812C,soc2@49.593C,soc0@50.468C,gpu@51.25C,tj@51.812C,soc1@50.718C,VDD_IN,5585mW/5657mW,VDD_CPU_GPU_CV,1305mW/1309mW,VDD_SOC,2376mW/2379mW
07-26-2026,21:30:14,RAM,752/7620MB,(lfb,31x4MB),SWAP,349/3810MB,(cached,2MB),CPU,[0%@1344,8%@1344,0%@1344,0%@1344,0%@1344,0%@1344],GR3D_FREQ,0%,cpu@51.437C,soc2@49.5C,soc0@50.437C,gpu@51.218C,tj@51.437C,soc1@50.593C,VDD_IN,5585mW/5657mW,VDD_CPU_GPU_CV,1305mW/1309mW,VDD_SOC,2376mW/2379mW
07-26-2026,21:30:14,RAM,752/7620MB,(lfb,31x4MB),SWAP,349/3810MB,(cached,2MB),CPU,[0%@1344,0%@1344,0%@1344,0%@1344,0%@1344,0%@1344],GR3D_FREQ,0%,cpu@51.562C,soc2@49.562C,soc0@50.593C,gpu@51.625C,tj@51.625C,soc1@50.625C,VDD_IN,5594mW/5657mW,VDD_CPU_GPU_CV,1305mW/1309mW,VDD_SOC,2376mW/2379mW
07-26-2026,21:30:14,RAM,752/7620MB,(lfb,31x4MB),SWAP,349/3810MB,(cached,2MB),CPU,[8%@1344,0%@1344,0%@1344,0%@1344,0%@1344,0%@1344],GR3D_FREQ,0%,cpu@51.437C,soc2@49.656C,soc0@50.343C,gpu@51.25C,tj@51.5C,soc1@50.593C,VDD_IN,5585mW/5657mW,VDD_CPU_GPU_CV,1305mW/1309mW,VDD_SOC,2376mW/2379mW
07-26-2026,21:30:14,RAM,752/7620MB,(lfb,31x4MB),SWAP,349/3810MB,(cached,2MB),CPU,[0%@1344,0%@1344,9%@1344,0%@1344,8%@1344,0%@1344],GR3D_FREQ,0%,cpu@51.656C,soc2@49.625C,soc0@50.375C,gpu@51.156C,tj@51.656C,soc1@50.781C,VDD_IN,5585mW/5657mW,VDD_CPU_GPU_CV,1305mW/1309mW,VDD_SOC,2376mW/2379mW
07-26-2026,21:30:14,RAM,752/7620MB,(lfb,31x4MB),SWAP,349/3810MB,(cached,2MB),CPU,[0%@1344,0%@1344,0%@1344,0%@1344,0%@1344,0%@1344],GR3D_FREQ,0%,cpu@51.75C,soc2@49.531C,soc0@50.437C,gpu@51.656C,tj@51.656C,soc1@50.531C,VDD_IN,5594mW/5657mW,VDD_CPU_GPU_CV,1305mW/1309mW,VDD_SOC,2376mW/2379mW
07-26-2026,21:30:14,RAM,752/7620MB,(lfb,31x4MB),SWAP,349/3810MB,(cached,2MB),CPU,[0%@1344,0%@1344,0%@1344,9%@1344,0%@1344,0%@1344],GR3D_FREQ,0%,cpu@51.468C,soc2@49.5C,soc0@50.562C,gpu@51.187C,tj@51.468C,soc1@50.562C,VDD_IN,5594mW/5656mW,VDD_CPU_GPU_CV,1307mW/1309mW,VDD_SOC,2376mW/2379mW
07-26-2026,21:30:14,RAM,752/7620MB,(lfb,31x4MB),SWAP,349/3810MB,(cached,2MB),CPU,[0%@1344,0%@1344,0%@1344,0%@1344,0%@1344,0%@1344],GR3D_FREQ,0%,cpu@51.468C,soc2@49.656C,soc0@50.468C,gpu@51.812C,tj@51.812C,soc1@50.656C,VDD_IN,5594mW/5656mW,VDD_CPU_GPU_CV,1307mW/1309mW,VDD_SOC,2376mW/2379mW
07-26-2026,21:30:14,RAM,752/7620MB,(lfb,31x4MB),SWAP,349/3810MB,(cached,2MB),CPU,[0%@1344,0%@1344,0%@1344,0%@1344,0%@1344,0%@1344],GR3D_FREQ,0%,cpu@51.562C,soc2@49.656C,soc0@50.406C,gpu@51.281C,tj@51.562C,soc1@50.687C,VDD_IN,5594mW/5656mW,VDD_CPU_GPU_CV,1305mW/1309mW,VDD_SOC,2376mW/2379mW
07-26-2026,21:30:15,RAM,752/7620MB,(lfb,31x4MB),SWAP,349/3810MB,(cached,2MB),CPU,[0%@1344,9%@1344,0%@1344,0%@1344,0%@1344,0%@1344],GR3D_FREQ,0%,cpu@51.781C,soc2@49.5C,soc0@50.375C,gpu@51.187C,tj@51.781C,soc1@50.843C,VDD_IN,5585mW/5656mW,VDD_CPU_GPU_CV,1305mW/1309mW,VDD_SOC,2376mW/2379mW
07-26-2026,21:30:15,RAM,752/7620MB,(lfb,31x4MB),SWAP,349/3810MB,(cached,2MB),CPU,[0%@1344,0%@1344,0%@1344,0%@1344,0%@1344,0%@1344],GR3D_FREQ,0%,cpu@51.437C,soc2@49.531C,soc0@50.468C,gpu@51.687C,tj@51.687C,soc1@50.531C,VDD_IN,5546mW/5656mW,VDD_CPU_GPU_CV,1305mW/1309mW,VDD_SOC,2376mW/2379mW
07-26-2026,21:30:15,RAM,752/7620MB,(lfb,31x4MB),SWAP,349/3810MB,(cached,2MB),CPU,[0%@1344,0%@1344,0%@1344,0%@1344,0%@1344,0%@1344],GR3D_FREQ,0%,cpu@51.468C,soc2@49.562C,soc0@50.531C,gpu@51.25C,tj@51.468C,soc1@50.593C,VDD_IN,5555mW/5656mW,VDD_CPU_GPU_CV,1307mW/1309mW,VDD_SOC,2376mW/2379mW
07-26-2026,21:30:15,RAM,752/7620MB,(lfb,31x4MB),SWAP,349/3810MB,(cached,2MB),CPU,[0%@1344,0%@1344,0%@1344,0%@1344,0%@1344,0%@1344],GR3D_FREQ,0%,cpu@51.5C,soc2@49.593C,soc0@50.437C,gpu@51.156C,tj@51.531C,soc1@50.625C,VDD_IN,5594mW/5656mW,VDD_CPU_GPU_CV,1307mW/1309mW,VDD_SOC,2376mW/2379mW
07-26-2026,21:30:15,RAM,752/7620MB,(lfb,31x4MB),SWAP,349/3810MB,(cached,2MB),CPU,[0%@1344,0%@1344,0%@1344,0%@1344,0%@1344,0%@1344],GR3D_FREQ,0%,cpu@51.687C,soc2@49.562C,soc0@50.343C,gpu@51.687C,tj@51.687C,soc1@50.687C,VDD_IN,5594mW/5656mW,VDD_CPU_GPU_CV,1307mW/1309mW,VDD_SOC,2376mW/2379mW
07-26-2026,21:30:15,RAM,752/7620MB,(lfb,31x4MB),SWAP,349/3810MB,(cached,2MB),CPU,[0%@1344,0%@1344,0%@1344,0%@1344,0%@1344,0%@1344],GR3D_FREQ,0%,cpu@51.812C,soc2@49.531C,soc0@50.406C,gpu@51.25C,tj@51.812C,soc1@50.562C,VDD_IN,5594mW/5656mW,VDD_CPU_GPU_CV,1307mW/1309mW,VDD_SOC,2376mW/2379mW
07-26-2026,21:30:15,RAM,752/7620MB,(lfb,31x4MB),SWAP,349/3810MB,(cached,2MB),CPU,[0%@1344,0%@1344,0%@1344,0%@1344,0%@1344,0%@1344],GR3D_FREQ,0%,cpu@51.437C,soc2@49.562C,soc0@50.531C,gpu@51.25C,tj@51.437C,soc1@50.562C,VDD_IN,5594mW/5656mW,VDD_CPU_GPU_CV,1307mW/1309mW,VDD_SOC,2376mW/2379mW
07-26-2026,21:30:15,RAM,752/7620MB,(lfb,31x4MB),SWAP,349/3810MB,(cached,2MB),CPU,[0%@1344,0%@1344,0%@1344,0%@1344,0%@1344,0%@1344],GR3D_FREQ,0%,cpu@51.625C,soc2@49.593C,soc0@50.531C,gpu@51.281C,tj@51.625C,soc1@50.593C,VDD_IN,5594mW/5656mW,VDD_CPU_GPU_CV,1307mW/1309mW,VDD_SOC,2376mW/2379mW
07-26-2026,21:30:15,RAM,752/7620MB,(lfb,31x4MB),SWAP,349/3810MB,(cached,2MB),CPU,[0%@1344,0%@1344,0%@1344,0%@1344,0%@1344,0%@1344],GR3D_FREQ,0%,cpu@51.625C,soc2@49.656C,soc0@50.343C,gpu@51.218C,tj@51.625C,soc1@50.656C,VDD_IN,5594mW/5656mW,VDD_CPU_GPU_CV,1307mW/1309mW,VDD_SOC,2376mW/2379mW
07-26-2026,21:30:16,RAM,752/7620MB,(lfb,31x4MB),SWAP,349/3810MB,(cached,2MB),CPU,[0%@1344,8%@1344,0%@1344,0%@1344,0%@1344,0%@1344],GR3D_FREQ,0%,cpu@51.687C,soc2@49.5C,soc0@50.406C,gpu@51.093C,tj@51.687C,soc1@50.812C,VDD_IN,5555mW/5656mW,VDD_CPU_GPU_CV,1305mW/1309mW,VDD_SOC,2376mW/2379mW
07-26-2026,21:30:16,RAM,752/7620MB,(lfb,31x4MB),SWAP,349/3810MB,(cached,2MB),CPU,[0%@1344,0%@1344,0%@1344,0%@1344,0%@1344,0%@1344],GR3D_FREQ,0%,cpu@51.312C,soc2@49.562C,soc0@50.468C,gpu@51.281C,tj@51.437C,soc1@50.531C,VDD_IN,5555mW/5656mW,VDD_CPU_GPU_CV,1305mW/1309mW,VDD_SOC,2376mW/2379mW
07-26-2026,21:30:16,RAM,752/7620MB,(lfb,31x4MB),SWAP,349/3810MB,(cached,2MB),CPU,[0%@1344,0%@1344,0%@1344,0%@1344,0%@1344,0%@1344],GR3D_FREQ,0%,cpu@51.437C,soc2@49.5C,soc0@50.593C,gpu@51.156C,tj@51.437C,soc1@50.5C,VDD_IN,5555mW/5656mW,VDD_CPU_GPU_CV,1307mW/1309mW,VDD_SOC,2376mW/2379mW
07-26-2026,21:30:16,RAM,752/7620MB,(lfb,31x4MB),SWAP,349/3810MB,(cached,2MB),CPU,[0%@1344,0%@1344,0%@1344,0%@1344,0%@1344,0%@1344],GR3D_FREQ,0%,cpu@51.531C,soc2@49.656C,soc0@50.593C,gpu@51.875C,tj@51.875C,soc1@50.718C,VDD_IN,5555mW/5656mW,VDD_CPU_GPU_CV,1307mW/1309mW,VDD_SOC,2376mW/2379mW
07-26-2026,21:30:16,RAM,752/7620MB,(lfb,31x4MB),SWAP,349/3810MB,(cached,2MB),CPU,[0%@1344,0%@1344,0%@1344,0%@1344,0%@1344,0%@1344],GR3D_FREQ,0%,cpu@51.718C,soc2@49.656C,soc0@50.406C,gpu@51.281C,tj@51.718C,soc1@50.781C,VDD_IN,5594mW/5656mW,VDD_CPU_GPU_CV,1307mW/1309mW,VDD_SOC,2376mW/2379mW
07-26-2026,21:30:16,RAM,752/7620MB,(lfb,31x4MB),SWAP,349/3810MB,(cached,2MB),CPU,[0%@1344,0%@1344,0%@1344,0%@1344,0%@1344,0%@1344],GR3D_FREQ,0%,cpu@51.906C,soc2@49.5C,soc0@50.468C,gpu@51.312C,tj@51.906C,soc1@50.531C,VDD_IN,5594mW/5656mW,VDD_CPU_GPU_CV,1305mW/1309mW,VDD_SOC,2376mW/2379mW
07-26-2026,21:30:16,RAM,752/7620MB,(lfb,31x4MB),SWAP,349/3810MB,(cached,2MB),CPU,[0%@1344,0%@1344,0%@1344,0%@1344,0%@1344,0%@1344],GR3D_FREQ,0%,cpu@51.468C,soc2@49.562C,soc0@50.437C,gpu@51.343C,tj@51.468C,soc1@50.593C,VDD_IN,5585mW/5656mW,VDD_CPU_GPU_CV,1305mW/1309mW,VDD_SOC,2376mW/2379mW
07-26-2026,21:30:16,RAM,752/7620MB,(lfb,31x4MB),SWAP,349/3810MB,(cached,2MB),CPU,[0%@1344,0%@1344,0%@1344,0%@1344,0%@1344,0%@1344],GR3D_FREQ,0%,cpu@51.437C,soc2@49.593C,soc0@50.562C,gpu@51.312C,tj@51.437C,soc1@50.625C,VDD_IN,5594mW/5656mW,VDD_CPU_GPU_CV,1305mW/1309mW,VDD_SOC,2376mW/2379mW
07-26-2026,21:30:16,RAM,752/7620MB,(lfb,31x4MB),SWAP,349/3810MB,(cached,2MB),CPU,[0%@1344,0%@1344,0%@1344,0%@1344,0%@1344,0%@1344],GR3D_FREQ,0%,cpu@51.625C,soc2@49.625C,soc0@50.375C,gpu@51.187C,tj@51.625C,soc1@50.687C,VDD_IN,5594mW/5656mW,VDD_CPU_GPU_CV,1305mW/1309mW,VDD_SOC,2376mW/2379mW
07-26-2026,21:30:16,RAM,752/7620MB,(lfb,31x4MB),SWAP,349/3810MB,(cached,2MB),CPU,[0%@1344,0%@1344,0%@1344,0%@1344,0%@1344,0%@1344],GR3D_FREQ,0%,cpu@51.75C,soc2@49.625C,soc0@50.437C,gpu@51.312C,tj@51.75C,soc1@50.5C,VDD_IN,5585mW/5656mW,VDD_CPU_GPU_CV,1305mW/1309mW,VDD_SOC,2376mW/2379mW
07-26-2026,21:30:17,RAM,752/7620MB,(lfb,31x4MB),SWAP,349/3810MB,(cached,2MB),CPU,[0%@1344,0%@1344,0%@1344,0%@1344,0%@1344,0%@1344],GR3D_FREQ,0%,cpu@51.281C,soc2@49.562C,soc0@50.468C,gpu@51.218C,tj@51.281C,soc1@50.5C,VDD_IN,5594mW/5656mW,VDD_CPU_GPU_CV,1307mW/1309mW,VDD_SOC,2376mW/2379mW
07-26-2026,21:30:17,RAM,752/7620MB,(lfb,31x4MB),SWAP,349/3810MB,(cached,2MB),CPU,[0%@1344,0%@1344,0%@1344,0%@1344,0%@1344,0%@1344],GR3D_FREQ,0%,cpu@51.468C,soc2@49.625C,soc0@50.531C,gpu@51.156C,tj@51.468C,soc1@50.593C,VDD_IN,5555mW/5656mW,VDD_CPU_GPU_CV,1307mW/1309mW,VDD_SOC,2376mW/2379mW
07-26-2026,21:30:17,RAM,752/7620MB,(lfb,31x4MB),SWAP,349/3810MB,(cached,2MB),CPU,[0%@1344,0%@1344,0%@1344,0%@1344,0%@1344,0%@1344],GR3D_FREQ,0%,cpu@51.562C,soc2@49.625C,soc0@50.593C,gpu@51.25C,tj@51.562C,soc1@50.687C,VDD_IN,5555mW/5656mW,VDD_CPU_GPU_CV,1307mW/1309mW,VDD_SOC,2376mW/2379mW
07-26-2026,21:30:17,RAM,752/7620MB,(lfb,31x4MB),SWAP,349/3810MB,(cached,2MB),CPU,[0%@1344,0%@1344,0%@1344,0%@1344,0%@1344,0%@1344],GR3D_FREQ,0%,cpu@51.781C,soc2@49.687C,soc0@50.406C,gpu@51.218C,tj@51.781C,soc1@50.75C,VDD_IN,5555mW/5656mW,VDD_CPU_GPU_CV,1307mW/1309mW,VDD_SOC,2376mW/2379mW
07-26-2026,21:30:17,RAM,753/7620MB,(lfb,31x4MB),SWAP,349/3810MB,(cached,2MB),CPU,[0%@1344,0%@1344,0%@1344,9%@1344,0%@1344,0%@1344],GR3D_FREQ,0%,cpu@51.906C,soc2@49.5C,soc0@50.343C,gpu@51.25C,tj@51.906C,soc1@50.5C,VDD_IN,5594mW/5656mW,VDD_CPU_GPU_CV,1305mW/1309mW,VDD_SOC,2376mW/2379mW
07-26-2026,21:30:17,RAM,753/7620MB,(lfb,31x4MB),SWAP,349/3810MB,(cached,2MB),CPU,[0%@1344,0%@1344,0%@1344,0%@1344,0%@1344,0%@1344],GR3D_FREQ,0%,cpu@51.312C,soc2@49.562C,soc0@50.468C,gpu@51.281C,tj@51.468C,soc1@50.593C,VDD_IN,5585mW/5656mW,VDD_CPU_GPU_CV,1305mW/1309mW,VDD_SOC,2376mW/2379mW
07-26-2026,21:30:17,RAM,753/7620MB,(lfb,31x4MB),SWAP,349/3810MB,(cached,2MB),CPU,[0%@1344,0%@1344,0%@1344,0%@1344,0%@1344,0%@1344],GR3D_FREQ,0%,cpu@51.593C,soc2@49.593C,soc0@50.593C,gpu@51.218C,tj@51.593C,soc1@50.625C,VDD_IN,5594mW/5656mW,VDD_CPU_GPU_CV,1305mW/1309mW,VDD_SOC,2376mW/2379mW
07-26-2026,21:30:17,RAM,753/7620MB,(lfb,31x4MB),SWAP,349/3810MB,(cached,2MB),CPU,[0%@1344,0%@1344,0%@1344,0%@1344,0%@1344,0%@1344],GR3D_FREQ,0%,cpu@51.625C,soc2@49.625C,soc0@50.718C,gpu@51.375C,tj@51.625C,soc1@50.656C,VDD_IN,5594mW/5656mW,VDD_CPU_GPU_CV,1305mW/1309mW,VDD_SOC,2376mW/2379mW
07-26-2026,21:30:17,RAM,753/7620MB,(lfb,31x4MB),SWAP,349/3810MB,(cached,2MB),CPU,[0%@1344,0%@1344,0%@1344,0%@1344,0%@1344,0%@1344],GR3D_FREQ,0%,cpu@51.812C,soc2@49.531C,soc0@50.406C,gpu@51.281C,tj@51.812C,soc1@50.5C,VDD_IN,5585mW/5655mW,VDD_CPU_GPU_CV,1305mW/1309mW,VDD_SOC,2376mW/2379mW
07-26-2026,21:30:18,RAM,753/7620MB,(lfb,31x4MB),SWAP,349/3810MB,(cached,2MB),CPU,[0%@1344,0%@1344,0%@1344,0%@1344,0%@1344,0%@1344],GR3D_FREQ,0%,cpu@51.343C,soc2@49.531C,soc0@50.468C,gpu@51.156C,tj@51.343C,soc1@50.5C,VDD_IN,5546mW/5655mW,VDD_CPU_GPU_CV,1305mW/1309mW,VDD_SOC,2376mW/2379mW
07-26-2026,21:30:18,RAM,753/7620MB,(lfb,31x4MB),SWAP,349/3810MB,(cached,2MB),CPU,[0%@1344,0%@1344,0%@1344,0%@1344,0%@1344,0%@1344],GR3D_FREQ,0%,cpu@51.562C,soc2@49.593C,soc0@50.531C,gpu@51.375C,tj@51.562C,soc1@50.531C,VDD_IN,5546mW/5655mW,VDD_CPU_GPU_CV,1305mW/1309mW,VDD_SOC,2376mW/2379mW
07-26-2026,21:30:18,RAM,753/7620MB,(lfb,31x4MB),SWAP,349/3810MB,(cached,2MB),CPU,[0%@1344,9%@1344,0%@1344,0%@1344,0%@1344,0%@1344],GR3D_FREQ,0%,cpu@51.562C,soc2@49.593C,soc0@50.625C,gpu@51.281C,tj@51.593C,soc1@50.718C,VDD_IN,5555mW/5655mW,VDD_CPU_GPU_CV,1305mW/1309mW,VDD_SOC,2376mW/2379mW
07-26-2026,21:30:18,RAM,753/7620MB,(lfb,31x4MB),SWAP,349/3810MB,(cached,2MB),CPU,[0%@1344,0%@1344,0%@1344,0%@1344,0%@1344,0%@1344],GR3D_FREQ,0%,cpu@51.781C,soc2@49.656C,soc0@50.406C,gpu@51.218C,tj@51.781C,soc1@50.656C,VDD_IN,5555mW/5655mW,VDD_CPU_GPU_CV,1305mW/1309mW,VDD_SOC,2376mW/2379mW
07-26-2026,21:30:18,RAM,753/7620MB,(lfb,31x4MB),SWAP,349/3810MB,(cached,2MB),CPU,[0%@1344,0%@1344,0%@1344,0%@1344,0%@1344,0%@1344],GR3D_FREQ,0%,cpu@51.343C,soc2@49.5C,soc0@50.375C,gpu@51.25C,tj@51.343C,soc1@50.562C,VDD_IN,5555mW/5655mW,VDD_CPU_GPU_CV,1307mW/1309mW,VDD_SOC,2376mW/2379mW
07-26-2026,21:30:18,RAM,752/7620MB,(lfb,31x4MB),SWAP,349/3810MB,(cached,2MB),CPU,[9%@1344,0%@1344,0%@1344,9%@1344,9%@1344,0%@1344],GR3D_FREQ,0%,cpu@51.406C,soc2@49.5C,soc0@50.5C,gpu@51.343C,tj@51.468C,soc1@50.5C,VDD_IN,5594mW/5655mW,VDD_CPU_GPU_CV,1307mW/1309mW,VDD_SOC,2376mW/2379mW
07-26-2026,21:30:18,RAM,752/7620MB,(lfb,31x4MB),SWAP,349/3810MB,(cached,2MB),CPU,[8%@1344,8%@1344,0%@1344,0%@1344,0%@1344,0%@1344],GR3D_FREQ,0%,cpu@51.593C,soc2@49.593C,soc0@50.656C,gpu@51.312C,tj@51.593C,soc1@50.687C,VDD_IN,5594mW/5655mW,VDD_CPU_GPU_CV,1307mW/1309mW,VDD_SOC,2376mW/2379mW
07-26-2026,21:30:18,RAM,752/7620MB,(lfb,31x4MB),SWAP,349/3810MB,(cached,2MB),CPU,[0%@1344,0%@1344,0%@1344,0%@1344,0%@1344,0%@1344],GR3D_FREQ,0%,cpu@51.687C,soc2@49.593C,soc0@50.437C,gpu@51.406C,tj@51.687C,soc1@50.687C,VDD_IN,5594mW/5655mW,VDD_CPU_GPU_CV,1307mW/1309mW,VDD_SOC,2376mW/2379mW
07-26-2026,21:30:18,RAM,752/7620MB,(lfb,31x4MB),SWAP,349/3810MB,(cached,2MB),CPU,[0%@1344,0%@1344,0%@1344,0%@1344,0%@1344,0%@1344],GR3D_FREQ,0%,cpu@51.812C,soc2@49.687C,soc0@50.406C,gpu@51.281C,tj@51.812C,soc1@50.781C,VDD_IN,5594mW/5655mW,VDD_CPU_GPU_CV,1307mW/1309mW,VDD_SOC,2376mW/2379mW
07-26-2026,21:30:18,RAM,752/7620MB,(lfb,31x4MB),SWAP,349/3810MB,(cached,2MB),CPU,[0%@1344,0%@1344,0%@1344,0%@1344,0%@1344,0%@1344],GR3D_FREQ,0%,cpu@51.437C,soc2@49.562C,soc0@50.437C,gpu@51.375C,tj@51.437C,soc1@50.593C,VDD_IN,5594mW/5655mW,VDD_CPU_GPU_CV,1305mW/1309mW,VDD_SOC,2376mW/2379mW
07-26-2026,21:30:19,RAM,752/7620MB,(lfb,31x4MB),SWAP,349/3810MB,(cached,2MB),CPU,[0%@1344,0%@1344,0%@1344,0%@1344,0%@1344,0%@1344],GR3D_FREQ,0%,cpu@51.625C,soc2@49.531C,soc0@50.5C,gpu@51.343C,tj@51.625C,soc1@50.656C,VDD_IN,5555mW/5655mW,VDD_CPU_GPU_CV,1307mW/1309mW,VDD_SOC,2376mW/2379mW
07-26-2026,21:30:19,RAM,752/7620MB,(lfb,31x4MB),SWAP,349/3810MB,(cached,2MB),CPU,[0%@1344,0%@1344,0%@1344,0%@1344,0%@1344,0%@1344],GR3D_FREQ,0%,cpu@51.531C,soc2@49.656C,soc0@50.625C,gpu@51.218C,tj@51.531C,soc1@50.625C,VDD_IN,5546mW/5655mW,VDD_CPU_GPU_CV,1305mW/1309mW,VDD_SOC,2376mW/2379mW
07-26-2026,21:30:19,RAM,752/7620MB,(lfb,31x4MB),SWAP,349/3810MB,(cached,2MB),CPU,[0%@1344,0%@1344,0%@1344,0%@1344,0%@1344,0%@1344],GR3D_FREQ,0%,cpu@51.75C,soc2@49.562C,soc0@50.468C,gpu@51.437C,tj@51.75C,soc1@50.687C,VDD_IN,5555mW/5655mW,VDD_CPU_GPU_CV,1307mW/1309mW,VDD_SOC,2376mW/2379mW
07-26-2026,21:30:19,RAM,752/7620MB,(lfb,31x4MB),SWAP,349/3810MB,(cached,2MB),CPU,[0%@1344,0%@1344,0%@1344,0%@1344,0%@1344,0%@1344],GR3D_FREQ,0%,cpu@51.468C,soc2@49.5C,soc0@50.437C,gpu@51.25C,tj@51.25C,soc1@50.5C,VDD_IN,5546mW/5655mW,VDD_CPU_GPU_CV,1305mW/1309mW,VDD_SOC,2376mW/2379mW
07-26-2026,21:30:19,RAM,752/7620MB,(lfb,31x4MB),SWAP,349/3810MB,(cached,2MB),CPU,[0%@1344,8%@1344,9%@1344,0%@1344,0%@1344,0%@1344],GR3D_FREQ,0%,cpu@51.406C,soc2@49.562C,soc0@50.5C,gpu@51.593C,tj@51.406C,soc1@50.468C,VDD_IN,5594mW/5655mW,VDD_CPU_GPU_CV,1307mW/1309mW,VDD_SOC,2376mW/2379mW
07-26-2026,21:30:19,RAM,752/7620MB,(lfb,31x4MB),SWAP,349/3810MB,(cached,2MB),CPU,[0%@1344,0%@1344,0%@1344,0%@1344,9%@1344,0%@1344],GR3D_FREQ,0%,cpu@51.625C,soc2@49.656C,soc0@50.593C,gpu@51.375C,tj@51.625C,soc1@50.531C,VDD_IN,5594mW/5655mW,VDD_CPU_GPU_CV,1307mW/1309mW,VDD_SOC,2376mW/2379mW
07-26-2026,21:30:19,RAM,752/7620MB,(lfb,31x4MB),SWAP,349/3810MB,(cached,2MB),CPU,[0%@1344,0%@1344,0%@1344,0%@1344,0%@1344,0%@1344],GR3D_FREQ,0%,cpu@51.75C,soc2@49.562C,soc0@50.343C,gpu@51.218C,tj@51.75C,soc1@50.656C,VDD_IN,5585mW/5655mW,VDD_CPU_GPU_CV,1305mW/1309mW,VDD_SOC,2376mW/2379mW
07-26-2026,21:30:19,RAM,752/7620MB,(lfb,31x4MB),SWAP,349/3810MB,(cached,2MB),CPU,[0%@1344,0%@1344,0%@1344,0%@1344,0%@1344,0%@1344],GR3D_FREQ,0%,cpu@51.843C,soc2@49.531C,soc0@50.468C,gpu@51.5C,tj@51.843C,soc1@50.781C,VDD_IN,5585mW/5655mW,VDD_CPU_GPU_CV,1307mW/1309mW,VDD_SOC,2376mW/2379mW
07-26-2026,21:30:19,RAM,752/7620MB,(lfb,31x4MB),SWAP,349/3810MB,(cached,2MB),CPU,[0%@1344,0%@1344,0%@1344,0%@1344,0%@1344,0%@1344],GR3D_FREQ,0%,cpu@51.375C,soc2@49.531C,soc0@50.468C,gpu@51.343C,tj@51.375C,soc1@50.562C,VDD_IN,5594mW/5655mW,VDD_CPU_GPU_CV,1307mW/1309mW,VDD_SOC,2376mW/2379mW
07-26-2026,21:30:20,RAM,752/7620MB,(lfb,31x4MB),SWAP,349/3810MB,(cached,2MB),CPU,[0%@1344,0%@1344,0%@1344,0%@1344,0%@1344,0%@1344],GR3D_FREQ,0%,cpu@51.437C,soc2@49.5C,soc0@50.468C,gpu@51.218C,tj@51.562C,soc1@50.468C,VDD_IN,5585mW/5655mW,VDD_CPU_GPU_CV,1305mW/1309mW,VDD_SOC,2376mW/2379mW
07-26-2026,21:30:20,RAM,752/7620MB,(lfb,31x4MB),SWAP,349/3810MB,(cached,2MB),CPU,[0%@1344,0%@1344,0%@1344,0%@1344,0%@1344,0%@1344],GR3D_FREQ,0%,cpu@51.656C,soc2@49.625C,soc0@50.687C,gpu@51.562C,tj@51.656C,soc1@50.625C,VDD_IN,5585mW/5655mW,VDD_CPU_GPU_CV,1305mW/1309mW,VDD_SOC,2376mW/2379mW
07-26-2026,21:30:20,RAM,752/7620MB,(lfb,31x4MB),SWAP,349/3810MB,(cached,2MB),CPU,[0%@1344,0%@1344,0%@1344,0%@1344,0%@1344,0%@1344],GR3D_FREQ,0%,cpu@51.718C,soc2@49.531C,soc0@50.343C,gpu@51.375C,tj@51.718C,soc1@50.687C,VDD_IN,5546mW/5655mW,VDD_CPU_GPU_CV,1307mW/1309mW,VDD_SOC,2376mW/2379mW
07-26-2026,21:30:20,RAM,752/7620MB,(lfb,31x4MB),SWAP,349/3810MB,(cached,2MB),CPU,[0%@1344,0%@1344,0%@1344,0%@1344,0%@1344,0%@1344],GR3D_FREQ,0%,cpu@51.406C,soc2@49.562C,soc0@50.468C,gpu@51.218C,tj@51.375C,soc1@50.468C,VDD_IN,5555mW/5655mW,VDD_CPU_GPU_CV,1307mW/1309mW,VDD_SOC,2376mW/2379mW
07-26-2026,21:30:20,RAM,752/7620MB,(lfb,31x4MB),SWAP,349/3810MB,(cached,2MB),CPU,[0%@1344,0%@1344,0%@1344,0%@1344,0%@1344,0%@1344],GR3D_FREQ,0%,cpu@51.312C,soc2@49.562C,soc0@50.5C,gpu@51.375C,tj@51.375C,soc1@50.562C,VDD_IN,5546mW/5655mW,VDD_CPU_GPU_CV,1305mW/1309mW,VDD_SOC,2376mW/2379mW
