07-27-2026,10:07:53,RAM,870/7620MB,(lfb,17x4MB),SWAP,153/3810MB,(cached,2MB),CPU,[0%@1344,0%@1344,0%@1344,0%@1344,0%@1344,8%@1344],GR3D_FREQ,0%,cpu@51.656C,soc2@49.75C,soc0@50.656C,gpu@51.531C,tj@51.75C,soc1@50.843C,VDD_IN,5585mW/5585mW,VDD_CPU_GPU_CV,1305mW/1305mW,VDD_SOC,2373mW/2373mW
07-27-2026,10:07:53,RAM,870/7620MB,(lfb,17x4MB),SWAP,153/3810MB,(cached,2MB),CPU,[0%@1344,0%@1344,0%@1344,0%@1344,0%@1344,0%@1344],GR3D_FREQ,0%,cpu@51.875C,soc2@49.906C,soc0@50.75C,gpu@51.906C,tj@51.906C,soc1@50.781C,VDD_IN,5585mW/5585mW,VDD_CPU_GPU_CV,1305mW/1305mW,VDD_SOC,2373mW/2373mW
07-27-2026,10:07:53,RAM,870/7620MB,(lfb,17x4MB),SWAP,153/3810MB,(cached,2MB),CPU,[8%@1344,0%@1344,0%@1344,0%@1344,0%@1344,0%@1344],GR3D_FREQ,0%,cpu@51.937C,soc2@49.843C,soc0@50.531C,gpu@51.812C,tj@51.937C,soc1@50.968C,VDD_IN,5585mW/5585mW,VDD_CPU_GPU_CV,1305mW/1305mW,VDD_SOC,2373mW/2373mW
07-27-2026,10:07:54,RAM,869/7620MB,(lfb,17x4MB),SWAP,153/3810MB,(cached,2MB),CPU,[0%@1344,0%@1344,0%@1344,0%@1344,0%@1344,0%@1344],GR3D_FREQ,0%,cpu@52C,soc2@49.937C,soc0@50.656C,gpu@51.468C,tj@52C,soc1@51.031C,VDD_IN,5585mW/5585mW,VDD_CPU_GPU_CV,1305mW/1305mW,VDD_SOC,2376mW/2374mW
07-27-2026,10:07:54,RAM,869/7620MB,(lfb,17x4MB),SWAP,153/3810MB,(cached,2MB),CPU,[0%@1344,0%@1344,0%@1344,0%@1344,0%@1344,0%@1344],GR3D_FREQ,0%,cpu@51.625C,soc2@49.843C,soc0@50.687C,gpu@51.937C,tj@51.937C,soc1@50.781C,VDD_IN,5585mW/5585mW,VDD_CPU_GPU_CV,1305mW/1305mW,VDD_SOC,2373mW/2374mW
07-27-2026,10:07:54,RAM,869/7620MB,(lfb,17x4MB),SWAP,153/3810MB,(cached,2MB),CPU,[0%@1344,0%@1344,0%@1344,0%@1344,0%@1344,0%@1344],GR3D_FREQ,0%,cpu@51.843C,soc2@49.843C,soc0@50.781C,gpu@51.531C,tj@51.843C,soc1@50.906C,VDD_IN,5585mW/5585mW,VDD_CPU_GPU_CV,1305mW/1305mW,VDD_SOC,2373mW/2374mW
07-27-2026,10:07:54,RAM,869/7620MB,(lfb,17x4MB),SWAP,153/3810MB,(cached,2MB),CPU,[0%@1344,0%@1344,0%@1344,0%@1344,0%@1344,0%@1344],GR3D_FREQ,0%,cpu@51.906C,soc2@49.843C,soc0@50.843C,gpu@52.031C,tj@52.031C,soc1@50.937C,VDD_IN,5585mW/5585mW,VDD_CPU_GPU_CV,1305mW/1305mW,VDD_SOC,2373mW/2373mW
07-27-2026,10:07:54,RAM,869/7620MB,(lfb,17x4MB),SWAP,153/3810MB,(cached,2MB),CPU,[0%@1344,0%@1344,0%@1344,0%@1344,0%@1344,0%@1344],GR3D_FREQ,0%,cpu@51.937C,soc2@49.812C,soc0@50.625C,gpu@51.843C,tj@51.937C,soc1@51.062C,VDD_IN,5585mW/5585mW,VDD_CPU_GPU_CV,1305mW/1305mW,VDD_SOC,2376mW/2374mW
07-27-2026,10:07:54,RAM,869/7620MB,(lfb,17x4MB),SWAP,153/3810MB,(cached,2MB),CPU,[0%@1344,9%@1344,0%@1344,0%@1344,0%@1344,0%@1344],GR3D_FREQ,0%,cpu@52.125C,soc2@49.843C,soc0@50.625C,gpu@51.531C,tj@52.125C,soc1@50.75C,VDD_IN,5585mW/5585mW,VDD_CPU_GPU_CV,1305mW/1305mW,VDD_SOC,2376mW/2374mW
07-27-2026,10:07:54,RAM,869/7620MB,(lfb,17x4MB),SWAP,153/3810MB,(cached,2MB),CPU,[0%@1344,0%@1344,0%@1344,0%@1344,0%@1344,0%@1344],GR3D_FREQ,0%,cpu@51.781C,soc2@49.937C,soc0@50.625C,gpu@51.968C,tj@51.968C,soc1@50.781C,VDD_IN,5585mW/5585mW,VDD_CPU_GPU_CV,1305mW/1305mW,VDD_SOC,2376mW/2374mW
07-27-2026,10:07:54,RAM,869/7620MB,(lfb,17x4MB),SWAP,153/3810MB,(cached,2MB),CPU,[0%@1344,0%@1344,0%@1344,0%@1344,0%@1344,0%@1344],GR3D_FREQ,0%,cpu@51.843C,soc2@49.843C,soc0@50.812C,gpu@51.75C,tj@51.843C,soc1@50.875C,VDD_IN,5585mW/5585mW,VDD_CPU_GPU_CV,1305mW/1305mW,VDD_SOC,2376mW/2374mW
07-27-2026,10:07:54,RAM,869/7620MB,(lfb,17x4MB),SWAP,153/3810MB,(cached,2MB),CPU,[0%@1344,0%@1344,0%@1344,0%@1344,0%@1344,0%@1344],GR3D_FREQ,0%,cpu@52.031C,soc2@49.906C,soc0@50.562C,gpu@51.437C,tj@52.031C,soc1@51C,VDD_IN,5585mW/5585mW,VDD_CPU_GPU_CV,1305mW/1305mW,VDD_SOC,2373mW/2374mW
07-27-2026,10:07:55,RAM,869/7620MB,(lfb,17x4MB),SWAP,153/3810MB,(cached,2MB),CPU,[0%@1344,8%@1344,0%@1344,0%@1344,0%@1344,0%@1344],GR3D_FREQ,0%,cpu@52.031C,soc2@49.75C,soc0@50.5C,gpu@52C,tj@52.031C,soc1@51.156C,VDD_IN,5585mW/5585mW,VDD_CPU_GPU_CV,1305mW/1305mW,VDD_SOC,2373mW/2374mW
07-27-2026,10:07:55,RAM,869/7620MB,(lfb,17x4MB),SWAP,153/3810MB,(cached,2MB),CPU,[0%@1344,0%@1344,0%@1344,0%@1344,0%@1344,9%@1344],GR3D_FREQ,0%,cpu@51.562C,soc2@49.843C,soc0@50.625C,gpu@51.75C,tj@51.812C,soc1@50.687C,VDD_IN,5585mW/5585mW,VDD_CPU_GPU_CV,1305mW/1305mW,VDD_SOC,2376mW/2374mW
07-27-2026,10:07:55,RAM,869/7620MB,(lfb,17x4MB),SWAP,153/3810MB,(cached,2MB),CPU,[0%@1344,0%@1344,0%@1344,0%@1344,0%@1344,0%@1344],GR3D_FREQ,0%,cpu@51.843C,soc2@49.812C,soc0@50.781C,gpu@51.437C,tj@51.843C,soc1@50.812C,VDD_IN,5585mW/5585mW,VDD_CPU_GPU_CV,1305mW/1305mW,VDD_SOC,2376mW/2374mW
07-27-2026,10:07:55,RAM,869/7620MB,(lfb,17x4MB),SWAP,153/3810MB,(cached,2MB),CPU,[0%@1344,0%@1344,0%@1344,0%@1344,0%@1344,0%@1344],GR3D_FREQ,0%,cpu@51.875C,soc2@49.875C,soc0@50.781C,gpu@52.062C,tj@52.062C,soc1@50.968C,VDD_IN,5585mW/5585mW,VDD_CPU_GPU_CV,1305mW/1305mW,VDD_SOC,2373mW/2374mW
07-27-2026,10:07:55,RAM,869/7620MB,(lfb,17x4MB),SWAP,153/3810MB,(cached,2MB),CPU,[0%@1344,0%@1344,0%@1344,0%@1344,0%@1344,0%@1344],GR3D_FREQ,0%,cpu@52C,soc2@49.906C,soc0@50.656C,gpu@51.718C,tj@52C,soc1@51.187C,VDD_IN,5585mW/5585mW,VDD_CPU_GPU_CV,1305mW/1305mW,VDD_SOC,2376mW/2374mW
07-27-2026,10:07:55,RAM,869/7620MB,(lfb,17x4MB),SWAP,153/3810MB,(cached,2MB),CPU,[0%@1344,0%@1344,0%@1344,0%@1344,0%@1344,0%@1344],GR3D_FREQ,0%,cpu@52.093C,soc2@49.781C,soc0@50.687C,gpu@51.406C,tj@52.093C,soc1@50.843C,VDD_IN,5585mW/5585mW,VDD_CPU_GPU_CV,1305mW/1305mW,VDD_SOC,2373mW/2374mW
07-27-2026,10:07:55,RAM,869/7620MB,(lfb,17x4MB),SWAP,153/3810MB,(cached,2MB),CPU,[0%@1344,0%@1344,0%@1344,0%@1344,0%@1344,0%@1344],GR3D_FREQ,0%,cpu@51.718C,soc2@49.812C,soc0@50.687C,gpu@51.906C,tj@51.906C,soc1@50.812C,VDD_IN,5585mW/5585mW,VDD_CPU_GPU_CV,1305mW/1305mW,VDD_SOC,2376mW/2374mW
07-27-2026,10:07:55,RAM,869/7620MB,(lfb,17x4MB),SWAP,153/3810MB,(cached,2MB),CPU,[0%@1344,0%@1344,0%@1344,0%@1344,0%@1344,0%@1344],GR3D_FREQ,0%,cpu@51.875C,soc2@49.875C,soc0@50.843C,gpu@51.468C,tj@51.875C,soc1@50.781C,VDD_IN,5585mW/5585mW,VDD_CPU_GPU_CV,1305mW/1305mW,VDD_SOC,2373mW/2374mW
07-27-2026,10:07:55,RAM,869/7620MB,(lfb,17x4MB),SWAP,153/3810MB,(cached,2MB),CPU,[0%@1344,0%@1344,0%@1344,0%@1344,0%@1344,0%@1344],GR3D_FREQ,0%,cpu@52C,soc2@49.875C,soc0@50.625C,gpu@51.468C,tj@52C,soc1@51.031C,VDD_IN,5585mW/5585mW,VDD_CPU_GPU_CV,1305mW/1305mW,VDD_SOC,2373mW/2374mW
07-27-2026,10:07:55,RAM,869/7620MB,(lfb,17x4MB),SWAP,153/3810MB,(cached,2MB),CPU,[0%@1344,0%@1344,0%@1344,0%@1344,0%@1344,0%@1344],GR3D_FREQ,0%,cpu@52.062C,soc2@49.781C,soc0@50.687C,gpu@51.875C,tj@52.062C,soc1@50.75C,VDD_IN,5585mW/5585mW,VDD_CPU_GPU_CV,1305mW/1305mW,VDD_SOC,2373mW/2374mW
07-27-2026,10:07:56,RAM,869/7620MB,(lfb,17x4MB),SWAP,153/3810MB,(cached,2MB),CPU,[0%@1344,0%@1344,0%@1344,0%@1344,0%@1344,0%@1344],GR3D_FREQ,0%,cpu@51.718C,soc2@49.812C,soc0@50.625C,gpu@51.687C,tj@51.718C,soc1@50.812C,VDD_IN,5585mW/5585mW,VDD_CPU_GPU_CV,1305mW/1305mW,VDD_SOC,2373mW/2374mW
07-27-2026,10:07:56,RAM,869/7620MB,(lfb,17x4MB),SWAP,153/3810MB,(cached,2MB),CPU,[0%@1344,0%@1344,0%@1344,0%@1344,0%@1344,0%@1344],GR3D_FREQ,0%,cpu@51.812C,soc2@49.843C,soc0@50.781C,gpu@52.031C,tj@52.031C,soc1@50.781C,VDD_IN,5585mW/5585mW,VDD_CPU_GPU_CV,1305mW/1305mW,VDD_SOC,2373mW/2374mW
07-27-2026,10:07:56,RAM,869/7620MB,(lfb,17x4MB),SWAP,153/3810MB,(cached,2MB),CPU,[0%@1344,0%@1344,0%@1344,0%@1344,0%@1344,0%@1344],GR3D_FREQ,0%,cpu@51.968C,soc2@49.968C,soc0@50.562C,gpu@51.875C,tj@51.968C,soc1@50.875C,VDD_IN,5585mW/5585mW,VDD_CPU_GPU_CV,1305mW/1305mW,VDD_SOC,2373mW/2374mW
07-27-2026,10:07:56,RAM,869/7620MB,(lfb,17x4MB),SWAP,153/3810MB,(cached,2MB),CPU,[0%@1344,0%@1344,0%@1344,0%@1344,0%@1344,0%@1344],GR3D_FREQ,0%,cpu@52C,soc2@49.781C,soc0@50.687C,gpu@51.687C,tj@52C,soc1@51.125C,VDD_IN,5585mW/5585mW,VDD_CPU_GPU_CV,1305mW/1305mW,VDD_SOC,2373mW/2374mW
07-27-2026,10:07:56,RAM,869/7620MB,(lfb,17x4MB),SWAP,153/3810MB,(cached,2MB),CPU,[0%@1344,0%@1344,0%@1344,0%@1344,0%@1344,0%@1344],GR3D_FREQ,0%,cpu@51.781C,soc2@49.812C,soc0@50.687C,gpu@52.156C,tj@52.156C,soc1@50.843C,VDD_IN,5585mW/5585mW,VDD_CPU_GPU_CV,1305mW/1305mW,VDD_SOC,2373mW/2374mW
07-27-2026,10:07:56,RAM,869/7620MB,(lfb,17x4MB),SWAP,153/3810MB,(cached,2MB),CPU,[0%@1344,9%@1344,0%@1344,0%@1344,0%@1344,0%@1344],GR3D_FREQ,0%,cpu@51.812C,soc2@49.812C,soc0@50.781C,gpu@51.781C,tj@51.812C,soc1@50.875C,VDD_IN,5585mW/5585mW,VDD_CPU_GPU_CV,1305mW/1305mW,VDD_SOC,2373mW/2374mW
07-27-2026,10:07:56,RAM,869/7620MB,(lfb,17x4MB),SWAP,153/3810MB,(cached,2MB),CPU,[0%@1344,0%@1344,0%@1344,0%@1344,0%@1344,0%@1344],GR3D_FREQ,0%,cpu@51.968C,soc2@49.937C,soc0@50.656C,gpu@51.625C,tj@51.968C,soc1@50.937C,VDD_IN,5585mW/5585mW,VDD_CPU_GPU_CV,1305mW/1305mW,VDD_SOC,2373mW/2374mW
07-27-2026,10:07:56,RAM,869/7620MB,(lfb,17x4MB),SWAP,153/3810MB,(cached,2MB),CPU,[0%@1344,0%@1344,0%@1344,0%@1344,0%@1344,0%@1344],GR3D_FREQ,0%,cpu@51.875C,soc2@49.906C,soc0@50.656C,gpu@51.937C,tj@51.937C,soc1@50.937C,VDD_IN,5585mW/5585mW,VDD_CPU_GPU_CV,1305mW/1305mW,VDD_SOC,2373mW/2374mW
07-27-2026,10:07:56,RAM,869/7620MB,(lfb,17x4MB),SWAP,153/3810MB,(cached,2MB),CPU,[9%@1344,0%@1344,0%@1344,0%@1344,0%@1344,0%@1344],GR3D_FREQ,0%,cpu@52.093C,soc2@49.906C,soc0@50.718C,gpu@51.812C,tj@52.093C,soc1@50.75C,VDD_IN,5585mW/5585mW,VDD_CPU_GPU_CV,1305mW/1305mW,VDD_SOC,2373mW/2374mW
07-27-2026,10:07:56,RAM,869/7620MB,(lfb,17x4MB),SWAP,153/3810MB,(cached,2MB),CPU,[8%@1344,0%@1344,0%@1344,0%@1344,0%@1344,0%@1344],GR3D_FREQ,0%,cpu@51.781C,soc2@49.812C,soc0@50.781C,gpu@51.531C,tj@51.781C,soc1@50.687C,VDD_IN,5585mW/5585mW,VDD_CPU_GPU_CV,1305mW/1305mW,VDD_SOC,2373mW/2374mW
07-27-2026,10:07:57,RAM,868/7620MB,(lfb,17x4MB),SWAP,153/3810MB,(cached,2MB),CPU,[0%@1344,0%@1344,8%@1344,0%@1344,0%@1344,0%@1344],GR3D_FREQ,0%,cpu@51.781C,soc2@49.875C,soc0@50.75C,gpu@51.906C,tj@51.906C,soc1@50.906C,VDD_IN,5585mW/5585mW,VDD_CPU_GPU_CV,1305mW/1305mW,VDD_SOC,2373mW/2374mW
07-27-2026,10:07:57,RAM,868/7620MB,(lfb,17x4MB),SWAP,153/3810MB,(cached,2MB),CPU,[0%@1344,0%@1344,0%@1344,0%@1344,0%@1344,0%@1344],GR3D_FREQ,0%,cpu@51.968C,soc2@49.906C,soc0@50.656C,gpu@51.781C,tj@51.968C,soc1@51.062C,VDD_IN,5585mW/5585mW,VDD_CPU_GPU_CV,1305mW/1305mW,VDD_SOC,2373mW/2374mW
07-27-2026,10:07:57,RAM,868/7620MB,(lfb,17x4MB),SWAP,153/3810MB,(cached,2MB),CPU,[0%@1344,0%@1344,0%@1344,0%@1344,0%@1344,0%@1344],GR3D_FREQ,0%,cpu@52C,soc2@49.812C,soc0@50.625C,gpu@51.5C,tj@52C,soc1@51.187C,VDD_IN,5585mW/5585mW,VDD_CPU_GPU_CV,1305mW/1305mW,VDD_SOC,2373mW/2374mW
07-27-2026,10:07:57,RAM,868/7620MB,(lfb,17x4MB),SWAP,153/3810MB,(cached,2MB),CPU,[0%@1344,0%@1344,0%@1344,0%@1344,0%@1344,0%@1344],GR3D_FREQ,0%,cpu@51.812C,soc2@49.843C,soc0@50.625C,gpu@52C,tj@52C,soc1@50.75C,VDD_IN,5585mW/5585mW,VDD_CPU_GPU_CV,1305mW/1305mW,VDD_SOC,2373mW/2374mW
07-27-2026,10:07:57,RAM,868/7620MB,(lfb,17x4MB),SWAP,153/3810MB,(cached,2MB),CPU,[0%@1344,0%@1344,0%@1344,0%@1344,0%@1344,0%@1344],GR3D_FREQ,0%,cpu@51.875C,soc2@49.906C,soc0@50.75C,gpu@51.687C,tj@51.875C,soc1@50.75C,VDD_IN,5585mW/5585mW,VDD_CPU_GPU_CV,1305mW/1305mW,VDD_SOC,2373mW/2374mW
07-27-2026,10:07:57,RAM,868/7620MB,(lfb,17x4MB),SWAP,153/3810MB,(cached,2MB),CPU,[0%@1344,0%@1344,0%@1344,0%@1344,0%@1344,0%@1344],GR3D_FREQ,0%,cpu@51.937C,soc2@49.968C,soc0@50.656C,gpu@51.468C,tj@51.937C,soc1@50.937C,VDD_IN,5585mW/5585mW,VDD_CPU_GPU_CV,1305mW/1305mW,VDD_SOC,2373mW/2374mW
07-27-2026,10:07:57,RAM,868/7620MB,(lfb,17x4MB),SWAP,153/3810MB,(cached,2MB),CPU,[8%@1344,0%@1344,0%@1344,0%@1344,0%@1344,0%@1344],GR3D_FREQ,0%,cpu@51.937C,soc2@49.968C,soc0@50.625C,gpu@51.937C,tj@51.937C,soc1@51C,VDD_IN,5585mW/5585mW,VDD_CPU_GPU_CV,1305mW/1305mW,VDD_SOC,2373mW/2374mW
07-27-2026,10:07:57,RAM,868/7620MB,(lfb,17x4MB),SWAP,153/3810MB,(cached,2MB),CPU,[0%@1344,0%@1344,0%@1344,9%@1344,9%@1344,0%@1344],GR3D_FREQ,0%,cpu@52.187C,soc2@49.843C,soc0@50.718C,gpu@51.718C,tj@52.187C,soc1@50.812C,VDD_IN,5585mW/5585mW,VDD_CPU_GPU_CV,1305mW/1305mW,VDD_SOC,2373mW/2374mW
07-27-2026,10:07:57,RAM,868/7620MB,(lfb,17x4MB),SWAP,153/3810MB,(cached,2MB),CPU,[0%@1344,0%@1344,0%@1344,0%@1344,0%@1344,0%@1344],GR3D_FREQ,0%,cpu@51.843C,soc2@49.875C,soc0@50.843C,gpu@52.031C,tj@52.031C,soc1@50.781C,VDD_IN,5585mW/5585mW,VDD_CPU_GPU_CV,1305mW/1305mW,VDD_SOC,2373mW/2374mW
07-27-2026,10:07:58,RAM,868/7620MB,(lfb,17x4MB),SWAP,153/3810MB,(cached,2MB),CPU,[0%@1344,0%@1344,9%@1344,8%@1344,0%@1344,9%@1344],GR3D_FREQ,0%,cpu@51.937C,soc2@49.843C,soc0@50.875C,gpu@51.843C,tj@51.937C,soc1@50.937C,VDD_IN,5585mW/5585mW,VDD_CPU_GPU_CV,1305mW/1305mW,VDD_SOC,2376mW/2374mW
07-27-2026,10:07:58,RAM,868/7620MB,(lfb,17x4MB),SWAP,153/3810MB,(cached,2MB),CPU,[0%@1344,9%@1344,0%@1344,0%@1344,0%@1344,0%@1344],GR3D_FREQ,0%,cpu@51.968C,soc2@49.968C,soc0@50.531C,gpu@51.437C,tj@51.968C,soc1@51.031C,VDD_IN,5585mW/5585mW,VDD_CPU_GPU_CV,1305mW/1305mW,VDD_SOC,2373mW/2374mW
07-27-2026,10:07:58,RAM,868/7620MB,(lfb,17x4MB),SWAP,153/3810MB,(cached,2MB),CPU,[0%@1344,0%@1344,0%@1344,0%@1344,0%@1344,0%@1344],GR3D_FREQ,0%,cpu@52.093C,soc2@49.812C,soc0@50.625C,gpu@52.062C,tj@52.093C,soc1@50.812C,VDD_IN,5585mW/5585mW,VDD_CPU_GPU_CV,1305mW/1305mW,VDD_SOC,2373mW/2374mW
07-27-2026,10:07:58,RAM,868/7620MB,(lfb,17x4MB),SWAP,153/3810MB,(cached,2MB),CPU,[0%@1344,0%@1344,0%@1344,0%@1344,0%@1344,0%@1344],GR3D_FREQ,0%,cpu@51.75C,soc2@49.812C,soc0@50.687C,gpu@51.812C,tj@51.812C,soc1@50.812C,VDD_IN,5585mW/5585mW,VDD_CPU_GPU_CV,1305mW/1305mW,VDD_SOC,2373mW/2374mW
07-27-2026,10:07:58,RAM,868/7620MB,(lfb,17x4MB),SWAP,153/3810MB,(cached,2MB),CPU,[0%@1344,0%@1344,0%@1344,0%@1344,0%@1344,0%@1344],GR3D_FREQ,0%,cpu@51.843C,soc2@49.906C,soc0@50.843C,gpu@51.437C,tj@51.843C,soc1@50.875C,VDD_IN,5585mW/5585mW,VDD_CPU_GPU_CV,1305mW/1305mW,VDD_SOC,2376mW/2374mW
07-27-2026,10:07:58,RAM,868/7620MB,(lfb,17x4MB),SWAP,153/3810MB,(cached,2MB),CPU,[0%@1344,0%@1344,0%@1344,0%@1344,0%@1344,0%@1344],GR3D_FREQ,0%,cpu@51.937C,soc2@49.812C,soc0@50.562C,gpu@52.031C,tj@52.031C,soc1@50.843C,VDD_IN,5585mW/5585mW,VDD_CPU_GPU_CV,1305mW/1305mW,VDD_SOC,2373mW/2374mW
07-27-2026,10:07:58,RAM,868/7620MB,(lfb,17x4MB),SWAP,153/3810MB,(cached,2MB),CPU,[9%@1344,0%@1344,0%@1344,0%@1344,0%@1344,0%@1344],GR3D_FREQ,0%,cpu@52.062C,soc2@49.968C,soc0@50.656C,gpu@51.718C,tj@52.062C,soc1@51.125C,VDD_IN,5585mW/5585mW,VDD_CPU_GPU_CV,1305mW/1305mW,VDD_SOC,2373mW/2374mW
07-27-2026,10:07:58,RAM,868/7620MB,(lfb,17x4MB),SWAP,153/3810MB,(cached,2MB),CPU,[0%@1344,0%@1344,0%@1344,0%@1344,0%@1344,0%@1344],GR3D_FREQ,0%,cpu@52.312C,soc2@49.843C,soc0@50.718C,gpu@51.625C,tj@52.312C,soc1@50.781C,VDD_IN,5585mW/5585mW,VDD_CPU_GPU_CV,1305mW/1305mW,VDD_SOC,2376mW/2374mW
07-27-2026,10:07:58,RAM,868/7620MB,(lfb,17x4MB),SWAP,153/3810MB,(cached,2MB),CPU,[0%@1344,0%@1344,0%@1344,0%@1344,0%@1344,0%@1344],GR3D_FREQ,0%,cpu@51.75C,soc2@49.875C,soc0@50.843C,gpu@51.937C,tj@51.937C,soc1@50.843C,VDD_IN,5585mW/5585mW,VDD_CPU_GPU_CV,1305mW/1305mW,VDD_SOC,2373mW/2374mW
07-27-2026,10:07:58,RAM,868/7620MB,(lfb,17x4MB),SWAP,153/3810MB,(cached,2MB),CPU,[0%@1344,0%@1344,0%@1344,0%@1344,0%@1344,0%@1344],GR3D_FREQ,0%,cpu@51.937C,soc2@49.812C,soc0@50.781C,gpu@51.781C,tj@51.937C,soc1@50.937C,VDD_IN,5585mW/5585mW,VDD_CPU_GPU_CV,1305mW/1305mW,VDD_SOC,2373mW/2374mW
07-27-2026,10:07:59,RAM,868/7620MB,(lfb,17x4MB),SWAP,153/3810MB,(cached,2MB),CPU,[0%@1344,0%@1344,0%@1344,0%@1344,8%@1344,0%@1344],GR3D_FREQ,0%,cpu@51.968C,soc2@49.906C,soc0@50.625C,gpu@51.437C,tj@51.968C,soc1@51.062C,VDD_IN,5585mW/5585mW,VDD_CPU_GPU_CV,1305mW/1305mW,VDD_SOC,2373mW/2374mW
07-27-2026,10:07:59,RAM,868/7620MB,(lfb,17x4MB),SWAP,153/3810MB,(cached,2MB),CPU,[0%@1344,0%@1344,0%@1344,0%@1344,0%@1344,0%@1344],GR3D_FREQ,0%,cpu@52.125C,soc2@49.906C,soc0@50.656C,gpu@51.968C,tj@52.125C,soc1@50.718C,VDD_IN,5585mW/5585mW,VDD_CPU_GPU_CV,1305mW/1305mW,VDD_SOC,2373mW/2374mW
07-27-2026,10:07:59,RAM,868/7620MB,(lfb,17x4MB),SWAP,153/3810MB,(cached,2MB),CPU,[0%@1344,0%@1344,0%@1344,0%@1344,0%@1344,0%@1344],GR3D_FREQ,0%,cpu@51.687C,soc2@49.875C,soc0@50.656C,gpu@51.687C,tj@51.687C,soc1@50.843C,VDD_IN,5585mW/5585mW,VDD_CPU_GPU_CV,1305mW/1305mW,VDD_SOC,2373mW/2374mW
07-27-2026,10:07:59,RAM,868/7620MB,(lfb,17x4MB),SWAP,153/3810MB,(cached,2MB),CPU,[0%@1344,0%@1344,0%@1344,0%@1344,0%@1344,0%@1344],GR3D_FREQ,0%,cpu@51.937C,soc2@49.812C,soc0@50.843C,gpu@51.437C,tj@51.937C,soc1@50.812C,VDD_IN,5585mW/5585mW,VDD_CPU_GPU_CV,1305mW/1305mW,VDD_SOC,2376mW/2374mW
07-27-2026,10:07:59,RAM,868/7620MB,(lfb,17x4MB),SWAP,153/3810MB,(cached,2MB),CPU,[8%@1344,0%@1344,0%@1344,0%@1344,0%@1344,0%@1344],GR3D_FREQ,0%,cpu@51.906C,soc2@49.875C,soc0@50.687C,gpu@51.906C,tj@51.906C,soc1@51C,VDD_IN,5585mW/5585mW,VDD_CPU_GPU_CV,1305mW/1305mW,VDD_SOC,2376mW/2374mW
07-27-2026,10:07:59,RAM,868/7620MB,(lfb,17x4MB),SWAP,153/3810MB,(cached,2MB),CPU,[0%@1344,0%@1344,0%@1344,0%@1344,0%@1344,0%@1344],GR3D_FREQ,0%,cpu@52.031C,soc2@49.781C,soc0@50.656C,gpu@51.562C,tj@52.031C,soc1@51.125C,VDD_IN,5585mW/5585mW,VDD_CPU_GPU_CV,1305mW/1305mW,VDD_SOC,2376mW/2374mW
07-27-2026,10:07:59,RAM,868/7620MB,(lfb,17x4MB),SWAP,153/3810MB,(cached,2MB),CPU,[0%@1344,0%@1344,0%@1344,0%@1344,0%@1344,0%@1344],GR3D_FREQ,0%,cpu@51.687C,soc2@49.812C,soc0@50.687C,gpu@52.062C,tj@52.062C,soc1@50.781C,VDD_IN,5585mW/5585mW,VDD_CPU_GPU_CV,1305mW/1305mW,VDD_SOC,2373mW/2374mW
07-27-2026,10:07:59,RAM,868/7620MB,(lfb,17x4MB),SWAP,153/3810MB,(cached,2MB),CPU,[0%@1344,0%@1344,0%@1344,0%@1344,0%@1344,0%@1344],GR3D_FREQ,0%,cpu@51.906C,soc2@49.812C,soc0@50.843C,gpu@51.812C,tj@51.906C,soc1@50.906C,VDD_IN,5585mW/5585mW,VDD_CPU_GPU_CV,1305mW/1305mW,VDD_SOC,2373mW/2374mW
07-27-2026,10:07:59,RAM,868/7620MB,(lfb,17x4MB),SWAP,153/3810MB,(cached,2MB),CPU,[0%@1344,0%@1344,0%@1344,0%@1344,0%@1344,0%@1344],GR3D_FREQ,0%,cpu@51.937C,soc2@49.906C,soc0@50.906C,gpu@51.468C,tj@51.937C,soc1@50.968C,VDD_IN,5585mW/5585mW,VDD_CPU_GPU_CV,1305mW/1305mW,VDD_SOC,2373mW/2374mW
07-27-2026,10:08:00,RAM,868/7620MB,(lfb,17x4MB),SWAP,153/3810MB,(cached,2MB),CPU,[0%@1344,0%@1344,0%@1344,0%@1344,0%@1344,0%@1344],GR3D_FREQ,0%,cpu@51.937C,soc2@49.968C,soc0@50.593C,gpu@52.093C,tj@52.093C,soc1@51.031C,VDD_IN,5585mW/5585mW,VDD_CPU_GPU_CV,1305mW/1305mW,VDD_SOC,2376mW/2374mW
07-27-2026,10:08:00,RAM,869/7620MB,(lfb,17x4MB),SWAP,153/3810MB,(cached,2MB),CPU,[0%@1344,0%@1344,0%@1344,0%@1344,0%@1344,0%@1344],GR3D_FREQ,0%,cpu@52.093C,soc2@49.75C,soc0@50.687C,gpu@51.781C,tj@52.093C,soc1@50.718C,VDD_IN,5585mW/5585mW,VDD_CPU_GPU_CV,1305mW/1305mW,VDD_SOC,2373mW/2374mW
07-27-2026,10:08:00,RAM,868/7620MB,(lfb,17x4MB),SWAP,153/3810MB,(cached,2MB),CPU,[0%@1344,0%@1344,0%@1344,0%@1344,0%@1344,0%@1344],GR3D_FREQ,0%,cpu@51.781C,soc2@49.812C,soc0@50.656C,gpu@51.5C,tj@51.781C,soc1@50.781C,VDD_IN,5585mW/5585mW,VDD_CPU_GPU_CV,1305mW/1305mW,VDD_SOC,2373mW/2374mW
07-27-2026,10:08:00,RAM,868/7620MB,(lfb,17x4MB),SWAP,153/3810MB,(cached,2MB),CPU,[0%@1344,0%@1344,0%@1344,0%@1344,0%@1344,0%@1344],GR3D_FREQ,0%,cpu@51.906C,soc2@49.875C,soc0@50.812C,gpu@52.031C,tj@52.031C,soc1@50.812C,VDD_IN,5585mW/5585mW,VDD_CPU_GPU_CV,1305mW/1305mW,VDD_SOC,2373mW/2374mW
07-27-2026,10:08:00,RAM,868/7620MB,(lfb,17x4MB),SWAP,153/3810MB,(cached,2MB),CPU,[0%@1344,0%@1344,0%@1344,0%@1344,0%@1344,0%@1344],GR3D_FREQ,0%,cpu@51.937C,soc2@49.968C,soc0@50.531C,gpu@51.812C,tj@51.937C,soc1@51C,VDD_IN,5585mW/5585mW,VDD_CPU_GPU_CV,1305mW/1305mW,VDD_SOC,2373mW/2374mW
07-27-2026,10:08:00,RAM,868/7620MB,(lfb,17x4MB),SWAP,153/3810MB,(cached,2MB),CPU,[0%@1344,0%@1344,0%@1344,0%@1344,0%@1344,0%@1344],GR3D_FREQ,0%,cpu@52.125C,soc2@50C,soc0@50.562C,gpu@51.5C,tj@52.125C,soc1@50.687C,VDD_IN,5585mW/5585mW,VDD_CPU_GPU_CV,1305mW/1305mW,VDD_SOC,2376mW/2374mW
07-27-2026,10:08:00,RAM,868/7620MB,(lfb,17x4MB),SWAP,153/3810MB,(cached,2MB),CPU,[0%@1344,0%@1344,0%@1344,0%@1344,0%@1344,0%@1344],GR3D_FREQ,0%,cpu@51.562C,soc2@49.843C,soc0@50.718C,gpu@51.906C,tj@51.906C,soc1@50.812C,VDD_IN,5585mW/5585mW,VDD_CPU_GPU_CV,1305mW/1305mW,VDD_SOC,2376mW/2374mW
07-27-2026,10:08:00,RAM,868/7620MB,(lfb,17x4MB),SWAP,153/3810MB,(cached,2MB),CPU,[0%@1344,0%@1344,0%@1344,0%@1344,0%@1344,0%@1344],GR3D_FREQ,0%,cpu@51.781C,soc2@49.875C,soc0@50.687C,gpu@51.5C,tj@51.781C,soc1@50.812C,VDD_IN,5585mW/5585mW,VDD_CPU_GPU_CV,1305mW/1305mW,VDD_SOC,2376mW/2374mW
07-27-2026,10:08:00,RAM,868/7620MB,(lfb,17x4MB),SWAP,153/3810MB,(cached,2MB),CPU,[0%@1344,0%@1344,0%@1344,0%@1344,0%@1344,0%@1344],GR3D_FREQ,0%,cpu@51.906C,soc2@49.812C,soc0@50.906C,gpu@51.5C,tj@51.906C,soc1@51C,VDD_IN,5585mW/5585mW,VDD_CPU_GPU_CV,1305mW/1305mW,VDD_SOC,2376mW/2374mW
07-27-2026,10:08:00,RAM,868/7620MB,(lfb,17x4MB),SWAP,153/3810MB,(cached,2MB),CPU,[0%@1344,0%@1344,0%@1344,0%@1344,0%@1344,0%@1344],GR3D_FREQ,0%,cpu@51.968C,soc2@50.031C,soc0@50.593C,gpu@51.937C,tj@51.968C,soc1@51.093C,VDD_IN,5585mW/5585mW,VDD_CPU_GPU_CV,1305mW/1305mW,VDD_SOC,2376mW/2374mW
07-27-2026,10:08:01,RAM,869/7620MB,(lfb,17x4MB),SWAP,153/3810MB,(cached,2MB),CPU,[0%@1344,0%@1344,9%@1344,9%@1344,0%@1344,0%@1344],GR3D_FREQ,0%,cpu@52.25C,soc2@49.843C,soc0@50.687C,gpu@51.468C,tj@52.25C,soc1@50.75C,VDD_IN,5585mW/5585mW,VDD_CPU_GPU_CV,1305mW/1305mW,VDD_SOC,2376mW/2374mW
07-27-2026,10:08:01,RAM,869/7620MB,(lfb,17x4MB),SWAP,153/3810MB,(cached,2MB),CPU,[9%@1344,0%@1344,0%@1344,0%@1344,0%@1344,0%@1344],GR3D_FREQ,0%,cpu@51.687C,soc2@49.843C,soc0@50.75C,gpu@51.468C,tj@51.812C,soc1@50.718C,VDD_IN,5585mW/5585mW,VDD_CPU_GPU_CV,1305mW/1305mW,VDD_SOC,2376mW/2374mW
07-27-2026,10:08:01,RAM,869/7620MB,(lfb,17x4MB),SWAP,153/3810MB,(cached,2MB),CPU,[0%@1344,0%@1344,0%@1344,0%@1344,0%@1344,0%@1344],GR3D_FREQ,0%,cpu@51.906C,soc2@49.718C,soc0@50.843C,gpu@51.875C,tj@51.906C,soc1@50.812C,VDD_IN,5585mW/5585mW,VDD_CPU_GPU_CV,1305mW/1305mW,VDD_SOC,2376mW/2374mW
07-27-2026,10:08:01,RAM,869/7620MB,(lfb,17x4MB),SWAP,153/3810MB,(cached,2MB),CPU,[0%@1344,0%@1344,0%@1344,0%@1344,0%@1344,0%@1344],GR3D_FREQ,0%,cpu@51.937C,soc2@49.937C,soc0@50.968C,gpu@51.468C,tj@51.937C,soc1@50.968C,VDD_IN,5585mW/5585mW,VDD_CPU_GPU_CV,1305mW/1305mW,VDD_SOC,2373mW/2374mW
07-27-2026,10:08:01,RAM,869/7620MB,(lfb,17x4MB),SWAP,153/3810MB,(cached,2MB),CPU,[9%@1344,0%@1344,0%@1344,0%@1344,0%@1344,0%@1344],GR3D_FREQ,0%,cpu@52.062C,soc2@49.906C,soc0@50.687C,gpu@52.093C,tj@52.093C,soc1@50.75C,VDD_IN,5585mW/5585mW,VDD_CPU_GPU_CV,1305mW/1305mW,VDD_SOC,2376mW/2374mW
07-27-2026,10:08:01,RAM,869/7620MB,(lfb,17x4MB),SWAP,153/3810MB,(cached,2MB),CPU,[0%@1344,0%@1344,0%@1344,0%@1344,0%@1344,0%@1344],GR3D_FREQ,0%,cpu@51.562C,soc2@49.781C,soc0@50.656C,gpu@51.531C,tj@51.562C,soc1@50.812C,VDD_IN,5585mW/5585mW,VDD_CPU_GPU_CV,1305mW/1305mW,VDD_SOC,2376mW/2374mW
07-27-2026,10:08:01,RAM,869/7620MB,(lfb,17x4MB),SWAP,153/3810MB,(cached,2MB),CPU,[0%@1344,0%@1344,0%@1344,0%@1344,0%@1344,0%@1344],GR3D_FREQ,0%,cpu@51.843C,soc2@49.906C,soc0@50.718C,gpu@51.593C,tj@51.843C,soc1@50.812C,VDD_IN,5585mW/5585mW,VDD_CPU_GPU_CV,1305mW/1305mW,VDD_SOC,2373mW/2374mW
07-27-2026,10:08:01,RAM,869/7620MB,(lfb,17x4MB),SWAP,153/3810MB,(cached,2MB),CPU,[0%@1344,0%@1344,0%@1344,0%@1344,0%@1344,0%@1344],GR3D_FREQ,0%,cpu@51.875C,soc2@49.937C,soc0@50.812C,gpu@52.062C,tj@52.062C,soc1@50.937C,VDD_IN,5585mW/5585mW,VDD_CPU_GPU_CV,1305mW/1305mW,VDD_SOC,2373mW/2374mW
07-27-2026,10:08:01,RAM,869/7620MB,(lfb,17x4MB),SWAP,153/3810MB,(cached,2MB),CPU,[0%@1344,0%@1344,0%@1344,0%@1344,0%@1344,0%@1344],GR3D_FREQ,0%,cpu@51.968C,soc2@49.937C,soc0@50.593C,gpu@51.531C,tj@51.968C,soc1@51.031C,VDD_IN,5585mW/5585mW,VDD_CPU_GPU_CV,1305mW/1305mW,VDD_SOC,2373mW/2374mW
07-27-2026,10:08:02,RAM,869/7620MB,(lfb,17x4MB),SWAP,153/3810MB,(cached,2MB),CPU,[0%@1344,0%@1344,0%@1344,0%@1344,0%@1344,0%@1344],GR3D_FREQ,0%,cpu@51.625C,soc2@49.843C,soc0@50.593C,gpu@51.531C,tj@51.625C,soc1@50.687C,VDD_IN,5585mW/5585mW,VDD_CPU_GPU_CV,1305mW/1305mW,VDD_SOC,2373mW/2374mW
07-27-2026,10:08:02,RAM,869/7620MB,(lfb,17x4MB),SWAP,153/3810MB,(cached,2MB),CPU,[9%@1344,0%@1344,9%@1344,0%@1344,0%@1344,0%@1344],GR3D_FREQ,0%,cpu@51.656C,soc2@49.843C,soc0@50.687C,gpu@52C,tj@52C,soc1@50.812C,VDD_IN,5585mW/5585mW,VDD_CPU_GPU_CV,1305mW/1305mW,VDD_SOC,2376mW/2374mW
07-27-2026,10:08:02,RAM,869/7620MB,(lfb,17x4MB),SWAP,153/3810MB,(cached,2MB),CPU,[0%@1344,0%@1344,0%@1344,0%@1344,0%@1344,0%@1344],GR3D_FREQ,0%,cpu@51.875C,soc2@49.906C,soc0@50.812C,gpu@51.531C,tj@51.875C,soc1@50.906C,VDD_IN,5585mW/5585mW,VDD_CPU_GPU_CV,1305mW/1305mW,VDD_SOC,2373mW/2374mW
07-27-2026,10:08:02,RAM,869/7620MB,(lfb,17x4MB),SWAP,153/3810MB,(cached,2MB),CPU,[0%@1344,0%@1344,0%@1344,0%@1344,0%@1344,0%@1344],GR3D_FREQ,0%,cpu@51.968C,soc2@49.906C,soc0@50.531C,gpu@51.531C,tj@51.968C,soc1@50.937C,VDD_IN,5585mW/5585mW,VDD_CPU_GPU_CV,1305mW/1305mW,VDD_SOC,2376mW/2374mW
07-27-2026,10:08:02,RAM,869/7620MB,(lfb,17x4MB),SWAP,153/3810MB,(cached,2MB),CPU,[9%@1344,0%@1344,0%@1344,0%@1344,0%@1344,0%@1344],GR3D_FREQ,0%,cpu@52.156C,soc2@49.75C,soc0@50.562C,gpu@51.531C,tj@52.156C,soc1@51.062C,VDD_IN,5585mW/5585mW,VDD_CPU_GPU_CV,1305mW/1305mW,VDD_SOC,2373mW/2374mW
07-27-2026,10:08:02,RAM,869/7620MB,(lfb,17x4MB),SWAP,153/3810MB,(cached,2MB),CPU,[0%@1344,0%@1344,0%@1344,0%@1344,0%@1344,0%@1344],GR3D_FREQ,0%,cpu@51.593C,soc2@49.875C,soc0@50.75C,gpu@51.562C,tj@51.593C,soc1@50.781C,VDD_IN,5585mW/5585mW,VDD_CPU_GPU_CV,1305mW/1305mW,VDD_SOC,2373mW/2374mW
07-27-2026,10:08:02,RAM,869/7620MB,(lfb,17x4MB),SWAP,153/3810MB,(cached,2MB),CPU,[0%@1344,0%@1344,0%@1344,0%@1344,0%@1344,0%@1344],GR3D_FREQ,0%,cpu@51.906C,soc2@49.812C,soc0@50.75C,gpu@51.5C,tj@51.906C,soc1@50.812C,VDD_IN,5585mW/5585mW,VDD_CPU_GPU_CV,1305mW/1305mW,VDD_SOC,2373mW/2374mW
07-27-2026,10:08:02,RAM,869/7620MB,(lfb,17x4MB),SWAP,153/3810MB,(cached,2MB),CPU,[0%@1344,0%@1344,0%@1344,0%@1344,0%@1344,0%@1344],GR3D_FREQ,0%,cpu@51.937C,soc2@49.906C,soc0@50.843C,gpu@51.531C,tj@51.937C,soc1@50.875C,VDD_IN,5585mW/5585mW,VDD_CPU_GPU_CV,1305mW/1305mW,VDD_SOC,2373mW/2374mW
07-27-2026,10:08:02,RAM,869/7620MB,(lfb,17x4MB),SWAP,153/3810MB,(cached,2MB),CPU,[0%@1344,0%@1344,0%@1344,0%@1344,0%@1344,0%@1344],GR3D_FREQ,0%,cpu@52.125C,soc2@49.968C,soc0@50.718C,gpu@51.531C,tj@52.125C,soc1@50.937C,VDD_IN,5585mW/5585mW,VDD_CPU_GPU_CV,1305mW/1305mW,VDD_SOC,2376mW/2374mW
07-27-2026,10:08:02,RAM,869/7620MB,(lfb,17x4MB),SWAP,153/3810MB,(cached,2MB),CPU,[0%@1344,8%@1344,0%@1344,0%@1344,0%@1344,0%@1344],GR3D_FREQ,0%,cpu@51.718C,soc2@49.75C,soc0@50.625C,gpu@51.531C,tj@51.718C,soc1@50.843C,VDD_IN,5585mW/5585mW,VDD_CPU_GPU_CV,1305mW/1305mW,VDD_SOC,2373mW/2374mW
07-27-2026,10:08:03,RAM,869/7620MB,(lfb,17x4MB),SWAP,153/3810MB,(cached,2MB),CPU,[0%@1344,0%@1344,9%@1344,0%@1344,0%@1344,0%@1344],GR3D_FREQ,0%,cpu@51.718C,soc2@49.781C,soc0@50.718C,gpu@51.656C,tj@51.875C,soc1@50.843C,VDD_IN,5585mW/5585mW,VDD_CPU_GPU_CV,1305mW/1305mW,VDD_SOC,2373mW/2374mW
07-27-2026,10:08:03,RAM,869/7620MB,(lfb,17x4MB),SWAP,153/3810MB,(cached,2MB),CPU,[0%@1344,0%@1344,0%@1344,0%@1344,0%@1344,0%@1344],GR3D_FREQ,0%,cpu@51.968C,soc2@49.812C,soc0@50.906C,gpu@51.531C,tj@51.968C,soc1@50.875C,VDD_IN,5585mW/5585mW,VDD_CPU_GPU_CV,1305mW/1305mW,VDD_SOC,2373mW/2374mW
07-27-2026,10:08:03,RAM,869/7620MB,(lfb,17x4MB),SWAP,153/3810MB,(cached,2MB),CPU,[0%@1344,0%@1344,0%@1344,0%@1344,0%@1344,0%@1344],GR3D_FREQ,0%,cpu@51.937C,soc2@49.968C,soc0@50.625C,gpu@52.093C,tj@52.093C,soc1@51.062C,VDD_IN,5585mW/5585mW,VDD_CPU_GPU_CV,1305mW/1305mW,VDD_SOC,2373mW/2374mW
07-27-2026,10:08:03,RAM,869/7620MB,(lfb,17x4MB),SWAP,153/3810MB,(cached,2MB),CPU,[0%@1344,0%@1344,0%@1344,0%@1344,0%@1344,0%@1344],GR3D_FREQ,0%,cpu@52.218C,soc2@49.718C,soc0@50.531C,gpu@51.562C,tj@52.218C,soc1@51.031C,VDD_IN,5585mW/5585mW,VDD_CPU_GPU_CV,1305mW/1305mW,VDD_SOC,2376mW/2374mW
07-27-2026,10:08:03,RAM,869/7620MB,(lfb,17x4MB),SWAP,153/3810MB,(cached,2MB),CPU,[0%@1344,0%@1344,0%@1344,0%@1344,0%@1344,0%@1344],GR3D_FREQ,0%,cpu@51.687C,soc2@49.812C,soc0@50.625C,gpu@51.5C,tj@51.687C,soc1@50.781C,VDD_IN,5585mW/5585mW,VDD_CPU_GPU_CV,1305mW/1305mW,VDD_SOC,2376mW/2374mW
07-27-2026,10:08:03,RAM,869/7620MB,(lfb,17x4MB),SWAP,153/3810MB,(cached,2MB),CPU,[0%@1344,9%@1344,0%@1344,0%@1344,0%@1344,0%@1344],GR3D_FREQ,0%,cpu@51.843C,soc2@49.843C,soc0@50.781C,gpu@51.593C,tj@52.062C,soc1@50.906C,VDD_IN,5585mW/5585mW,VDD_CPU_GPU_CV,1305mW/1305mW,VDD_SOC,2376mW/2374mW
07-27-2026,10:08:03,RAM,869/7620MB,(lfb,17x4MB),SWAP,153/3810MB,(cached,2MB),CPU,[0%@1344,0%@1344,0%@1344,0%@1344,0%@1344,0%@1344],GR3D_FREQ,0%,cpu@52C,soc2@49.906C,soc0@50.968C,gpu@51.687C,tj@52C,soc1@50.875C,VDD_IN,5585mW/5585mW,VDD_CPU_GPU_CV,1305mW/1305mW,VDD_SOC,2373mW/2374mW
07-27-2026,10:08:03,RAM,869/7620MB,(lfb,17x4MB),SWAP,153/3810MB,(cached,2MB),CPU,[0%@1344,0%@1344,0%@1344,0%@1344,0%@1344,0%@1344],GR3D_FREQ,0%,cpu@52.125C,soc2@49.937C,soc0@50.656C,gpu@51.5C,tj@52.125C,soc1@51.093C,VDD_IN,5585mW/5585mW,VDD_CPU_GPU_CV,1305mW/1305mW,VDD_SOC,2373mW/2374mW
07-27-2026,10:08:03,RAM,869/7620MB,(lfb,17x4MB),SWAP,153/3810MB,(cached,2MB),CPU,[0%@1344,9%@1344,0%@1344,0%@1344,0%@1344,0%@1344],GR3D_FREQ,0%,cpu@51.687C,soc2@49.781C,soc0@50.593C,gpu@51.593C,tj@51.687C,soc1@50.843C,VDD_IN,5585mW/5585mW,VDD_CPU_GPU_CV,1305mW/1305mW,VDD_SOC,2373mW/2374mW
07-27-2026,10:08:04,RAM,869/7620MB,(lfb,17x4MB),SWAP,153/3810MB,(cached,2MB),CPU,[0%@1344,0%@1344,0%@1344,0%@1344,0%@1344,0%@1344],GR3D_FREQ,0%,cpu@51.937C,soc2@49.781C,soc0@50.781C,gpu@51.531C,tj@51.937C,soc1@50.812C,VDD_IN,5585mW/5585mW,VDD_CPU_GPU_CV,1305mW/1305mW,VDD_SOC,2376mW/2374mW
07-27-2026,10:08:04,RAM,869/7620MB,(lfb,17x4MB),SWAP,153/3810MB,(cached,2MB),CPU,[0%@1344,0%@1344,0%@1344,9%@1344,9%@1344,0%@1344],GR3D_FREQ,0%,cpu@51.875C,soc2@49.843C,soc0@50.906C,gpu@51.5C,tj@51.875C,soc1@50.968C,VDD_IN,5585mW/5585mW,VDD_CPU_GPU_CV,1305mW/1305mW,VDD_SOC,2373mW/2374mW
07-27-2026,10:08:04,RAM,869/7620MB,(lfb,17x4MB),SWAP,153/3810MB,(cached,2MB),CPU,[0%@1344,0%@1344,0%@1344,0%@1344,0%@1344,0%@1344],GR3D_FREQ,0%,cpu@51.968C,soc2@49.843C,soc0@50.625C,gpu@51.968C,tj@51.968C,soc1@51.062C,VDD_IN,5585mW/5585mW,VDD_CPU_GPU_CV,1305mW/1305mW,VDD_SOC,2373mW/2374mW
07-27-2026,10:08:04,RAM,869/7620MB,(lfb,17x4MB),SWAP,153/3810MB,(cached,2MB),CPU,[0%@1344,0%@1344,0%@1344,0%@1344,0%@1344,0%@1344],GR3D_FREQ,0%,cpu@51.593C,soc2@49.781C,soc0@50.718C,gpu@51.625C,tj@51.625C,soc1@50.718C,VDD_IN,5585mW/5585mW,VDD_CPU_GPU_CV,1305mW/1305mW,VDD_SOC,2373mW/2374mW
07-27-2026,10:08:04,RAM,869/7620MB,(lfb,17x4MB),SWAP,153/3810MB,(cached,2MB),CPU,[0%@1344,0%@1344,0%@1344,0%@1344,0%@1344,0%@1344],GR3D_FREQ,0%,cpu@51.593C,soc2@49.75C,soc0@50.781C,gpu@51.5C,tj@51.593C,soc1@50.843C,VDD_IN,5585mW/5585mW,VDD_CPU_GPU_CV,1305mW/1305mW,VDD_SOC,2373mW/2374mW
07-27-2026,10:08:04,RAM,869/7620MB,(lfb,17x4MB),SWAP,153/3810MB,(cached,2MB),CPU,[0%@1344,0%@1344,0%@1344,0%@1344,0%@1344,0%@1344],GR3D_FREQ,0%,cpu@51.781C,soc2@49.937C,soc0@50.718C,gpu@51.593C,tj@51.781C,soc1@50.906C,VDD_IN,5585mW/5585mW,VDD_CPU_GPU_CV,1305mW/1305mW,VDD_SOC,2376mW/2374mW
07-27-2026,10:08:04,RAM,869/7620MB,(lfb,17x4MB),SWAP,153/3810MB,(cached,2MB),CPU,[0%@1344,0%@1344,0%@1344,0%@1344,0%@1344,0%@1344],GR3D_FREQ,0%,cpu@51.937C,soc2@49.906C,soc0@50.656C,gpu@51.562C,tj@51.937C,soc1@50.875C,VDD_IN,5585mW/5585mW,VDD_CPU_GPU_CV,1305mW/1305mW,VDD_SOC,2373mW/2374mW
07-27-2026,10:08:04,RAM,869/7620MB,(lfb,17x4MB),SWAP,153/3810MB,(cached,2MB),CPU,[0%@1344,0%@1344,0%@1344,0%@1344,0%@1344,0%@1344],GR3D_FREQ,0%,cpu@52.218C,soc2@49.968C,soc0@50.687C,gpu@51.437C,tj@52.218C,soc1@51C,VDD_IN,5585mW/5585mW,VDD_CPU_GPU_CV,1305mW/1305mW,VDD_SOC,2376mW/2374mW
07-27-2026,10:08:04,RAM,869/7620MB,(lfb,17x4MB),SWAP,153/3810MB,(cached,2MB),CPU,[0%@1344,0%@1344,0%@1344,0%@1344,0%@1344,0%@1344],GR3D_FREQ,0%,cpu@51.625C,soc2@49.812C,soc0@50.687C,gpu@51.625C,tj@51.625C,soc1@50.875C,VDD_IN,5585mW/5585mW,VDD_CPU_GPU_CV,1305mW/1305mW,VDD_SOC,2376mW/2374mW
07-27-2026,10:08:04,RAM,869/7620MB,(lfb,17x4MB),SWAP,153/3810MB,(cached,2MB),CPU,[8%@1344,0%@1344,0%@1344,0%@1344,0%@1344,0%@1344],GR3D_FREQ,0%,cpu@51.687C,soc2@49.843C,soc0@50.75C,gpu@51.531C,tj@51.875C,soc1@50.906C,VDD_IN,5585mW/5585mW,VDD_CPU_GPU_CV,1305mW/1305mW,VDD_SOC,2376mW/2374mW
07-27-2026,10:08:05,RAM,869/7620MB,(lfb,17x4MB),SWAP,153/3810MB,(cached,2MB),CPU,[0%@1344,9%@1344,0%@1344,0%@1344,0%@1344,0%@1344],GR3D_FREQ,0%,cpu@51.875C,soc2@49.812C,soc0@50.843C,gpu@52.062C,tj@52.062C,soc1@50.875C,VDD_IN,5585mW/5585mW,VDD_CPU_GPU_CV,1305mW/1305mW,VDD_SOC,2376mW/2374mW
07-27-2026,10:08:05,RAM,869/7620MB,(lfb,17x4MB),SWAP,153/3810MB,(cached,2MB),CPU,[0%@1344,0%@1344,0%@1344,0%@1344,0%@1344,0%@1344],GR3D_FREQ,0%,cpu@52.125C,soc2@49.937C,soc0@50.656C,gpu@51.562C,tj@52.125C,soc1@51.031C,VDD_IN,5594mW/5585mW,VDD_CPU_GPU_CV,1305mW/1305mW,VDD_SOC,2376mW/2374mW
07-27-2026,10:08:05,RAM,869/7620MB,(lfb,17x4MB),SWAP,153/3810MB,(cached,2MB),CPU,[0%@1344,0%@1344,0%@1344,0%@1344,0%@1344,0%@1344],GR3D_FREQ,0%,cpu@51.718C,soc2@49.75C,soc0@50.625C,gpu@51.468C,tj@51.718C,soc1@50.75C,VDD_IN,5594mW/5585mW,VDD_CPU_GPU_CV,1305mW/1305mW,VDD_SOC,2376mW/2374mW
07-27-2026,10:08:05,RAM,869/7620MB,(lfb,17x4MB),SWAP,153/3810MB,(cached,2MB),CPU,[0%@1344,0%@1344,0%@1344,0%@1344,0%@1344,0%@1344],GR3D_FREQ,0%,cpu@51.593C,soc2@49.937C,soc0@50.781C,gpu@51.625C,tj@51.625C,soc1@50.875C,VDD_IN,5585mW/5585mW,VDD_CPU_GPU_CV,1305mW/1305mW,VDD_SOC,2376mW/2374mW
07-27-2026,10:08:05,RAM,869/7620MB,(lfb,17x4MB),SWAP,153/3810MB,(cached,2MB),CPU,[0%@1344,0%@1344,0%@1344,0%@1344,0%@1344,0%@1344],GR3D_FREQ,0%,cpu@51.906C,soc2@49.781C,soc0@50.812C,gpu@51.562C,tj@51.906C,soc1@50.968C,VDD_IN,5594mW/5585mW,VDD_CPU_GPU_CV,1305mW/1305mW,VDD_SOC,2376mW/2374mW
07-27-2026,10:08:05,RAM,869/7620MB,(lfb,17x4MB),SWAP,153/3810MB,(cached,2MB),CPU,[0%@1344,0%@1344,0%@1344,0%@1344,0%@1344,0%@1344],GR3D_FREQ,0%,cpu@52.031C,soc2@49.906C,soc0@50.562C,gpu@51.5C,tj@52.031C,soc1@50.937C,VDD_IN,5594mW/5585mW,VDD_CPU_GPU_CV,1307mW/1305mW,VDD_SOC,2376mW/2374mW
07-27-2026,10:08:05,RAM,869/7620MB,(lfb,17x4MB),SWAP,153/3810MB,(cached,2MB),CPU,[0%@1344,0%@1344,0%@1344,0%@1344,0%@1344,0%@1344],GR3D_FREQ,0%,cpu@52.156C,soc2@49.875C,soc0@50.531C,gpu@51.531C,tj@52.156C,soc1@51.031C,VDD_IN,5594mW/5585mW,VDD_CPU_GPU_CV,1307mW/1305mW,VDD_SOC,2376mW/2374mW
07-27-2026,10:08:05,RAM,869/7620MB,(lfb,17x4MB),SWAP,153/3810MB,(cached,2MB),CPU,[0%@1344,0%@1344,0%@1344,0%@1344,0%@1344,0%@1344],GR3D_FREQ,0%,cpu@51.843C,soc2@49.812C,soc0@50.718C,gpu@51.531C,tj@51.531C,soc1@50.812C,VDD_IN,5594mW/5585mW,VDD_CPU_GPU_CV,1307mW/1305mW,VDD_SOC,2376mW/2374mW
07-27-2026,10:08:05,RAM,869/7620MB,(lfb,17x4MB),SWAP,153/3810MB,(cached,2MB),CPU,[0%@1344,0%@1344,0%@1344,0%@1344,0%@1344,0%@1344],GR3D_FREQ,0%,cpu@51.531C,soc2@49.875C,soc0@50.843C,gpu@51.75C,tj@51.75C,soc1@50.843C,VDD_IN,5585mW/5585mW,VDD_CPU_GPU_CV,1305mW/1305mW,VDD_SOC,2376mW/2374mW
07-27-2026,10:08:06,RAM,869/7620MB,(lfb,17x4MB),SWAP,153/3810MB,(cached,2MB),CPU,[0%@1344,0%@1344,0%@1344,0%@1344,0%@1344,0%@1344],GR3D_FREQ,0%,cpu@52C,soc2@49.875C,soc0@50.843C,gpu@51.625C,tj@52C,soc1@50.937C,VDD_IN,5585mW/5585mW,VDD_CPU_GPU_CV,1305mW/1305mW,VDD_SOC,2376mW/2374mW
07-27-2026,10:08:06,RAM,870/7620MB,(lfb,17x4MB),SWAP,153/3810MB,(cached,2MB),CPU,[16%@1344,8%@1344,0%@1344,0%@1344,9%@1344,0%@1344],GR3D_FREQ,0%,cpu@52.093C,soc2@49.906C,soc0@50.531C,gpu@51.593C,tj@52.093C,soc1@51.062C,VDD_IN,5585mW/5585mW,VDD_CPU_GPU_CV,1305mW/1305mW,VDD_SOC,2376mW/2374mW
07-27-2026,10:08:06,RAM,869/7620MB,(lfb,17x4MB),SWAP,153/3810MB,(cached,2MB),CPU,[0%@1344,0%@1344,0%@1344,0%@1344,0%@1344,0%@1344],GR3D_FREQ,0%,cpu@51.875C,soc2@49.812C,soc0@50.593C,gpu@51.656C,tj@51.75C,soc1@51.062C,VDD_IN,5585mW/5585mW,VDD_CPU_GPU_CV,1305mW/1305mW,VDD_SOC,2376mW/2374mW
07-27-2026,10:08:06,RAM,869/7620MB,(lfb,17x4MB),SWAP,153/3810MB,(cached,2MB),CPU,[0%@1344,0%@1344,0%@1344,0%@1344,0%@1344,0%@1344],GR3D_FREQ,0%,cpu@51.625C,soc2@49.781C,soc0@50.75C,gpu@51.5C,tj@51.625C,soc1@50.75C,VDD_IN,5585mW/5585mW,VDD_CPU_GPU_CV,1305mW/1305mW,VDD_SOC,2376mW/2374mW
07-27-2026,10:08:06,RAM,869/7620MB,(lfb,17x4MB),SWAP,153/3810MB,(cached,2MB),CPU,[0%@1344,8%@1344,0%@1344,0%@1344,0%@1344,0%@1344],GR3D_FREQ,0%,cpu@51.75C,soc2@49.812C,soc0@50.75C,gpu@51.5C,tj@51.75C,soc1@50.75C,VDD_IN,5585mW/5585mW,VDD_CPU_GPU_CV,1305mW/1305mW,VDD_SOC,2376mW/2374mW
07-27-2026,10:08:06,RAM,869/7620MB,(lfb,17x4MB),SWAP,153/3810MB,(cached,2MB),CPU,[0%@1344,0%@1344,0%@1344,0%@1344,0%@1344,0%@1344],GR3D_FREQ,0%,cpu@51.968C,soc2@49.906C,soc0@50.625C,gpu@51.687C,tj@51.968C,soc1@50.875C,VDD_IN,5585mW/5585mW,VDD_CPU_GPU_CV,1305mW/1305mW,VDD_SOC,2376mW/2374mW
07-27-2026,10:08:06,RAM,869/7620MB,(lfb,17x4MB),SWAP,153/3810MB,(cached,2MB),CPU,[0%@1344,0%@1344,0%@1344,0%@1344,0%@1344,0%@1344],GR3D_FREQ,0%,cpu@51.75C,soc2@49.968C,soc0@50.656C,gpu@51.656C,tj@51.75C,soc1@51.093C,VDD_IN,5585mW/5585mW,VDD_CPU_GPU_CV,1305mW/1305mW,VDD_SOC,2376mW/2374mW
07-27-2026,10:08:06,RAM,869/7620MB,(lfb,17x4MB),SWAP,153/3810MB,(cached,2MB),CPU,[0%@1344,0%@1344,0%@1344,0%@1344,0%@1344,0%@1344],GR3D_FREQ,0%,cpu@51.843C,soc2@49.781C,soc0@50.687C,gpu@51.687C,tj@51.843C,soc1@50.687C,VDD_IN,5585mW/5585mW,VDD_CPU_GPU_CV,1305mW/1305mW,VDD_SOC,2376mW/2374mW
07-27-2026,10:08:06,RAM,869/7620MB,(lfb,17x4MB),SWAP,153/3810MB,(cached,2MB),CPU,[0%@1344,0%@1344,0%@1344,0%@1344,0%@1344,0%@1344],GR3D_FREQ,0%,cpu@51.656C,soc2@49.906C,soc0@50.75C,gpu@51.593C,tj@51.656C,soc1@50.75C,VDD_IN,5585mW/5585mW,VDD_CPU_GPU_CV,1305mW/1305mW,VDD_SOC,2376mW/2374mW
07-27-2026,10:08:06,RAM,869/7620MB,(lfb,17x4MB),SWAP,153/3810MB,(cached,2MB),CPU,[0%@1344,0%@1344,0%@1344,0%@1344,0%@1344,0%@1344],GR3D_FREQ,0%,cpu@51.718C,soc2@49.75C,soc0@50.843C,gpu@51.625C,tj@52C,soc1@50.843C,VDD_IN,5585mW/5585mW,VDD_CPU_GPU_CV,1305mW/1305mW,VDD_SOC,2376mW/2374mW
07-27-2026,10:08:07,RAM,869/7620MB,(lfb,17x4MB),SWAP,153/3810MB,(cached,2MB),CPU,[0%@1344,0%@1344,0%@1344,0%@1344,0%@1344,0%@1344],GR3D_FREQ,0%,cpu@52.125C,soc2@49.875C,soc0@50.625C,gpu@51.718C,tj@52.125C,soc1@51C,VDD_IN,5585mW/5585mW,VDD_CPU_GPU_CV,1305mW/1305mW,VDD_SOC,2376mW/2374mW
07-27-2026,10:08:07,RAM,870/7620MB,(lfb,17x4MB),SWAP,153/3810MB,(cached,2MB),CPU,[0%@1344,0%@1344,9%@1344,9%@1344,0%@1344,0%@1344],GR3D_FREQ,0%,cpu@51.843C,soc2@49.812C,soc0@50.656C,gpu@51.687C,tj@51.843C,soc1@51.25C,VDD_IN,5585mW/5585mW,VDD_CPU_GPU_CV,1305mW/1305mW,VDD_SOC,2376mW/2374mW
07-27-2026,10:08:07,RAM,870/7620MB,(lfb,17x4MB),SWAP,153/3810MB,(cached,2MB),CPU,[0%@1344,0%@1344,0%@1344,0%@1344,0%@1344,0%@1344],GR3D_FREQ,0%,cpu@51.687C,soc2@49.843C,soc0@50.625C,gpu@51.468C,tj@51.687C,soc1@50.812C,VDD_IN,5585mW/5585mW,VDD_CPU_GPU_CV,1305mW/1305mW,VDD_SOC,2373mW/2374mW
07-27-2026,10:08:07,RAM,870/7620MB,(lfb,17x4MB),SWAP,153/3810MB,(cached,2MB),CPU,[0%@1344,0%@1344,0%@1344,0%@1344,0%@1344,0%@1344],GR3D_FREQ,0%,cpu@51.718C,soc2@49.812C,soc0@50.75C,gpu@51.687C,tj@51.718C,soc1@50.906C,VDD_IN,5585mW/5585mW,VDD_CPU_GPU_CV,1305mW/1305mW,VDD_SOC,2376mW/2374mW
07-27-2026,10:08:07,RAM,870/7620MB,(lfb,17x4MB),SWAP,153/3810MB,(cached,2MB),CPU,[0%@1344,0%@1344,0%@1344,0%@1344,0%@1344,0%@1344],GR3D_FREQ,0%,cpu@52.062C,soc2@49.968C,soc0@50.75C,gpu@51.625C,tj@52.062C,soc1@50.843C,VDD_IN,5585mW/5585mW,VDD_CPU_GPU_CV,1305mW/1305mW,VDD_SOC,2376mW/2374mW
07-27-2026,10:08:07,RAM,870/7620MB,(lfb,17x4MB),SWAP,153/3810MB,(cached,2MB),CPU,[0%@1344,0%@1344,0%@1344,0%@1344,0%@1344,0%@1344],GR3D_FREQ,0%,cpu@51.718C,soc2@49.906C,soc0@50.562C,gpu@51.75C,tj@51.75C,soc1@51.125C,VDD_IN,5585mW/5585mW,VDD_CPU_GPU_CV,1305mW/1305mW,VDD_SOC,2376mW/2374mW
07-27-2026,10:08:07,RAM,870/7620MB,(lfb,17x4MB),SWAP,153/3810MB,(cached,2MB),CPU,[0%@1344,0%@1344,0%@1344,0%@1344,0%@1344,0%@1344],GR3D_FREQ,0%,cpu@51.843C,soc2@49.75C,soc0@50.687C,gpu@51.75C,tj@51.843C,soc1@50.781C,VDD_IN,5585mW/5585mW,VDD_CPU_GPU_CV,1305mW/1305mW,VDD_SOC,2376mW/2374mW
07-27-2026,10:08:07,RAM,870/7620MB,(lfb,17x4MB),SWAP,153/3810MB,(cached,2MB),CPU,[0%@1344,8%@1344,0%@1344,0%@1344,0%@1344,0%@1344],GR3D_FREQ,0%,cpu@51.812C,soc2@49.812C,soc0@50.75C,gpu@51.593C,tj@51.812C,soc1@50.812C,VDD_IN,5585mW/5585mW,VDD_CPU_GPU_CV,1305mW/1305mW,VDD_SOC,2376mW/2374mW
07-27-2026,10:08:07,RAM,870/7620MB,(lfb,17x4MB),SWAP,153/3810MB,(cached,2MB),CPU,[0%@1344,0%@1344,0%@1344,0%@1344,0%@1344,0%@1344],GR3D_FREQ,0%,cpu@51.718C,soc2@49.781C,soc0@50.875C,gpu@51.812C,tj@51.812C,soc1@50.75C,VDD_IN,5585mW/5585mW,VDD_CPU_GPU_CV,1305mW/1305mW,VDD_SOC,2376mW/2374mW
07-27-2026,10:08:08,RAM,870/7620MB,(lfb,17x4MB),SWAP,153/3810MB,(cached,2MB),CPU,[0%@1344,0%@1344,0%@1344,0%@1344,0%@1344,0%@1344],GR3D_FREQ,0%,cpu@52.062C,soc2@49.937C,soc0@50.656C,gpu@51.687C,tj@52.062C,soc1@50.937C,VDD_IN,5594mW/5585mW,VDD_CPU_GPU_CV,1305mW/1305mW,VDD_SOC,2376mW/2374mW
07-27-2026,10:08:08,RAM,870/7620MB,(lfb,17x4MB),SWAP,153/3810MB,(cached,2MB),CPU,[0%@1344,0%@1344,0%@1344,9%@1344,0%@1344,0%@1344],GR3D_FREQ,0%,cpu@51.843C,soc2@49.75C,soc0@50.656C,gpu@51.625C,tj@51.843C,soc1@50.687C,VDD_IN,5585mW/5585mW,VDD_CPU_GPU_CV,1305mW/1305mW,VDD_SOC,2376mW/2374mW
07-27-2026,10:08:08,RAM,869/7620MB,(lfb,17x4MB),SWAP,153/3810MB,(cached,2MB),CPU,[0%@1344,0%@1344,0%@1344,0%@1344,0%@1344,0%@1344],GR3D_FREQ,0%,cpu@51.687C,soc2@49.875C,soc0@50.656C,gpu@51.812C,tj@51.812C,soc1@50.875C,VDD_IN,5585mW/5585mW,VDD_CPU_GPU_CV,1305mW/1305mW,VDD_SOC,2376mW/2374mW
07-27-2026,10:08:08,RAM,869/7620MB,(lfb,17x4MB),SWAP,153/3810MB,(cached,2MB),CPU,[0%@1344,0%@1344,0%@1344,0%@1344,0%@1344,0%@1344],GR3D_FREQ,0%,cpu@51.718C,soc2@49.875C,soc0@50.687C,gpu@51.625C,tj@51.718C,soc1@50.781C,VDD_IN,5594mW/5586mW,VDD_CPU_GPU_CV,1305mW/1305mW,VDD_SOC,2376mW/2374mW
07-27-2026,10:08:08,RAM,869/7620MB,(lfb,17x4MB),SWAP,153/3810MB,(cached,2MB),CPU,[0%@1344,0%@1344,0%@1344,0%@1344,0%@1344,0%@1344],GR3D_FREQ,0%,cpu@51.875C,soc2@49.781C,soc0@50.906C,gpu@51.937C,tj@52.125C,soc1@50.875C,VDD_IN,5585mW/5586mW,VDD_CPU_GPU_CV,1305mW/1305mW,VDD_SOC,2376mW/2374mW
07-27-2026,10:08:08,RAM,869/7620MB,(lfb,17x4MB),SWAP,153/3810MB,(cached,2MB),CPU,[0%@1344,0%@1344,0%@1344,0%@1344,0%@1344,0%@1344],GR3D_FREQ,0%,cpu@51.781C,soc2@49.968C,soc0@50.625C,gpu@51.718C,tj@51.781C,soc1@50.906C,VDD_IN,5585mW/5586mW,VDD_CPU_GPU_CV,1305mW/1305mW,VDD_SOC,2376mW/2374mW
07-27-2026,10:08:08,RAM,869/7620MB,(lfb,17x4MB),SWAP,153/3810MB,(cached,2MB),CPU,[0%@1344,0%@1344,0%@1344,0%@1344,0%@1344,0%@1344],GR3D_FREQ,0%,cpu@51.937C,soc2@49.687C,soc0@50.75C,gpu@51.656C,tj@51.937C,soc1@50.812C,VDD_IN,5585mW/5586mW,VDD_CPU_GPU_CV,1305mW/1305mW,VDD_SOC,2376mW/2374mW
07-27-2026,10:08:08,RAM,869/7620MB,(lfb,17x4MB),SWAP,153/3810MB,(cached,2MB),CPU,[0%@1344,0%@1344,0%@1344,0%@1344,0%@1344,0%@1344],GR3D_FREQ,0%,cpu@51.656C,soc2@49.875C,soc0@50.718C,gpu@51.875C,tj@51.875C,soc1@50.812C,VDD_IN,5585mW/5586mW,VDD_CPU_GPU_CV,1305mW/1305mW,VDD_SOC,2376mW/2375mW
07-27-2026,10:08:08,RAM,869/7620MB,(lfb,17x4MB),SWAP,153/3810MB,(cached,2MB),CPU,[0%@1344,0%@1344,0%@1344,0%@1344,0%@1344,0%@1344],GR3D_FREQ,0%,cpu@51.656C,soc2@49.843C,soc0@50.875C,gpu@51.75C,tj@51.75C,soc1@50.875C,VDD_IN,5585mW/5585mW,VDD_CPU_GPU_CV,1305mW/1305mW,VDD_SOC,2376mW/2375mW
07-27-2026,10:08:08,RAM,869/7620MB,(lfb,17x4MB),SWAP,153/3810MB,(cached,2MB),CPU,[0%@1344,8%@1344,0%@1344,0%@1344,0%@1344,0%@1344],GR3D_FREQ,0%,cpu@52.093C,soc2@49.875C,soc0@50.562C,gpu@51.656C,tj@52.093C,soc1@50.968C,VDD_IN,5585mW/5585mW,VDD_CPU_GPU_CV,1305mW/1305mW,VDD_SOC,2376mW/2375mW
07-27-2026,10:08:09,RAM,869/7620MB,(lfb,17x4MB),SWAP,153/3810MB,(cached,2MB),CPU,[0%@1344,0%@1344,0%@1344,0%@1344,0%@1344,0%@1344],GR3D_FREQ,0%,cpu@51.937C,soc2@49.718C,soc0@50.593C,gpu@51.937C,tj@51.937C,soc1@50.781C,VDD_IN,5585mW/5585mW,VDD_CPU_GPU_CV,1305mW/1305mW,VDD_SOC,2376mW/2375mW
07-27-2026,10:08:09,RAM,869/7620MB,(lfb,17x4MB),SWAP,153/3810MB,(cached,2MB),CPU,[0%@1344,0%@1344,9%@1344,0%@1344,0%@1344,9%@1344],GR3D_FREQ,0%,cpu@51.625C,soc2@49.812C,soc0@50.75C,gpu@51.718C,tj@51.718C,soc1@50.812C,VDD_IN,5585mW/5585mW,VDD_CPU_GPU_CV,1305mW/1305mW,VDD_SOC,2376mW/2375mW
07-27-2026,10:08:09,RAM,869/7620MB,(lfb,17x4MB),SWAP,153/3810MB,(cached,2MB),CPU,[0%@1344,0%@1344,0%@1344,0%@1344,0%@1344,0%@1344],GR3D_FREQ,0%,cpu@51.75C,soc2@49.843C,soc0@50.656C,gpu@52.031C,tj@51.75C,soc1@50.843C,VDD_IN,5594mW/5586mW,VDD_CPU_GPU_CV,1305mW/1305mW,VDD_SOC,2376mW/2375mW
07-27-2026,10:08:09,RAM,869/7620MB,(lfb,17x4MB),SWAP,153/3810MB,(cached,2MB),CPU,[0%@1344,0%@1344,0%@1344,0%@1344,0%@1344,0%@1344],GR3D_FREQ,0%,cpu@51.687C,soc2@49.812C,soc0@50.875C,gpu@51.843C,tj@52.25C,soc1@50.906C,VDD_IN,5585mW/5586mW,VDD_CPU_GPU_CV,1305mW/1305mW,VDD_SOC,2376mW/2375mW
07-27-2026,10:08:09,RAM,869/7620MB,(lfb,17x4MB),SWAP,153/3810MB,(cached,2MB),CPU,[0%@1344,0%@1344,0%@1344,0%@1344,0%@1344,0%@1344],GR3D_FREQ,0%,cpu@51.718C,soc2@49.875C,soc0@50.625C,gpu@51.687C,tj@51.718C,soc1@51C,VDD_IN,5585mW/5586mW,VDD_CPU_GPU_CV,1305mW/1305mW,VDD_SOC,2376mW/2375mW
07-27-2026,10:08:09,RAM,869/7620MB,(lfb,17x4MB),SWAP,153/3810MB,(cached,2MB),CPU,[0%@1344,0%@1344,0%@1344,0%@1344,0%@1344,0%@1344],GR3D_FREQ,0%,cpu@51.937C,soc2@49.781C,soc0@50.687C,gpu@52C,tj@52C,soc1@50.906C,VDD_IN,5585mW/5586mW,VDD_CPU_GPU_CV,1305mW/1305mW,VDD_SOC,2376mW/2375mW
07-27-2026,10:08:09,RAM,869/7620MB,(lfb,17x4MB),SWAP,153/3810MB,(cached,2MB),CPU,[0%@1344,0%@1344,0%@1344,0%@1344,0%@1344,0%@1344],GR3D_FREQ,0%,cpu@51.687C,soc2@49.906C,soc0@50.687C,gpu@51.812C,tj@51.812C,soc1@50.812C,VDD_IN,5585mW/5586mW,VDD_CPU_GPU_CV,1305mW/1305mW,VDD_SOC,2376mW/2375mW
07-27-2026,10:08:09,RAM,869/7620MB,(lfb,17x4MB),SWAP,153/3810MB,(cached,2MB),CPU,[0%@1344,9%@1344,0%@1344,0%@1344,0%@1344,0%@1344],GR3D_FREQ,0%,cpu@51.781C,soc2@49.781C,soc0@50.968C,gpu@51.687C,tj@51.781C,soc1@50.812C,VDD_IN,5585mW/5586mW,VDD_CPU_GPU_CV,1305mW/1305mW,VDD_SOC,2376mW/2375mW
07-27-2026,10:08:09,RAM,869/7620MB,(lfb,17x4MB),SWAP,153/3810MB,(cached,2MB),CPU,[0%@1344,0%@1344,0%@1344,0%@1344,0%@1344,0%@1344],GR3D_FREQ,0%,cpu@51.718C,soc2@49.937C,soc0@50.625C,gpu@52C,tj@52C,soc1@50.875C,VDD_IN,5585mW/5586mW,VDD_CPU_GPU_CV,1305mW/1305mW,VDD_SOC,2376mW/2375mW
07-27-2026,10:08:10,RAM,869/7620MB,(lfb,17x4MB),SWAP,153/3810MB,(cached,2MB),CPU,[0%@1344,0%@1344,0%@1344,0%@1344,9%@1344,0%@1344],GR3D_FREQ,0%,cpu@51.906C,soc2@49.843C,soc0@50.687C,gpu@51.812C,tj@51.906C,soc1@51C,VDD_IN,5594mW/5586mW,VDD_CPU_GPU_CV,1305mW/1305mW,VDD_SOC,2376mW/2375mW
07-27-2026,10:08:10,RAM,869/7620MB,(lfb,17x4MB),SWAP,153/3810MB,(cached,2MB),CPU,[0%@1344,9%@1344,0%@1344,0%@1344,0%@1344,0%@1344],GR3D_FREQ,0%,cpu@51.687C,soc2@49.843C,soc0@50.781C,gpu@51.687C,tj@51.687C,soc1@50.687C,VDD_IN,5594mW/5586mW,VDD_CPU_GPU_CV,1305mW/1305mW,VDD_SOC,2376mW/2375mW
07-27-2026,10:08:10,RAM,869/7620MB,(lfb,17x4MB),SWAP,153/3810MB,(cached,2MB),CPU,[0%@1344,0%@1344,0%@1344,9%@1344,0%@1344,0%@1344],GR3D_FREQ,0%,cpu@51.687C,soc2@49.843C,soc0@50.718C,gpu@51.906C,tj@51.906C,soc1@50.906C,VDD_IN,5594mW/5586mW,VDD_CPU_GPU_CV,1305mW/1305mW,VDD_SOC,2376mW/2375mW
07-27-2026,10:08:10,RAM,869/7620MB,(lfb,17x4MB),SWAP,153/3810MB,(cached,2MB),CPU,[0%@1344,0%@1344,0%@1344,0%@1344,0%@1344,0%@1344],GR3D_FREQ,0%,cpu@51.843C,soc2@49.843C,soc0@50.968C,gpu@51.75C,tj@51.843C,soc1@50.937C,VDD_IN,5585mW/5586mW,VDD_CPU_GPU_CV,1305mW/1305mW,VDD_SOC,2376mW/2375mW
07-27-2026,10:08:10,RAM,869/7620MB,(lfb,17x4MB),SWAP,153/3810MB,(cached,2MB),CPU,[9%@1344,0%@1344,0%@1344,0%@1344,0%@1344,0%@1344],GR3D_FREQ,0%,cpu@51.843C,soc2@49.906C,soc0@50.562C,gpu@51.5C,tj@51.843C,soc1@51.062C,VDD_IN,5585mW/5586mW,VDD_CPU_GPU_CV,1305mW/1305mW,VDD_SOC,2376mW/2375mW
07-27-2026,10:08:10,RAM,869/7620MB,(lfb,17x4MB),SWAP,153/3810MB,(cached,2MB),CPU,[0%@1344,0%@1344,0%@1344,0%@1344,0%@1344,0%@1344],GR3D_FREQ,0%,cpu@51.937C,soc2@49.75C,soc0@50.562C,gpu@51.906C,tj@51.937C,soc1@50.781C,VDD_IN,5594mW/5586mW,VDD_CPU_GPU_CV,1305mW/1305mW,VDD_SOC,2376mW/2375mW
07-27-2026,10:08:10,RAM,869/7620MB,(lfb,17x4MB),SWAP,153/3810MB,(cached,2MB),CPU,[0%@1344,0%@1344,0%@1344,0%@1344,0%@1344,0%@1344],GR3D_FREQ,0%,cpu@51.625C,soc2@49.75C,soc0@50.75C,gpu@51.75C,tj@51.75C,soc1@50.781C,VDD_IN,5594mW/5586mW,VDD_CPU_GPU_CV,1305mW/1305mW,VDD_SOC,2376mW/2375mW
07-27-2026,10:08:10,RAM,869/7620MB,(lfb,17x4MB),SWAP,153/3810MB,(cached,2MB),CPU,[0%@1344,0%@1344,0%@1344,0%@1344,0%@1344,0%@1344],GR3D_FREQ,0%,cpu@51.718C,soc2@49.812C,soc0@50.906C,gpu@52.062C,tj@52.062C,soc1@50.875C,VDD_IN,5585mW/5586mW,VDD_CPU_GPU_CV,1305mW/1305mW,VDD_SOC,2376mW/2375mW
07-27-2026,10:08:10,RAM,869/7620MB,(lfb,17x4MB),SWAP,153/3810MB,(cached,2MB),CPU,[0%@1344,0%@1344,0%@1344,0%@1344,0%@1344,0%@1344],GR3D_FREQ,0%,cpu@51.781C,soc2@49.812C,soc0@50.562C,gpu@51.843C,tj@51.843C,soc1@51.031C,VDD_IN,5594mW/5586mW,VDD_CPU_GPU_CV,1305mW/1305mW,VDD_SOC,2376mW/2375mW
07-27-2026,10:08:10,RAM,869/7620MB,(lfb,17x4MB),SWAP,153/3810MB,(cached,2MB),CPU,[0%@1344,0%@1344,0%@1344,0%@1344,0%@1344,0%@1344],GR3D_FREQ,0%,cpu@51.875C,soc2@49.781C,soc0@50.593C,gpu@51.781C,tj@51.875C,soc1@51.125C,VDD_IN,5585mW/5586mW,VDD_CPU_GPU_CV,1305mW/1305mW,VDD_SOC,2376mW/2375mW
07-27-2026,10:08:11,RAM,869/7620MB,(lfb,17x4MB),SWAP,153/3810MB,(cached,2MB),CPU,[0%@1344,0%@1344,0%@1344,0%@1344,0%@1344,0%@1344],GR3D_FREQ,0%,cpu@51.625C,soc2@49.781C,soc0@50.718C,gpu@52C,tj@52C,soc1@50.812C,VDD_IN,5585mW/5586mW,VDD_CPU_GPU_CV,1305mW/1305mW,VDD_SOC,2376mW/2375mW
07-27-2026,10:08:11,RAM,869/7620MB,(lfb,17x4MB),SWAP,153/3810MB,(cached,2MB),CPU,[9%@1344,9%@1344,0%@1344,0%@1344,0%@1344,0%@1344],GR3D_FREQ,0%,cpu@51.718C,soc2@49.843C,soc0@50.812C,gpu@51.843C,tj@51.843C,soc1@50.75C,VDD_IN,5585mW/5586mW,VDD_CPU_GPU_CV,1305mW/1305mW,VDD_SOC,2376mW/2375mW
07-27-2026,10:08:11,RAM,869/7620MB,(lfb,17x4MB),SWAP,153/3810MB,(cached,2MB),CPU,[0%@1344,0%@1344,0%@1344,0%@1344,0%@1344,0%@1344],GR3D_FREQ,0%,cpu@51.75C,soc2@49.906C,soc0@50.906C,gpu@51.656C,tj@52.125C,soc1@50.906C,VDD_IN,5585mW/5586mW,VDD_CPU_GPU_CV,1305mW/1305mW,VDD_SOC,2376mW/2375mW
07-27-2026,10:08:11,RAM,869/7620MB,(lfb,17x4MB),SWAP,153/3810MB,(cached,2MB),CPU,[0%@1344,0%@1344,0%@1344,0%@1344,0%@1344,0%@1344],GR3D_FREQ,0%,cpu@51.906C,soc2@49.937C,soc0@50.562C,gpu@51.968C,tj@51.968C,soc1@51C,VDD_IN,5585mW/5586mW,VDD_CPU_GPU_CV,1305mW/1305mW,VDD_SOC,2376mW/2375mW
07-27-2026,10:08:11,RAM,869/7620MB,(lfb,17x4MB),SWAP,153/3810MB,(cached,2MB),CPU,[0%@1344,0%@1344,0%@1344,0%@1344,0%@1344,0%@1344],GR3D_FREQ,0%,cpu@51.781C,soc2@49.843C,soc0@50.687C,gpu@51.687C,tj@51.75C,soc1@50.781C,VDD_IN,5585mW/5586mW,VDD_CPU_GPU_CV,1305mW/1305mW,VDD_SOC,2376mW/2375mW
07-27-2026,10:08:11,RAM,869/7620MB,(lfb,17x4MB),SWAP,153/3810MB,(cached,2MB),CPU,[0%@1344,0%@1344,0%@1344,0%@1344,0%@1344,0%@1344],GR3D_FREQ,0%,cpu@51.687C,soc2@49.781C,soc0@50.75C,gpu@51.687C,tj@51.687C,soc1@50.875C,VDD_IN,5585mW/5586mW,VDD_CPU_GPU_CV,1305mW/1305mW,VDD_SOC,2373mW/2375mW
07-27-2026,10:08:11,RAM,869/7620MB,(lfb,17x4MB),SWAP,153/3810MB,(cached,2MB),CPU,[0%@1344,9%@1344,0%@1344,0%@1344,0%@1344,0%@1344],GR3D_FREQ,0%,cpu@51.718C,soc2@49.875C,soc0@50.968C,gpu@51.968C,tj@51.968C,soc1@50.906C,VDD_IN,5585mW/5586mW,VDD_CPU_GPU_CV,1305mW/1305mW,VDD_SOC,2373mW/2375mW
07-27-2026,10:08:11,RAM,869/7620MB,(lfb,17x4MB),SWAP,153/3810MB,(cached,2MB),CPU,[0%@1344,9%@1344,0%@1344,0%@1344,0%@1344,0%@1344],GR3D_FREQ,0%,cpu@51.781C,soc2@49.968C,soc0@50.562C,gpu@51.781C,tj@51.781C,soc1@51C,VDD_IN,5585mW/5586mW,VDD_CPU_GPU_CV,1305mW/1305mW,VDD_SOC,2373mW/2375mW
07-27-2026,10:08:11,RAM,869/7620MB,(lfb,17x4MB),SWAP,153/3810MB,(cached,2MB),CPU,[0%@1344,0%@1344,0%@1344,0%@1344,0%@1344,0%@1344],GR3D_FREQ,0%,cpu@51.812C,soc2@49.781C,soc0@50.656C,gpu@51.531C,tj@51.781C,soc1@50.718C,VDD_IN,5585mW/5586mW,VDD_CPU_GPU_CV,1305mW/1305mW,VDD_SOC,2376mW/2375mW
07-27-2026,10:08:12,RAM,869/7620MB,(lfb,17x4MB),SWAP,153/3810MB,(cached,2MB),CPU,[0%@1344,0%@1344,0%@1344,0%@1344,0%@1344,0%@1344],GR3D_FREQ,0%,cpu@51.687C,soc2@49.843C,soc0@50.687C,gpu@51.968C,tj@51.968C,soc1@50.75C,VDD_IN,5585mW/5586mW,VDD_CPU_GPU_CV,1305mW/1305mW,VDD_SOC,2376mW/2375mW
07-27-2026,10:08:12,RAM,869/7620MB,(lfb,17x4MB),SWAP,153/3810MB,(cached,2MB),CPU,[0%@1344,0%@1344,0%@1344,0%@1344,0%@1344,0%@1344],GR3D_FREQ,0%,cpu@51.656C,soc2@49.812C,soc0@50.781C,gpu@51.718C,tj@51.718C,soc1@50.843C,VDD_IN,5585mW/5586mW,VDD_CPU_GPU_CV,1305mW/1305mW,VDD_SOC,2373mW/2375mW
07-27-2026,10:08:12,RAM,869/7620MB,(lfb,17x4MB),SWAP,153/3810MB,(cached,2MB),CPU,[0%@1344,0%@1344,0%@1344,16%@1344,0%@1344,0%@1344],GR3D_FREQ,0%,cpu@51.75C,soc2@49.875C,soc0@50.625C,gpu@51.468C,tj@51.718C,soc1@51.031C,VDD_IN,5585mW/5586mW,VDD_CPU_GPU_CV,1305mW/1305mW,VDD_SOC,2376mW/2375mW
07-27-2026,10:08:12,RAM,869/7620MB,(lfb,17x4MB),SWAP,153/3810MB,(cached,2MB),CPU,[0%@1344,9%@1344,0%@1344,0%@1344,0%@1344,0%@1344],GR3D_FREQ,0%,cpu@51.812C,soc2@49.968C,soc0@50.593C,gpu@51.875C,tj@51.875C,soc1@51.062C,VDD_IN,5585mW/5586mW,VDD_CPU_GPU_CV,1305mW/1305mW,VDD_SOC,2373mW/2375mW
07-27-2026,10:08:12,RAM,868/7620MB,(lfb,17x4MB),SWAP,153/3810MB,(cached,2MB),CPU,[0%@1344,0%@1344,0%@1344,0%@1344,0%@1344,0%@1344],GR3D_FREQ,0%,cpu@51.843C,soc2@49.75C,soc0@50.718C,gpu@51.781C,tj@51.781C,soc1@50.75C,VDD_IN,5585mW/5586mW,VDD_CPU_GPU_CV,1305mW/1305mW,VDD_SOC,2376mW/2375mW
07-27-2026,10:08:12,RAM,868/7620MB,(lfb,17x4MB),SWAP,153/3810MB,(cached,2MB),CPU,[0%@1344,0%@1344,0%@1344,0%@1344,0%@1344,0%@1344],GR3D_FREQ,0%,cpu@51.656C,soc2@49.812C,soc0@50.781C,gpu@52.093C,tj@52.093C,soc1@50.781C,VDD_IN,5585mW/5586mW,VDD_CPU_GPU_CV,1305mW/1305mW,VDD_SOC,2373mW/2375mW
07-27-2026,10:08:12,RAM,868/7620MB,(lfb,17x4MB),SWAP,153/3810MB,(cached,2MB),CPU,[0%@1344,0%@1344,0%@1344,0%@1344,0%@1344,0%@1344],GR3D_FREQ,0%,cpu@51.75C,soc2@49.906C,soc0@50.968C,gpu@51.812C,tj@51.812C,soc1@50.875C,VDD_IN,5585mW/5586mW,VDD_CPU_GPU_CV,1305mW/1305mW,VDD_SOC,2376mW/2375mW
07-27-2026,10:08:12,RAM,868/7620MB,(lfb,17x4MB),SWAP,153/3810MB,(cached,2MB),CPU,[0%@1344,0%@1344,0%@1344,0%@1344,0%@1344,0%@1344],GR3D_FREQ,0%,cpu@51.718C,soc2@49.843C,soc0@50.562C,gpu@51.687C,tj@51.718C,soc1@51.062C,VDD_IN,5585mW/5586mW,VDD_CPU_GPU_CV,1305mW/1305mW,VDD_SOC,2376mW/2375mW
07-27-2026,10:08:12,RAM,868/7620MB,(lfb,17x4MB),SWAP,153/3810MB,(cached,2MB),CPU,[0%@1344,0%@1344,0%@1344,0%@1344,0%@1344,0%@1344],GR3D_FREQ,0%,cpu@51.937C,soc2@49.75C,soc0@50.656C,gpu@52.062C,tj@52.062C,soc1@50.75C,VDD_IN,5585mW/5586mW,VDD_CPU_GPU_CV,1305mW/1305mW,VDD_SOC,2376mW/2375mW
07-27-2026,10:08:12,RAM,868/7620MB,(lfb,17x4MB),SWAP,153/3810MB,(cached,2MB),CPU,[0%@1344,0%@1344,0%@1344,0%@1344,0%@1344,0%@1344],GR3D_FREQ,0%,cpu@51.656C,soc2@49.812C,soc0@50.781C,gpu@51.812C,tj@51.812C,soc1@50.843C,VDD_IN,5546mW/5586mW,VDD_CPU_GPU_CV,1305mW/1305mW,VDD_SOC,2376mW/2375mW
07-27-2026,10:08:13,RAM,868/7620MB,(lfb,17x4MB),SWAP,153/3810MB,(cached,2MB),CPU,[0%@1344,0%@1344,0%@1344,0%@1344,0%@1344,0%@1344],GR3D_FREQ,0%,cpu@51.812C,soc2@49.843C,soc0@50.781C,gpu@51.562C,tj@51.812C,soc1@50.968C,VDD_IN,5546mW/5585mW,VDD_CPU_GPU_CV,1305mW/1305mW,VDD_SOC,2376mW/2375mW
07-27-2026,10:08:13,RAM,869/7620MB,(lfb,17x4MB),SWAP,153/3810MB,(cached,2MB),CPU,[0%@1344,0%@1344,0%@1344,0%@1344,0%@1344,0%@1344],GR3D_FREQ,0%,cpu@51.812C,soc2@49.906C,soc0@50.562C,gpu@51.937C,tj@51.937C,soc1@50.875C,VDD_IN,5546mW/5585mW,VDD_CPU_GPU_CV,1305mW/1305mW,VDD_SOC,2376mW/2375mW
07-27-2026,10:08:13,RAM,869/7620MB,(lfb,17x4MB),SWAP,153/3810MB,(cached,2MB),CPU,[0%@1344,8%@1344,0%@1344,0%@1344,0%@1344,0%@1344],GR3D_FREQ,0%,cpu@51.906C,soc2@49.75C,soc0@50.593C,gpu@51.812C,tj@51.906C,soc1@51.125C,VDD_IN,5585mW/5585mW,VDD_CPU_GPU_CV,1305mW/1305mW,VDD_SOC,2376mW/2375mW
07-27-2026,10:08:13,RAM,869/7620MB,(lfb,17x4MB),SWAP,153/3810MB,(cached,2MB),CPU,[0%@1344,0%@1344,0%@1344,0%@1344,0%@1344,0%@1344],GR3D_FREQ,0%,cpu@51.718C,soc2@49.875C,soc0@50.718C,gpu@51.5C,tj@51.718C,soc1@50.812C,VDD_IN,5585mW/5585mW,VDD_CPU_GPU_CV,1305mW/1305mW,VDD_SOC,2376mW/2375mW
07-27-2026,10:08:13,RAM,869/7620MB,(lfb,17x4MB),SWAP,153/3810MB,(cached,2MB),CPU,[0%@1344,0%@1344,0%@1344,0%@1344,0%@1344,0%@1344],GR3D_FREQ,0%,cpu@51.718C,soc2@49.718C,soc0@50.812C,gpu@51.906C,tj@51.906C,soc1@50.812C,VDD_IN,5585mW/5585mW,VDD_CPU_GPU_CV,1305mW/1305mW,VDD_SOC,2376mW/2375mW
07-27-2026,10:08:13,RAM,869/7620MB,(lfb,17x4MB),SWAP,153/3810MB,(cached,2MB),CPU,[0%@1344,0%@1344,0%@1344,0%@1344,0%@1344,0%@1344],GR3D_FREQ,0%,cpu@51.75C,soc2@49.906C,soc0@50.968C,gpu@51.718C,tj@51.75C,soc1@50.875C,VDD_IN,5585mW/5585mW,VDD_CPU_GPU_CV,1305mW/1305mW,VDD_SOC,2376mW/2375mW
07-27-2026,10:08:13,RAM,869/7620MB,(lfb,17x4MB),SWAP,153/3810MB,(cached,2MB),CPU,[0%@1344,0%@1344,0%@1344,0%@1344,0%@1344,0%@1344],GR3D_FREQ,0%,cpu@51.843C,soc2@49.968C,soc0@50.562C,gpu@51.468C,tj@51.843C,soc1@50.968C,VDD_IN,5585mW/5585mW,VDD_CPU_GPU_CV,1305mW/1305mW,VDD_SOC,2376mW/2375mW
07-27-2026,10:08:13,RAM,869/7620MB,(lfb,17x4MB),SWAP,153/3810MB,(cached,2MB),CPU,[0%@1344,9%@1344,0%@1344,0%@1344,0%@1344,0%@1344],GR3D_FREQ,0%,cpu@51.843C,soc2@49.812C,soc0@50.593C,gpu@51.875C,tj@51.875C,soc1@51.156C,VDD_IN,5585mW/5585mW,VDD_CPU_GPU_CV,1305mW/1305mW,VDD_SOC,2376mW/2375mW
07-27-2026,10:08:13,RAM,869/7620MB,(lfb,17x4MB),SWAP,153/3810MB,(cached,2MB),CPU,[0%@1344,0%@1344,0%@1344,0%@1344,0%@1344,0%@1344],GR3D_FREQ,0%,cpu@51.656C,soc2@49.812C,soc0@50.75C,gpu@51.5C,tj@51.656C,soc1@50.75C,VDD_IN,5585mW/5585mW,VDD_CPU_GPU_CV,1305mW/1305mW,VDD_SOC,2376mW/2375mW
07-27-2026,10:08:13,RAM,869/7620MB,(lfb,17x4MB),SWAP,153/3810MB,(cached,2MB),CPU,[0%@1344,0%@1344,0%@1344,0%@1344,0%@1344,0%@1344],GR3D_FREQ,0%,cpu@51.75C,soc2@49.875C,soc0@50.75C,gpu@51.5C,tj@51.75C,soc1@50.875C,VDD_IN,5585mW/5585mW,VDD_CPU_GPU_CV,1305mW/1305mW,VDD_SOC,2376mW/2375mW
07-27-2026,10:08:14,RAM,869/7620MB,(lfb,17x4MB),SWAP,153/3810MB,(cached,2MB),CPU,[0%@1344,0%@1344,0%@1344,0%@1344,0%@1344,0%@1344],GR3D_FREQ,0%,cpu@51.812C,soc2@49.906C,soc0@50.531C,gpu@51.937C,tj@51.937C,soc1@50.968C,VDD_IN,5585mW/5585mW,VDD_CPU_GPU_CV,1305mW/1305mW,VDD_SOC,2376mW/2375mW
07-27-2026,10:08:14,RAM,869/7620MB,(lfb,17x4MB),SWAP,153/3810MB,(cached,2MB),CPU,[0%@1344,0%@1344,0%@1344,0%@1344,16%@1344,0%@1344],GR3D_FREQ,0%,cpu@51.968C,soc2@50C,soc0@50.593C,gpu@51.531C,tj@51.968C,soc1@51.125C,VDD_IN,5585mW/5585mW,VDD_CPU_GPU_CV,1305mW/1305mW,VDD_SOC,2376mW/2375mW
07-27-2026,10:08:14,RAM,869/7620MB,(lfb,17x4MB),SWAP,153/3810MB,(cached,2MB),CPU,[0%@1344,0%@1344,0%@1344,0%@1344,0%@1344,0%@1344],GR3D_FREQ,0%,cpu@51.968C,soc2@49.75C,soc0@50.625C,gpu@52.093C,tj@52.093C,soc1@50.781C,VDD_IN,5585mW/5585mW,VDD_CPU_GPU_CV,1305mW/1305mW,VDD_SOC,2373mW/2375mW
07-27-2026,10:08:14,RAM,869/7620MB,(lfb,17x4MB),SWAP,153/3810MB,(cached,2MB),CPU,[0%@1344,0%@1344,0%@1344,0%@1344,0%@1344,0%@1344],GR3D_FREQ,0%,cpu@51.656C,soc2@49.75C,soc0@50.781C,gpu@51.812C,tj@51.812C,soc1@50.812C,VDD_IN,5585mW/5585mW,VDD_CPU_GPU_CV,1305mW/1305mW,VDD_SOC,2373mW/2375mW
07-27-2026,10:08:14,RAM,869/7620MB,(lfb,17x4MB),SWAP,153/3810MB,(cached,2MB),CPU,[0%@1344,0%@1344,0%@1344,0%@1344,0%@1344,0%@1344],GR3D_FREQ,0%,cpu@51.875C,soc2@49.781C,soc0@50.843C,gpu@51.468C,tj@51.875C,soc1@50.843C,VDD_IN,5585mW/5585mW,VDD_CPU_GPU_CV,1305mW/1305mW,VDD_SOC,2373mW/2375mW
07-27-2026,10:08:14,RAM,869/7620MB,(lfb,17x4MB),SWAP,153/3810MB,(cached,2MB),CPU,[0%@1344,0%@1344,0%@1344,0%@1344,0%@1344,0%@1344],GR3D_FREQ,0%,cpu@51.906C,soc2@49.843C,soc0@50.656C,gpu@52.031C,tj@52.031C,soc1@50.968C,VDD_IN,5585mW/5585mW,VDD_CPU_GPU_CV,1305mW/1305mW,VDD_SOC,2373mW/2375mW
07-27-2026,10:08:14,RAM,869/7620MB,(lfb,17x4MB),SWAP,153/3810MB,(cached,2MB),CPU,[0%@1344,0%@1344,0%@1344,0%@1344,0%@1344,0%@1344],GR3D_FREQ,0%,cpu@51.875C,soc2@49.875C,soc0@50.687C,gpu@51.812C,tj@51.875C,soc1@50.75C,VDD_IN,5585mW/5585mW,VDD_CPU_GPU_CV,1305mW/1305mW,VDD_SOC,2373mW/2375mW
07-27-2026,10:08:14,RAM,869/7620MB,(lfb,17x4MB),SWAP,153/3810MB,(cached,2MB),CPU,[0%@1344,0%@1344,0%@1344,0%@1344,0%@1344,0%@1344],GR3D_FREQ,0%,cpu@51.718C,soc2@49.812C,soc0@50.687C,gpu@51.468C,tj@51.718C,soc1@50.875C,VDD_IN,5585mW/5585mW,VDD_CPU_GPU_CV,1305mW/1305mW,VDD_SOC,2373mW/2375mW
07-27-2026,10:08:14,RAM,869/7620MB,(lfb,17x4MB),SWAP,153/3810MB,(cached,2MB),CPU,[8%@1344,0%@1344,0%@1344,0%@1344,0%@1344,0%@1344],GR3D_FREQ,0%,cpu@51.875C,soc2@49.843C,soc0@50.781C,gpu@52.031C,tj@52.031C,soc1@50.875C,VDD_IN,5585mW/5585mW,VDD_CPU_GPU_CV,1305mW/1305mW,VDD_SOC,2373mW/2375mW
07-27-2026,10:08:15,RAM,869/7620MB,(lfb,17x4MB),SWAP,153/3810MB,(cached,2MB),CPU,[0%@1344,8%@1344,0%@1344,0%@1344,0%@1344,0%@1344],GR3D_FREQ,0%,cpu@51.718C,soc2@49.843C,soc0@50.625C,gpu@51.593C,tj@51.718C,soc1@50.875C,VDD_IN,5585mW/5585mW,VDD_CPU_GPU_CV,1305mW/1305mW,VDD_SOC,2376mW/2375mW
07-27-2026,10:08:15,RAM,869/7620MB,(lfb,17x4MB),SWAP,153/3810MB,(cached,2MB),CPU,[0%@1344,9%@1344,0%@1344,0%@1344,0%@1344,0%@1344],GR3D_FREQ,0%,cpu@51.906C,soc2@49.781C,soc0@50.562C,gpu@51.562C,tj@51.906C,soc1@51.156C,VDD_IN,5585mW/5585mW,VDD_CPU_GPU_CV,1305mW/1305mW,VDD_SOC,2376mW/2375mW
07-27-2026,10:08:15,RAM,869/7620MB,(lfb,17x4MB),SWAP,153/3810MB,(cached,2MB),CPU,[0%@1344,0%@1344,0%@1344,0%@1344,0%@1344,9%@1344],GR3D_FREQ,0%,cpu@51.718C,soc2@49.875C,soc0@50.656C,gpu@51.937C,tj@51.937C,soc1@50.718C,VDD_IN,5585mW/5585mW,VDD_CPU_GPU_CV,1305mW/1305mW,VDD_SOC,2376mW/2375mW
07-27-2026,10:08:15,RAM,869/7620MB,(lfb,17x4MB),SWAP,153/3810MB,(cached,2MB),CPU,[0%@1344,0%@1344,0%@1344,0%@1344,0%@1344,0%@1344],GR3D_FREQ,0%,cpu@51.781C,soc2@49.781C,soc0@50.75C,gpu@51.5C,tj@51.781C,soc1@50.687C,VDD_IN,5585mW/5585mW,VDD_CPU_GPU_CV,1305mW/1305mW,VDD_SOC,2376mW/2375mW
07-27-2026,10:08:15,RAM,869/7620MB,(lfb,17x4MB),SWAP,153/3810MB,(cached,2MB),CPU,[0%@1344,9%@1344,0%@1344,0%@1344,0%@1344,0%@1344],GR3D_FREQ,0%,cpu@51.906C,soc2@49.843C,soc0@50.562C,gpu@51.562C,tj@51.906C,soc1@50.781C,VDD_IN,5585mW/5585mW,VDD_CPU_GPU_CV,1305mW/1305mW,VDD_SOC,2373mW/2375mW
07-27-2026,10:08:15,RAM,869/7620MB,(lfb,17x4MB),SWAP,153/3810MB,(cached,2MB),CPU,[0%@1344,0%@1344,0%@1344,0%@1344,0%@1344,0%@1344],GR3D_FREQ,0%,cpu@51.906C,soc2@49.906C,soc0@50.593C,gpu@51.968C,tj@51.968C,soc1@51.093C,VDD_IN,5585mW/5585mW,VDD_CPU_GPU_CV,1305mW/1305mW,VDD_SOC,2376mW/2375mW
07-27-2026,10:08:15,RAM,869/7620MB,(lfb,17x4MB),SWAP,153/3810MB,(cached,2MB),CPU,[0%@1344,0%@1344,0%@1344,0%@1344,0%@1344,0%@1344],GR3D_FREQ,0%,cpu@51.937C,soc2@49.843C,soc0@50.656C,gpu@51.468C,tj@51.937C,soc1@50.687C,VDD_IN,5585mW/5585mW,VDD_CPU_GPU_CV,1305mW/1305mW,VDD_SOC,2376mW/2375mW
07-27-2026,10:08:15,RAM,871/7620MB,(lfb,17x4MB),SWAP,153/3810MB,(cached,2MB),CPU,[0%@1344,0%@1344,0%@1344,9%@1344,60%@1344,9%@1344],GR3D_FREQ,0%,cpu@51.812C,soc2@49.781C,soc0@50.781C,gpu@51.406C,tj@51.812C,soc1@50.843C,VDD_IN,5744mW/5586mW,VDD_CPU_GPU_CV,1384mW/1305mW,VDD_SOC,2416mW/2375mW
07-27-2026,10:08:15,RAM,871/7620MB,(lfb,17x4MB),SWAP,153/3810MB,(cached,2MB),CPU,[0%@1344,0%@1344,0%@1344,0%@1344,0%@1344,0%@1344],GR3D_FREQ,0%,cpu@51.781C,soc2@49.875C,soc0@50.843C,gpu@51.875C,tj@51.875C,soc1@50.812C,VDD_IN,5704mW/5586mW,VDD_CPU_GPU_CV,1384mW/1306mW,VDD_SOC,2416mW/2375mW
07-27-2026,10:08:15,RAM,873/7620MB,(lfb,17x4MB),SWAP,153/3810MB,(cached,2MB),CPU,[9%@1344,0%@1344,0%@1344,0%@1344,0%@1344,0%@1344],GR3D_FREQ,0%,cpu@51.812C,soc2@49.875C,soc0@50.656C,gpu@51.5C,tj@51.812C,soc1@50.968C,VDD_IN,5713mW/5587mW,VDD_CPU_GPU_CV,1344mW/1306mW,VDD_SOC,2416mW/2375mW
07-27-2026,10:08:16,RAM,873/7620MB,(lfb,17x4MB),SWAP,153/3810MB,(cached,2MB),CPU,[0%@1344,0%@1344,0%@1344,0%@1344,0%@1344,0%@1344],GR3D_FREQ,0%,cpu@51.812C,soc2@49.843C,soc0@50.656C,gpu@52.062C,tj@52.062C,soc1@51.156C,VDD_IN,5674mW/5587mW,VDD_CPU_GPU_CV,1346mW/1306mW,VDD_SOC,2376mW/2375mW
07-27-2026,10:08:16,RAM,874/7620MB,(lfb,17x4MB),SWAP,153/3810MB,(cached,2MB),CPU,[9%@1344,0%@1344,0%@1344,8%@1344,0%@1344,0%@1344],GR3D_FREQ,0%,cpu@51.812C,soc2@49.843C,soc0@50.75C,gpu@51.562C,tj@51.812C,soc1@50.75C,VDD_IN,5713mW/5588mW,VDD_CPU_GPU_CV,1346mW/1306mW,VDD_SOC,2416mW/2376mW
07-27-2026,10:08:16,RAM,874/7620MB,(lfb,17x4MB),SWAP,153/3810MB,(cached,2MB),CPU,[0%@1344,0%@1344,0%@1344,0%@1344,0%@1344,0%@1344],GR3D_FREQ,0%,cpu@51.718C,soc2@49.812C,soc0@50.812C,gpu@51.468C,tj@51.718C,soc1@50.875C,VDD_IN,5674mW/5588mW,VDD_CPU_GPU_CV,1346mW/1307mW,VDD_SOC,2376mW/2376mW
07-27-2026,10:08:16,RAM,874/7620MB,(lfb,17x4MB),SWAP,153/3810MB,(cached,2MB),CPU,[0%@1344,0%@1344,0%@1344,0%@1344,0%@1344,0%@1344],GR3D_FREQ,0%,cpu@51.75C,soc2@49.812C,soc0@50.875C,gpu@52.093C,tj@52.093C,soc1@50.968C,VDD_IN,5674mW/5589mW,VDD_CPU_GPU_CV,1346mW/1307mW,VDD_SOC,2376mW/2376mW
07-27-2026,10:08:16,RAM,874/7620MB,(lfb,17x4MB),SWAP,153/3810MB,(cached,2MB),CPU,[0%@1344,0%@1344,0%@1344,0%@1344,0%@1344,0%@1344],GR3D_FREQ,0%,cpu@51.812C,soc2@49.937C,soc0@50.625C,gpu@51.562C,tj@51.812C,soc1@51.031C,VDD_IN,5674mW/5589mW,VDD_CPU_GPU_CV,1307mW/1307mW,VDD_SOC,2376mW/2376mW
07-27-2026,10:08:16,RAM,874/7620MB,(lfb,17x4MB),SWAP,153/3810MB,(cached,2MB),CPU,[0%@1344,0%@1344,0%@1344,0%@1344,0%@1344,0%@1344],GR3D_FREQ,0%,cpu@51.906C,soc2@49.781C,soc0@50.625C,gpu@51.562C,tj@51.906C,soc1@50.75C,VDD_IN,5674mW/5590mW,VDD_CPU_GPU_CV,1307mW/1307mW,VDD_SOC,2376mW/2376mW
07-27-2026,10:08:16,RAM,874/7620MB,(lfb,17x4MB),SWAP,153/3810MB,(cached,2MB),CPU,[0%@1344,0%@1344,0%@1344,0%@1344,0%@1344,0%@1344],GR3D_FREQ,0%,cpu@51.781C,soc2@49.875C,soc0@50.718C,gpu@51.937C,tj@51.937C,soc1@50.812C,VDD_IN,5674mW/5590mW,VDD_CPU_GPU_CV,1307mW/1307mW,VDD_SOC,2376mW/2376mW
07-27-2026,10:08:16,RAM,875/7620MB,(lfb,17x4MB),SWAP,153/3810MB,(cached,2MB),CPU,[0%@1344,0%@1344,0%@1344,0%@1344,0%@1344,0%@1344],GR3D_FREQ,0%,cpu@51.718C,soc2@49.843C,soc0@50.843C,gpu@51.531C,tj@51.718C,soc1@50.937C,VDD_IN,5683mW/5590mW,VDD_CPU_GPU_CV,1307mW/1307mW,VDD_SOC,2380mW/2376mW
07-27-2026,10:08:16,RAM,875/7620MB,(lfb,17x4MB),SWAP,153/3810MB,(cached,2MB),CPU,[9%@1344,0%@1344,0%@1344,0%@1344,18%@1344,9%@1344],GR3D_FREQ,0%,cpu@51.843C,soc2@49.937C,soc0@50.531C,gpu@51.5C,tj@51.843C,soc1@51.093C,VDD_IN,5723mW/5591mW,VDD_CPU_GPU_CV,1349mW/1307mW,VDD_SOC,2380mW/2376mW
07-27-2026,10:08:17,RAM,875/7620MB,(lfb,17x4MB),SWAP,153/3810MB,(cached,2MB),CPU,[10%@1344,0%@1344,0%@1344,0%@1344,0%@1344,0%@1344],GR3D_FREQ,0%,cpu@51.812C,soc2@49.843C,soc0@50.718C,gpu@52.031C,tj@52.031C,soc1@50.906C,VDD_IN,5723mW/5592mW,VDD_CPU_GPU_CV,1349mW/1307mW,VDD_SOC,2380mW/2376mW
07-27-2026,10:08:17,RAM,878/7620MB,(lfb,17x4MB),SWAP,153/3810MB,(cached,2MB),CPU,[10%@1344,0%@1344,0%@1344,0%@1344,9%@1344,9%@1344],GR3D_FREQ,0%,cpu@51.75C,soc2@49.812C,soc0@50.812C,gpu@51.781C,tj@51.781C,soc1@50.812C,VDD_IN,5762mW/5592mW,VDD_CPU_GPU_CV,1349mW/1307mW,VDD_SOC,2380mW/2376mW
07-27-2026,10:08:17,RAM,882/7620MB,(lfb,17x4MB),SWAP,153/3810MB,(cached,2MB),CPU,[9%@1344,0%@1344,9%@1344,0%@1344,10%@1344,0%@1344],GR3D_FREQ,0%,cpu@51.812C,soc2@49.875C,soc0@50.937C,gpu@51.468C,tj@51.812C,soc1@50.875C,VDD_IN,5802mW/5593mW,VDD_CPU_GPU_CV,1388mW/1308mW,VDD_SOC,2420mW/2376mW
07-27-2026,10:08:17,RAM,884/7620MB,(lfb,17x4MB),SWAP,153/3810MB,(cached,2MB),CPU,[10%@1344,0%@1344,0%@1344,0%@1344,9%@1344,0%@1344],GR3D_FREQ,0%,cpu@51.843C,soc2@49.968C,soc0@50.625C,gpu@51.843C,tj@51.843C,soc1@51.062C,VDD_IN,5802mW/5594mW,VDD_CPU_GPU_CV,1388mW/1308mW,VDD_SOC,2420mW/2376mW
07-27-2026,10:08:17,RAM,887/7620MB,(lfb,17x4MB),SWAP,153/3810MB,(cached,2MB),CPU,[9%@1344,0%@1344,0%@1344,0%@1344,9%@1344,0%@1344],GR3D_FREQ,0%,cpu@51.937C,soc2@49.781C,soc0@50.687C,gpu@51.75C,tj@51.937C,soc1@50.75C,VDD_IN,5802mW/5595mW,VDD_CPU_GPU_CV,1388mW/1308mW,VDD_SOC,2420mW/2376mW
07-27-2026,10:08:17,RAM,889/7620MB,(lfb,17x4MB),SWAP,153/3810MB,(cached,2MB),CPU,[0%@1344,0%@1344,0%@1344,0%@1344,0%@1344,0%@1344],GR3D_FREQ,0%,cpu@51.656C,soc2@49.875C,soc0@50.687C,gpu@51.593C,tj@51.656C,soc1@50.875C,VDD_IN,5802mW/5596mW,VDD_CPU_GPU_CV,1388mW/1309mW,VDD_SOC,2420mW/2376mW
07-27-2026,10:08:17,RAM,891/7620MB,(lfb,17x4MB),SWAP,153/3810MB,(cached,2MB),CPU,[18%@1344,0%@1344,0%@1344,0%@1344,10%@1344,0%@1344],GR3D_FREQ,0%,cpu@51.812C,soc2@49.812C,soc0@50.906C,gpu@51.968C,tj@52.093C,soc1@50.968C,VDD_IN,5802mW/5597mW,VDD_CPU_GPU_CV,1388mW/1309mW,VDD_SOC,2420mW/2377mW
07-27-2026,10:08:17,RAM,893/7620MB,(lfb,17x4MB),SWAP,153/3810MB,(cached,2MB),CPU,[16%@1344,8%@1344,0%@1344,0%@1344,9%@1344,0%@1344],GR3D_FREQ,0%,cpu@51.75C,soc2@49.968C,soc0@50.593C,gpu@51.718C,tj@51.75C,soc1@50.937C,VDD_IN,5802mW/5598mW,VDD_CPU_GPU_CV,1388mW/1309mW,VDD_SOC,2420mW/2377mW
07-27-2026,10:08:17,RAM,896/7620MB,(lfb,17x4MB),SWAP,153/3810MB,(cached,2MB),CPU,[9%@1344,9%@1344,9%@1344,0%@1344,9%@1344,0%@1344],GR3D_FREQ,0%,cpu@51.906C,soc2@49.812C,soc0@50.687C,gpu@51.656C,tj@51.906C,soc1@50.75C,VDD_IN,5802mW/5599mW,VDD_CPU_GPU_CV,1388mW/1310mW,VDD_SOC,2420mW/2377mW
07-27-2026,10:08:17,RAM,899/7620MB,(lfb,17x4MB),SWAP,153/3810MB,(cached,2MB),CPU,[18%@1344,0%@1344,0%@1344,0%@1344,9%@1344,0%@1344],GR3D_FREQ,0%,cpu@51.968C,soc2@49.906C,soc0@50.5C,gpu@51.781C,tj@51.968C,soc1@51.031C,VDD_IN,5802mW/5600mW,VDD_CPU_GPU_CV,1388mW/1310mW,VDD_SOC,2420mW/2377mW
07-27-2026,10:08:18,RAM,902/7620MB,(lfb,17x4MB),SWAP,153/3810MB,(cached,2MB),CPU,[0%@1344,0%@1344,0%@1344,0%@1344,10%@1344,0%@1344],GR3D_FREQ,0%,cpu@52.093C,soc2@49.968C,soc0@50.625C,gpu@51.625C,tj@52.093C,soc1@51.156C,VDD_IN,5842mW/5601mW,VDD_CPU_GPU_CV,1428mW/1311mW,VDD_SOC,2420mW/2377mW
07-27-2026,10:08:18,RAM,903/7620MB,(lfb,17x4MB),SWAP,153/3810MB,(cached,2MB),CPU,[16%@1344,0%@1344,8%@1344,0%@1344,9%@1344,9%@1344],GR3D_FREQ,0%,cpu@51.843C,soc2@49.812C,soc0@50.781C,gpu@51.937C,tj@51.843C,soc1@50.781C,VDD_IN,5842mW/5602mW,VDD_CPU_GPU_CV,1428mW/1311mW,VDD_SOC,2420mW/2378mW
07-27-2026,10:08:18,RAM,904/7620MB,(lfb,17x4MB),SWAP,153/3810MB,(cached,2MB),CPU,[0%@1344,16%@1344,0%@1344,0%@1344,9%@1344,0%@1344],GR3D_FREQ,0%,cpu@51.812C,soc2@49.718C,soc0@50.812C,gpu@51.843C,tj@51.843C,soc1@50.875C,VDD_IN,5842mW/5603mW,VDD_CPU_GPU_CV,1428mW/1312mW,VDD_SOC,2420mW/2378mW
07-27-2026,10:08:18,RAM,904/7620MB,(lfb,17x4MB),SWAP,153/3810MB,(cached,2MB),CPU,[16%@1344,0%@1344,0%@1344,0%@1344,10%@1344,0%@1344],GR3D_FREQ,0%,cpu@51.937C,soc2@49.843C,soc0@50.687C,gpu@51.687C,tj@51.937C,soc1@50.968C,VDD_IN,5842mW/5604mW,VDD_CPU_GPU_CV,1428mW/1312mW,VDD_SOC,2420mW/2378mW
07-27-2026,10:08:18,RAM,905/7620MB,(lfb,17x4MB),SWAP,153/3810MB,(cached,2MB),CPU,[10%@1344,9%@1344,0%@1344,0%@1344,0%@1344,0%@1344],GR3D_FREQ,0%,cpu@51.937C,soc2@49.906C,soc0@50.593C,gpu@51.593C,tj@51.937C,soc1@50.843C,VDD_IN,5842mW/5605mW,VDD_CPU_GPU_CV,1428mW/1313mW,VDD_SOC,2420mW/2378mW
07-27-2026,10:08:18,RAM,905/7620MB,(lfb,17x4MB),SWAP,153/3810MB,(cached,2MB),CPU,[16%@1344,0%@1344,0%@1344,0%@1344,9%@1344,8%@1344],GR3D_FREQ,0%,cpu@51.875C,soc2@49.937C,soc0@50.656C,gpu@51.75C,tj@51.875C,soc1@50.843C,VDD_IN,5842mW/5606mW,VDD_CPU_GPU_CV,1428mW/1313mW,VDD_SOC,2420mW/2378mW
07-27-2026,10:08:18,RAM,906/7620MB,(lfb,17x4MB),SWAP,153/3810MB,(cached,2MB),CPU,[0%@1344,0%@1344,0%@1344,0%@1344,9%@1344,0%@1344],GR3D_FREQ,0%,cpu@51.875C,soc2@49.906C,soc0@50.843C,gpu@51.656C,tj@51.875C,soc1@50.937C,VDD_IN,5842mW/5607mW,VDD_CPU_GPU_CV,1428mW/1314mW,VDD_SOC,2420mW/2378mW
07-27-2026,10:08:18,RAM,907/7620MB,(lfb,17x4MB),SWAP,153/3810MB,(cached,2MB),CPU,[16%@1344,0%@1344,0%@1344,0%@1344,9%@1344,0%@1344],GR3D_FREQ,0%,cpu@51.937C,soc2@49.968C,soc0@50.656C,gpu@51.656C,tj@51.937C,soc1@50.968C,VDD_IN,5842mW/5608mW,VDD_CPU_GPU_CV,1388mW/1314mW,VDD_SOC,2420mW/2379mW
07-27-2026,10:08:18,RAM,907/7620MB,(lfb,17x4MB),SWAP,153/3810MB,(cached,2MB),CPU,[10%@1344,8%@1344,0%@1344,0%@1344,18%@1344,0%@1344],GR3D_FREQ,0%,cpu@51.906C,soc2@49.781C,soc0@50.687C,gpu@51.562C,tj@51.906C,soc1@51.156C,VDD_IN,5802mW/5608mW,VDD_CPU_GPU_CV,1388mW/1314mW,VDD_SOC,2420mW/2379mW
07-27-2026,10:08:19,RAM,908/7620MB,(lfb,17x4MB),SWAP,153/3810MB,(cached,2MB),CPU,[9%@1344,9%@1344,0%@1344,0%@1344,0%@1344,0%@1344],GR3D_FREQ,0%,cpu@51.75C,soc2@49.75C,soc0@50.593C,gpu@51.687C,tj@51.75C,soc1@50.937C,VDD_IN,5802mW/5609mW,VDD_CPU_GPU_CV,1388mW/1314mW,VDD_SOC,2420mW/2379mW
07-27-2026,10:08:19,RAM,908/7620MB,(lfb,17x4MB),SWAP,153/3810MB,(cached,2MB),CPU,[10%@1344,0%@1344,0%@1344,0%@1344,9%@1344,0%@1344],GR3D_FREQ,0%,cpu@51.812C,soc2@49.968C,soc0@50.843C,gpu@51.593C,tj@51.812C,soc1@50.875C,VDD_IN,5802mW/5610mW,VDD_CPU_GPU_CV,1388mW/1315mW,VDD_SOC,2420mW/2379mW
07-27-2026,10:08:19,RAM,909/7620MB,(lfb,17x4MB),SWAP,153/3810MB,(cached,2MB),CPU,[0%@1344,9%@1344,9%@1344,16%@1344,10%@1344,0%@1344],GR3D_FREQ,0%,cpu@51.843C,soc2@49.843C,soc0@50.687C,gpu@51.531C,tj@51.843C,soc1@51.125C,VDD_IN,5842mW/5611mW,VDD_CPU_GPU_CV,1428mW/1315mW,VDD_SOC,2420mW/2379mW
07-27-2026,10:08:19,RAM,910/7620MB,(lfb,17x4MB),SWAP,153/3810MB,(cached,2MB),CPU,[9%@1344,0%@1344,0%@1344,0%@1344,9%@1344,0%@1344],GR3D_FREQ,0%,cpu@51.937C,soc2@49.718C,soc0@50.687C,gpu@52C,tj@52C,soc1@51.125C,VDD_IN,5802mW/5612mW,VDD_CPU_GPU_CV,1388mW/1315mW,VDD_SOC,2420mW/2379mW
07-27-2026,10:08:19,RAM,911/7620MB,(lfb,17x4MB),SWAP,153/3810MB,(cached,2MB),CPU,[18%@1344,0%@1344,0%@1344,0%@1344,9%@1344,0%@1344],GR3D_FREQ,0%,cpu@51.75C,soc2@49.937C,soc0@50.718C,gpu@51.781C,tj@51.781C,soc1@50.937C,VDD_IN,5921mW/5613mW,VDD_CPU_GPU_CV,1428mW/1316mW,VDD_SOC,2420mW/2380mW
07-27-2026,10:08:19,RAM,911/7620MB,(lfb,17x4MB),SWAP,153/3810MB,(cached,2MB),CPU,[9%@1344,8%@1344,16%@1344,0%@1344,0%@1344,0%@1344],GR3D_FREQ,0%,cpu@51.718C,soc2@49.812C,soc0@50.906C,gpu@51.5C,tj@52.031C,soc1@50.937C,VDD_IN,5961mW/5614mW,VDD_CPU_GPU_CV,1428mW/1316mW,VDD_SOC,2420mW/2380mW
07-27-2026,10:08:19,RAM,912/7620MB,(lfb,17x4MB),SWAP,153/3810MB,(cached,2MB),CPU,[0%@1344,0%@1344,0%@1344,0%@1344,9%@1344,0%@1344],GR3D_FREQ,0%,cpu@51.843C,soc2@49.906C,soc0@50.562C,gpu@52.031C,tj@52.031C,soc1@51C,VDD_IN,6001mW/5616mW,VDD_CPU_GPU_CV,1428mW/1317mW,VDD_SOC,2420mW/2380mW
07-27-2026,10:08:19,RAM,913/7620MB,(lfb,17x4MB),SWAP,153/3810MB,(cached,2MB),CPU,[18%@1344,9%@1344,8%@1344,0%@1344,16%@1344,0%@1344],GR3D_FREQ,0%,cpu@51.812C,soc2@49.875C,soc0@50.843C,gpu@51.5C,tj@51.812C,soc1@51C,VDD_IN,6041mW/5618mW,VDD_CPU_GPU_CV,1428mW/1317mW,VDD_SOC,2420mW/2380mW
07-27-2026,10:08:19,RAM,914/7620MB,(lfb,17x4MB),SWAP,153/3810MB,(cached,2MB),CPU,[9%@1344,0%@1344,0%@1344,0%@1344,10%@1344,0%@1344],GR3D_FREQ,0%,cpu@51.968C,soc2@49.937C,soc0@50.625C,gpu@52.187C,tj@52.187C,soc1@51.093C,VDD_IN,6080mW/5620mW,VDD_CPU_GPU_CV,1428mW/1318mW,VDD_SOC,2420mW/2380mW
07-27-2026,10:08:20,RAM,914/7620MB,(lfb,17x4MB),SWAP,153/3810MB,(cached,2MB),CPU,[16%@1344,0%@1344,0%@1344,0%@1344,9%@1344,0%@1344],GR3D_FREQ,0%,cpu@52C,soc2@49.75C,soc0@50.656C,gpu@51.875C,tj@52C,soc1@51.187C,VDD_IN,6001mW/5621mW,VDD_CPU_GPU_CV,1428mW/1318mW,VDD_SOC,2420mW/2380mW
07-27-2026,10:08:20,RAM,915/7620MB,(lfb,17x4MB),SWAP,153/3810MB,(cached,2MB),CPU,[0%@1344,0%@1344,0%@1344,0%@1344,9%@1344,0%@1344],GR3D_FREQ,0%,cpu@51.812C,soc2@49.781C,soc0@50.718C,gpu@51.562C,tj@51.812C,soc1@50.781C,VDD_IN,5961mW/5622mW,VDD_CPU_GPU_CV,1428mW/1319mW,VDD_SOC,2420mW/2381mW
07-27-2026,10:08:20,RAM,916/7620MB,(lfb,17x4MB),SWAP,153/3810MB,(cached,2MB),CPU,[9%@1344,0%@1344,0%@1344,0%@1344,9%@1344,0%@1344],GR3D_FREQ,0%,cpu@51.875C,soc2@49.937C,soc0@50.906C,gpu@52C,tj@52C,soc1@50.968C,VDD_IN,5921mW/5624mW,VDD_CPU_GPU_CV,1428mW/1319mW,VDD_SOC,2420mW/2381mW
07-27-2026,10:08:20,RAM,916/7620MB,(lfb,17x4MB),SWAP,153/3810MB,(cached,2MB),CPU,[18%@1344,0%@1344,0%@1344,0%@1344,25%@1344,0%@1344],GR3D_FREQ,0%,cpu@52.031C,soc2@49.968C,soc0@50.875C,gpu@51.781C,tj@52.031C,soc1@51.062C,VDD_IN,5921mW/5625mW,VDD_CPU_GPU_CV,1428mW/1319mW,VDD_SOC,2420mW/2381mW
07-27-2026,10:08:20,RAM,917/7620MB,(lfb,17x4MB),SWAP,153/3810MB,(cached,2MB),CPU,[16%@1344,0%@1344,0%@1344,0%@1344,0%@1344,9%@1344],GR3D_FREQ,0%,cpu@52C,soc2@49.812C,soc0@50.687C,gpu@51.718C,tj@52C,soc1@50.687C,VDD_IN,5882mW/5626mW,VDD_CPU_GPU_CV,1428mW/1320mW,VDD_SOC,2420mW/2381mW
07-27-2026,10:08:20,RAM,918/7620MB,(lfb,17x4MB),SWAP,153/3810MB,(cached,2MB),CPU,[0%@1344,0%@1344,0%@1344,9%@1344,10%@1344,0%@1344],GR3D_FREQ,0%,cpu@51.843C,soc2@49.843C,soc0@50.75C,gpu@52.062C,tj@52.062C,soc1@50.906C,VDD_IN,5882mW/5627mW,VDD_CPU_GPU_CV,1428mW/1320mW,VDD_SOC,2420mW/2381mW
07-27-2026,10:08:20,RAM,918/7620MB,(lfb,17x4MB),SWAP,153/3810MB,(cached,2MB),CPU,[9%@1344,0%@1344,8%@1344,0%@1344,9%@1344,0%@1344],GR3D_FREQ,0%,cpu@51.906C,soc2@49.843C,soc0@50.812C,gpu@51.75C,tj@51.906C,soc1@50.875C,VDD_IN,5882mW/5628mW,VDD_CPU_GPU_CV,1428mW/1321mW,VDD_SOC,2420mW/2381mW
07-27-2026,10:08:20,RAM,919/7620MB,(lfb,17x4MB),SWAP,153/3810MB,(cached,2MB),CPU,[9%@1344,9%@1344,0%@1344,0%@1344,9%@1344,0%@1344],GR3D_FREQ,0%,cpu@51.937C,soc2@49.906C,soc0@50.593C,gpu@51.687C,tj@51.937C,soc1@50.906C,VDD_IN,5882mW/5629mW,VDD_CPU_GPU_CV,1428mW/1321mW,VDD_SOC,2420mW/2381mW
07-27-2026,10:08:20,RAM,919/7620MB,(lfb,17x4MB),SWAP,153/3810MB,(cached,2MB),CPU,[10%@1344,0%@1344,8%@1344,0%@1344,9%@1344,0%@1344],GR3D_FREQ,0%,cpu@51.906C,soc2@49.968C,soc0@50.656C,gpu@51.625C,tj@51.906C,soc1@51.187C,VDD_IN,5842mW/5630mW,VDD_CPU_GPU_CV,1428mW/1322mW,VDD_SOC,2420mW/2382mW
07-27-2026,10:08:20,RAM,920/7620MB,(lfb,17x4MB),SWAP,153/3810MB,(cached,2MB),CPU,[16%@1344,0%@1344,0%@1344,0%@1344,0%@1344,0%@1344],GR3D_FREQ,0%,cpu@51.75C,soc2@49.812C,soc0@50.656C,gpu@51.906C,tj@51.906C,soc1@50.843C,VDD_IN,5842mW/5630mW,VDD_CPU_GPU_CV,1388mW/1322mW,VDD_SOC,2420mW/2382mW
07-27-2026,10:08:21,RAM,921/7620MB,(lfb,17x4MB),SWAP,153/3810MB,(cached,2MB),CPU,[0%@1344,0%@1344,0%@1344,0%@1344,9%@1344,0%@1344],GR3D_FREQ,0%,cpu@51.75C,soc2@49.875C,soc0@50.75C,gpu@51.75C,tj@51.75C,soc1@50.906C,VDD_IN,5842mW/5631mW,VDD_CPU_GPU_CV,1388mW/1322mW,VDD_SOC,2420mW/2382mW
07-27-2026,10:08:21,RAM,921/7620MB,(lfb,17x4MB),SWAP,153/3810MB,(cached,2MB),CPU,[10%@1344,0%@1344,0%@1344,0%@1344,9%@1344,0%@1344],GR3D_FREQ,0%,cpu@51.875C,soc2@49.937C,soc0@50.687C,gpu@51.562C,tj@51.875C,soc1@50.968C,VDD_IN,5842mW/5632mW,VDD_CPU_GPU_CV,1388mW/1322mW,VDD_SOC,2420mW/2382mW
07-27-2026,10:08:21,RAM,922/7620MB,(lfb,17x4MB),SWAP,153/3810MB,(cached,2MB),CPU,[23%@1344,0%@1344,9%@1344,0%@1344,9%@1344,0%@1344],GR3D_FREQ,0%,cpu@51.968C,soc2@49.812C,soc0@50.593C,gpu@51.593C,tj@51.968C,soc1@51.125C,VDD_IN,5802mW/5633mW,VDD_CPU_GPU_CV,1388mW/1323mW,VDD_SOC,2420mW/2382mW
07-27-2026,10:08:21,RAM,922/7620MB,(lfb,17x4MB),SWAP,153/3810MB,(cached,2MB),CPU,[10%@1344,0%@1344,0%@1344,9%@1344,10%@1344,0%@1344],GR3D_FREQ,0%,cpu@51.812C,soc2@49.781C,soc0@50.843C,gpu@51.687C,tj@51.812C,soc1@50.937C,VDD_IN,5802mW/5633mW,VDD_CPU_GPU_CV,1388mW/1323mW,VDD_SOC,2420mW/2382mW
07-27-2026,10:08:21,RAM,923/7620MB,(lfb,17x4MB),SWAP,153/3810MB,(cached,2MB),CPU,[0%@1344,0%@1344,0%@1344,0%@1344,0%@1344,0%@1344],GR3D_FREQ,0%,cpu@51.656C,soc2@49.875C,soc0@50.687C,gpu@51.656C,tj@51.656C,soc1@50.906C,VDD_IN,5802mW/5634mW,VDD_CPU_GPU_CV,1388mW/1323mW,VDD_SOC,2420mW/2382mW
07-27-2026,10:08:21,RAM,924/7620MB,(lfb,17x4MB),SWAP,153/3810MB,(cached,2MB),CPU,[9%@1344,8%@1344,0%@1344,0%@1344,10%@1344,9%@1344],GR3D_FREQ,0%,cpu@51.781C,soc2@49.906C,soc0@50.687C,gpu@51.531C,tj@51.781C,soc1@51.062C,VDD_IN,5802mW/5635mW,VDD_CPU_GPU_CV,1428mW/1323mW,VDD_SOC,2420mW/2383mW
07-27-2026,10:08:21,RAM,925/7620MB,(lfb,17x4MB),SWAP,153/3810MB,(cached,2MB),CPU,[18%@1344,9%@1344,0%@1344,0%@1344,16%@1344,8%@1344],GR3D_FREQ,0%,cpu@51.75C,soc2@49.812C,soc0@50.75C,gpu@51.625C,tj@51.75C,soc1@50.906C,VDD_IN,5842mW/5635mW,VDD_CPU_GPU_CV,1428mW/1324mW,VDD_SOC,2420mW/2383mW
07-27-2026,10:08:21,RAM,926/7620MB,(lfb,17x4MB),SWAP,153/3810MB,(cached,2MB),CPU,[9%@1344,0%@1344,0%@1344,0%@1344,18%@1344,0%@1344],GR3D_FREQ,0%,cpu@51.937C,soc2@49.906C,soc0@50.906C,gpu@51.906C,tj@51.937C,soc1@50.968C,VDD_IN,5842mW/5636mW,VDD_CPU_GPU_CV,1428mW/1324mW,VDD_SOC,2420mW/2383mW
07-27-2026,10:08:21,RAM,926/7620MB,(lfb,17x4MB),SWAP,153/3810MB,(cached,2MB),CPU,[10%@1344,0%@1344,8%@1344,0%@1344,0%@1344,0%@1344],GR3D_FREQ,0%,cpu@52.093C,soc2@49.968C,soc0@50.687C,gpu@51.687C,tj@52.093C,soc1@51.031C,VDD_IN,5842mW/5637mW,VDD_CPU_GPU_CV,1428mW/1325mW,VDD_SOC,2420mW/2383mW
07-27-2026,10:08:22,RAM,926/7620MB,(lfb,17x4MB),SWAP,153/3810MB,(cached,2MB),CPU,[9%@1344,9%@1344,0%@1344,0%@1344,9%@1344,0%@1344],GR3D_FREQ,0%,cpu@52.156C,soc2@49.781C,soc0@50.718C,gpu@51.687C,tj@52.156C,soc1@50.875C,VDD_IN,5842mW/5638mW,VDD_CPU_GPU_CV,1428mW/1325mW,VDD_SOC,2420mW/2383mW
07-27-2026,10:08:22,RAM,926/7620MB,(lfb,17x4MB),SWAP,153/3810MB,(cached,2MB),CPU,[9%@1344,0%@1344,0%@1344,0%@1344,9%@1344,0%@1344],GR3D_FREQ,0%,cpu@51.843C,soc2@49.718C,soc0@50.687C,gpu@51.562C,tj@51.843C,soc1@50.906C,VDD_IN,5802mW/5638mW,VDD_CPU_GPU_CV,1388mW/1325mW,VDD_SOC,2420mW/2383mW
07-27-2026,10:08:22,RAM,926/7620MB,(lfb,17x4MB),SWAP,153/3810MB,(cached,2MB),CPU,[18%@1344,0%@1344,0%@1344,0%@1344,0%@1344,0%@1344],GR3D_FREQ,0%,cpu@51.937C,soc2@49.812C,soc0@50.843C,gpu@51.687C,tj@51.937C,soc1@51.031C,VDD_IN,5802mW/5639mW,VDD_CPU_GPU_CV,1388mW/1325mW,VDD_SOC,2420mW/2383mW
07-27-2026,10:08:22,RAM,926/7620MB,(lfb,17x4MB),SWAP,153/3810MB,(cached,2MB),CPU,[0%@1344,0%@1344,0%@1344,0%@1344,16%@1344,0%@1344],GR3D_FREQ,0%,cpu@52.062C,soc2@49.875C,soc0@50.718C,gpu@51.562C,tj@52.062C,soc1@51.156C,VDD_IN,5802mW/5639mW,VDD_CPU_GPU_CV,1388mW/1326mW,VDD_SOC,2420mW/2384mW
07-27-2026,10:08:22,RAM,926/7620MB,(lfb,17x4MB),SWAP,153/3810MB,(cached,2MB),CPU,[10%@1344,0%@1344,0%@1344,0%@1344,0%@1344,0%@1344],GR3D_FREQ,0%,cpu@52.156C,soc2@49.781C,soc0@50.75C,gpu@51.531C,tj@52.156C,soc1@51.156C,VDD_IN,5802mW/5640mW,VDD_CPU_GPU_CV,1388mW/1326mW,VDD_SOC,2420mW/2384mW
07-27-2026,10:08:22,RAM,925/7620MB,(lfb,17x4MB),SWAP,153/3810MB,(cached,2MB),CPU,[16%@1344,0%@1344,9%@1344,9%@1344,10%@1344,0%@1344],GR3D_FREQ,0%,cpu@51.781C,soc2@49.843C,soc0@50.75C,gpu@51.656C,tj@52.125C,soc1@50.906C,VDD_IN,5842mW/5641mW,VDD_CPU_GPU_CV,1428mW/1326mW,VDD_SOC,2420mW/2384mW
07-27-2026,10:08:22,RAM,925/7620MB,(lfb,17x4MB),SWAP,153/3810MB,(cached,2MB),CPU,[18%@1344,0%@1344,0%@1344,0%@1344,9%@1344,0%@1344],GR3D_FREQ,0%,cpu@51.937C,soc2@49.906C,soc0@50.906C,gpu@51.656C,tj@51.937C,soc1@50.906C,VDD_IN,5842mW/5641mW,VDD_CPU_GPU_CV,1428mW/1327mW,VDD_SOC,2420mW/2384mW
07-27-2026,10:08:22,RAM,925/7620MB,(lfb,17x4MB),SWAP,153/3810MB,(cached,2MB),CPU,[9%@1344,0%@1344,0%@1344,0%@1344,0%@1344,0%@1344],GR3D_FREQ,0%,cpu@51.968C,soc2@49.937C,soc0@50.718C,gpu@51.562C,tj@51.968C,soc1@51.031C,VDD_IN,5802mW/5642mW,VDD_CPU_GPU_CV,1388mW/1327mW,VDD_SOC,2420mW/2384mW
07-27-2026,10:08:22,RAM,925/7620MB,(lfb,17x4MB),SWAP,153/3810MB,(cached,2MB),CPU,[0%@1344,0%@1344,0%@1344,0%@1344,16%@1344,0%@1344],GR3D_FREQ,0%,cpu@51.906C,soc2@49.843C,soc0@50.687C,gpu@52.093C,tj@52.093C,soc1@50.875C,VDD_IN,5802mW/5643mW,VDD_CPU_GPU_CV,1388mW/1327mW,VDD_SOC,2420mW/2384mW
07-27-2026,10:08:22,RAM,925/7620MB,(lfb,17x4MB),SWAP,153/3810MB,(cached,2MB),CPU,[10%@1344,0%@1344,0%@1344,0%@1344,10%@1344,0%@1344],GR3D_FREQ,0%,cpu@51.843C,soc2@49.937C,soc0@50.781C,gpu@51.562C,tj@51.843C,soc1@50.937C,VDD_IN,5802mW/5643mW,VDD_CPU_GPU_CV,1388mW/1327mW,VDD_SOC,2420mW/2384mW
07-27-2026,10:08:23,RAM,925/7620MB,(lfb,17x4MB),SWAP,153/3810MB,(cached,2MB),CPU,[16%@1344,0%@1344,0%@1344,0%@1344,0%@1344,0%@1344],GR3D_FREQ,0%,cpu@51.906C,soc2@49.937C,soc0@50.875C,gpu@51.468C,tj@51.906C,soc1@50.937C,VDD_IN,5802mW/5644mW,VDD_CPU_GPU_CV,1388mW/1328mW,VDD_SOC,2420mW/2385mW
07-27-2026,10:08:23,RAM,925/7620MB,(lfb,17x4MB),SWAP,153/3810MB,(cached,2MB),CPU,[10%@1344,0%@1344,0%@1344,0%@1344,16%@1344,0%@1344],GR3D_FREQ,0%,cpu@51.968C,soc2@49.937C,soc0@50.687C,gpu@52C,tj@52C,soc1@50.968C,VDD_IN,5802mW/5644mW,VDD_CPU_GPU_CV,1388mW/1328mW,VDD_SOC,2420mW/2385mW
07-27-2026,10:08:23,RAM,925/7620MB,(lfb,17x4MB),SWAP,153/3810MB,(cached,2MB),CPU,[0%@1344,0%@1344,0%@1344,0%@1344,10%@1344,0%@1344],GR3D_FREQ,0%,cpu@51.937C,soc2@49.812C,soc0@50.75C,gpu@51.875C,tj@51.875C,soc1@50.781C,VDD_IN,5802mW/5645mW,VDD_CPU_GPU_CV,1388mW/1328mW,VDD_SOC,2420mW/2385mW
07-27-2026,10:08:23,RAM,925/7620MB,(lfb,17x4MB),SWAP,153/3810MB,(cached,2MB),CPU,[9%@1344,0%@1344,0%@1344,0%@1344,9%@1344,9%@1344],GR3D_FREQ,0%,cpu@51.812C,soc2@49.875C,soc0@50.906C,gpu@51.625C,tj@51.812C,soc1@50.812C,VDD_IN,5802mW/5645mW,VDD_CPU_GPU_CV,1388mW/1328mW,VDD_SOC,2420mW/2385mW
07-27-2026,10:08:23,RAM,925/7620MB,(lfb,17x4MB),SWAP,153/3810MB,(cached,2MB),CPU,[18%@1344,0%@1344,0%@1344,0%@1344,9%@1344,8%@1344],GR3D_FREQ,0%,cpu@52.187C,soc2@49.937C,soc0@50.656C,gpu@51.937C,tj@52.187C,soc1@51.187C,VDD_IN,5802mW/5646mW,VDD_CPU_GPU_CV,1388mW/1328mW,VDD_SOC,2420mW/2385mW
07-27-2026,10:08:23,RAM,926/7620MB,(lfb,17x4MB),SWAP,153/3810MB,(cached,2MB),CPU,[9%@1344,0%@1344,0%@1344,0%@1344,18%@1344,0%@1344],GR3D_FREQ,0%,cpu@51.718C,soc2@49.75C,soc0@50.843C,gpu@51.562C,tj@51.718C,soc1@50.937C,VDD_IN,5842mW/5647mW,VDD_CPU_GPU_CV,1428mW/1329mW,VDD_SOC,2420mW/2385mW
07-27-2026,10:08:23,RAM,926/7620MB,(lfb,17x4MB),SWAP,153/3810MB,(cached,2MB),CPU,[0%@1344,0%@1344,0%@1344,0%@1344,9%@1344,0%@1344],GR3D_FREQ,0%,cpu@52.062C,soc2@49.937C,soc0@50.906C,gpu@52.125C,tj@52.125C,soc1@50.875C,VDD_IN,5842mW/5647mW,VDD_CPU_GPU_CV,1428mW/1329mW,VDD_SOC,2420mW/2385mW
07-27-2026,10:08:23,RAM,926/7620MB,(lfb,17x4MB),SWAP,153/3810MB,(cached,2MB),CPU,[16%@1344,0%@1344,0%@1344,0%@1344,9%@1344,0%@1344],GR3D_FREQ,0%,cpu@52.125C,soc2@49.968C,soc0@51.031C,gpu@51.875C,tj@52.125C,soc1@51.031C,VDD_IN,5842mW/5648mW,VDD_CPU_GPU_CV,1428mW/1329mW,VDD_SOC,2420mW/2385mW
07-27-2026,10:08:23,RAM,926/7620MB,(lfb,17x4MB),SWAP,153/3810MB,(cached,2MB),CPU,[16%@1344,0%@1344,0%@1344,0%@1344,0%@1344,9%@1344],GR3D_FREQ,0%,cpu@52.125C,soc2@49.781C,soc0@50.625C,gpu@51.718C,tj@52.125C,soc1@50.781C,VDD_IN,5802mW/5649mW,VDD_CPU_GPU_CV,1428mW/1330mW,VDD_SOC,2420mW/2385mW
07-27-2026,10:08:24,RAM,925/7620MB,(lfb,17x4MB),SWAP,153/3810MB,(cached,2MB),CPU,[18%@1344,0%@1344,0%@1344,0%@1344,16%@1344,0%@1344],GR3D_FREQ,0%,cpu@51.687C,soc2@49.875C,soc0@50.718C,gpu@52.093C,tj@52.093C,soc1@51C,VDD_IN,5802mW/5649mW,VDD_CPU_GPU_CV,1428mW/1330mW,VDD_SOC,2420mW/2386mW
07-27-2026,10:08:24,RAM,925/7620MB,(lfb,17x4MB),SWAP,153/3810MB,(cached,2MB),CPU,[0%@1344,0%@1344,0%@1344,0%@1344,0%@1344,0%@1344],GR3D_FREQ,0%,cpu@51.875C,soc2@49.875C,soc0@50.875C,gpu@51.843C,tj@51.875C,soc1@50.937C,VDD_IN,5802mW/5650mW,VDD_CPU_GPU_CV,1388mW/1330mW,VDD_SOC,2420mW/2386mW
07-27-2026,10:08:24,RAM,925/7620MB,(lfb,17x4MB),SWAP,153/3810MB,(cached,2MB),CPU,[9%@1344,0%@1344,0%@1344,0%@1344,16%@1344,0%@1344],GR3D_FREQ,0%,cpu@51.968C,soc2@49.968C,soc0@50.687C,gpu@51.75C,tj@51.968C,soc1@51C,VDD_IN,5802mW/5650mW,VDD_CPU_GPU_CV,1388mW/1331mW,VDD_SOC,2420mW/2386mW
07-27-2026,10:08:24,RAM,925/7620MB,(lfb,17x4MB),SWAP,153/3810MB,(cached,2MB),CPU,[10%@1344,0%@1344,0%@1344,0%@1344,0%@1344,0%@1344],GR3D_FREQ,0%,cpu@52.125C,soc2@49.843C,soc0@50.656C,gpu@52.062C,tj@52.125C,soc1@51.25C,VDD_IN,5802mW/5651mW,VDD_CPU_GPU_CV,1388mW/1331mW,VDD_SOC,2420mW/2386mW
07-27-2026,10:08:24,RAM,925/7620MB,(lfb,17x4MB),SWAP,153/3810MB,(cached,2MB),CPU,[9%@1344,0%@1344,0%@1344,0%@1344,10%@1344,0%@1344],GR3D_FREQ,0%,cpu@51.687C,soc2@49.843C,soc0@50.687C,gpu@51.906C,tj@51.906C,soc1@50.968C,VDD_IN,5802mW/5651mW,VDD_CPU_GPU_CV,1388mW/1331mW,VDD_SOC,2420mW/2386mW
07-27-2026,10:08:24,RAM,926/7620MB,(lfb,17x4MB),SWAP,153/3810MB,(cached,2MB),CPU,[9%@1344,0%@1344,9%@1344,16%@1344,9%@1344,0%@1344],GR3D_FREQ,0%,cpu@51.875C,soc2@49.875C,soc0@50.843C,gpu@51.687C,tj@51.875C,soc1@50.875C,VDD_IN,5842mW/5652mW,VDD_CPU_GPU_CV,1428mW/1331mW,VDD_SOC,2420mW/2386mW
07-27-2026,10:08:24,RAM,926/7620MB,(lfb,17x4MB),SWAP,153/3810MB,(cached,2MB),CPU,[0%@1344,0%@1344,0%@1344,0%@1344,9%@1344,0%@1344],GR3D_FREQ,0%,cpu@51.968C,soc2@49.937C,soc0@50.562C,gpu@51.593C,tj@52.093C,soc1@50.968C,VDD_IN,5842mW/5653mW,VDD_CPU_GPU_CV,1428mW/1332mW,VDD_SOC,2420mW/2386mW
07-27-2026,10:08:24,RAM,926/7620MB,(lfb,17x4MB),SWAP,153/3810MB,(cached,2MB),CPU,[9%@1344,9%@1344,0%@1344,0%@1344,10%@1344,0%@1344],GR3D_FREQ,0%,cpu@52.093C,soc2@49.843C,soc0@50.656C,gpu@51.843C,tj@52.093C,soc1@51.125C,VDD_IN,5842mW/5653mW,VDD_CPU_GPU_CV,1428mW/1332mW,VDD_SOC,2420mW/2386mW
07-27-2026,10:08:24,RAM,925/7620MB,(lfb,17x4MB),SWAP,153/3810MB,(cached,2MB),CPU,[25%@1344,9%@1344,0%@1344,8%@1344,0%@1344,0%@1344],GR3D_FREQ,0%,cpu@51.812C,soc2@49.812C,soc0@50.718C,gpu@51.718C,tj@51.812C,soc1@50.875C,VDD_IN,5802mW/5654mW,VDD_CPU_GPU_CV,1388mW/1332mW,VDD_SOC,2420mW/2387mW
07-27-2026,10:08:24,RAM,925/7620MB,(lfb,17x4MB),SWAP,153/3810MB,(cached,2MB),CPU,[9%@1344,0%@1344,8%@1344,0%@1344,16%@1344,0%@1344],GR3D_FREQ,0%,cpu@51.906C,soc2@49.843C,soc0@50.75C,gpu@51.531C,tj@51.906C,soc1@50.875C,VDD_IN,5802mW/5654mW,VDD_CPU_GPU_CV,1388mW/1332mW,VDD_SOC,2420mW/2387mW
07-27-2026,10:08:25,RAM,925/7620MB,(lfb,17x4MB),SWAP,153/3810MB,(cached,2MB),CPU,[9%@1344,9%@1344,0%@1344,0%@1344,0%@1344,0%@1344],GR3D_FREQ,0%,cpu@51.937C,soc2@49.906C,soc0@50.687C,gpu@51.562C,tj@51.937C,soc1@51.093C,VDD_IN,5802mW/5655mW,VDD_CPU_GPU_CV,1388mW/1332mW,VDD_SOC,2420mW/2387mW
07-27-2026,10:08:25,RAM,925/7620MB,(lfb,17x4MB),SWAP,153/3810MB,(cached,2MB),CPU,[18%@1344,0%@1344,0%@1344,0%@1344,9%@1344,0%@1344],GR3D_FREQ,0%,cpu@52.031C,soc2@49.781C,soc0@50.75C,gpu@51.687C,tj@52C,soc1@50.75C,VDD_IN,5802mW/5655mW,VDD_CPU_GPU_CV,1388mW/1333mW,VDD_SOC,2420mW/2387mW
07-27-2026,10:08:25,RAM,929/7620MB,(lfb,17x4MB),SWAP,153/3810MB,(cached,2MB),CPU,[9%@1344,0%@1344,0%@1344,0%@1344,10%@1344,8%@1344],GR3D_FREQ,0%,cpu@51.812C,soc2@49.843C,soc0@50.75C,gpu@51.625C,tj@51.812C,soc1@50.875C,VDD_IN,5802mW/5656mW,VDD_CPU_GPU_CV,1388mW/1333mW,VDD_SOC,2420mW/2387mW
07-27-2026,10:08:25,RAM,929/7620MB,(lfb,17x4MB),SWAP,153/3810MB,(cached,2MB),CPU,[10%@1344,9%@1344,0%@1344,0%@1344,16%@1344,0%@1344],GR3D_FREQ,0%,cpu@52.218C,soc2@49.906C,soc0@50.625C,gpu@51.687C,tj@52.218C,soc1@51.093C,VDD_IN,5802mW/5656mW,VDD_CPU_GPU_CV,1388mW/1333mW,VDD_SOC,2420mW/2387mW
07-27-2026,10:08:25,RAM,929/7620MB,(lfb,17x4MB),SWAP,153/3810MB,(cached,2MB),CPU,[9%@1344,0%@1344,0%@1344,0%@1344,9%@1344,0%@1344],GR3D_FREQ,0%,cpu@51.968C,soc2@49.875C,soc0@50.625C,gpu@51.687C,tj@51.687C,soc1@50.968C,VDD_IN,5802mW/5657mW,VDD_CPU_GPU_CV,1428mW/1333mW,VDD_SOC,2420mW/2387mW
07-27-2026,10:08:25,RAM,930/7620MB,(lfb,17x4MB),SWAP,153/3810MB,(cached,2MB),CPU,[10%@1344,8%@1344,0%@1344,9%@1344,10%@1344,9%@1344],GR3D_FREQ,0%,cpu@51.781C,soc2@49.906C,soc0@50.781C,gpu@51.562C,tj@51.781C,soc1@50.812C,VDD_IN,5842mW/5657mW,VDD_CPU_GPU_CV,1428mW/1334mW,VDD_SOC,2420mW/2387mW
07-27-2026,10:08:25,RAM,930/7620MB,(lfb,17x4MB),SWAP,153/3810MB,(cached,2MB),CPU,[9%@1344,9%@1344,0%@1344,0%@1344,9%@1344,0%@1344],GR3D_FREQ,0%,cpu@52.156C,soc2@49.843C,soc0@50.875C,gpu@51.718C,tj@52.156C,soc1@51C,VDD_IN,5842mW/5658mW,VDD_CPU_GPU_CV,1428mW/1334mW,VDD_SOC,2420mW/2387mW
07-27-2026,10:08:25,RAM,930/7620MB,(lfb,17x4MB),SWAP,153/3810MB,(cached,2MB),CPU,[10%@1344,0%@1344,0%@1344,0%@1344,0%@1344,0%@1344],GR3D_FREQ,0%,cpu@52.218C,soc2@49.968C,soc0@50.625C,gpu@51.687C,tj@52.218C,soc1@51.093C,VDD_IN,5842mW/5658mW,VDD_CPU_GPU_CV,1428mW/1334mW,VDD_SOC,2420mW/2388mW
07-27-2026,10:08:25,RAM,930/7620MB,(lfb,17x4MB),SWAP,153/3810MB,(cached,2MB),CPU,[9%@1344,0%@1344,0%@1344,0%@1344,18%@1344,0%@1344],GR3D_FREQ,0%,cpu@51.781C,soc2@49.812C,soc0@50.687C,gpu@51.562C,tj@51.781C,soc1@50.968C,VDD_IN,5802mW/5659mW,VDD_CPU_GPU_CV,1428mW/1335mW,VDD_SOC,2420mW/2388mW
07-27-2026,10:08:26,RAM,930/7620MB,(lfb,17x4MB),SWAP,153/3810MB,(cached,2MB),CPU,[10%@1344,0%@1344,9%@1344,0%@1344,0%@1344,0%@1344],GR3D_FREQ,0%,cpu@51.937C,soc2@49.812C,soc0@50.843C,gpu@51.531C,tj@51.937C,soc1@50.968C,VDD_IN,5802mW/5659mW,VDD_CPU_GPU_CV,1428mW/1335mW,VDD_SOC,2420mW/2388mW
07-27-2026,10:08:26,RAM,930/7620MB,(lfb,17x4MB),SWAP,153/3810MB,(cached,2MB),CPU,[16%@1344,9%@1344,0%@1344,0%@1344,9%@1344,0%@1344],GR3D_FREQ,0%,cpu@51.968C,soc2@49.968C,soc0@50.968C,gpu@51.656C,tj@51.968C,soc1@50.937C,VDD_IN,5842mW/5660mW,VDD_CPU_GPU_CV,1428mW/1335mW,VDD_SOC,2420mW/2388mW
07-27-2026,10:08:26,RAM,930/7620MB,(lfb,17x4MB),SWAP,153/3810MB,(cached,2MB),CPU,[0%@1344,0%@1344,0%@1344,0%@1344,9%@1344,0%@1344],GR3D_FREQ,0%,cpu@52.062C,soc2@50C,soc0@50.593C,gpu@51.625C,tj@52.062C,soc1@51.062C,VDD_IN,5802mW/5660mW,VDD_CPU_GPU_CV,1388mW/1335mW,VDD_SOC,2420mW/2388mW
07-27-2026,10:08:26,RAM,930/7620MB,(lfb,17x4MB),SWAP,153/3810MB,(cached,2MB),CPU,[9%@1344,9%@1344,0%@1344,0%@1344,0%@1344,0%@1344],GR3D_FREQ,0%,cpu@51.718C,soc2@49.937C,soc0@50.718C,gpu@52.156C,tj@52.156C,soc1@50.875C,VDD_IN,5802mW/5661mW,VDD_CPU_GPU_CV,1388mW/1336mW,VDD_SOC,2420mW/2388mW
07-27-2026,10:08:26,RAM,930/7620MB,(lfb,17x4MB),SWAP,153/3810MB,(cached,2MB),CPU,[9%@1344,0%@1344,0%@1344,0%@1344,9%@1344,0%@1344],GR3D_FREQ,0%,cpu@51.906C,soc2@49.781C,soc0@50.687C,gpu@52C,tj@52C,soc1@50.906C,VDD_IN,5802mW/5661mW,VDD_CPU_GPU_CV,1388mW/1336mW,VDD_SOC,2420mW/2388mW
07-27-2026,10:08:26,RAM,931/7620MB,(lfb,17x4MB),SWAP,153/3810MB,(cached,2MB),CPU,[10%@1344,9%@1344,0%@1344,0%@1344,16%@1344,0%@1344],GR3D_FREQ,0%,cpu@52.093C,soc2@49.843C,soc0@50.937C,gpu@51.562C,tj@52.093C,soc1@50.968C,VDD_IN,5842mW/5662mW,VDD_CPU_GPU_CV,1428mW/1336mW,VDD_SOC,2420mW/2388mW
07-27-2026,10:08:26,RAM,930/7620MB,(lfb,17x4MB),SWAP,153/3810MB,(cached,2MB),CPU,[9%@1344,0%@1344,0%@1344,0%@1344,0%@1344,9%@1344],GR3D_FREQ,0%,cpu@52.031C,soc2@49.968C,soc0@50.656C,gpu@52.125C,tj@52.125C,soc1@51.187C,VDD_IN,5842mW/5662mW,VDD_CPU_GPU_CV,1428mW/1336mW,VDD_SOC,2420mW/2388mW
07-27-2026,10:08:26,RAM,930/7620MB,(lfb,17x4MB),SWAP,153/3810MB,(cached,2MB),CPU,[18%@1344,0%@1344,9%@1344,0%@1344,9%@1344,0%@1344],GR3D_FREQ,0%,cpu@52.25C,soc2@49.937C,soc0@50.593C,gpu@51.906C,tj@52.25C,soc1@50.875C,VDD_IN,5842mW/5663mW,VDD_CPU_GPU_CV,1388mW/1336mW,VDD_SOC,2420mW/2388mW
07-27-2026,10:08:26,RAM,930/7620MB,(lfb,17x4MB),SWAP,153/3810MB,(cached,2MB),CPU,[9%@1344,0%@1344,0%@1344,0%@1344,9%@1344,0%@1344],GR3D_FREQ,0%,cpu@51.781C,soc2@49.906C,soc0@50.875C,gpu@51.718C,tj@51.781C,soc1@50.906C,VDD_IN,5802mW/5663mW,VDD_CPU_GPU_CV,1388mW/1337mW,VDD_SOC,2420mW/2389mW
07-27-2026,10:08:26,RAM,930/7620MB,(lfb,17x4MB),SWAP,153/3810MB,(cached,2MB),CPU,[9%@1344,0%@1344,0%@1344,0%@1344,9%@1344,0%@1344],GR3D_FREQ,0%,cpu@51.968C,soc2@49.968C,soc0@51.031C,gpu@52.031C,tj@52.031C,soc1@50.937C,VDD_IN,5802mW/5664mW,VDD_CPU_GPU_CV,1388mW/1337mW,VDD_SOC,2420mW/2389mW
07-27-2026,10:08:27,RAM,930/7620MB,(lfb,17x4MB),SWAP,153/3810MB,(cached,2MB),CPU,[10%@1344,0%@1344,0%@1344,0%@1344,18%@1344,0%@1344],GR3D_FREQ,0%,cpu@52.125C,soc2@49.968C,soc0@50.625C,gpu@51.812C,tj@52.125C,soc1@51.093C,VDD_IN,5802mW/5664mW,VDD_CPU_GPU_CV,1388mW/1337mW,VDD_SOC,2420mW/2389mW
07-27-2026,10:08:27,RAM,930/7620MB,(lfb,17x4MB),SWAP,153/3810MB,(cached,2MB),CPU,[16%@1344,0%@1344,0%@1344,0%@1344,0%@1344,0%@1344],GR3D_FREQ,0%,cpu@51.75C,soc2@49.937C,soc0@50.937C,gpu@51.625C,tj@51.75C,soc1@50.843C,VDD_IN,5802mW/5665mW,VDD_CPU_GPU_CV,1388mW/1337mW,VDD_SOC,2420mW/2389mW
07-27-2026,10:08:27,RAM,930/7620MB,(lfb,17x4MB),SWAP,153/3810MB,(cached,2MB),CPU,[18%@1344,9%@1344,0%@1344,0%@1344,16%@1344,0%@1344],GR3D_FREQ,0%,cpu@52.312C,soc2@49.968C,soc0@50.687C,gpu@52C,tj@52.312C,soc1@51C,VDD_IN,5802mW/5665mW,VDD_CPU_GPU_CV,1428mW/1337mW,VDD_SOC,2420mW/2389mW
07-27-2026,10:08:27,RAM,930/7620MB,(lfb,17x4MB),SWAP,153/3810MB,(cached,2MB),CPU,[16%@1344,0%@1344,0%@1344,0%@1344,10%@1344,0%@1344],GR3D_FREQ,0%,cpu@52.062C,soc2@49.812C,soc0@50.718C,gpu@51.687C,tj@52.062C,soc1@50.812C,VDD_IN,5802mW/5666mW,VDD_CPU_GPU_CV,1428mW/1338mW,VDD_SOC,2420mW/2389mW
07-27-2026,10:08:27,RAM,930/7620MB,(lfb,17x4MB),SWAP,153/3810MB,(cached,2MB),CPU,[10%@1344,9%@1344,0%@1344,0%@1344,9%@1344,0%@1344],GR3D_FREQ,0%,cpu@51.843C,soc2@49.843C,soc0@50.687C,gpu@52.156C,tj@51.843C,soc1@50.937C,VDD_IN,5802mW/5666mW,VDD_CPU_GPU_CV,1388mW/1338mW,VDD_SOC,2420mW/2389mW
07-27-2026,10:08:27,RAM,931/7620MB,(lfb,17x4MB),SWAP,153/3810MB,(cached,2MB),CPU,[0%@1344,9%@1344,0%@1344,0%@1344,9%@1344,16%@1344],GR3D_FREQ,0%,cpu@52.062C,soc2@49.937C,soc0@50.843C,gpu@51.906C,tj@52.062C,soc1@50.968C,VDD_IN,5842mW/5667mW,VDD_CPU_GPU_CV,1428mW/1338mW,VDD_SOC,2420mW/2389mW
07-27-2026,10:08:27,RAM,931/7620MB,(lfb,17x4MB),SWAP,153/3810MB,(cached,2MB),CPU,[10%@1344,0%@1344,0%@1344,0%@1344,0%@1344,0%@1344],GR3D_FREQ,0%,cpu@52.25C,soc2@49.968C,soc0@50.75C,gpu@51.687C,tj@52.25C,soc1@51.187C,VDD_IN,5842mW/5667mW,VDD_CPU_GPU_CV,1428mW/1338mW,VDD_SOC,2420mW/2389mW
07-27-2026,10:08:27,RAM,931/7620MB,(lfb,17x4MB),SWAP,153/3810MB,(cached,2MB),CPU,[9%@1344,8%@1344,0%@1344,0%@1344,16%@1344,0%@1344],GR3D_FREQ,0%,cpu@51.906C,soc2@49.812C,soc0@50.781C,gpu@51.687C,tj@51.906C,soc1@51.281C,VDD_IN,5842mW/5668mW,VDD_CPU_GPU_CV,1428mW/1339mW,VDD_SOC,2420mW/2389mW
07-27-2026,10:08:27,RAM,931/7620MB,(lfb,17x4MB),SWAP,153/3810MB,(cached,2MB),CPU,[9%@1344,0%@1344,0%@1344,0%@1344,0%@1344,0%@1344],GR3D_FREQ,0%,cpu@51.781C,soc2@49.875C,soc0@50.875C,gpu@51.906C,tj@51.906C,soc1@50.75C,VDD_IN,5802mW/5668mW,VDD_CPU_GPU_CV,1428mW/1339mW,VDD_SOC,2420mW/2390mW
07-27-2026,10:08:28,RAM,931/7620MB,(lfb,17x4MB),SWAP,153/3810MB,(cached,2MB),CPU,[0%@1344,9%@1344,0%@1344,0%@1344,16%@1344,0%@1344],GR3D_FREQ,0%,cpu@51.937C,soc2@49.843C,soc0@50.875C,gpu@51.718C,tj@51.937C,soc1@50.968C,VDD_IN,5802mW/5668mW,VDD_CPU_GPU_CV,1428mW/1339mW,VDD_SOC,2420mW/2390mW
07-27-2026,10:08:28,RAM,931/7620MB,(lfb,17x4MB),SWAP,153/3810MB,(cached,2MB),CPU,[9%@1344,0%@1344,0%@1344,0%@1344,0%@1344,0%@1344],GR3D_FREQ,0%,cpu@52.125C,soc2@50C,soc0@50.656C,gpu@51.687C,tj@52.125C,soc1@51.093C,VDD_IN,5802mW/5669mW,VDD_CPU_GPU_CV,1388mW/1339mW,VDD_SOC,2420mW/2390mW
07-27-2026,10:08:28,RAM,931/7620MB,(lfb,17x4MB),SWAP,153/3810MB,(cached,2MB),CPU,[18%@1344,9%@1344,9%@1344,0%@1344,9%@1344,0%@1344],GR3D_FREQ,0%,cpu@51.906C,soc2@49.812C,soc0@50.687C,gpu@51.625C,tj@51.656C,soc1@50.812C,VDD_IN,5802mW/5669mW,VDD_CPU_GPU_CV,1388mW/1339mW,VDD_SOC,2420mW/2390mW
07-27-2026,10:08:28,RAM,931/7620MB,(lfb,17x4MB),SWAP,153/3810MB,(cached,2MB),CPU,[9%@1344,0%@1344,0%@1344,0%@1344,9%@1344,0%@1344],GR3D_FREQ,0%,cpu@51.781C,soc2@49.906C,soc0@50.687C,gpu@51.625C,tj@51.781C,soc1@50.781C,VDD_IN,5802mW/5670mW,VDD_CPU_GPU_CV,1388mW/1340mW,VDD_SOC,2420mW/2390mW
07-27-2026,10:08:28,RAM,931/7620MB,(lfb,17x4MB),SWAP,153/3810MB,(cached,2MB),CPU,[16%@1344,8%@1344,0%@1344,0%@1344,0%@1344,0%@1344],GR3D_FREQ,0%,cpu@51.968C,soc2@49.906C,soc0@50.937C,gpu@51.687C,tj@51.968C,soc1@50.906C,VDD_IN,5802mW/5670mW,VDD_CPU_GPU_CV,1388mW/1340mW,VDD_SOC,2420mW/2390mW
07-27-2026,10:08:28,RAM,932/7620MB,(lfb,17x4MB),SWAP,153/3810MB,(cached,2MB),CPU,[0%@1344,0%@1344,0%@1344,0%@1344,18%@1344,0%@1344],GR3D_FREQ,0%,cpu@52.125C,soc2@49.906C,soc0@50.781C,gpu@51.625C,tj@52.125C,soc1@51.031C,VDD_IN,5802mW/5670mW,VDD_CPU_GPU_CV,1388mW/1340mW,VDD_SOC,2420mW/2390mW
07-27-2026,10:08:28,RAM,931/7620MB,(lfb,17x4MB),SWAP,153/3810MB,(cached,2MB),CPU,[16%@1344,0%@1344,0%@1344,9%@1344,9%@1344,0%@1344],GR3D_FREQ,0%,cpu@52.125C,soc2@49.843C,soc0@50.625C,gpu@52.156C,tj@52.156C,soc1@50.875C,VDD_IN,5842mW/5671mW,VDD_CPU_GPU_CV,1428mW/1340mW,VDD_SOC,2420mW/2390mW
07-27-2026,10:08:28,RAM,931/7620MB,(lfb,17x4MB),SWAP,153/3810MB,(cached,2MB),CPU,[10%@1344,0%@1344,0%@1344,0%@1344,0%@1344,0%@1344],GR3D_FREQ,0%,cpu@51.875C,soc2@49.937C,soc0@50.687C,gpu@51.687C,tj@51.875C,soc1@50.906C,VDD_IN,5802mW/5671mW,VDD_CPU_GPU_CV,1388mW/1340mW,VDD_SOC,2420mW/2390mW
07-27-2026,10:08:28,RAM,931/7620MB,(lfb,17x4MB),SWAP,153/3810MB,(cached,2MB),CPU,[16%@1344,0%@1344,0%@1344,0%@1344,16%@1344,0%@1344],GR3D_FREQ,0%,cpu@52C,soc2@49.968C,soc0@50.906C,gpu@51.656C,tj@52C,soc1@51.062C,VDD_IN,5802mW/5672mW,VDD_CPU_GPU_CV,1388mW/1340mW,VDD_SOC,2420mW/2390mW
07-27-2026,10:08:28,RAM,931/7620MB,(lfb,17x4MB),SWAP,153/3810MB,(cached,2MB),CPU,[0%@1344,0%@1344,0%@1344,0%@1344,10%@1344,0%@1344],GR3D_FREQ,0%,cpu@52C,soc2@49.968C,soc0@50.75C,gpu@52.093C,tj@52.093C,soc1@51.093C,VDD_IN,5802mW/5672mW,VDD_CPU_GPU_CV,1388mW/1341mW,VDD_SOC,2420mW/2390mW
07-27-2026,10:08:29,RAM,931/7620MB,(lfb,17x4MB),SWAP,153/3810MB,(cached,2MB),CPU,[25%@1344,8%@1344,0%@1344,0%@1344,16%@1344,0%@1344],GR3D_FREQ,0%,cpu@51.906C,soc2@49.843C,soc0@50.843C,gpu@51.562C,tj@51.906C,soc1@50.937C,VDD_IN,5802mW/5673mW,VDD_CPU_GPU_CV,1388mW/1341mW,VDD_SOC,2420mW/2391mW
07-27-2026,10:08:29,RAM,931/7620MB,(lfb,17x4MB),SWAP,153/3810MB,(cached,2MB),CPU,[9%@1344,0%@1344,0%@1344,0%@1344,0%@1344,0%@1344],GR3D_FREQ,0%,cpu@51.968C,soc2@49.968C,soc0@50.968C,gpu@51.593C,tj@52.312C,soc1@51C,VDD_IN,5802mW/5673mW,VDD_CPU_GPU_CV,1428mW/1341mW,VDD_SOC,2420mW/2391mW
07-27-2026,10:08:29,RAM,931/7620MB,(lfb,17x4MB),SWAP,153/3810MB,(cached,2MB),CPU,[9%@1344,9%@1344,0%@1344,0%@1344,18%@1344,0%@1344],GR3D_FREQ,0%,cpu@52.062C,soc2@49.968C,soc0@50.656C,gpu@51.687C,tj@52.062C,soc1@51.062C,VDD_IN,5802mW/5673mW,VDD_CPU_GPU_CV,1428mW/1341mW,VDD_SOC,2420mW/2391mW
07-27-2026,10:08:29,RAM,931/7620MB,(lfb,17x4MB),SWAP,153/3810MB,(cached,2MB),CPU,[0%@1344,0%@1344,0%@1344,9%@1344,0%@1344,0%@1344],GR3D_FREQ,0%,cpu@51.843C,soc2@49.843C,soc0@50.781C,gpu@51.593C,tj@51.843C,soc1@50.875C,VDD_IN,5802mW/5674mW,VDD_CPU_GPU_CV,1388mW/1341mW,VDD_SOC,2420mW/2391mW
07-27-2026,10:08:29,RAM,931/7620MB,(lfb,17x4MB),SWAP,153/3810MB,(cached,2MB),CPU,[10%@1344,0%@1344,0%@1344,0%@1344,9%@1344,0%@1344],GR3D_FREQ,0%,cpu@51.937C,soc2@49.906C,soc0@50.812C,gpu@51.531C,tj@51.937C,soc1@50.968C,VDD_IN,5802mW/5674mW,VDD_CPU_GPU_CV,1388mW/1342mW,VDD_SOC,2420mW/2391mW
07-27-2026,10:08:29,RAM,931/7620MB,(lfb,17x4MB),SWAP,153/3810MB,(cached,2MB),CPU,[9%@1344,0%@1344,9%@1344,9%@1344,10%@1344,0%@1344],GR3D_FREQ,0%,cpu@52.125C,soc2@49.968C,soc0@50.968C,gpu@52C,tj@52.125C,soc1@51.093C,VDD_IN,5842mW/5675mW,VDD_CPU_GPU_CV,1428mW/1342mW,VDD_SOC,2420mW/2391mW
07-27-2026,10:08:29,RAM,931/7620MB,(lfb,17x4MB),SWAP,153/3810MB,(cached,2MB),CPU,[16%@1344,0%@1344,0%@1344,0%@1344,9%@1344,0%@1344],GR3D_FREQ,0%,cpu@51.937C,soc2@49.937C,soc0@50.687C,gpu@51.625C,tj@51.937C,soc1@51.25C,VDD_IN,5842mW/5675mW,VDD_CPU_GPU_CV,1428mW/1342mW,VDD_SOC,2420mW/2391mW
07-27-2026,10:08:29,RAM,931/7620MB,(lfb,17x4MB),SWAP,153/3810MB,(cached,2MB),CPU,[0%@1344,0%@1344,0%@1344,0%@1344,9%@1344,0%@1344],GR3D_FREQ,0%,cpu@51.843C,soc2@49.875C,soc0@50.781C,gpu@51.562C,tj@51.843C,soc1@50.937C,VDD_IN,5842mW/5676mW,VDD_CPU_GPU_CV,1428mW/1342mW,VDD_SOC,2420mW/2391mW
07-27-2026,10:08:29,RAM,931/7620MB,(lfb,17x4MB),SWAP,153/3810MB,(cached,2MB),CPU,[9%@1344,9%@1344,0%@1344,0%@1344,0%@1344,0%@1344],GR3D_FREQ,0%,cpu@51.812C,soc2@49.875C,soc0@50.906C,gpu@51.937C,tj@51.937C,soc1@50.968C,VDD_IN,5802mW/5676mW,VDD_CPU_GPU_CV,1428mW/1343mW,VDD_SOC,2420mW/2391mW
07-27-2026,10:08:30,RAM,931/7620MB,(lfb,17x4MB),SWAP,153/3810MB,(cached,2MB),CPU,[16%@1344,0%@1344,0%@1344,0%@1344,16%@1344,0%@1344],GR3D_FREQ,0%,cpu@52.218C,soc2@49.968C,soc0@50.656C,gpu@51.656C,tj@52.218C,soc1@50.968C,VDD_IN,5802mW/5676mW,VDD_CPU_GPU_CV,1388mW/1343mW,VDD_SOC,2420mW/2391mW
07-27-2026,10:08:30,RAM,931/7620MB,(lfb,17x4MB),SWAP,153/3810MB,(cached,2MB),CPU,[10%@1344,0%@1344,0%@1344,0%@1344,0%@1344,0%@1344],GR3D_FREQ,0%,cpu@52.25C,soc2@50C,soc0@50.687C,gpu@52.187C,tj@52.25C,soc1@51C,VDD_IN,5802mW/5677mW,VDD_CPU_GPU_CV,1388mW/1343mW,VDD_SOC,2420mW/2391mW
07-27-2026,10:08:30,RAM,931/7620MB,(lfb,17x4MB),SWAP,153/3810MB,(cached,2MB),CPU,[9%@1344,9%@1344,0%@1344,0%@1344,9%@1344,0%@1344],GR3D_FREQ,0%,cpu@51.812C,soc2@49.843C,soc0@50.718C,gpu@51.875C,tj@51.875C,soc1@50.843C,VDD_IN,5802mW/5677mW,VDD_CPU_GPU_CV,1388mW/1343mW,VDD_SOC,2420mW/2391mW
07-27-2026,10:08:30,RAM,931/7620MB,(lfb,17x4MB),SWAP,153/3810MB,(cached,2MB),CPU,[0%@1344,9%@1344,0%@1344,0%@1344,9%@1344,0%@1344],GR3D_FREQ,0%,cpu@51.781C,soc2@49.968C,soc0@50.781C,gpu@51.781C,tj@51.968C,soc1@50.937C,VDD_IN,5802mW/5677mW,VDD_CPU_GPU_CV,1388mW/1343mW,VDD_SOC,2420mW/2392mW
07-27-2026,10:08:30,RAM,931/7620MB,(lfb,17x4MB),SWAP,153/3810MB,(cached,2MB),CPU,[10%@1344,0%@1344,0%@1344,0%@1344,0%@1344,0%@1344],GR3D_FREQ,0%,cpu@51.937C,soc2@49.843C,soc0@50.968C,gpu@52.093C,tj@52.093C,soc1@50.968C,VDD_IN,5802mW/5678mW,VDD_CPU_GPU_CV,1388mW/1343mW,VDD_SOC,2420mW/2392mW
07-27-2026,10:08:30,RAM,931/7620MB,(lfb,17x4MB),SWAP,153/3810MB,(cached,2MB),CPU,[16%@1344,0%@1344,0%@1344,0%@1344,16%@1344,0%@1344],GR3D_FREQ,0%,cpu@52.125C,soc2@49.968C,soc0@50.718C,gpu@51.875C,tj@52.125C,soc1@51.125C,VDD_IN,5802mW/5678mW,VDD_CPU_GPU_CV,1388mW/1343mW,VDD_SOC,2420mW/2392mW
07-27-2026,10:08:30,RAM,932/7620MB,(lfb,17x4MB),SWAP,153/3810MB,(cached,2MB),CPU,[10%@1344,0%@1344,9%@1344,0%@1344,9%@1344,0%@1344],GR3D_FREQ,0%,cpu@51.781C,soc2@49.968C,soc0@50.812C,gpu@51.781C,tj@51.781C,soc1@50.968C,VDD_IN,5802mW/5678mW,VDD_CPU_GPU_CV,1428mW/1344mW,VDD_SOC,2420mW/2392mW
07-27-2026,10:08:30,RAM,932/7620MB,(lfb,17x4MB),SWAP,153/3810MB,(cached,2MB),CPU,[9%@1344,0%@1344,0%@1344,0%@1344,0%@1344,0%@1344],GR3D_FREQ,0%,cpu@52C,soc2@49.937C,soc0@50.875C,gpu@51.656C,tj@52C,soc1@50.843C,VDD_IN,5802mW/5679mW,VDD_CPU_GPU_CV,1388mW/1344mW,VDD_SOC,2420mW/2392mW
07-27-2026,10:08:30,RAM,932/7620MB,(lfb,17x4MB),SWAP,153/3810MB,(cached,2MB),CPU,[18%@1344,0%@1344,9%@1344,0%@1344,9%@1344,0%@1344],GR3D_FREQ,0%,cpu@52C,soc2@49.968C,soc0@51C,gpu@51.843C,tj@52C,soc1@50.937C,VDD_IN,5802mW/5679mW,VDD_CPU_GPU_CV,1388mW/1344mW,VDD_SOC,2420mW/2392mW
07-27-2026,10:08:31,RAM,932/7620MB,(lfb,17x4MB),SWAP,153/3810MB,(cached,2MB),CPU,[16%@1344,0%@1344,0%@1344,0%@1344,16%@1344,0%@1344],GR3D_FREQ,0%,cpu@51.937C,soc2@49.875C,soc0@50.812C,gpu@51.531C,tj@51.937C,soc1@50.937C,VDD_IN,5802mW/5679mW,VDD_CPU_GPU_CV,1388mW/1344mW,VDD_SOC,2420mW/2392mW
07-27-2026,10:08:31,RAM,932/7620MB,(lfb,17x4MB),SWAP,153/3810MB,(cached,2MB),CPU,[9%@1344,0%@1344,0%@1344,9%@1344,10%@1344,8%@1344],GR3D_FREQ,0%,cpu@51.843C,soc2@49.875C,soc0@50.843C,gpu@51.968C,tj@51.968C,soc1@50.937C,VDD_IN,5802mW/5680mW,VDD_CPU_GPU_CV,1428mW/1344mW,VDD_SOC,2420mW/2392mW
07-27-2026,10:08:31,RAM,932/7620MB,(lfb,17x4MB),SWAP,153/3810MB,(cached,2MB),CPU,[10%@1344,0%@1344,0%@1344,0%@1344,0%@1344,0%@1344],GR3D_FREQ,0%,cpu@52.031C,soc2@49.968C,soc0@50.875C,gpu@51.593C,tj@52.031C,soc1@51C,VDD_IN,5842mW/5680mW,VDD_CPU_GPU_CV,1428mW/1344mW,VDD_SOC,2420mW/2392mW
07-27-2026,10:08:31,RAM,932/7620MB,(lfb,17x4MB),SWAP,153/3810MB,(cached,2MB),CPU,[9%@1344,9%@1344,0%@1344,0%@1344,16%@1344,16%@1344],GR3D_FREQ,0%,cpu@52.187C,soc2@49.906C,soc0@50.593C,gpu@52.125C,tj@52.187C,soc1@51.187C,VDD_IN,5802mW/5681mW,VDD_CPU_GPU_CV,1428mW/1345mW,VDD_SOC,2420mW/2392mW
07-27-2026,10:08:31,RAM,932/7620MB,(lfb,17x4MB),SWAP,153/3810MB,(cached,2MB),CPU,[0%@1344,0%@1344,0%@1344,0%@1344,10%@1344,0%@1344],GR3D_FREQ,0%,cpu@51.843C,soc2@49.937C,soc0@50.781C,gpu@52C,tj@52C,soc1@50.843C,VDD_IN,5802mW/5681mW,VDD_CPU_GPU_CV,1428mW/1345mW,VDD_SOC,2420mW/2392mW
07-27-2026,10:08:31,RAM,932/7620MB,(lfb,17x4MB),SWAP,153/3810MB,(cached,2MB),CPU,[9%@1344,0%@1344,0%@1344,0%@1344,9%@1344,0%@1344],GR3D_FREQ,0%,cpu@51.906C,soc2@49.875C,soc0@50.875C,gpu@51.843C,tj@51.937C,soc1@50.906C,VDD_IN,5802mW/5681mW,VDD_CPU_GPU_CV,1388mW/1345mW,VDD_SOC,2420mW/2392mW
07-27-2026,10:08:31,RAM,933/7620MB,(lfb,17x4MB),SWAP,153/3810MB,(cached,2MB),CPU,[10%@1344,9%@1344,0%@1344,16%@1344,9%@1344,9%@1344],GR3D_FREQ,0%,cpu@52C,soc2@50.093C,soc0@50.625C,gpu@52.062C,tj@52.062C,soc1@51C,VDD_IN,5842mW/5682mW,VDD_CPU_GPU_CV,1428mW/1345mW,VDD_SOC,2420mW/2392mW
07-27-2026,10:08:31,RAM,933/7620MB,(lfb,17x4MB),SWAP,153/3810MB,(cached,2MB),CPU,[16%@1344,9%@1344,0%@1344,0%@1344,0%@1344,9%@1344],GR3D_FREQ,0%,cpu@52.031C,soc2@49.968C,soc0@50.687C,gpu@51.906C,tj@52.031C,soc1@51.093C,VDD_IN,5842mW/5682mW,VDD_CPU_GPU_CV,1428mW/1345mW,VDD_SOC,2420mW/2393mW
07-27-2026,10:08:31,RAM,933/7620MB,(lfb,17x4MB),SWAP,153/3810MB,(cached,2MB),CPU,[0%@1344,0%@1344,8%@1344,0%@1344,16%@1344,0%@1344],GR3D_FREQ,0%,cpu@52.031C,soc2@49.812C,soc0@50.75C,gpu@51.843C,tj@51.843C,soc1@50.875C,VDD_IN,5802mW/5682mW,VDD_CPU_GPU_CV,1428mW/1346mW,VDD_SOC,2420mW/2393mW
07-27-2026,10:08:31,RAM,933/7620MB,(lfb,17x4MB),SWAP,153/3810MB,(cached,2MB),CPU,[10%@1344,0%@1344,0%@1344,0%@1344,0%@1344,0%@1344],GR3D_FREQ,0%,cpu@51.906C,soc2@49.843C,soc0@50.906C,gpu@52.062C,tj@52.062C,soc1@50.937C,VDD_IN,5802mW/5683mW,VDD_CPU_GPU_CV,1388mW/1346mW,VDD_SOC,2420mW/2393mW
07-27-2026,10:08:32,RAM,933/7620MB,(lfb,17x4MB),SWAP,153/3810MB,(cached,2MB),CPU,[9%@1344,9%@1344,0%@1344,0%@1344,9%@1344,0%@1344],GR3D_FREQ,0%,cpu@51.937C,soc2@50C,soc0@51C,gpu@51.906C,tj@51.937C,soc1@50.968C,VDD_IN,5802mW/5683mW,VDD_CPU_GPU_CV,1388mW/1346mW,VDD_SOC,2420mW/2393mW
07-27-2026,10:08:32,RAM,933/7620MB,(lfb,17x4MB),SWAP,153/3810MB,(cached,2MB),CPU,[18%@1344,0%@1344,0%@1344,0%@1344,10%@1344,0%@1344],GR3D_FREQ,0%,cpu@52.031C,soc2@50.031C,soc0@50.687C,gpu@51.781C,tj@52.031C,soc1@51.093C,VDD_IN,5802mW/5683mW,VDD_CPU_GPU_CV,1388mW/1346mW,VDD_SOC,2420mW/2393mW
07-27-2026,10:08:32,RAM,933/7620MB,(lfb,17x4MB),SWAP,153/3810MB,(cached,2MB),CPU,[9%@1344,0%@1344,9%@1344,0%@1344,0%@1344,0%@1344],GR3D_FREQ,0%,cpu@51.937C,soc2@49.937C,soc0@50.687C,gpu@51.687C,tj@51.843C,soc1@50.875C,VDD_IN,5802mW/5684mW,VDD_CPU_GPU_CV,1388mW/1346mW,VDD_SOC,2420mW/2393mW
07-27-2026,10:08:32,RAM,933/7620MB,(lfb,17x4MB),SWAP,153/3810MB,(cached,2MB),CPU,[0%@1344,0%@1344,0%@1344,9%@1344,16%@1344,0%@1344],GR3D_FREQ,0%,cpu@51.906C,soc2@49.906C,soc0@50.718C,gpu@51.906C,tj@51.906C,soc1@50.968C,VDD_IN,5802mW/5684mW,VDD_CPU_GPU_CV,1388mW/1346mW,VDD_SOC,2420mW/2393mW
07-27-2026,10:08:32,RAM,933/7620MB,(lfb,17x4MB),SWAP,153/3810MB,(cached,2MB),CPU,[10%@1344,9%@1344,0%@1344,0%@1344,0%@1344,0%@1344],GR3D_FREQ,0%,cpu@51.906C,soc2@49.937C,soc0@50.937C,gpu@51.687C,tj@51.906C,soc1@51.062C,VDD_IN,5802mW/5684mW,VDD_CPU_GPU_CV,1388mW/1346mW,VDD_SOC,2420mW/2393mW
07-27-2026,10:08:32,RAM,933/7620MB,(lfb,17x4MB),SWAP,153/3810MB,(cached,2MB),CPU,[16%@1344,0%@1344,9%@1344,0%@1344,10%@1344,0%@1344],GR3D_FREQ,0%,cpu@51.906C,soc2@49.968C,soc0@50.781C,gpu@51.625C,tj@51.906C,soc1@51.156C,VDD_IN,5802mW/5685mW,VDD_CPU_GPU_CV,1388mW/1346mW,VDD_SOC,2420mW/2393mW
07-27-2026,10:08:32,RAM,930/7620MB,(lfb,17x4MB),SWAP,141/3810MB,(cached,2MB),CPU,[9%@1344,18%@1344,0%@1344,0%@1344,9%@1344,9%@1344],GR3D_FREQ,0%,cpu@52.062C,soc2@49.906C,soc0@50.687C,gpu@51.781C,tj@52.062C,soc1@50.812C,VDD_IN,5842mW/5685mW,VDD_CPU_GPU_CV,1428mW/1347mW,VDD_SOC,2420mW/2393mW
07-27-2026,10:08:32,RAM,930/7620MB,(lfb,17x4MB),SWAP,141/3810MB,(cached,2MB),CPU,[0%@1344,8%@1344,9%@1344,9%@1344,0%@1344,0%@1344],GR3D_FREQ,0%,cpu@51.843C,soc2@49.875C,soc0@50.781C,gpu@51.687C,tj@51.843C,soc1@51C,VDD_IN,5842mW/5686mW,VDD_CPU_GPU_CV,1428mW/1347mW,VDD_SOC,2420mW/2393mW
07-27-2026,10:08:32,RAM,930/7620MB,(lfb,17x4MB),SWAP,141/3810MB,(cached,2MB),CPU,[16%@1344,0%@1344,0%@1344,0%@1344,16%@1344,0%@1344],GR3D_FREQ,0%,cpu@52.187C,soc2@49.968C,soc0@50.687C,gpu@51.906C,tj@52.187C,soc1@51.187C,VDD_IN,5842mW/5686mW,VDD_CPU_GPU_CV,1428mW/1347mW,VDD_SOC,2420mW/2393mW
07-27-2026,10:08:33,RAM,930/7620MB,(lfb,17x4MB),SWAP,141/3810MB,(cached,2MB),CPU,[9%@1344,0%@1344,9%@1344,0%@1344,10%@1344,0%@1344],GR3D_FREQ,0%,cpu@51.781C,soc2@49.812C,soc0@50.718C,gpu@51.812C,tj@51.812C,soc1@50.812C,VDD_IN,5842mW/5686mW,VDD_CPU_GPU_CV,1428mW/1347mW,VDD_SOC,2420mW/2393mW
07-27-2026,10:08:33,RAM,930/7620MB,(lfb,17x4MB),SWAP,141/3810MB,(cached,2MB),CPU,[10%@1344,0%@1344,0%@1344,0%@1344,9%@1344,0%@1344],GR3D_FREQ,0%,cpu@51.906C,soc2@49.968C,soc0@50.843C,gpu@51.687C,tj@51.906C,soc1@51.031C,VDD_IN,5842mW/5687mW,VDD_CPU_GPU_CV,1428mW/1348mW,VDD_SOC,2420mW/2393mW
07-27-2026,10:08:33,RAM,930/7620MB,(lfb,17x4MB),SWAP,141/3810MB,(cached,2MB),CPU,[9%@1344,9%@1344,9%@1344,0%@1344,9%@1344,0%@1344],GR3D_FREQ,0%,cpu@52C,soc2@49.906C,soc0@50.718C,gpu@51.968C,tj@52C,soc1@50.968C,VDD_IN,5802mW/5687mW,VDD_CPU_GPU_CV,1428mW/1348mW,VDD_SOC,2420mW/2394mW
07-27-2026,10:08:33,RAM,930/7620MB,(lfb,17x4MB),SWAP,141/3810MB,(cached,2MB),CPU,[9%@1344,9%@1344,0%@1344,0%@1344,10%@1344,0%@1344],GR3D_FREQ,0%,cpu@52.156C,soc2@50.031C,soc0@50.718C,gpu@51.687C,tj@52.156C,soc1@51.062C,VDD_IN,5802mW/5687mW,VDD_CPU_GPU_CV,1428mW/1348mW,VDD_SOC,2420mW/2394mW
07-27-2026,10:08:33,RAM,930/7620MB,(lfb,17x4MB),SWAP,141/3810MB,(cached,2MB),CPU,[18%@1344,0%@1344,8%@1344,0%@1344,9%@1344,8%@1344],GR3D_FREQ,0%,cpu@52.343C,soc2@49.812C,soc0@50.781C,gpu@51.687C,tj@51.843C,soc1@50.781C,VDD_IN,5802mW/5688mW,VDD_CPU_GPU_CV,1428mW/1348mW,VDD_SOC,2420mW/2394mW
07-27-2026,10:08:33,RAM,930/7620MB,(lfb,17x4MB),SWAP,141/3810MB,(cached,2MB),CPU,[9%@1344,0%@1344,0%@1344,0%@1344,0%@1344,0%@1344],GR3D_FREQ,0%,cpu@51.937C,soc2@49.906C,soc0@50.781C,gpu@51.812C,tj@51.937C,soc1@50.843C,VDD_IN,5802mW/5688mW,VDD_CPU_GPU_CV,1428mW/1348mW,VDD_SOC,2420mW/2394mW
07-27-2026,10:08:33,RAM,930/7620MB,(lfb,17x4MB),SWAP,141/3810MB,(cached,2MB),CPU,[0%@1344,0%@1344,0%@1344,0%@1344,9%@1344,16%@1344],GR3D_FREQ,0%,cpu@51.906C,soc2@49.968C,soc0@50.937C,gpu@51.781C,tj@51.906C,soc1@51.031C,VDD_IN,5842mW/5688mW,VDD_CPU_GPU_CV,1428mW/1349mW,VDD_SOC,2420mW/2394mW
07-27-2026,10:08:33,RAM,930/7620MB,(lfb,17x4MB),SWAP,141/3810MB,(cached,2MB),CPU,[10%@1344,9%@1344,0%@1344,0%@1344,10%@1344,9%@1344],GR3D_FREQ,0%,cpu@52.093C,soc2@49.968C,soc0@50.687C,gpu@51.687C,tj@52.093C,soc1@51.156C,VDD_IN,5842mW/5689mW,VDD_CPU_GPU_CV,1428mW/1349mW,VDD_SOC,2420mW/2394mW
07-27-2026,10:08:33,RAM,930/7620MB,(lfb,17x4MB),SWAP,141/3810MB,(cached,2MB),CPU,[9%@1344,0%@1344,0%@1344,8%@1344,9%@1344,0%@1344],GR3D_FREQ,0%,cpu@52.187C,soc2@49.906C,soc0@50.75C,gpu@51.781C,tj@52.031C,soc1@50.781C,VDD_IN,5802mW/5689mW,VDD_CPU_GPU_CV,1428mW/1349mW,VDD_SOC,2420mW/2394mW
07-27-2026,10:08:33,RAM,930/7620MB,(lfb,17x4MB),SWAP,141/3810MB,(cached,2MB),CPU,[9%@1344,0%@1344,9%@1344,0%@1344,9%@1344,0%@1344],GR3D_FREQ,0%,cpu@51.937C,soc2@49.937C,soc0@50.781C,gpu@51.687C,tj@51.937C,soc1@50.937C,VDD_IN,5802mW/5689mW,VDD_CPU_GPU_CV,1388mW/1349mW,VDD_SOC,2420mW/2394mW
07-27-2026,10:08:34,RAM,930/7620MB,(lfb,17x4MB),SWAP,141/3810MB,(cached,2MB),CPU,[10%@1344,9%@1344,0%@1344,0%@1344,10%@1344,0%@1344],GR3D_FREQ,0%,cpu@51.968C,soc2@50C,soc0@50.875C,gpu@51.656C,tj@51.968C,soc1@50.937C,VDD_IN,5802mW/5690mW,VDD_CPU_GPU_CV,1388mW/1349mW,VDD_SOC,2420mW/2394mW
07-27-2026,10:08:34,RAM,930/7620MB,(lfb,17x4MB),SWAP,141/3810MB,(cached,2MB),CPU,[0%@1344,0%@1344,0%@1344,0%@1344,0%@1344,0%@1344],GR3D_FREQ,0%,cpu@52.031C,soc2@50C,soc0@50.687C,gpu@51.593C,tj@52.031C,soc1@51.187C,VDD_IN,5802mW/5690mW,VDD_CPU_GPU_CV,1388mW/1349mW,VDD_SOC,2420mW/2394mW
07-27-2026,10:08:34,RAM,930/7620MB,(lfb,17x4MB),SWAP,141/3810MB,(cached,2MB),CPU,[16%@1344,0%@1344,0%@1344,0%@1344,16%@1344,0%@1344],GR3D_FREQ,0%,cpu@52C,soc2@49.906C,soc0@50.781C,gpu@51.718C,tj@52C,soc1@50.968C,VDD_IN,5802mW/5690mW,VDD_CPU_GPU_CV,1388mW/1349mW,VDD_SOC,2420mW/2394mW
07-27-2026,10:08:34,RAM,930/7620MB,(lfb,17x4MB),SWAP,141/3810MB,(cached,2MB),CPU,[9%@1344,0%@1344,0%@1344,0%@1344,9%@1344,0%@1344],GR3D_FREQ,0%,cpu@51.906C,soc2@49.875C,soc0@50.625C,gpu@51.625C,tj@51.906C,soc1@50.968C,VDD_IN,5802mW/5691mW,VDD_CPU_GPU_CV,1388mW/1350mW,VDD_SOC,2420mW/2394mW
07-27-2026,10:08:34,RAM,930/7620MB,(lfb,17x4MB),SWAP,141/3810MB,(cached,2MB),CPU,[18%@1344,16%@1344,0%@1344,0%@1344,10%@1344,0%@1344],GR3D_FREQ,0%,cpu@51.937C,soc2@49.906C,soc0@50.906C,gpu@51.593C,tj@51.937C,soc1@50.968C,VDD_IN,5802mW/5691mW,VDD_CPU_GPU_CV,1388mW/1350mW,VDD_SOC,2420mW/2394mW
07-27-2026,10:08:34,RAM,930/7620MB,(lfb,17x4MB),SWAP,141/3810MB,(cached,2MB),CPU,[0%@1344,8%@1344,0%@1344,8%@1344,9%@1344,8%@1344],GR3D_FREQ,0%,cpu@52.031C,soc2@50C,soc0@50.625C,gpu@51.75C,tj@52.031C,soc1@51.062C,VDD_IN,5802mW/5691mW,VDD_CPU_GPU_CV,1388mW/1350mW,VDD_SOC,2420mW/2394mW
07-27-2026,10:08:34,RAM,931/7620MB,(lfb,17x4MB),SWAP,141/3810MB,(cached,2MB),CPU,[9%@1344,0%@1344,0%@1344,0%@1344,0%@1344,9%@1344],GR3D_FREQ,0%,cpu@52.093C,soc2@49.843C,soc0@50.593C,gpu@51.625C,tj@52.093C,soc1@50.843C,VDD_IN,5802mW/5691mW,VDD_CPU_GPU_CV,1388mW/1350mW,VDD_SOC,2420mW/2395mW
07-27-2026,10:08:34,RAM,931/7620MB,(lfb,17x4MB),SWAP,141/3810MB,(cached,2MB),CPU,[18%@1344,0%@1344,0%@1344,0%@1344,9%@1344,0%@1344],GR3D_FREQ,0%,cpu@52.093C,soc2@49.968C,soc0@50.718C,gpu@51.812C,tj@52.093C,soc1@51.031C,VDD_IN,5842mW/5692mW,VDD_CPU_GPU_CV,1428mW/1350mW,VDD_SOC,2420mW/2395mW
07-27-2026,10:08:34,RAM,931/7620MB,(lfb,17x4MB),SWAP,141/3810MB,(cached,2MB),CPU,[9%@1344,0%@1344,0%@1344,0%@1344,18%@1344,0%@1344],GR3D_FREQ,0%,cpu@51.937C,soc2@49.968C,soc0@50.625C,gpu@51.625C,tj@51.937C,soc1@51.187C,VDD_IN,5842mW/5692mW,VDD_CPU_GPU_CV,1428mW/1350mW,VDD_SOC,2420mW/2395mW
07-27-2026,10:08:35,RAM,931/7620MB,(lfb,17x4MB),SWAP,141/3810MB,(cached,2MB),CPU,[0%@1344,9%@1344,0%@1344,0%@1344,9%@1344,0%@1344],GR3D_FREQ,0%,cpu@51.781C,soc2@49.843C,soc0@50.75C,gpu@51.625C,tj@51.781C,soc1@50.906C,VDD_IN,5842mW/5693mW,VDD_CPU_GPU_CV,1428mW/1350mW,VDD_SOC,2420mW/2395mW
07-27-2026,10:08:35,RAM,931/7620MB,(lfb,17x4MB),SWAP,141/3810MB,(cached,2MB),CPU,[18%@1344,0%@1344,0%@1344,0%@1344,10%@1344,0%@1344],GR3D_FREQ,0%,cpu@51.843C,soc2@49.937C,soc0@50.843C,gpu@51.718C,tj@51.843C,soc1@50.781C,VDD_IN,5842mW/5693mW,VDD_CPU_GPU_CV,1428mW/1351mW,VDD_SOC,2420mW/2395mW
07-27-2026,10:08:35,RAM,931/7620MB,(lfb,17x4MB),SWAP,141/3810MB,(cached,2MB),CPU,[9%@1344,0%@1344,0%@1344,0%@1344,0%@1344,0%@1344],GR3D_FREQ,0%,cpu@52.093C,soc2@49.968C,soc0@51C,gpu@51.687C,tj@52.093C,soc1@51.031C,VDD_IN,5842mW/5693mW,VDD_CPU_GPU_CV,1428mW/1351mW,VDD_SOC,2420mW/2395mW
07-27-2026,10:08:35,RAM,931/7620MB,(lfb,17x4MB),SWAP,141/3810MB,(cached,2MB),CPU,[18%@1344,0%@1344,0%@1344,0%@1344,16%@1344,0%@1344],GR3D_FREQ,0%,cpu@52.218C,soc2@49.968C,soc0@50.625C,gpu@51.593C,tj@52.218C,soc1@51.187C,VDD_IN,5802mW/5694mW,VDD_CPU_GPU_CV,1428mW/1351mW,VDD_SOC,2420mW/2395mW
07-27-2026,10:08:35,RAM,931/7620MB,(lfb,17x4MB),SWAP,141/3810MB,(cached,2MB),CPU,[9%@1344,0%@1344,0%@1344,0%@1344,0%@1344,0%@1344],GR3D_FREQ,0%,cpu@51.843C,soc2@49.875C,soc0@50.812C,gpu@52.093C,tj@52.093C,soc1@50.875C,VDD_IN,5802mW/5694mW,VDD_CPU_GPU_CV,1428mW/1351mW,VDD_SOC,2420mW/2395mW
07-27-2026,10:08:35,RAM,931/7620MB,(lfb,17x4MB),SWAP,141/3810MB,(cached,2MB),CPU,[9%@1344,0%@1344,0%@1344,0%@1344,10%@1344,0%@1344],GR3D_FREQ,0%,cpu@52.093C,soc2@49.937C,soc0@50.843C,gpu@51.656C,tj@52.093C,soc1@50.843C,VDD_IN,5802mW/5694mW,VDD_CPU_GPU_CV,1428mW/1351mW,VDD_SOC,2420mW/2395mW
07-27-2026,10:08:35,RAM,931/7620MB,(lfb,17x4MB),SWAP,141/3810MB,(cached,2MB),CPU,[10%@1344,0%@1344,9%@1344,0%@1344,9%@1344,9%@1344],GR3D_FREQ,0%,cpu@52.093C,soc2@49.968C,soc0@50.937C,gpu@51.656C,tj@52.093C,soc1@51.031C,VDD_IN,5842mW/5695mW,VDD_CPU_GPU_CV,1428mW/1352mW,VDD_SOC,2420mW/2395mW
07-27-2026,10:08:35,RAM,931/7620MB,(lfb,17x4MB),SWAP,141/3810MB,(cached,2MB),CPU,[9%@1344,9%@1344,0%@1344,0%@1344,0%@1344,8%@1344],GR3D_FREQ,0%,cpu@52.281C,soc2@49.968C,soc0@50.718C,gpu@52.031C,tj@52.281C,soc1@51.156C,VDD_IN,5842mW/5695mW,VDD_CPU_GPU_CV,1428mW/1352mW,VDD_SOC,2420mW/2395mW
07-27-2026,10:08:35,RAM,931/7620MB,(lfb,17x4MB),SWAP,141/3810MB,(cached,2MB),CPU,[18%@1344,0%@1344,0%@1344,0%@1344,18%@1344,0%@1344],GR3D_FREQ,0%,cpu@51.781C,soc2@49.906C,soc0@50.843C,gpu@51.625C,tj@51.781C,soc1@50.843C,VDD_IN,5842mW/5695mW,VDD_CPU_GPU_CV,1428mW/1352mW,VDD_SOC,2420mW/2395mW
07-27-2026,10:08:35,RAM,931/7620MB,(lfb,17x4MB),SWAP,141/3810MB,(cached,2MB),CPU,[9%@1344,8%@1344,0%@1344,0%@1344,0%@1344,0%@1344],GR3D_FREQ,0%,cpu@51.937C,soc2@49.968C,soc0@50.875C,gpu@51.656C,tj@51.937C,soc1@51C,VDD_IN,5842mW/5696mW,VDD_CPU_GPU_CV,1428mW/1352mW,VDD_SOC,2420mW/2395mW
07-27-2026,10:08:36,RAM,931/7620MB,(lfb,17x4MB),SWAP,141/3810MB,(cached,2MB),CPU,[10%@1344,9%@1344,0%@1344,0%@1344,16%@1344,0%@1344],GR3D_FREQ,0%,cpu@52C,soc2@49.937C,soc0@50.781C,gpu@52.031C,tj@52.031C,soc1@51.062C,VDD_IN,5802mW/5696mW,VDD_CPU_GPU_CV,1428mW/1352mW,VDD_SOC,2420mW/2395mW
07-27-2026,10:08:36,RAM,931/7620MB,(lfb,17x4MB),SWAP,141/3810MB,(cached,2MB),CPU,[0%@1344,9%@1344,9%@1344,0%@1344,0%@1344,0%@1344],GR3D_FREQ,0%,cpu@52.062C,soc2@49.968C,soc0@50.75C,gpu@51.812C,tj@52.062C,soc1@51.25C,VDD_IN,5802mW/5696mW,VDD_CPU_GPU_CV,1388mW/1352mW,VDD_SOC,2420mW/2395mW
07-27-2026,10:08:36,RAM,931/7620MB,(lfb,17x4MB),SWAP,141/3810MB,(cached,2MB),CPU,[10%@1344,0%@1344,0%@1344,0%@1344,16%@1344,0%@1344],GR3D_FREQ,0%,cpu@52.281C,soc2@49.906C,soc0@50.718C,gpu@51.593C,tj@51.937C,soc1@50.843C,VDD_IN,5802mW/5696mW,VDD_CPU_GPU_CV,1388mW/1353mW,VDD_SOC,2420mW/2395mW
07-27-2026,10:08:36,RAM,931/7620MB,(lfb,17x4MB),SWAP,141/3810MB,(cached,2MB),CPU,[0%@1344,0%@1344,0%@1344,0%@1344,0%@1344,0%@1344],GR3D_FREQ,0%,cpu@51.968C,soc2@49.968C,soc0@50.875C,gpu@52.062C,tj@52.062C,soc1@50.937C,VDD_IN,5802mW/5697mW,VDD_CPU_GPU_CV,1388mW/1353mW,VDD_SOC,2420mW/2396mW
07-27-2026,10:08:36,RAM,931/7620MB,(lfb,17x4MB),SWAP,141/3810MB,(cached,2MB),CPU,[9%@1344,9%@1344,0%@1344,0%@1344,10%@1344,0%@1344],GR3D_FREQ,0%,cpu@51.968C,soc2@50.031C,soc0@50.656C,gpu@51.906C,tj@52.031C,soc1@51C,VDD_IN,5802mW/5697mW,VDD_CPU_GPU_CV,1388mW/1353mW,VDD_SOC,2420mW/2396mW
07-27-2026,10:08:36,RAM,931/7620MB,(lfb,17x4MB),SWAP,141/3810MB,(cached,2MB),CPU,[25%@1344,8%@1344,0%@1344,0%@1344,9%@1344,0%@1344],GR3D_FREQ,0%,cpu@51.875C,soc2@49.937C,soc0@50.781C,gpu@52.156C,tj@52.156C,soc1@50.937C,VDD_IN,5802mW/5697mW,VDD_CPU_GPU_CV,1388mW/1353mW,VDD_SOC,2420mW/2396mW
07-27-2026,10:08:36,RAM,931/7620MB,(lfb,17x4MB),SWAP,141/3810MB,(cached,2MB),CPU,[23%@1344,0%@1344,0%@1344,10%@1344,16%@1344,0%@1344],GR3D_FREQ,0%,cpu@51.875C,soc2@49.968C,soc0@50.937C,gpu@52.031C,tj@52.031C,soc1@50.937C,VDD_IN,5842mW/5698mW,VDD_CPU_GPU_CV,1428mW/1353mW,VDD_SOC,2420mW/2396mW
07-27-2026,10:08:36,RAM,931/7620MB,(lfb,17x4MB),SWAP,141/3810MB,(cached,2MB),CPU,[0%@1344,0%@1344,0%@1344,0%@1344,10%@1344,0%@1344],GR3D_FREQ,0%,cpu@52.343C,soc2@49.968C,soc0@50.656C,gpu@51.781C,tj@52.343C,soc1@51C,VDD_IN,5842mW/5698mW,VDD_CPU_GPU_CV,1428mW/1353mW,VDD_SOC,2420mW/2396mW
07-27-2026,10:08:36,RAM,931/7620MB,(lfb,17x4MB),SWAP,141/3810MB,(cached,2MB),CPU,[9%@1344,0%@1344,0%@1344,0%@1344,0%@1344,0%@1344],GR3D_FREQ,0%,cpu@52.093C,soc2@49.906C,soc0@50.718C,gpu@52.125C,tj@52.125C,soc1@50.968C,VDD_IN,5842mW/5698mW,VDD_CPU_GPU_CV,1428mW/1353mW,VDD_SOC,2420mW/2396mW
07-27-2026,10:08:37,RAM,931/7620MB,(lfb,17x4MB),SWAP,141/3810MB,(cached,2MB),CPU,[9%@1344,0%@1344,0%@1344,0%@1344,10%@1344,8%@1344],GR3D_FREQ,0%,cpu@51.937C,soc2@49.906C,soc0@50.75C,gpu@51.906C,tj@51.937C,soc1@50.843C,VDD_IN,5842mW/5699mW,VDD_CPU_GPU_CV,1428mW/1354mW,VDD_SOC,2420mW/2396mW
07-27-2026,10:08:37,RAM,931/7620MB,(lfb,17x4MB),SWAP,141/3810MB,(cached,2MB),CPU,[10%@1344,0%@1344,0%@1344,0%@1344,9%@1344,0%@1344],GR3D_FREQ,0%,cpu@51.906C,soc2@49.875C,soc0@50.937C,gpu@51.75C,tj@52.093C,soc1@51.062C,VDD_IN,5842mW/5699mW,VDD_CPU_GPU_CV,1428mW/1354mW,VDD_SOC,2420mW/2396mW
07-27-2026,10:08:37,RAM,931/7620MB,(lfb,17x4MB),SWAP,141/3810MB,(cached,2MB),CPU,[0%@1344,0%@1344,9%@1344,0%@1344,9%@1344,0%@1344],GR3D_FREQ,0%,cpu@52.125C,soc2@49.906C,soc0@50.656C,gpu@52.093C,tj@52.125C,soc1@51.062C,VDD_IN,5842mW/5699mW,VDD_CPU_GPU_CV,1428mW/1354mW,VDD_SOC,2420mW/2396mW
07-27-2026,10:08:37,RAM,931/7620MB,(lfb,17x4MB),SWAP,141/3810MB,(cached,2MB),CPU,[9%@1344,9%@1344,0%@1344,0%@1344,0%@1344,0%@1344],GR3D_FREQ,0%,cpu@51.937C,soc2@49.843C,soc0@50.812C,gpu@51.906C,tj@51.937C,soc1@51.218C,VDD_IN,5802mW/5700mW,VDD_CPU_GPU_CV,1428mW/1354mW,VDD_SOC,2420mW/2396mW
07-27-2026,10:08:37,RAM,931/7620MB,(lfb,17x4MB),SWAP,141/3810MB,(cached,2MB),CPU,[10%@1344,0%@1344,0%@1344,0%@1344,16%@1344,0%@1344],GR3D_FREQ,0%,cpu@51.937C,soc2@49.906C,soc0@50.812C,gpu@51.75C,tj@51.937C,soc1@50.906C,VDD_IN,5802mW/5700mW,VDD_CPU_GPU_CV,1428mW/1354mW,VDD_SOC,2420mW/2396mW
07-27-2026,10:08:37,RAM,931/7620MB,(lfb,17x4MB),SWAP,141/3810MB,(cached,2MB),CPU,[16%@1344,0%@1344,0%@1344,0%@1344,0%@1344,0%@1344],GR3D_FREQ,0%,cpu@52.062C,soc2@49.843C,soc0@50.906C,gpu@51.656C,tj@52.062C,soc1@51C,VDD_IN,5802mW/5700mW,VDD_CPU_GPU_CV,1428mW/1354mW,VDD_SOC,2420mW/2396mW
07-27-2026,10:08:37,RAM,931/7620MB,(lfb,17x4MB),SWAP,141/3810MB,(cached,2MB),CPU,[9%@1344,8%@1344,0%@1344,0%@1344,9%@1344,0%@1344],GR3D_FREQ,0%,cpu@52.125C,soc2@49.968C,soc0@50.75C,gpu@51.812C,tj@52.125C,soc1@51.062C,VDD_IN,5802mW/5700mW,VDD_CPU_GPU_CV,1388mW/1354mW,VDD_SOC,2420mW/2396mW
07-27-2026,10:08:37,RAM,931/7620MB,(lfb,17x4MB),SWAP,141/3810MB,(cached,2MB),CPU,[10%@1344,0%@1344,9%@1344,9%@1344,10%@1344,9%@1344],GR3D_FREQ,0%,cpu@51.906C,soc2@49.75C,soc0@50.718C,gpu@51.75C,tj@51.906C,soc1@51.312C,VDD_IN,5842mW/5701mW,VDD_CPU_GPU_CV,1428mW/1355mW,VDD_SOC,2420mW/2396mW
07-27-2026,10:08:37,RAM,931/7620MB,(lfb,17x4MB),SWAP,141/3810MB,(cached,2MB),CPU,[9%@1344,9%@1344,0%@1344,0%@1344,9%@1344,0%@1344],GR3D_FREQ,0%,cpu@51.781C,soc2@49.906C,soc0@50.843C,gpu@51.656C,tj@51.781C,soc1@50.906C,VDD_IN,5842mW/5701mW,VDD_CPU_GPU_CV,1428mW/1355mW,VDD_SOC,2420mW/2396mW
07-27-2026,10:08:37,RAM,931/7620MB,(lfb,17x4MB),SWAP,141/3810MB,(cached,2MB),CPU,[18%@1344,0%@1344,0%@1344,0%@1344,9%@1344,0%@1344],GR3D_FREQ,0%,cpu@51.937C,soc2@49.906C,soc0@50.968C,gpu@51.843C,tj@51.937C,soc1@50.906C,VDD_IN,5842mW/5701mW,VDD_CPU_GPU_CV,1428mW/1355mW,VDD_SOC,2420mW/2396mW
07-27-2026,10:08:38,RAM,931/7620MB,(lfb,17x4MB),SWAP,141/3810MB,(cached,2MB),CPU,[9%@1344,0%@1344,0%@1344,0%@1344,0%@1344,0%@1344],GR3D_FREQ,0%,cpu@52.062C,soc2@49.968C,soc0@50.718C,gpu@51.812C,tj@52.062C,soc1@50.968C,VDD_IN,5802mW/5702mW,VDD_CPU_GPU_CV,1388mW/1355mW,VDD_SOC,2420mW/2396mW
07-27-2026,10:08:38,RAM,931/7620MB,(lfb,17x4MB),SWAP,141/3810MB,(cached,2MB),CPU,[0%@1344,8%@1344,0%@1344,0%@1344,9%@1344,0%@1344],GR3D_FREQ,0%,cpu@52.343C,soc2@49.843C,soc0@50.656C,gpu@51.687C,tj@52.343C,soc1@50.875C,VDD_IN,5802mW/5702mW,VDD_CPU_GPU_CV,1388mW/1355mW,VDD_SOC,2420mW/2397mW
07-27-2026,10:08:38,RAM,931/7620MB,(lfb,17x4MB),SWAP,141/3810MB,(cached,2MB),CPU,[16%@1344,0%@1344,0%@1344,0%@1344,9%@1344,0%@1344],GR3D_FREQ,0%,cpu@51.812C,soc2@49.906C,soc0@50.718C,gpu@51.593C,tj@51.906C,soc1@50.937C,VDD_IN,5802mW/5702mW,VDD_CPU_GPU_CV,1388mW/1355mW,VDD_SOC,2420mW/2397mW
07-27-2026,10:08:38,RAM,931/7620MB,(lfb,17x4MB),SWAP,141/3810MB,(cached,2MB),CPU,[9%@1344,9%@1344,0%@1344,0%@1344,10%@1344,0%@1344],GR3D_FREQ,0%,cpu@51.937C,soc2@49.875C,soc0@50.906C,gpu@51.718C,tj@51.937C,soc1@50.968C,VDD_IN,5802mW/5702mW,VDD_CPU_GPU_CV,1388mW/1355mW,VDD_SOC,2420mW/2397mW
07-27-2026,10:08:38,RAM,931/7620MB,(lfb,17x4MB),SWAP,141/3810MB,(cached,2MB),CPU,[18%@1344,0%@1344,0%@1344,0%@1344,9%@1344,8%@1344],GR3D_FREQ,0%,cpu@51.843C,soc2@49.937C,soc0@50.843C,gpu@51.531C,tj@51.843C,soc1@50.843C,VDD_IN,5802mW/5703mW,VDD_CPU_GPU_CV,1388mW/1355mW,VDD_SOC,2420mW/2397mW
07-27-2026,10:08:38,RAM,931/7620MB,(lfb,17x4MB),SWAP,141/3810MB,(cached,2MB),CPU,[0%@1344,9%@1344,9%@1344,0%@1344,10%@1344,0%@1344],GR3D_FREQ,0%,cpu@51.937C,soc2@49.843C,soc0@50.968C,gpu@51.718C,tj@51.937C,soc1@51.031C,VDD_IN,5802mW/5703mW,VDD_CPU_GPU_CV,1428mW/1356mW,VDD_SOC,2420mW/2397mW
07-27-2026,10:08:38,RAM,932/7620MB,(lfb,17x4MB),SWAP,141/3810MB,(cached,2MB),CPU,[10%@1344,0%@1344,0%@1344,0%@1344,9%@1344,9%@1344],GR3D_FREQ,0%,cpu@52C,soc2@49.968C,soc0@50.906C,gpu@51.625C,tj@52C,soc1@51.093C,VDD_IN,5842mW/5703mW,VDD_CPU_GPU_CV,1428mW/1356mW,VDD_SOC,2420mW/2397mW
07-27-2026,10:08:38,RAM,932/7620MB,(lfb,17x4MB),SWAP,141/3810MB,(cached,2MB),CPU,[9%@1344,0%@1344,0%@1344,0%@1344,23%@1344,0%@1344],GR3D_FREQ,0%,cpu@52.156C,soc2@50C,soc0@50.687C,gpu@51.687C,tj@52.156C,soc1@51.187C,VDD_IN,5842mW/5703mW,VDD_CPU_GPU_CV,1428mW/1356mW,VDD_SOC,2420mW/2397mW
07-27-2026,10:08:38,RAM,932/7620MB,(lfb,17x4MB),SWAP,141/3810MB,(cached,2MB),CPU,[9%@1344,0%@1344,0%@1344,0%@1344,0%@1344,0%@1344],GR3D_FREQ,0%,cpu@51.968C,soc2@49.968C,soc0@50.687C,gpu@51.718C,tj@51.843C,soc1@50.75C,VDD_IN,5842mW/5704mW,VDD_CPU_GPU_CV,1428mW/1356mW,VDD_SOC,2420mW/2397mW
07-27-2026,10:08:39,RAM,932/7620MB,(lfb,17x4MB),SWAP,141/3810MB,(cached,2MB),CPU,[10%@1344,0%@1344,0%@1344,0%@1344,16%@1344,0%@1344],GR3D_FREQ,0%,cpu@51.968C,soc2@49.906C,soc0@50.75C,gpu@51.593C,tj@51.968C,soc1@50.875C,VDD_IN,5842mW/5704mW,VDD_CPU_GPU_CV,1428mW/1356mW,VDD_SOC,2420mW/2397mW
07-27-2026,10:08:39,RAM,932/7620MB,(lfb,17x4MB),SWAP,141/3810MB,(cached,2MB),CPU,[16%@1344,0%@1344,0%@1344,0%@1344,0%@1344,0%@1344],GR3D_FREQ,0%,cpu@51.937C,soc2@49.906C,soc0@50.968C,gpu@51.625C,tj@52.281C,soc1@51.125C,VDD_IN,5842mW/5704mW,VDD_CPU_GPU_CV,1428mW/1356mW,VDD_SOC,2420mW/2397mW
07-27-2026,10:08:39,RAM,932/7620MB,(lfb,17x4MB),SWAP,141/3810MB,(cached,2MB),CPU,[10%@1344,0%@1344,0%@1344,0%@1344,9%@1344,0%@1344],GR3D_FREQ,0%,cpu@51.968C,soc2@50.062C,soc0@50.687C,gpu@52.156C,tj@52.156C,soc1@51.062C,VDD_IN,5842mW/5705mW,VDD_CPU_GPU_CV,1428mW/1357mW,VDD_SOC,2420mW/2397mW
07-27-2026,10:08:39,RAM,932/7620MB,(lfb,17x4MB),SWAP,141/3810MB,(cached,2MB),CPU,[9%@1344,0%@1344,0%@1344,0%@1344,10%@1344,0%@1344],GR3D_FREQ,0%,cpu@52C,soc2@49.875C,soc0@50.781C,gpu@51.531C,tj@51.781C,soc1@50.937C,VDD_IN,5842mW/5705mW,VDD_CPU_GPU_CV,1428mW/1357mW,VDD_SOC,2420mW/2397mW
07-27-2026,10:08:39,RAM,932/7620MB,(lfb,17x4MB),SWAP,141/3810MB,(cached,2MB),CPU,[16%@1344,0%@1344,0%@1344,0%@1344,9%@1344,0%@1344],GR3D_FREQ,0%,cpu@51.781C,soc2@49.812C,soc0@50.875C,gpu@51.656C,tj@51.781C,soc1@50.906C,VDD_IN,5802mW/5705mW,VDD_CPU_GPU_CV,1428mW/1357mW,VDD_SOC,2420mW/2397mW
07-27-2026,10:08:39,RAM,932/7620MB,(lfb,17x4MB),SWAP,141/3810MB,(cached,2MB),CPU,[0%@1344,0%@1344,0%@1344,0%@1344,10%@1344,0%@1344],GR3D_FREQ,0%,cpu@52.156C,soc2@49.968C,soc0@50.75C,gpu@52.093C,tj@52.156C,soc1@50.968C,VDD_IN,5802mW/5705mW,VDD_CPU_GPU_CV,1388mW/1357mW,VDD_SOC,2420mW/2397mW
07-27-2026,10:08:39,RAM,932/7620MB,(lfb,17x4MB),SWAP,141/3810MB,(cached,2MB),CPU,[9%@1344,0%@1344,0%@1344,8%@1344,0%@1344,0%@1344],GR3D_FREQ,0%,cpu@51.875C,soc2@50.125C,soc0@50.687C,gpu@51.781C,tj@51.875C,soc1@51.125C,VDD_IN,5802mW/5706mW,VDD_CPU_GPU_CV,1388mW/1357mW,VDD_SOC,2420mW/2397mW
07-27-2026,10:08:39,RAM,932/7620MB,(lfb,17x4MB),SWAP,141/3810MB,(cached,2MB),CPU,[10%@1344,0%@1344,0%@1344,9%@1344,16%@1344,9%@1344],GR3D_FREQ,0%,cpu@51.843C,soc2@49.812C,soc0@50.687C,gpu@51.531C,tj@51.843C,soc1@50.875C,VDD_IN,5842mW/5706mW,VDD_CPU_GPU_CV,1428mW/1357mW,VDD_SOC,2420mW/2397mW
07-27-2026,10:08:39,RAM,932/7620MB,(lfb,17x4MB),SWAP,141/3810MB,(cached,2MB),CPU,[9%@1344,8%@1344,0%@1344,0%@1344,0%@1344,0%@1344],GR3D_FREQ,0%,cpu@51.875C,soc2@49.968C,soc0@50.812C,gpu@52.062C,tj@52.062C,soc1@50.937C,VDD_IN,5842mW/5706mW,VDD_CPU_GPU_CV,1428mW/1357mW,VDD_SOC,2420mW/2397mW
07-27-2026,10:08:39,RAM,932/7620MB,(lfb,17x4MB),SWAP,141/3810MB,(cached,2MB),CPU,[9%@1344,0%@1344,0%@1344,0%@1344,0%@1344,0%@1344],GR3D_FREQ,0%,cpu@52.062C,soc2@50.031C,soc0@50.718C,gpu@51.875C,tj@52.062C,soc1@50.968C,VDD_IN,5842mW/5707mW,VDD_CPU_GPU_CV,1428mW/1358mW,VDD_SOC,2420mW/2397mW
07-27-2026,10:08:40,RAM,932/7620MB,(lfb,17x4MB),SWAP,141/3810MB,(cached,2MB),CPU,[18%@1344,9%@1344,0%@1344,0%@1344,16%@1344,0%@1344],GR3D_FREQ,0%,cpu@52.281C,soc2@50.062C,soc0@50.812C,gpu@51.75C,tj@52.281C,soc1@51.187C,VDD_IN,5802mW/5707mW,VDD_CPU_GPU_CV,1388mW/1358mW,VDD_SOC,2420mW/2397mW
07-27-2026,10:08:40,RAM,932/7620MB,(lfb,17x4MB),SWAP,141/3810MB,(cached,2MB),CPU,[0%@1344,0%@1344,0%@1344,0%@1344,0%@1344,0%@1344],GR3D_FREQ,0%,cpu@51.718C,soc2@49.75C,soc0@50.812C,gpu@52.031C,tj@52.031C,soc1@50.843C,VDD_IN,5802mW/5707mW,VDD_CPU_GPU_CV,1388mW/1358mW,VDD_SOC,2420mW/2398mW
07-27-2026,10:08:40,RAM,932/7620MB,(lfb,17x4MB),SWAP,141/3810MB,(cached,2MB),CPU,[9%@1344,0%@1344,0%@1344,0%@1344,23%@1344,0%@1344],GR3D_FREQ,0%,cpu@51.937C,soc2@49.906C,soc0@50.843C,gpu@51.812C,tj@51.937C,soc1@50.875C,VDD_IN,5802mW/5707mW,VDD_CPU_GPU_CV,1388mW/1358mW,VDD_SOC,2420mW/2398mW
07-27-2026,10:08:40,RAM,932/7620MB,(lfb,17x4MB),SWAP,141/3810MB,(cached,2MB),CPU,[25%@1344,0%@1344,0%@1344,0%@1344,0%@1344,0%@1344],GR3D_FREQ,0%,cpu@52C,soc2@49.968C,soc0@50.75C,gpu@52.156C,tj@52.156C,soc1@50.875C,VDD_IN,5802mW/5707mW,VDD_CPU_GPU_CV,1388mW/1358mW,VDD_SOC,2420mW/2398mW
07-27-2026,10:08:40,RAM,932/7620MB,(lfb,17x4MB),SWAP,141/3810MB,(cached,2MB),CPU,[9%@1344,0%@1344,0%@1344,9%@1344,18%@1344,0%@1344],GR3D_FREQ,0%,cpu@51.812C,soc2@49.937C,soc0@50.75C,gpu@51.968C,tj@51.968C,soc1@50.875C,VDD_IN,5802mW/5708mW,VDD_CPU_GPU_CV,1428mW/1358mW,VDD_SOC,2420mW/2398mW
07-27-2026,10:08:40,RAM,932/7620MB,(lfb,17x4MB),SWAP,141/3810MB,(cached,2MB),CPU,[0%@1344,9%@1344,0%@1344,0%@1344,0%@1344,0%@1344],GR3D_FREQ,0%,cpu@51.937C,soc2@49.812C,soc0@50.843C,gpu@51.625C,tj@51.937C,soc1@50.968C,VDD_IN,5802mW/5708mW,VDD_CPU_GPU_CV,1428mW/1358mW,VDD_SOC,2420mW/2398mW
07-27-2026,10:08:40,RAM,932/7620MB,(lfb,17x4MB),SWAP,141/3810MB,(cached,2MB),CPU,[10%@1344,0%@1344,0%@1344,9%@1344,18%@1344,0%@1344],GR3D_FREQ,0%,cpu@52.093C,soc2@49.906C,soc0@50.718C,gpu@52.093C,tj@52.093C,soc1@51.062C,VDD_IN,5842mW/5708mW,VDD_CPU_GPU_CV,1428mW/1358mW,VDD_SOC,2420mW/2398mW
07-27-2026,10:08:40,RAM,932/7620MB,(lfb,17x4MB),SWAP,141/3810MB,(cached,2MB),CPU,[9%@1344,9%@1344,8%@1344,0%@1344,0%@1344,0%@1344],GR3D_FREQ,0%,cpu@52C,soc2@49.875C,soc0@50.75C,gpu@51.937C,tj@52C,soc1@51.281C,VDD_IN,5842mW/5708mW,VDD_CPU_GPU_CV,1428mW/1358mW,VDD_SOC,2420mW/2398mW
07-27-2026,10:08:40,RAM,932/7620MB,(lfb,17x4MB),SWAP,141/3810MB,(cached,2MB),CPU,[16%@1344,0%@1344,0%@1344,0%@1344,0%@1344,0%@1344],GR3D_FREQ,0%,cpu@51.781C,soc2@50C,soc0@50.75C,gpu@51.812C,tj@51.812C,soc1@51C,VDD_IN,5842mW/5709mW,VDD_CPU_GPU_CV,1428mW/1359mW,VDD_SOC,2420mW/2398mW
07-27-2026,10:08:41,RAM,932/7620MB,(lfb,17x4MB),SWAP,141/3810MB,(cached,2MB),CPU,[0%@1344,0%@1344,0%@1344,0%@1344,18%@1344,0%@1344],GR3D_FREQ,0%,cpu@51.906C,soc2@50C,soc0@50.906C,gpu@52.125C,tj@52.125C,soc1@51.031C,VDD_IN,5842mW/5709mW,VDD_CPU_GPU_CV,1428mW/1359mW,VDD_SOC,2420mW/2398mW
07-27-2026,10:08:41,RAM,932/7620MB,(lfb,17x4MB),SWAP,141/3810MB,(cached,2MB),CPU,[10%@1344,0%@1344,0%@1344,9%@1344,0%@1344,0%@1344],GR3D_FREQ,0%,cpu@51.937C,soc2@50.125C,soc0@50.812C,gpu@51.875C,tj@51.937C,soc1@51.156C,VDD_IN,5802mW/5709mW,VDD_CPU_GPU_CV,1428mW/1359mW,VDD_SOC,2420mW/2398mW
07-27-2026,10:08:41,RAM,932/7620MB,(lfb,17x4MB),SWAP,141/3810MB,(cached,2MB),CPU,[9%@1344,0%@1344,0%@1344,0%@1344,16%@1344,0%@1344],GR3D_FREQ,0%,cpu@52C,soc2@49.906C,soc0@50.687C,gpu@51.781C,tj@52C,soc1@51.187C,VDD_IN,5802mW/5709mW,VDD_CPU_GPU_CV,1428mW/1359mW,VDD_SOC,2420mW/2398mW
07-27-2026,10:08:41,RAM,932/7620MB,(lfb,17x4MB),SWAP,141/3810MB,(cached,2MB),CPU,[9%@1344,0%@1344,0%@1344,0%@1344,0%@1344,0%@1344],GR3D_FREQ,0%,cpu@51.75C,soc2@49.843C,soc0@50.812C,gpu@52.031C,tj@52.031C,soc1@50.968C,VDD_IN,5802mW/5710mW,VDD_CPU_GPU_CV,1388mW/1359mW,VDD_SOC,2420mW/2398mW
07-27-2026,10:08:41,RAM,932/7620MB,(lfb,17x4MB),SWAP,141/3810MB,(cached,2MB),CPU,[9%@1344,9%@1344,0%@1344,0%@1344,0%@1344,0%@1344],GR3D_FREQ,0%,cpu@51.875C,soc2@49.968C,soc0@50.906C,gpu@51.843C,tj@51.875C,soc1@50.937C,VDD_IN,5802mW/5710mW,VDD_CPU_GPU_CV,1388mW/1359mW,VDD_SOC,2420mW/2398mW
07-27-2026,10:08:41,RAM,932/7620MB,(lfb,17x4MB),SWAP,141/3810MB,(cached,2MB),CPU,[0%@1344,0%@1344,0%@1344,0%@1344,16%@1344,0%@1344],GR3D_FREQ,0%,cpu@51.843C,soc2@49.968C,soc0@50.718C,gpu@51.687C,tj@52.312C,soc1@51.093C,VDD_IN,5802mW/5710mW,VDD_CPU_GPU_CV,1388mW/1359mW,VDD_SOC,2420mW/2398mW
07-27-2026,10:08:41,RAM,932/7620MB,(lfb,17x4MB),SWAP,141/3810MB,(cached,2MB),CPU,[9%@1344,0%@1344,0%@1344,8%@1344,0%@1344,0%@1344],GR3D_FREQ,0%,cpu@52.031C,soc2@49.875C,soc0@50.812C,gpu@51.687C,tj@52.031C,soc1@51.187C,VDD_IN,5802mW/5710mW,VDD_CPU_GPU_CV,1388mW/1359mW,VDD_SOC,2420mW/2398mW
07-27-2026,10:08:41,RAM,932/7620MB,(lfb,17x4MB),SWAP,141/3810MB,(cached,2MB),CPU,[9%@1344,0%@1344,0%@1344,10%@1344,9%@1344,9%@1344],GR3D_FREQ,0%,cpu@51.875C,soc2@49.906C,soc0@50.718C,gpu@51.812C,tj@51.875C,soc1@50.875C,VDD_IN,5842mW/5711mW,VDD_CPU_GPU_CV,1428mW/1359mW,VDD_SOC,2420mW/2398mW
07-27-2026,10:08:41,RAM,932/7620MB,(lfb,17x4MB),SWAP,141/3810MB,(cached,2MB),CPU,[23%@1344,9%@1344,0%@1344,0%@1344,9%@1344,0%@1344],GR3D_FREQ,0%,cpu@51.937C,soc2@49.906C,soc0@50.843C,gpu@51.718C,tj@51.937C,soc1@50.937C,VDD_IN,5802mW/5711mW,VDD_CPU_GPU_CV,1428mW/1360mW,VDD_SOC,2420mW/2398mW
07-27-2026,10:08:41,RAM,932/7620MB,(lfb,17x4MB),SWAP,141/3810MB,(cached,2MB),CPU,[0%@1344,8%@1344,0%@1344,0%@1344,10%@1344,0%@1344],GR3D_FREQ,0%,cpu@51.812C,soc2@49.968C,soc0@50.968C,gpu@51.625C,tj@52.218C,soc1@51.031C,VDD_IN,5802mW/5711mW,VDD_CPU_GPU_CV,1428mW/1360mW,VDD_SOC,2420mW/2398mW
07-27-2026,10:08:42,RAM,932/7620MB,(lfb,17x4MB),SWAP,141/3810MB,(cached,2MB),CPU,[9%@1344,0%@1344,0%@1344,0%@1344,0%@1344,0%@1344],GR3D_FREQ,0%,cpu@51.937C,soc2@49.968C,soc0@50.718C,gpu@51.781C,tj@51.937C,soc1@51.156C,VDD_IN,5802mW/5711mW,VDD_CPU_GPU_CV,1388mW/1360mW,VDD_SOC,2420mW/2398mW
07-27-2026,10:08:42,RAM,932/7620MB,(lfb,17x4MB),SWAP,141/3810MB,(cached,2MB),CPU,[9%@1344,0%@1344,0%@1344,0%@1344,18%@1344,0%@1344],GR3D_FREQ,0%,cpu@52.031C,soc2@49.875C,soc0@50.812C,gpu@51.75C,tj@51.937C,soc1@50.937C,VDD_IN,5802mW/5711mW,VDD_CPU_GPU_CV,1388mW/1360mW,VDD_SOC,2420mW/2398mW
07-27-2026,10:08:42,RAM,932/7620MB,(lfb,17x4MB),SWAP,141/3810MB,(cached,2MB),CPU,[9%@1344,0%@1344,0%@1344,0%@1344,0%@1344,8%@1344],GR3D_FREQ,0%,cpu@52.062C,soc2@50C,soc0@50.687C,gpu@51.906C,tj@52.062C,soc1@51.093C,VDD_IN,5802mW/5712mW,VDD_CPU_GPU_CV,1428mW/1360mW,VDD_SOC,2420mW/2398mW
07-27-2026,10:08:42,RAM,932/7620MB,(lfb,17x4MB),SWAP,141/3810MB,(cached,2MB),CPU,[10%@1344,0%@1344,0%@1344,0%@1344,18%@1344,0%@1344],GR3D_FREQ,0%,cpu@52.218C,soc2@49.843C,soc0@50.656C,gpu@51.812C,tj@52.218C,soc1@51.187C,VDD_IN,5802mW/5712mW,VDD_CPU_GPU_CV,1428mW/1360mW,VDD_SOC,2420mW/2399mW
07-27-2026,10:08:42,RAM,932/7620MB,(lfb,17x4MB),SWAP,141/3810MB,(cached,2MB),CPU,[9%@1344,8%@1344,0%@1344,0%@1344,9%@1344,0%@1344],GR3D_FREQ,0%,cpu@51.812C,soc2@49.968C,soc0@50.718C,gpu@51.687C,tj@51.812C,soc1@50.906C,VDD_IN,5802mW/5712mW,VDD_CPU_GPU_CV,1428mW/1360mW,VDD_SOC,2420mW/2399mW
07-27-2026,10:08:42,RAM,932/7620MB,(lfb,17x4MB),SWAP,141/3810MB,(cached,2MB),CPU,[0%@1344,0%@1344,0%@1344,0%@1344,0%@1344,0%@1344],GR3D_FREQ,0%,cpu@51.968C,soc2@50C,soc0@50.937C,gpu@51.937C,tj@51.968C,soc1@51.062C,VDD_IN,5802mW/5712mW,VDD_CPU_GPU_CV,1428mW/1360mW,VDD_SOC,2420mW/2399mW
07-27-2026,10:08:42,RAM,933/7620MB,(lfb,17x4MB),SWAP,141/3810MB,(cached,2MB),CPU,[9%@1344,0%@1344,9%@1344,9%@1344,16%@1344,0%@1344],GR3D_FREQ,0%,cpu@52.25C,soc2@49.968C,soc0@50.718C,gpu@51.687C,tj@52.25C,soc1@51.031C,VDD_IN,5842mW/5712mW,VDD_CPU_GPU_CV,1428mW/1361mW,VDD_SOC,2420mW/2399mW
07-27-2026,10:08:42,RAM,932/7620MB,(lfb,17x4MB),SWAP,141/3810MB,(cached,2MB),CPU,[18%@1344,0%@1344,0%@1344,0%@1344,10%@1344,0%@1344],GR3D_FREQ,0%,cpu@52.125C,soc2@49.968C,soc0@50.812C,gpu@51.687C,tj@52.125C,soc1@51.218C,VDD_IN,5842mW/5713mW,VDD_CPU_GPU_CV,1428mW/1361mW,VDD_SOC,2420mW/2399mW
07-27-2026,10:08:42,RAM,932/7620MB,(lfb,17x4MB),SWAP,141/3810MB,(cached,2MB),CPU,[9%@1344,0%@1344,0%@1344,0%@1344,9%@1344,0%@1344],GR3D_FREQ,0%,cpu@51.906C,soc2@49.937C,soc0@50.906C,gpu@51.875C,tj@51.906C,soc1@50.843C,VDD_IN,5842mW/5713mW,VDD_CPU_GPU_CV,1428mW/1361mW,VDD_SOC,2420mW/2399mW
07-27-2026,10:08:43,RAM,932/7620MB,(lfb,17x4MB),SWAP,141/3810MB,(cached,2MB),CPU,[9%@1344,0%@1344,0%@1344,8%@1344,10%@1344,0%@1344],GR3D_FREQ,0%,cpu@51.875C,soc2@49.968C,soc0@50.875C,gpu@51.718C,tj@51.875C,soc1@50.937C,VDD_IN,5842mW/5713mW,VDD_CPU_GPU_CV,1428mW/1361mW,VDD_SOC,2420mW/2399mW
07-27-2026,10:08:43,RAM,932/7620MB,(lfb,17x4MB),SWAP,141/3810MB,(cached,2MB),CPU,[0%@1344,0%@1344,0%@1344,0%@1344,9%@1344,0%@1344],GR3D_FREQ,0%,cpu@51.968C,soc2@49.968C,soc0@50.625C,gpu@51.687C,tj@51.968C,soc1@51.125C,VDD_IN,5802mW/5713mW,VDD_CPU_GPU_CV,1428mW/1361mW,VDD_SOC,2420mW/2399mW
07-27-2026,10:08:43,RAM,932/7620MB,(lfb,17x4MB),SWAP,141/3810MB,(cached,2MB),CPU,[10%@1344,0%@1344,0%@1344,0%@1344,9%@1344,9%@1344],GR3D_FREQ,0%,cpu@52C,soc2@50.062C,soc0@50.656C,gpu@51.562C,tj@52C,soc1@51.187C,VDD_IN,5802mW/5714mW,VDD_CPU_GPU_CV,1388mW/1361mW,VDD_SOC,2420mW/2399mW
07-27-2026,10:08:43,RAM,932/7620MB,(lfb,17x4MB),SWAP,141/3810MB,(cached,2MB),CPU,[16%@1344,0%@1344,0%@1344,0%@1344,0%@1344,0%@1344],GR3D_FREQ,0%,cpu@51.937C,soc2@49.875C,soc0@50.812C,gpu@51.656C,tj@51.937C,soc1@50.906C,VDD_IN,5802mW/5714mW,VDD_CPU_GPU_CV,1388mW/1361mW,VDD_SOC,2420mW/2399mW
07-27-2026,10:08:43,RAM,932/7620MB,(lfb,17x4MB),SWAP,141/3810MB,(cached,2MB),CPU,[9%@1344,0%@1344,0%@1344,0%@1344,16%@1344,0%@1344],GR3D_FREQ,0%,cpu@51.937C,soc2@49.875C,soc0@50.75C,gpu@51.687C,tj@51.937C,soc1@50.937C,VDD_IN,5802mW/5714mW,VDD_CPU_GPU_CV,1388mW/1361mW,VDD_SOC,2420mW/2399mW
07-27-2026,10:08:43,RAM,932/7620MB,(lfb,17x4MB),SWAP,141/3810MB,(cached,2MB),CPU,[0%@1344,0%@1344,0%@1344,0%@1344,10%@1344,0%@1344],GR3D_FREQ,0%,cpu@52.062C,soc2@49.937C,soc0@50.937C,gpu@51.625C,tj@52.062C,soc1@51.031C,VDD_IN,5802mW/5714mW,VDD_CPU_GPU_CV,1388mW/1361mW,VDD_SOC,2420mW/2399mW
07-27-2026,10:08:43,RAM,932/7620MB,(lfb,17x4MB),SWAP,141/3810MB,(cached,2MB),CPU,[10%@1344,0%@1344,0%@1344,0%@1344,0%@1344,0%@1344],GR3D_FREQ,0%,cpu@52.062C,soc2@50C,soc0@50.75C,gpu@51.687C,tj@51.937C,soc1@51.312C,VDD_IN,5802mW/5714mW,VDD_CPU_GPU_CV,1388mW/1361mW,VDD_SOC,2420mW/2399mW
07-27-2026,10:08:43,RAM,933/7620MB,(lfb,17x4MB),SWAP,141/3810MB,(cached,2MB),CPU,[16%@1344,8%@1344,0%@1344,0%@1344,18%@1344,0%@1344],GR3D_FREQ,0%,cpu@52.125C,soc2@49.937C,soc0@50.781C,gpu@51.593C,tj@51.75C,soc1@50.875C,VDD_IN,5842mW/5715mW,VDD_CPU_GPU_CV,1428mW/1362mW,VDD_SOC,2420mW/2399mW
07-27-2026,10:08:43,RAM,933/7620MB,(lfb,17x4MB),SWAP,141/3810MB,(cached,2MB),CPU,[9%@1344,0%@1344,0%@1344,0%@1344,9%@1344,0%@1344],GR3D_FREQ,0%,cpu@51.875C,soc2@49.968C,soc0@50.937C,gpu@51.562C,tj@51.875C,soc1@50.937C,VDD_IN,5802mW/5715mW,VDD_CPU_GPU_CV,1428mW/1362mW,VDD_SOC,2420mW/2399mW
07-27-2026,10:08:43,RAM,933/7620MB,(lfb,17x4MB),SWAP,141/3810MB,(cached,2MB),CPU,[10%@1344,9%@1344,0%@1344,0%@1344,10%@1344,0%@1344],GR3D_FREQ,0%,cpu@51.937C,soc2@49.968C,soc0@50.968C,gpu@51.687C,tj@51.937C,soc1@51.093C,VDD_IN,5802mW/5715mW,VDD_CPU_GPU_CV,1428mW/1362mW,VDD_SOC,2420mW/2399mW
07-27-2026,10:08:44,RAM,933/7620MB,(lfb,17x4MB),SWAP,141/3810MB,(cached,2MB),CPU,[0%@1344,0%@1344,0%@1344,0%@1344,9%@1344,0%@1344],GR3D_FREQ,0%,cpu@52.031C,soc2@50C,soc0@50.718C,gpu@51.625C,tj@52C,soc1@51.218C,VDD_IN,5802mW/5715mW,VDD_CPU_GPU_CV,1388mW/1362mW,VDD_SOC,2420mW/2399mW
07-27-2026,10:08:44,RAM,933/7620MB,(lfb,17x4MB),SWAP,141/3810MB,(cached,2MB),CPU,[16%@1344,8%@1344,0%@1344,0%@1344,18%@1344,0%@1344],GR3D_FREQ,0%,cpu@51.843C,soc2@49.968C,soc0@50.843C,gpu@51.781C,tj@52.093C,soc1@50.968C,VDD_IN,5842mW/5715mW,VDD_CPU_GPU_CV,1428mW/1362mW,VDD_SOC,2420mW/2399mW
07-27-2026,10:08:44,RAM,933/7620MB,(lfb,17x4MB),SWAP,141/3810MB,(cached,2MB),CPU,[10%@1344,0%@1344,0%@1344,0%@1344,9%@1344,0%@1344],GR3D_FREQ,0%,cpu@52.187C,soc2@50C,soc0@50.593C,gpu@51.687C,tj@52.187C,soc1@50.968C,VDD_IN,5842mW/5716mW,VDD_CPU_GPU_CV,1428mW/1362mW,VDD_SOC,2420mW/2399mW
07-27-2026,10:08:44,RAM,933/7620MB,(lfb,17x4MB),SWAP,141/3810MB,(cached,2MB),CPU,[0%@1344,0%@1344,0%@1344,0%@1344,16%@1344,0%@1344],GR3D_FREQ,0%,cpu@52.093C,soc2@49.968C,soc0@50.718C,gpu@51.625C,tj@52.093C,soc1@51.218C,VDD_IN,5842mW/5716mW,VDD_CPU_GPU_CV,1428mW/1362mW,VDD_SOC,2420mW/2399mW
07-27-2026,10:08:44,RAM,933/7620MB,(lfb,17x4MB),SWAP,141/3810MB,(cached,2MB),CPU,[9%@1344,9%@1344,0%@1344,9%@1344,0%@1344,0%@1344],GR3D_FREQ,0%,cpu@51.812C,soc2@49.875C,soc0@50.812C,gpu@51.718C,tj@51.812C,soc1@51C,VDD_IN,5842mW/5716mW,VDD_CPU_GPU_CV,1428mW/1362mW,VDD_SOC,2420mW/2399mW
07-27-2026,10:08:44,RAM,933/7620MB,(lfb,17x4MB),SWAP,141/3810MB,(cached,2MB),CPU,[25%@1344,9%@1344,0%@1344,0%@1344,0%@1344,0%@1344],GR3D_FREQ,0%,cpu@52C,soc2@49.875C,soc0@50.906C,gpu@51.656C,tj@52C,soc1@50.875C,VDD_IN,5842mW/5717mW,VDD_CPU_GPU_CV,1428mW/1363mW,VDD_SOC,2420mW/2399mW
07-27-2026,10:08:44,RAM,933/7620MB,(lfb,17x4MB),SWAP,141/3810MB,(cached,2MB),CPU,[9%@1344,0%@1344,0%@1344,0%@1344,16%@1344,9%@1344],GR3D_FREQ,0%,cpu@52.093C,soc2@50C,soc0@50.718C,gpu@51.656C,tj@52.093C,soc1@51.062C,VDD_IN,5842mW/5717mW,VDD_CPU_GPU_CV,1428mW/1363mW,VDD_SOC,2420mW/2400mW
07-27-2026,10:08:44,RAM,932/7620MB,(lfb,17x4MB),SWAP,141/3810MB,(cached,2MB),CPU,[10%@1344,0%@1344,0%@1344,8%@1344,0%@1344,9%@1344],GR3D_FREQ,0%,cpu@52.343C,soc2@49.875C,soc0@50.75C,gpu@52.062C,tj@52.343C,soc1@50.968C,VDD_IN,5842mW/5717mW,VDD_CPU_GPU_CV,1428mW/1363mW,VDD_SOC,2420mW/2400mW
07-27-2026,10:08:44,RAM,932/7620MB,(lfb,17x4MB),SWAP,141/3810MB,(cached,2MB),CPU,[0%@1344,9%@1344,0%@1344,0%@1344,16%@1344,0%@1344],GR3D_FREQ,0%,cpu@51.812C,soc2@49.968C,soc0@50.75C,gpu@51.593C,tj@51.812C,soc1@51C,VDD_IN,5842mW/5717mW,VDD_CPU_GPU_CV,1428mW/1363mW,VDD_SOC,2420mW/2400mW
07-27-2026,10:08:45,RAM,933/7620MB,(lfb,17x4MB),SWAP,141/3810MB,(cached,2MB),CPU,[16%@1344,9%@1344,10%@1344,0%@1344,0%@1344,0%@1344],GR3D_FREQ,0%,cpu@52.093C,soc2@50C,soc0@50.843C,gpu@51.562C,tj@52.093C,soc1@50.968C,VDD_IN,5921mW/5718mW,VDD_CPU_GPU_CV,1428mW/1363mW,VDD_SOC,2420mW/2400mW
07-27-2026,10:08:45,RAM,933/7620MB,(lfb,17x4MB),SWAP,141/3810MB,(cached,2MB),CPU,[10%@1344,0%@1344,9%@1344,0%@1344,0%@1344,0%@1344],GR3D_FREQ,0%,cpu@52.125C,soc2@49.968C,soc0@50.718C,gpu@52C,tj@52.125C,soc1@50.968C,VDD_IN,5961mW/5718mW,VDD_CPU_GPU_CV,1428mW/1363mW,VDD_SOC,2420mW/2400mW
07-27-2026,10:08:45,RAM,933/7620MB,(lfb,17x4MB),SWAP,141/3810MB,(cached,2MB),CPU,[9%@1344,0%@1344,9%@1344,0%@1344,18%@1344,0%@1344],GR3D_FREQ,0%,cpu@52.156C,soc2@49.875C,soc0@50.718C,gpu@51.625C,tj@52.156C,soc1@51.218C,VDD_IN,6001mW/5719mW,VDD_CPU_GPU_CV,1428mW/1363mW,VDD_SOC,2420mW/2400mW
07-27-2026,10:08:45,RAM,933/7620MB,(lfb,17x4MB),SWAP,141/3810MB,(cached,2MB),CPU,[18%@1344,0%@1344,9%@1344,0%@1344,0%@1344,0%@1344],GR3D_FREQ,0%,cpu@51.843C,soc2@49.968C,soc0@50.781C,gpu@51.562C,tj@51.843C,soc1@50.906C,VDD_IN,6041mW/5719mW,VDD_CPU_GPU_CV,1428mW/1364mW,VDD_SOC,2420mW/2400mW
07-27-2026,10:08:45,RAM,933/7620MB,(lfb,17x4MB),SWAP,141/3810MB,(cached,2MB),CPU,[0%@1344,0%@1344,8%@1344,0%@1344,16%@1344,0%@1344],GR3D_FREQ,0%,cpu@51.875C,soc2@49.968C,soc0@50.843C,gpu@52C,tj@52C,soc1@50.937C,VDD_IN,6080mW/5720mW,VDD_CPU_GPU_CV,1428mW/1364mW,VDD_SOC,2420mW/2400mW
07-27-2026,10:08:45,RAM,933/7620MB,(lfb,17x4MB),SWAP,141/3810MB,(cached,2MB),CPU,[10%@1344,0%@1344,0%@1344,0%@1344,0%@1344,0%@1344],GR3D_FREQ,0%,cpu@52.062C,soc2@50.062C,soc0@50.75C,gpu@51.843C,tj@52.062C,soc1@50.968C,VDD_IN,6080mW/5721mW,VDD_CPU_GPU_CV,1428mW/1364mW,VDD_SOC,2420mW/2400mW
07-27-2026,10:08:45,RAM,933/7620MB,(lfb,17x4MB),SWAP,141/3810MB,(cached,2MB),CPU,[9%@1344,0%@1344,0%@1344,0%@1344,0%@1344,0%@1344],GR3D_FREQ,0%,cpu@52.125C,soc2@49.937C,soc0@50.781C,gpu@52.125C,tj@52.125C,soc1@51.187C,VDD_IN,6120mW/5722mW,VDD_CPU_GPU_CV,1428mW/1364mW,VDD_SOC,2420mW/2400mW
07-27-2026,10:08:45,RAM,933/7620MB,(lfb,17x4MB),SWAP,141/3810MB,(cached,2MB),CPU,[18%@1344,0%@1344,9%@1344,9%@1344,16%@1344,0%@1344],GR3D_FREQ,0%,cpu@51.937C,soc2@49.906C,soc0@50.812C,gpu@51.937C,tj@51.937C,soc1@50.875C,VDD_IN,6120mW/5722mW,VDD_CPU_GPU_CV,1428mW/1364mW,VDD_SOC,2420mW/2400mW
07-27-2026,10:08:45,RAM,933/7620MB,(lfb,17x4MB),SWAP,141/3810MB,(cached,2MB),CPU,[9%@1344,0%@1344,0%@1344,0%@1344,10%@1344,0%@1344],GR3D_FREQ,0%,cpu@51.906C,soc2@49.968C,soc0@50.906C,gpu@51.781C,tj@51.906C,soc1@51C,VDD_IN,6120mW/5723mW,VDD_CPU_GPU_CV,1428mW/1364mW,VDD_SOC,2420mW/2400mW
07-27-2026,10:08:45,RAM,933/7620MB,(lfb,17x4MB),SWAP,141/3810MB,(cached,2MB),CPU,[18%@1344,0%@1344,15%@1344,0%@1344,9%@1344,8%@1344],GR3D_FREQ,0%,cpu@52.062C,soc2@49.968C,soc0@50.812C,gpu@52.093C,tj@52.093C,soc1@51C,VDD_IN,6120mW/5724mW,VDD_CPU_GPU_CV,1428mW/1364mW,VDD_SOC,2424mW/2400mW
07-27-2026,10:08:46,RAM,933/7620MB,(lfb,17x4MB),SWAP,141/3810MB,(cached,2MB),CPU,[16%@1344,0%@1344,0%@1344,0%@1344,0%@1344,0%@1344],GR3D_FREQ,0%,cpu@51.781C,soc2@49.968C,soc0@50.937C,gpu@51.968C,tj@51.968C,soc1@51.031C,VDD_IN,6160mW/5725mW,VDD_CPU_GPU_CV,1428mW/1364mW,VDD_SOC,2424mW/2400mW
07-27-2026,10:08:46,RAM,933/7620MB,(lfb,17x4MB),SWAP,141/3810MB,(cached,2MB),CPU,[9%@1344,8%@1344,0%@1344,0%@1344,18%@1344,0%@1344],GR3D_FREQ,0%,cpu@52.281C,soc2@49.906C,soc0@50.906C,gpu@51.718C,tj@52.281C,soc1@51.062C,VDD_IN,6160mW/5726mW,VDD_CPU_GPU_CV,1428mW/1365mW,VDD_SOC,2420mW/2400mW
07-27-2026,10:08:46,RAM,933/7620MB,(lfb,17x4MB),SWAP,141/3810MB,(cached,2MB),CPU,[10%@1344,0%@1344,0%@1344,0%@1344,9%@1344,0%@1344],GR3D_FREQ,0%,cpu@51.937C,soc2@50.125C,soc0@50.75C,gpu@52.062C,tj@52.062C,soc1@51.281C,VDD_IN,6160mW/5727mW,VDD_CPU_GPU_CV,1428mW/1365mW,VDD_SOC,2420mW/2400mW
07-27-2026,10:08:46,RAM,933/7620MB,(lfb,17x4MB),SWAP,141/3810MB,(cached,2MB),CPU,[0%@1344,9%@1344,0%@1344,0%@1344,10%@1344,0%@1344],GR3D_FREQ,0%,cpu@52.062C,soc2@49.906C,soc0@50.843C,gpu@51.812C,tj@52.062C,soc1@50.781C,VDD_IN,6160mW/5728mW,VDD_CPU_GPU_CV,1428mW/1365mW,VDD_SOC,2420mW/2400mW
07-27-2026,10:08:46,RAM,933/7620MB,(lfb,17x4MB),SWAP,141/3810MB,(cached,2MB),CPU,[18%@1344,0%@1344,0%@1344,0%@1344,0%@1344,0%@1344],GR3D_FREQ,0%,cpu@51.875C,soc2@49.843C,soc0@50.875C,gpu@51.75C,tj@51.875C,soc1@50.968C,VDD_IN,6080mW/5728mW,VDD_CPU_GPU_CV,1428mW/1365mW,VDD_SOC,2420mW/2400mW
07-27-2026,10:08:46,RAM,933/7620MB,(lfb,17x4MB),SWAP,141/3810MB,(cached,2MB),CPU,[9%@1344,8%@1344,9%@1344,0%@1344,16%@1344,0%@1344],GR3D_FREQ,0%,cpu@52.093C,soc2@49.937C,soc0@50.687C,gpu@51.625C,tj@52.093C,soc1@51.093C,VDD_IN,6041mW/5729mW,VDD_CPU_GPU_CV,1428mW/1365mW,VDD_SOC,2420mW/2400mW
07-27-2026,10:08:46,RAM,933/7620MB,(lfb,17x4MB),SWAP,141/3810MB,(cached,2MB),CPU,[10%@1344,0%@1344,0%@1344,0%@1344,0%@1344,0%@1344],GR3D_FREQ,0%,cpu@52.281C,soc2@49.968C,soc0@50.718C,gpu@51.906C,tj@52.281C,soc1@51.156C,VDD_IN,5961mW/5729mW,VDD_CPU_GPU_CV,1428mW/1365mW,VDD_SOC,2420mW/2400mW
07-27-2026,10:08:46,RAM,933/7620MB,(lfb,17x4MB),SWAP,141/3810MB,(cached,2MB),CPU,[16%@1344,0%@1344,0%@1344,0%@1344,18%@1344,16%@1344],GR3D_FREQ,0%,cpu@51.906C,soc2@49.968C,soc0@50.718C,gpu@51.781C,tj@51.906C,soc1@50.875C,VDD_IN,5961mW/5730mW,VDD_CPU_GPU_CV,1428mW/1365mW,VDD_SOC,2420mW/2400mW
07-27-2026,10:08:46,RAM,933/7620MB,(lfb,17x4MB),SWAP,141/3810MB,(cached,2MB),CPU,[18%@1344,0%@1344,0%@1344,0%@1344,0%@1344,0%@1344],GR3D_FREQ,0%,cpu@52.031C,soc2@49.937C,soc0@50.781C,gpu@51.656C,tj@52.031C,soc1@51.031C,VDD_IN,5921mW/5730mW,VDD_CPU_GPU_CV,1428mW/1365mW,VDD_SOC,2420mW/2400mW
07-27-2026,10:08:47,RAM,933/7620MB,(lfb,17x4MB),SWAP,141/3810MB,(cached,2MB),CPU,[0%@1344,9%@1344,0%@1344,0%@1344,0%@1344,0%@1344],GR3D_FREQ,0%,cpu@52.031C,soc2@50.031C,soc0@51C,gpu@51.875C,tj@52.125C,soc1@50.937C,VDD_IN,5921mW/5731mW,VDD_CPU_GPU_CV,1428mW/1366mW,VDD_SOC,2420mW/2400mW
07-27-2026,10:08:47,RAM,933/7620MB,(lfb,17x4MB),SWAP,141/3810MB,(cached,2MB),CPU,[10%@1344,0%@1344,0%@1344,0%@1344,18%@1344,0%@1344],GR3D_FREQ,0%,cpu@52.187C,soc2@49.968C,soc0@50.718C,gpu@51.656C,tj@52.187C,soc1@51.125C,VDD_IN,5882mW/5731mW,VDD_CPU_GPU_CV,1428mW/1366mW,VDD_SOC,2420mW/2400mW
07-27-2026,10:08:47,RAM,933/7620MB,(lfb,17x4MB),SWAP,141/3810MB,(cached,2MB),CPU,[9%@1344,0%@1344,0%@1344,0%@1344,0%@1344,0%@1344],GR3D_FREQ,0%,cpu@51.906C,soc2@49.875C,soc0@50.843C,gpu@51.687C,tj@51.906C,soc1@50.812C,VDD_IN,5882mW/5731mW,VDD_CPU_GPU_CV,1428mW/1366mW,VDD_SOC,2420mW/2400mW
07-27-2026,10:08:47,RAM,933/7620MB,(lfb,17x4MB),SWAP,141/3810MB,(cached,2MB),CPU,[9%@1344,0%@1344,9%@1344,0%@1344,9%@1344,0%@1344],GR3D_FREQ,0%,cpu@52C,soc2@49.906C,soc0@50.812C,gpu@51.656C,tj@52C,soc1@50.937C,VDD_IN,5842mW/5731mW,VDD_CPU_GPU_CV,1428mW/1366mW,VDD_SOC,2420mW/2401mW
07-27-2026,10:08:47,RAM,933/7620MB,(lfb,17x4MB),SWAP,141/3810MB,(cached,2MB),CPU,[10%@1344,0%@1344,0%@1344,0%@1344,10%@1344,8%@1344],GR3D_FREQ,0%,cpu@52.093C,soc2@50C,soc0@50.875C,gpu@51.656C,tj@52.093C,soc1@51.031C,VDD_IN,5842mW/5732mW,VDD_CPU_GPU_CV,1388mW/1366mW,VDD_SOC,2420mW/2401mW
07-27-2026,10:08:47,RAM,933/7620MB,(lfb,17x4MB),SWAP,141/3810MB,(cached,2MB),CPU,[0%@1344,8%@1344,0%@1344,0%@1344,9%@1344,0%@1344],GR3D_FREQ,0%,cpu@52.125C,soc2@50C,soc0@50.625C,gpu@51.687C,tj@52.125C,soc1@51.156C,VDD_IN,5842mW/5732mW,VDD_CPU_GPU_CV,1388mW/1366mW,VDD_SOC,2420mW/2401mW
07-27-2026,10:08:47,RAM,933/7620MB,(lfb,17x4MB),SWAP,141/3810MB,(cached,2MB),CPU,[16%@1344,9%@1344,0%@1344,0%@1344,0%@1344,0%@1344],GR3D_FREQ,0%,cpu@52.281C,soc2@49.875C,soc0@50.812C,gpu@51.5C,tj@52.281C,soc1@50.875C,VDD_IN,5842mW/5732mW,VDD_CPU_GPU_CV,1388mW/1366mW,VDD_SOC,2420mW/2401mW
07-27-2026,10:08:47,RAM,932/7620MB,(lfb,17x4MB),SWAP,141/3810MB,(cached,2MB),CPU,[10%@1344,9%@1344,0%@1344,9%@1344,18%@1344,0%@1344],GR3D_FREQ,0%,cpu@51.937C,soc2@49.875C,soc0@50.906C,gpu@51.687C,tj@51.937C,soc1@50.937C,VDD_IN,5842mW/5732mW,VDD_CPU_GPU_CV,1428mW/1366mW,VDD_SOC,2420mW/2401mW
07-27-2026,10:08:47,RAM,932/7620MB,(lfb,17x4MB),SWAP,141/3810MB,(cached,2MB),CPU,[23%@1344,0%@1344,0%@1344,0%@1344,0%@1344,0%@1344],GR3D_FREQ,0%,cpu@51.968C,soc2@49.968C,soc0@50.812C,gpu@51.625C,tj@51.968C,soc1@51.187C,VDD_IN,5842mW/5732mW,VDD_CPU_GPU_CV,1428mW/1366mW,VDD_SOC,2420mW/2401mW
07-27-2026,10:08:48,RAM,932/7620MB,(lfb,17x4MB),SWAP,141/3810MB,(cached,2MB),CPU,[0%@1344,9%@1344,0%@1344,0%@1344,16%@1344,0%@1344],GR3D_FREQ,0%,cpu@51.812C,soc2@49.937C,soc0@50.875C,gpu@51.781C,tj@51.812C,soc1@50.812C,VDD_IN,5842mW/5733mW,VDD_CPU_GPU_CV,1428mW/1366mW,VDD_SOC,2420mW/2401mW
07-27-2026,10:08:48,RAM,933/7620MB,(lfb,17x4MB),SWAP,141/3810MB,(cached,2MB),CPU,[18%@1344,0%@1344,0%@1344,0%@1344,10%@1344,0%@1344],GR3D_FREQ,0%,cpu@51.906C,soc2@50.031C,soc0@50.875C,gpu@51.687C,tj@51.906C,soc1@50.937C,VDD_IN,5842mW/5733mW,VDD_CPU_GPU_CV,1428mW/1367mW,VDD_SOC,2420mW/2401mW
07-27-2026,10:08:48,RAM,933/7620MB,(lfb,17x4MB),SWAP,141/3810MB,(cached,2MB),CPU,[0%@1344,9%@1344,8%@1344,0%@1344,9%@1344,0%@1344],GR3D_FREQ,0%,cpu@52.343C,soc2@50C,soc0@50.656C,gpu@51.593C,tj@52.343C,soc1@51.093C,VDD_IN,5842mW/5733mW,VDD_CPU_GPU_CV,1428mW/1367mW,VDD_SOC,2420mW/2401mW
07-27-2026,10:08:48,RAM,933/7620MB,(lfb,17x4MB),SWAP,141/3810MB,(cached,2MB),CPU,[10%@1344,0%@1344,0%@1344,0%@1344,9%@1344,0%@1344],GR3D_FREQ,0%,cpu@52.062C,soc2@50C,soc0@50.718C,gpu@51.718C,tj@52.125C,soc1@50.906C,VDD_IN,5842mW/5733mW,VDD_CPU_GPU_CV,1428mW/1367mW,VDD_SOC,2420mW/2401mW
07-27-2026,10:08:48,RAM,932/7620MB,(lfb,17x4MB),SWAP,141/3810MB,(cached,2MB),CPU,[9%@1344,8%@1344,8%@1344,0%@1344,10%@1344,0%@1344],GR3D_FREQ,0%,cpu@51.875C,soc2@49.906C,soc0@50.781C,gpu@51.687C,tj@51.875C,soc1@51.031C,VDD_IN,5842mW/5734mW,VDD_CPU_GPU_CV,1428mW/1367mW,VDD_SOC,2420mW/2401mW
07-27-2026,10:08:48,RAM,933/7620MB,(lfb,17x4MB),SWAP,141/3810MB,(cached,2MB),CPU,[18%@1344,0%@1344,0%@1344,0%@1344,0%@1344,9%@1344],GR3D_FREQ,0%,cpu@51.906C,soc2@49.875C,soc0@50.968C,gpu@51.593C,tj@51.906C,soc1@50.906C,VDD_IN,5842mW/5734mW,VDD_CPU_GPU_CV,1428mW/1367mW,VDD_SOC,2420mW/2401mW
07-27-2026,10:08:48,RAM,933/7620MB,(lfb,17x4MB),SWAP,141/3810MB,(cached,2MB),CPU,[9%@1344,0%@1344,0%@1344,0%@1344,9%@1344,0%@1344],GR3D_FREQ,0%,cpu@52.343C,soc2@50.031C,soc0@50.781C,gpu@52.062C,tj@52.343C,soc1@51.125C,VDD_IN,5802mW/5734mW,VDD_CPU_GPU_CV,1428mW/1367mW,VDD_SOC,2420mW/2401mW
07-27-2026,10:08:48,RAM,932/7620MB,(lfb,17x4MB),SWAP,141/3810MB,(cached,2MB),CPU,[0%@1344,0%@1344,0%@1344,0%@1344,10%@1344,0%@1344],GR3D_FREQ,0%,cpu@51.937C,soc2@50.093C,soc0@50.781C,gpu@51.687C,tj@51.937C,soc1@51.25C,VDD_IN,5802mW/5734mW,VDD_CPU_GPU_CV,1428mW/1367mW,VDD_SOC,2420mW/2401mW
07-27-2026,10:08:48,RAM,933/7620MB,(lfb,17x4MB),SWAP,141/3810MB,(cached,2MB),CPU,[10%@1344,9%@1344,0%@1344,16%@1344,0%@1344,0%@1344],GR3D_FREQ,0%,cpu@51.812C,soc2@49.968C,soc0@50.812C,gpu@51.593C,tj@51.812C,soc1@51.031C,VDD_IN,5842mW/5734mW,VDD_CPU_GPU_CV,1428mW/1367mW,VDD_SOC,2420mW/2401mW
07-27-2026,10:08:48,RAM,933/7620MB,(lfb,17x4MB),SWAP,141/3810MB,(cached,2MB),CPU,[9%@1344,0%@1344,8%@1344,0%@1344,16%@1344,0%@1344],GR3D_FREQ,0%,cpu@51.906C,soc2@49.937C,soc0@50.968C,gpu@52.062C,tj@52.062C,soc1@50.937C,VDD_IN,5842mW/5734mW,VDD_CPU_GPU_CV,1428mW/1367mW,VDD_SOC,2420mW/2401mW
07-27-2026,10:08:49,RAM,933/7620MB,(lfb,17x4MB),SWAP,141/3810MB,(cached,2MB),CPU,[9%@1344,9%@1344,0%@1344,8%@1344,0%@1344,0%@1344],GR3D_FREQ,0%,cpu@52.218C,soc2@50C,soc0@50.75C,gpu@51.625C,tj@52.218C,soc1@51.062C,VDD_IN,5842mW/5735mW,VDD_CPU_GPU_CV,1428mW/1368mW,VDD_SOC,2420mW/2401mW
07-27-2026,10:08:49,RAM,933/7620MB,(lfb,17x4MB),SWAP,141/3810MB,(cached,2MB),CPU,[0%@1344,0%@1344,0%@1344,0%@1344,16%@1344,0%@1344],GR3D_FREQ,0%,cpu@51.875C,soc2@50.093C,soc0@50.781C,gpu@51.656C,tj@51.875C,soc1@51.187C,VDD_IN,5842mW/5735mW,VDD_CPU_GPU_CV,1428mW/1368mW,VDD_SOC,2420mW/2401mW
07-27-2026,10:08:49,RAM,933/7620MB,(lfb,17x4MB),SWAP,141/3810MB,(cached,2MB),CPU,[16%@1344,0%@1344,0%@1344,0%@1344,9%@1344,0%@1344],GR3D_FREQ,0%,cpu@51.843C,soc2@49.968C,soc0@50.781C,gpu@52.031C,tj@52.031C,soc1@50.875C,VDD_IN,5802mW/5735mW,VDD_CPU_GPU_CV,1428mW/1368mW,VDD_SOC,2420mW/2401mW
07-27-2026,10:08:49,RAM,933/7620MB,(lfb,17x4MB),SWAP,141/3810MB,(cached,2MB),CPU,[16%@1344,0%@1344,0%@1344,0%@1344,10%@1344,0%@1344],GR3D_FREQ,0%,cpu@52.062C,soc2@50.031C,soc0@50.875C,gpu@51.812C,tj@52.062C,soc1@50.968C,VDD_IN,5802mW/5735mW,VDD_CPU_GPU_CV,1388mW/1368mW,VDD_SOC,2420mW/2401mW
07-27-2026,10:08:49,RAM,933/7620MB,(lfb,17x4MB),SWAP,141/3810MB,(cached,2MB),CPU,[18%@1344,0%@1344,0%@1344,0%@1344,0%@1344,0%@1344],GR3D_FREQ,0%,cpu@52.187C,soc2@50C,soc0@50.812C,gpu@52.187C,tj@52.187C,soc1@51.125C,VDD_IN,5802mW/5735mW,VDD_CPU_GPU_CV,1388mW/1368mW,VDD_SOC,2420mW/2401mW
07-27-2026,10:08:49,RAM,933/7620MB,(lfb,17x4MB),SWAP,141/3810MB,(cached,2MB),CPU,[9%@1344,0%@1344,0%@1344,0%@1344,16%@1344,0%@1344],GR3D_FREQ,0%,cpu@52.343C,soc2@50.031C,soc0@50.75C,gpu@52.062C,tj@52.343C,soc1@51.187C,VDD_IN,5802mW/5735mW,VDD_CPU_GPU_CV,1388mW/1368mW,VDD_SOC,2420mW/2401mW
07-27-2026,10:08:49,RAM,933/7620MB,(lfb,17x4MB),SWAP,141/3810MB,(cached,2MB),CPU,[0%@1344,9%@1344,0%@1344,0%@1344,0%@1344,0%@1344],GR3D_FREQ,0%,cpu@51.843C,soc2@50C,soc0@50.843C,gpu@51.843C,tj@51.843C,soc1@50.968C,VDD_IN,5802mW/5735mW,VDD_CPU_GPU_CV,1388mW/1368mW,VDD_SOC,2420mW/2401mW
07-27-2026,10:08:49,RAM,933/7620MB,(lfb,17x4MB),SWAP,141/3810MB,(cached,2MB),CPU,[16%@1344,8%@1344,0%@1344,0%@1344,16%@1344,9%@1344],GR3D_FREQ,0%,cpu@52.156C,soc2@50.093C,soc0@50.75C,gpu@52.156C,tj@52.156C,soc1@51.156C,VDD_IN,5842mW/5736mW,VDD_CPU_GPU_CV,1428mW/1368mW,VDD_SOC,2420mW/2401mW
07-27-2026,10:08:49,RAM,932/7620MB,(lfb,17x4MB),SWAP,141/3810MB,(cached,2MB),CPU,[10%@1344,0%@1344,9%@1344,0%@1344,0%@1344,0%@1344],GR3D_FREQ,0%,cpu@52.093C,soc2@49.937C,soc0@50.781C,gpu@51.937C,tj@52.093C,soc1@50.875C,VDD_IN,5842mW/5736mW,VDD_CPU_GPU_CV,1428mW/1368mW,VDD_SOC,2420mW/2401mW
07-27-2026,10:08:50,RAM,933/7620MB,(lfb,17x4MB),SWAP,141/3810MB,(cached,2MB),CPU,[9%@1344,9%@1344,0%@1344,0%@1344,16%@1344,0%@1344],GR3D_FREQ,0%,cpu@51.937C,soc2@49.843C,soc0@50.75C,gpu@51.625C,tj@51.937C,soc1@50.906C,VDD_IN,5842mW/5736mW,VDD_CPU_GPU_CV,1428mW/1368mW,VDD_SOC,2420mW/2401mW
07-27-2026,10:08:50,RAM,933/7620MB,(lfb,17x4MB),SWAP,141/3810MB,(cached,2MB),CPU,[0%@1344,8%@1344,0%@1344,0%@1344,0%@1344,0%@1344],GR3D_FREQ,0%,cpu@52C,soc2@50C,soc0@50.906C,gpu@52.062C,tj@52.062C,soc1@51.031C,VDD_IN,5842mW/5736mW,VDD_CPU_GPU_CV,1428mW/1368mW,VDD_SOC,2420mW/2401mW
07-27-2026,10:08:50,RAM,933/7620MB,(lfb,17x4MB),SWAP,141/3810MB,(cached,2MB),CPU,[9%@1344,0%@1344,0%@1344,0%@1344,10%@1344,9%@1344],GR3D_FREQ,0%,cpu@52.062C,soc2@50.062C,soc0@50.75C,gpu@51.875C,tj@52.062C,soc1@51.187C,VDD_IN,5842mW/5736mW,VDD_CPU_GPU_CV,1428mW/1369mW,VDD_SOC,2420mW/2402mW
07-27-2026,10:08:50,RAM,933/7620MB,(lfb,17x4MB),SWAP,141/3810MB,(cached,2MB),CPU,[18%@1344,0%@1344,0%@1344,9%@1344,9%@1344,0%@1344],GR3D_FREQ,0%,cpu@51.968C,soc2@49.875C,soc0@50.812C,gpu@51.75C,tj@51.968C,soc1@51.218C,VDD_IN,5842mW/5737mW,VDD_CPU_GPU_CV,1428mW/1369mW,VDD_SOC,2420mW/2402mW
07-27-2026,10:08:50,RAM,933/7620MB,(lfb,17x4MB),SWAP,141/3810MB,(cached,2MB),CPU,[16%@1344,0%@1344,18%@1344,0%@1344,0%@1344,0%@1344],GR3D_FREQ,0%,cpu@51.937C,soc2@49.968C,soc0@50.937C,gpu@52.031C,tj@52.031C,soc1@50.968C,VDD_IN,5882mW/5737mW,VDD_CPU_GPU_CV,1428mW/1369mW,VDD_SOC,2420mW/2402mW
07-27-2026,10:08:50,RAM,933/7620MB,(lfb,17x4MB),SWAP,141/3810MB,(cached,2MB),CPU,[0%@1344,9%@1344,0%@1344,0%@1344,18%@1344,0%@1344],GR3D_FREQ,0%,cpu@51.968C,soc2@49.937C,soc0@51C,gpu@51.843C,tj@51.968C,soc1@51.031C,VDD_IN,5961mW/5737mW,VDD_CPU_GPU_CV,1428mW/1369mW,VDD_SOC,2420mW/2402mW
07-27-2026,10:08:50,RAM,933/7620MB,(lfb,17x4MB),SWAP,141/3810MB,(cached,2MB),CPU,[16%@1344,0%@1344,0%@1344,0%@1344,0%@1344,0%@1344],GR3D_FREQ,0%,cpu@51.937C,soc2@49.968C,soc0@50.75C,gpu@51.687C,tj@51.937C,soc1@51.187C,VDD_IN,6001mW/5738mW,VDD_CPU_GPU_CV,1428mW/1369mW,VDD_SOC,2420mW/2402mW
07-27-2026,10:08:50,RAM,933/7620MB,(lfb,17x4MB),SWAP,141/3810MB,(cached,2MB),CPU,[10%@1344,9%@1344,9%@1344,0%@1344,0%@1344,0%@1344],GR3D_FREQ,0%,cpu@52.125C,soc2@49.906C,soc0@50.687C,gpu@51.687C,tj@52.125C,soc1@50.906C,VDD_IN,6041mW/5738mW,VDD_CPU_GPU_CV,1428mW/1369mW,VDD_SOC,2420mW/2402mW
07-27-2026,10:08:50,RAM,933/7620MB,(lfb,17x4MB),SWAP,141/3810MB,(cached,2MB),CPU,[9%@1344,0%@1344,9%@1344,9%@1344,18%@1344,9%@1344],GR3D_FREQ,0%,cpu@51.781C,soc2@49.968C,soc0@50.843C,gpu@51.781C,tj@51.781C,soc1@50.937C,VDD_IN,6080mW/5739mW,VDD_CPU_GPU_CV,1428mW/1369mW,VDD_SOC,2420mW/2402mW
07-27-2026,10:08:50,RAM,933/7620MB,(lfb,17x4MB),SWAP,141/3810MB,(cached,2MB),CPU,[18%@1344,0%@1344,0%@1344,0%@1344,0%@1344,0%@1344],GR3D_FREQ,0%,cpu@52.312C,soc2@49.968C,soc0@50.968C,gpu@51.843C,tj@52.312C,soc1@51.093C,VDD_IN,6120mW/5740mW,VDD_CPU_GPU_CV,1428mW/1369mW,VDD_SOC,2420mW/2402mW
07-27-2026,10:08:51,RAM,933/7620MB,(lfb,17x4MB),SWAP,141/3810MB,(cached,2MB),CPU,[9%@1344,9%@1344,0%@1344,0%@1344,16%@1344,0%@1344],GR3D_FREQ,0%,cpu@51.875C,soc2@50.125C,soc0@50.656C,gpu@51.656C,tj@51.875C,soc1@51.187C,VDD_IN,6120mW/5740mW,VDD_CPU_GPU_CV,1428mW/1369mW,VDD_SOC,2420mW/2402mW
07-27-2026,10:08:51,RAM,933/7620MB,(lfb,17x4MB),SWAP,141/3810MB,(cached,2MB),CPU,[9%@1344,0%@1344,9%@1344,0%@1344,0%@1344,0%@1344],GR3D_FREQ,0%,cpu@52.031C,soc2@49.937C,soc0@50.75C,gpu@51.687C,tj@52.031C,soc1@50.937C,VDD_IN,6160mW/5741mW,VDD_CPU_GPU_CV,1428mW/1370mW,VDD_SOC,2420mW/2402mW
07-27-2026,10:08:51,RAM,933/7620MB,(lfb,17x4MB),SWAP,141/3810MB,(cached,2MB),CPU,[10%@1344,0%@1344,0%@1344,0%@1344,16%@1344,9%@1344],GR3D_FREQ,0%,cpu@51.875C,soc2@49.968C,soc0@50.906C,gpu@51.687C,tj@51.875C,soc1@51C,VDD_IN,6160mW/5742mW,VDD_CPU_GPU_CV,1428mW/1370mW,VDD_SOC,2420mW/2402mW
07-27-2026,10:08:51,RAM,934/7620MB,(lfb,17x4MB),SWAP,141/3810MB,(cached,2MB),CPU,[9%@1344,8%@1344,0%@1344,0%@1344,0%@1344,9%@1344],GR3D_FREQ,0%,cpu@52.156C,soc2@50.031C,soc0@50.687C,gpu@51.718C,tj@52.156C,soc1@51.093C,VDD_IN,6160mW/5743mW,VDD_CPU_GPU_CV,1428mW/1370mW,VDD_SOC,2424mW/2402mW
07-27-2026,10:08:51,RAM,934/7620MB,(lfb,17x4MB),SWAP,141/3810MB,(cached,2MB),CPU,[0%@1344,0%@1344,0%@1344,0%@1344,10%@1344,0%@1344],GR3D_FREQ,0%,cpu@52.343C,soc2@50.093C,soc0@50.718C,gpu@51.593C,tj@52.343C,soc1@51.156C,VDD_IN,6160mW/5743mW,VDD_CPU_GPU_CV,1428mW/1370mW,VDD_SOC,2424mW/2402mW
07-27-2026,10:08:51,RAM,934/7620MB,(lfb,17x4MB),SWAP,141/3810MB,(cached,2MB),CPU,[25%@1344,16%@1344,0%@1344,0%@1344,9%@1344,9%@1344],GR3D_FREQ,0%,cpu@51.968C,soc2@49.968C,soc0@50.937C,gpu@51.656C,tj@51.968C,soc1@51.062C,VDD_IN,6200mW/5744mW,VDD_CPU_GPU_CV,1428mW/1370mW,VDD_SOC,2424mW/2402mW
07-27-2026,10:08:51,RAM,934/7620MB,(lfb,17x4MB),SWAP,141/3810MB,(cached,2MB),CPU,[9%@1344,0%@1344,0%@1344,0%@1344,0%@1344,0%@1344],GR3D_FREQ,0%,cpu@52.25C,soc2@50.062C,soc0@50.968C,gpu@51.656C,tj@52.25C,soc1@51.125C,VDD_IN,6200mW/5745mW,VDD_CPU_GPU_CV,1428mW/1370mW,VDD_SOC,2420mW/2402mW
07-27-2026,10:08:51,RAM,934/7620MB,(lfb,17x4MB),SWAP,141/3810MB,(cached,2MB),CPU,[10%@1344,0%@1344,10%@1344,16%@1344,18%@1344,0%@1344],GR3D_FREQ,0%,cpu@52.125C,soc2@49.968C,soc0@50.781C,gpu@51.843C,tj@52.125C,soc1@50.937C,VDD_IN,6239mW/5746mW,VDD_CPU_GPU_CV,1428mW/1370mW,VDD_SOC,2420mW/2402mW
07-27-2026,10:08:51,RAM,934/7620MB,(lfb,17x4MB),SWAP,141/3810MB,(cached,2MB),CPU,[9%@1344,8%@1344,8%@1344,0%@1344,9%@1344,0%@1344],GR3D_FREQ,0%,cpu@52C,soc2@49.937C,soc0@50.812C,gpu@51.687C,tj@52C,soc1@50.937C,VDD_IN,6239mW/5747mW,VDD_CPU_GPU_CV,1428mW/1370mW,VDD_SOC,2424mW/2402mW
07-27-2026,10:08:52,RAM,934/7620MB,(lfb,17x4MB),SWAP,141/3810MB,(cached,2MB),CPU,[18%@1344,9%@1344,0%@1344,0%@1344,9%@1344,0%@1344],GR3D_FREQ,0%,cpu@51.937C,soc2@49.968C,soc0@50.968C,gpu@51.718C,tj@51.937C,soc1@51.093C,VDD_IN,6239mW/5748mW,VDD_CPU_GPU_CV,1428mW/1370mW,VDD_SOC,2420mW/2402mW
07-27-2026,10:08:52,RAM,934/7620MB,(lfb,17x4MB),SWAP,141/3810MB,(cached,2MB),CPU,[0%@1344,0%@1344,0%@1344,0%@1344,0%@1344,9%@1344],GR3D_FREQ,0%,cpu@52.125C,soc2@50.125C,soc0@50.718C,gpu@52.125C,tj@52.125C,soc1@51.031C,VDD_IN,6239mW/5749mW,VDD_CPU_GPU_CV,1428mW/1370mW,VDD_SOC,2424mW/2402mW
07-27-2026,10:08:52,RAM,934/7620MB,(lfb,17x4MB),SWAP,141/3810MB,(cached,2MB),CPU,[10%@1344,0%@1344,0%@1344,0%@1344,10%@1344,0%@1344],GR3D_FREQ,0%,cpu@52.062C,soc2@49.968C,soc0@50.812C,gpu@51.968C,tj@52.062C,soc1@51.218C,VDD_IN,6249mW/5750mW,VDD_CPU_GPU_CV,1428mW/1371mW,VDD_SOC,2424mW/2402mW
07-27-2026,10:08:52,RAM,934/7620MB,(lfb,17x4MB),SWAP,141/3810MB,(cached,2MB),CPU,[16%@1344,0%@1344,0%@1344,0%@1344,9%@1344,0%@1344],GR3D_FREQ,0%,cpu@51.937C,soc2@49.968C,soc0@50.781C,gpu@51.625C,tj@51.937C,soc1@50.937C,VDD_IN,6249mW/5750mW,VDD_CPU_GPU_CV,1428mW/1371mW,VDD_SOC,2424mW/2402mW
07-27-2026,10:08:52,RAM,935/7620MB,(lfb,17x4MB),SWAP,141/3810MB,(cached,2MB),CPU,[10%@1344,0%@1344,8%@1344,0%@1344,9%@1344,0%@1344],GR3D_FREQ,0%,cpu@51.937C,soc2@50.031C,soc0@50.906C,gpu@52.125C,tj@52.125C,soc1@51.062C,VDD_IN,6249mW/5751mW,VDD_CPU_GPU_CV,1428mW/1371mW,VDD_SOC,2424mW/2402mW
07-27-2026,10:08:52,RAM,934/7620MB,(lfb,17x4MB),SWAP,141/3810MB,(cached,2MB),CPU,[9%@1344,9%@1344,0%@1344,0%@1344,0%@1344,0%@1344],GR3D_FREQ,0%,cpu@51.968C,soc2@50.093C,soc0@50.687C,gpu@51.968C,tj@51.968C,soc1@51.187C,VDD_IN,6249mW/5752mW,VDD_CPU_GPU_CV,1428mW/1371mW,VDD_SOC,2424mW/2402mW
07-27-2026,10:08:52,RAM,935/7620MB,(lfb,17x4MB),SWAP,141/3810MB,(cached,2MB),CPU,[0%@1344,0%@1344,0%@1344,8%@1344,9%@1344,0%@1344],GR3D_FREQ,0%,cpu@52.062C,soc2@49.968C,soc0@50.812C,gpu@51.687C,tj@52.062C,soc1@50.937C,VDD_IN,6249mW/5753mW,VDD_CPU_GPU_CV,1428mW/1371mW,VDD_SOC,2424mW/2402mW
07-27-2026,10:08:52,RAM,934/7620MB,(lfb,17x4MB),SWAP,141/3810MB,(cached,2MB),CPU,[16%@1344,8%@1344,9%@1344,0%@1344,16%@1344,10%@1344],GR3D_FREQ,0%,cpu@51.875C,soc2@50C,soc0@50.812C,gpu@52.062C,tj@52.062C,soc1@50.968C,VDD_IN,6249mW/5754mW,VDD_CPU_GPU_CV,1428mW/1371mW,VDD_SOC,2424mW/2402mW
07-27-2026,10:08:52,RAM,935/7620MB,(lfb,17x4MB),SWAP,141/3810MB,(cached,2MB),CPU,[10%@1344,0%@1344,0%@1344,0%@1344,0%@1344,0%@1344],GR3D_FREQ,0%,cpu@51.906C,soc2@50C,soc0@50.937C,gpu@51.875C,tj@51.906C,soc1@51C,VDD_IN,6200mW/5755mW,VDD_CPU_GPU_CV,1428mW/1371mW,VDD_SOC,2424mW/2402mW
07-27-2026,10:08:52,RAM,935/7620MB,(lfb,17x4MB),SWAP,141/3810MB,(cached,2MB),CPU,[16%@1344,9%@1344,0%@1344,0%@1344,0%@1344,0%@1344],GR3D_FREQ,0%,cpu@51.906C,soc2@50.093C,soc0@50.843C,gpu@51.781C,tj@51.906C,soc1@51.125C,VDD_IN,6160mW/5756mW,VDD_CPU_GPU_CV,1428mW/1371mW,VDD_SOC,2424mW/2402mW
07-27-2026,10:08:53,RAM,934/7620MB,(lfb,17x4MB),SWAP,141/3810MB,(cached,2MB),CPU,[18%@1344,0%@1344,0%@1344,9%@1344,25%@1344,0%@1344],GR3D_FREQ,0%,cpu@52.093C,soc2@49.937C,soc0@50.875C,gpu@52.031C,tj@52.093C,soc1@50.906C,VDD_IN,6120mW/5756mW,VDD_CPU_GPU_CV,1428mW/1371mW,VDD_SOC,2424mW/2402mW
07-27-2026,10:08:53,RAM,935/7620MB,(lfb,17x4MB),SWAP,141/3810MB,(cached,2MB),CPU,[0%@1344,8%@1344,0%@1344,0%@1344,0%@1344,0%@1344],GR3D_FREQ,0%,cpu@51.843C,soc2@49.968C,soc0@50.875C,gpu@51.875C,tj@51.875C,soc1@50.937C,VDD_IN,6120mW/5757mW,VDD_CPU_GPU_CV,1428mW/1371mW,VDD_SOC,2424mW/2403mW
07-27-2026,10:08:53,RAM,935/7620MB,(lfb,17x4MB),SWAP,141/3810MB,(cached,2MB),CPU,[18%@1344,0%@1344,0%@1344,0%@1344,9%@1344,0%@1344],GR3D_FREQ,0%,cpu@52.187C,soc2@50.062C,soc0@50.968C,gpu@51.687C,tj@52.187C,soc1@51.062C,VDD_IN,6130mW/5757mW,VDD_CPU_GPU_CV,1428mW/1372mW,VDD_SOC,2424mW/2403mW
07-27-2026,10:08:53,RAM,934/7620MB,(lfb,17x4MB),SWAP,141/3810MB,(cached,2MB),CPU,[9%@1344,0%@1344,0%@1344,0%@1344,10%@1344,0%@1344],GR3D_FREQ,0%,cpu@52.312C,soc2@50.062C,soc0@50.812C,gpu@51.687C,tj@52.312C,soc1@51.093C,VDD_IN,6130mW/5758mW,VDD_CPU_GPU_CV,1428mW/1372mW,VDD_SOC,2424mW/2403mW
07-27-2026,10:08:53,RAM,935/7620MB,(lfb,17x4MB),SWAP,141/3810MB,(cached,2MB),CPU,[9%@1344,0%@1344,0%@1344,0%@1344,9%@1344,8%@1344],GR3D_FREQ,0%,cpu@51.937C,soc2@49.968C,soc0@50.812C,gpu@51.843C,tj@51.937C,soc1@51C,VDD_IN,6170mW/5759mW,VDD_CPU_GPU_CV,1428mW/1372mW,VDD_SOC,2424mW/2403mW
07-27-2026,10:08:53,RAM,935/7620MB,(lfb,17x4MB),SWAP,141/3810MB,(cached,2MB),CPU,[10%@1344,0%@1344,0%@1344,9%@1344,10%@1344,0%@1344],GR3D_FREQ,0%,cpu@52.062C,soc2@49.968C,soc0@51C,gpu@52.031C,tj@52.062C,soc1@51.031C,VDD_IN,6160mW/5760mW,VDD_CPU_GPU_CV,1428mW/1372mW,VDD_SOC,2424mW/2403mW
07-27-2026,10:08:53,RAM,935/7620MB,(lfb,17x4MB),SWAP,141/3810MB,(cached,2MB),CPU,[9%@1344,0%@1344,9%@1344,0%@1344,9%@1344,0%@1344],GR3D_FREQ,0%,cpu@52.125C,soc2@50C,soc0@50.812C,gpu@51.968C,tj@52.125C,soc1@51.187C,VDD_IN,6160mW/5760mW,VDD_CPU_GPU_CV,1428mW/1372mW,VDD_SOC,2420mW/2403mW
07-27-2026,10:08:53,RAM,935/7620MB,(lfb,17x4MB),SWAP,141/3810MB,(cached,2MB),CPU,[9%@1344,0%@1344,0%@1344,0%@1344,9%@1344,9%@1344],GR3D_FREQ,0%,cpu@51.968C,soc2@49.968C,soc0@50.812C,gpu@51.781C,tj@51.968C,soc1@51C,VDD_IN,6160mW/5761mW,VDD_CPU_GPU_CV,1428mW/1372mW,VDD_SOC,2420mW/2403mW
07-27-2026,10:08:53,RAM,935/7620MB,(lfb,17x4MB),SWAP,141/3810MB,(cached,2MB),CPU,[25%@1344,9%@1344,9%@1344,0%@1344,18%@1344,0%@1344],GR3D_FREQ,0%,cpu@51.968C,soc2@49.968C,soc0@50.906C,gpu@51.718C,tj@51.968C,soc1@50.875C,VDD_IN,6200mW/5762mW,VDD_CPU_GPU_CV,1428mW/1372mW,VDD_SOC,2420mW/2403mW
07-27-2026,10:08:54,RAM,935/7620MB,(lfb,17x4MB),SWAP,141/3810MB,(cached,2MB),CPU,[0%@1344,0%@1344,9%@1344,0%@1344,0%@1344,0%@1344],GR3D_FREQ,0%,cpu@52.062C,soc2@50.031C,soc0@51C,gpu@51.968C,tj@52.062C,soc1@51.093C,VDD_IN,6160mW/5762mW,VDD_CPU_GPU_CV,1428mW/1372mW,VDD_SOC,2420mW/2403mW
07-27-2026,10:08:54,RAM,935/7620MB,(lfb,17x4MB),SWAP,141/3810MB,(cached,2MB),CPU,[10%@1344,9%@1344,0%@1344,0%@1344,0%@1344,0%@1344],GR3D_FREQ,0%,cpu@52.062C,soc2@50.062C,soc0@50.812C,gpu@51.812C,tj@52.062C,soc1@51.125C,VDD_IN,6160mW/5763mW,VDD_CPU_GPU_CV,1428mW/1372mW,VDD_SOC,2424mW/2403mW
07-27-2026,10:08:54,RAM,935/7620MB,(lfb,17x4MB),SWAP,141/3810MB,(cached,2MB),CPU,[9%@1344,0%@1344,0%@1344,0%@1344,0%@1344,0%@1344],GR3D_FREQ,0%,cpu@52.031C,soc2@49.937C,soc0@50.812C,gpu@51.687C,tj@51.906C,soc1@50.968C,VDD_IN,6160mW/5764mW,VDD_CPU_GPU_CV,1388mW/1372mW,VDD_SOC,2424mW/2403mW
07-27-2026,10:08:54,RAM,935/7620MB,(lfb,17x4MB),SWAP,141/3810MB,(cached,2MB),CPU,[9%@1344,0%@1344,0%@1344,0%@1344,0%@1344,0%@1344],GR3D_FREQ,0%,cpu@51.968C,soc2@49.968C,soc0@50.906C,gpu@51.875C,tj@51.968C,soc1@51C,VDD_IN,6120mW/5764mW,VDD_CPU_GPU_CV,1388mW/1372mW,VDD_SOC,2424mW/2403mW
07-27-2026,10:08:54,RAM,935/7620MB,(lfb,17x4MB),SWAP,141/3810MB,(cached,2MB),CPU,[0%@1344,0%@1344,0%@1344,0%@1344,0%@1344,0%@1344],GR3D_FREQ,0%,cpu@51.968C,soc2@50C,soc0@51C,gpu@51.718C,tj@51.968C,soc1@51.031C,VDD_IN,6120mW/5765mW,VDD_CPU_GPU_CV,1388mW/1372mW,VDD_SOC,2424mW/2403mW
07-27-2026,10:08:54,RAM,935/7620MB,(lfb,17x4MB),SWAP,141/3810MB,(cached,2MB),CPU,[10%@1344,0%@1344,0%@1344,9%@1344,18%@1344,0%@1344],GR3D_FREQ,0%,cpu@52.187C,soc2@50C,soc0@50.843C,gpu@51.687C,tj@52.187C,soc1@51.156C,VDD_IN,6120mW/5766mW,VDD_CPU_GPU_CV,1388mW/1372mW,VDD_SOC,2420mW/2403mW
07-27-2026,10:08:54,RAM,935/7620MB,(lfb,17x4MB),SWAP,141/3810MB,(cached,2MB),CPU,[16%@1344,9%@1344,0%@1344,0%@1344,30%@1344,0%@1344],GR3D_FREQ,0%,cpu@52.062C,soc2@49.937C,soc0@50.812C,gpu@51.687C,tj@52.031C,soc1@50.968C,VDD_IN,6120mW/5766mW,VDD_CPU_GPU_CV,1428mW/1373mW,VDD_SOC,2420mW/2403mW
07-27-2026,10:08:54,RAM,935/7620MB,(lfb,17x4MB),SWAP,141/3810MB,(cached,2MB),CPU,[9%@1344,0%@1344,0%@1344,8%@1344,0%@1344,0%@1344],GR3D_FREQ,0%,cpu@51.875C,soc2@49.968C,soc0@50.937C,gpu@51.75C,tj@51.875C,soc1@50.906C,VDD_IN,6041mW/5767mW,VDD_CPU_GPU_CV,1428mW/1373mW,VDD_SOC,2420mW/2403mW
07-27-2026,10:08:54,RAM,935/7620MB,(lfb,17x4MB),SWAP,141/3810MB,(cached,2MB),CPU,[10%@1344,9%@1344,0%@1344,0%@1344,16%@1344,9%@1344],GR3D_FREQ,0%,cpu@52C,soc2@50.031C,soc0@50.968C,gpu@51.687C,tj@52C,soc1@51.062C,VDD_IN,6001mW/5767mW,VDD_CPU_GPU_CV,1428mW/1373mW,VDD_SOC,2420mW/2403mW
07-27-2026,10:08:54,RAM,935/7620MB,(lfb,17x4MB),SWAP,141/3810MB,(cached,2MB),CPU,[0%@1344,0%@1344,0%@1344,0%@1344,0%@1344,0%@1344],GR3D_FREQ,0%,cpu@52.062C,soc2@50.156C,soc0@50.812C,gpu@51.687C,tj@52.062C,soc1@51.218C,VDD_IN,5961mW/5767mW,VDD_CPU_GPU_CV,1428mW/1373mW,VDD_SOC,2420mW/2403mW
07-27-2026,10:08:55,RAM,935/7620MB,(lfb,17x4MB),SWAP,141/3810MB,(cached,2MB),CPU,[9%@1344,8%@1344,0%@1344,0%@1344,18%@1344,0%@1344],GR3D_FREQ,0%,cpu@52.031C,soc2@50.031C,soc0@50.843C,gpu@51.75C,tj@52.031C,soc1@51.25C,VDD_IN,5921mW/5768mW,VDD_CPU_GPU_CV,1428mW/1373mW,VDD_SOC,2420mW/2403mW
07-27-2026,10:08:55,RAM,935/7620MB,(lfb,17x4MB),SWAP,141/3810MB,(cached,2MB),CPU,[9%@1344,0%@1344,0%@1344,8%@1344,0%@1344,0%@1344],GR3D_FREQ,0%,cpu@51.937C,soc2@49.968C,soc0@50.875C,gpu@51.718C,tj@51.937C,soc1@51.031C,VDD_IN,5882mW/5768mW,VDD_CPU_GPU_CV,1428mW/1373mW,VDD_SOC,2420mW/2403mW
07-27-2026,10:08:55,RAM,935/7620MB,(lfb,17x4MB),SWAP,141/3810MB,(cached,2MB),CPU,[10%@1344,9%@1344,0%@1344,0%@1344,0%@1344,0%@1344],GR3D_FREQ,0%,cpu@51.937C,soc2@49.968C,soc0@51C,gpu@51.687C,tj@51.937C,soc1@51.031C,VDD_IN,5882mW/5768mW,VDD_CPU_GPU_CV,1428mW/1373mW,VDD_SOC,2420mW/2403mW
07-27-2026,10:08:55,RAM,935/7620MB,(lfb,17x4MB),SWAP,141/3810MB,(cached,2MB),CPU,[9%@1344,0%@1344,0%@1344,0%@1344,16%@1344,0%@1344],GR3D_FREQ,0%,cpu@51.875C,soc2@49.937C,soc0@50.75C,gpu@51.718C,tj@51.875C,soc1@50.968C,VDD_IN,5882mW/5768mW,VDD_CPU_GPU_CV,1428mW/1373mW,VDD_SOC,2420mW/2403mW
07-27-2026,10:08:55,RAM,935/7620MB,(lfb,17x4MB),SWAP,141/3810MB,(cached,2MB),CPU,[16%@1344,0%@1344,0%@1344,0%@1344,10%@1344,0%@1344],GR3D_FREQ,0%,cpu@52.062C,soc2@50C,soc0@50.906C,gpu@51.937C,tj@52.062C,soc1@51C,VDD_IN,5882mW/5769mW,VDD_CPU_GPU_CV,1428mW/1373mW,VDD_SOC,2420mW/2403mW
07-27-2026,10:08:55,RAM,935/7620MB,(lfb,17x4MB),SWAP,141/3810MB,(cached,2MB),CPU,[25%@1344,0%@1344,0%@1344,0%@1344,9%@1344,0%@1344],GR3D_FREQ,0%,cpu@52.093C,soc2@49.937C,soc0@51C,gpu@51.812C,tj@52.093C,soc1@51.093C,VDD_IN,5842mW/5769mW,VDD_CPU_GPU_CV,1428mW/1373mW,VDD_SOC,2420mW/2403mW
07-27-2026,10:08:55,RAM,935/7620MB,(lfb,17x4MB),SWAP,141/3810MB,(cached,2MB),CPU,[9%@1344,0%@1344,0%@1344,0%@1344,9%@1344,0%@1344],GR3D_FREQ,0%,cpu@52.281C,soc2@50.093C,soc0@50.781C,gpu@51.718C,tj@52.281C,soc1@51.125C,VDD_IN,5842mW/5769mW,VDD_CPU_GPU_CV,1428mW/1374mW,VDD_SOC,2420mW/2403mW
07-27-2026,10:08:55,RAM,935/7620MB,(lfb,17x4MB),SWAP,141/3810MB,(cached,2MB),CPU,[0%@1344,0%@1344,0%@1344,0%@1344,10%@1344,0%@1344],GR3D_FREQ,0%,cpu@51.937C,soc2@49.968C,soc0@50.812C,gpu@51.625C,tj@51.937C,soc1@51.031C,VDD_IN,5842mW/5769mW,VDD_CPU_GPU_CV,1428mW/1374mW,VDD_SOC,2420mW/2403mW
07-27-2026,10:08:55,RAM,935/7620MB,(lfb,17x4MB),SWAP,141/3810MB,(cached,2MB),CPU,[10%@1344,0%@1344,0%@1344,0%@1344,16%@1344,0%@1344],GR3D_FREQ,0%,cpu@51.937C,soc2@49.968C,soc0@50.875C,gpu@51.781C,tj@51.937C,soc1@51.062C,VDD_IN,5842mW/5769mW,VDD_CPU_GPU_CV,1428mW/1374mW,VDD_SOC,2420mW/2403mW
07-27-2026,10:08:56,RAM,935/7620MB,(lfb,17x4MB),SWAP,141/3810MB,(cached,2MB),CPU,[9%@1344,8%@1344,0%@1344,0%@1344,0%@1344,0%@1344],GR3D_FREQ,0%,cpu@52.125C,soc2@49.968C,soc0@50.968C,gpu@51.687C,tj@52.125C,soc1@51.093C,VDD_IN,5842mW/5769mW,VDD_CPU_GPU_CV,1428mW/1374mW,VDD_SOC,2420mW/2403mW
07-27-2026,10:08:56,RAM,935/7620MB,(lfb,17x4MB),SWAP,141/3810MB,(cached,2MB),CPU,[9%@1344,9%@1344,0%@1344,0%@1344,9%@1344,0%@1344],GR3D_FREQ,0%,cpu@52.093C,soc2@50.031C,soc0@50.781C,gpu@51.687C,tj@52.093C,soc1@51.25C,VDD_IN,5842mW/5769mW,VDD_CPU_GPU_CV,1428mW/1374mW,VDD_SOC,2420mW/2403mW
07-27-2026,10:08:56,RAM,935/7620MB,(lfb,17x4MB),SWAP,141/3810MB,(cached,2MB),CPU,[10%@1344,0%@1344,0%@1344,0%@1344,9%@1344,0%@1344],GR3D_FREQ,0%,cpu@52.375C,soc2@49.875C,soc0@50.781C,gpu@51.812C,tj@52.375C,soc1@50.968C,VDD_IN,5842mW/5769mW,VDD_CPU_GPU_CV,1428mW/1374mW,VDD_SOC,2420mW/2403mW
07-27-2026,10:08:56,RAM,935/7620MB,(lfb,17x4MB),SWAP,141/3810MB,(cached,2MB),CPU,[0%@1344,8%@1344,0%@1344,0%@1344,18%@1344,0%@1344],GR3D_FREQ,0%,cpu@51.968C,soc2@49.968C,soc0@50.968C,gpu@51.75C,tj@51.968C,soc1@50.968C,VDD_IN,5842mW/5770mW,VDD_CPU_GPU_CV,1428mW/1374mW,VDD_SOC,2420mW/2403mW
07-27-2026,10:08:56,RAM,935/7620MB,(lfb,17x4MB),SWAP,141/3810MB,(cached,2MB),CPU,[16%@1344,9%@1344,0%@1344,0%@1344,9%@1344,0%@1344],GR3D_FREQ,0%,cpu@52.062C,soc2@49.968C,soc0@51C,gpu@51.687C,tj@52.062C,soc1@51.031C,VDD_IN,5802mW/5770mW,VDD_CPU_GPU_CV,1428mW/1374mW,VDD_SOC,2420mW/2403mW
07-27-2026,10:08:56,RAM,935/7620MB,(lfb,17x4MB),SWAP,141/3810MB,(cached,2MB),CPU,[10%@1344,0%@1344,0%@1344,9%@1344,10%@1344,0%@1344],GR3D_FREQ,0%,cpu@52.156C,soc2@50.156C,soc0@50.687C,gpu@52.093C,tj@52.156C,soc1@51.156C,VDD_IN,5802mW/5770mW,VDD_CPU_GPU_CV,1388mW/1374mW,VDD_SOC,2420mW/2404mW
07-27-2026,10:08:56,RAM,935/7620MB,(lfb,17x4MB),SWAP,141/3810MB,(cached,2MB),CPU,[9%@1344,0%@1344,9%@1344,0%@1344,9%@1344,0%@1344],GR3D_FREQ,0%,cpu@52.281C,soc2@49.937C,soc0@50.812C,gpu@51.687C,tj@52.281C,soc1@50.937C,VDD_IN,5802mW/5770mW,VDD_CPU_GPU_CV,1388mW/1374mW,VDD_SOC,2420mW/2404mW
07-27-2026,10:08:56,RAM,935/7620MB,(lfb,17x4MB),SWAP,141/3810MB,(cached,2MB),CPU,[9%@1344,0%@1344,0%@1344,0%@1344,9%@1344,8%@1344],GR3D_FREQ,0%,cpu@51.906C,soc2@50C,soc0@50.906C,gpu@51.593C,tj@51.906C,soc1@51.062C,VDD_IN,5802mW/5770mW,VDD_CPU_GPU_CV,1388mW/1374mW,VDD_SOC,2420mW/2404mW
07-27-2026,10:08:56,RAM,936/7620MB,(lfb,17x4MB),SWAP,141/3810MB,(cached,2MB),CPU,[9%@1344,0%@1344,0%@1344,9%@1344,10%@1344,0%@1344],GR3D_FREQ,0%,cpu@52.031C,soc2@50.031C,soc0@50.968C,gpu@52.062C,tj@52.062C,soc1@51.031C,VDD_IN,5842mW/5770mW,VDD_CPU_GPU_CV,1428mW/1374mW,VDD_SOC,2420mW/2404mW
07-27-2026,10:08:56,RAM,935/7620MB,(lfb,17x4MB),SWAP,141/3810MB,(cached,2MB),CPU,[18%@1344,0%@1344,9%@1344,0%@1344,9%@1344,0%@1344],GR3D_FREQ,0%,cpu@52.093C,soc2@50.093C,soc0@50.718C,gpu@51.687C,tj@52.093C,soc1@51.093C,VDD_IN,5802mW/5770mW,VDD_CPU_GPU_CV,1428mW/1374mW,VDD_SOC,2420mW/2404mW
07-27-2026,10:08:57,RAM,935/7620MB,(lfb,17x4MB),SWAP,141/3810MB,(cached,2MB),CPU,[0%@1344,9%@1344,0%@1344,0%@1344,0%@1344,0%@1344],GR3D_FREQ,0%,cpu@52.187C,soc2@49.937C,soc0@50.812C,gpu@52.187C,tj@52.187C,soc1@51.312C,VDD_IN,5802mW/5770mW,VDD_CPU_GPU_CV,1388mW/1374mW,VDD_SOC,2420mW/2404mW
07-27-2026,10:08:57,RAM,935/7620MB,(lfb,17x4MB),SWAP,141/3810MB,(cached,2MB),CPU,[9%@1344,9%@1344,0%@1344,0%@1344,9%@1344,0%@1344],GR3D_FREQ,0%,cpu@51.968C,soc2@49.968C,soc0@50.937C,gpu@52C,tj@52C,soc1@51C,VDD_IN,5802mW/5770mW,VDD_CPU_GPU_CV,1388mW/1374mW,VDD_SOC,2420mW/2404mW
07-27-2026,10:08:57,RAM,935/7620MB,(lfb,17x4MB),SWAP,141/3810MB,(cached,2MB),CPU,[25%@1344,0%@1344,0%@1344,0%@1344,16%@1344,0%@1344],GR3D_FREQ,0%,cpu@52.031C,soc2@50.093C,soc0@50.843C,gpu@51.687C,tj@52.031C,soc1@51.125C,VDD_IN,5802mW/5770mW,VDD_CPU_GPU_CV,1428mW/1375mW,VDD_SOC,2420mW/2404mW
07-27-2026,10:08:57,RAM,935/7620MB,(lfb,17x4MB),SWAP,141/3810MB,(cached,2MB),CPU,[0%@1344,9%@1344,8%@1344,0%@1344,10%@1344,0%@1344],GR3D_FREQ,0%,cpu@52.062C,soc2@49.906C,soc0@50.968C,gpu@52.187C,tj@52.187C,soc1@51.031C,VDD_IN,5842mW/5770mW,VDD_CPU_GPU_CV,1428mW/1375mW,VDD_SOC,2420mW/2404mW
07-27-2026,10:08:57,RAM,935/7620MB,(lfb,17x4MB),SWAP,141/3810MB,(cached,2MB),CPU,[10%@1344,0%@1344,9%@1344,0%@1344,9%@1344,0%@1344],GR3D_FREQ,0%,cpu@51.937C,soc2@49.937C,soc0@50.906C,gpu@51.718C,tj@51.937C,soc1@51.093C,VDD_IN,5842mW/5770mW,VDD_CPU_GPU_CV,1428mW/1375mW,VDD_SOC,2420mW/2404mW
07-27-2026,10:08:57,RAM,935/7620MB,(lfb,17x4MB),SWAP,141/3810MB,(cached,2MB),CPU,[9%@1344,0%@1344,0%@1344,0%@1344,0%@1344,0%@1344],GR3D_FREQ,0%,cpu@52.312C,soc2@50.031C,soc0@51C,gpu@51.656C,tj@52.312C,soc1@51.125C,VDD_IN,5842mW/5770mW,VDD_CPU_GPU_CV,1428mW/1375mW,VDD_SOC,2420mW/2404mW
07-27-2026,10:08:57,RAM,935/7620MB,(lfb,17x4MB),SWAP,141/3810MB,(cached,2MB),CPU,[10%@1344,0%@1344,0%@1344,0%@1344,16%@1344,0%@1344],GR3D_FREQ,0%,cpu@52C,soc2@50.125C,soc0@50.843C,gpu@52.093C,tj@52.093C,soc1@51.218C,VDD_IN,5842mW/5771mW,VDD_CPU_GPU_CV,1428mW/1375mW,VDD_SOC,2420mW/2404mW
07-27-2026,10:08:57,RAM,935/7620MB,(lfb,17x4MB),SWAP,141/3810MB,(cached,2MB),CPU,[9%@1344,8%@1344,0%@1344,0%@1344,9%@1344,0%@1344],GR3D_FREQ,0%,cpu@52.125C,soc2@49.968C,soc0@50.843C,gpu@51.937C,tj@51.937C,soc1@50.968C,VDD_IN,5802mW/5771mW,VDD_CPU_GPU_CV,1428mW/1375mW,VDD_SOC,2420mW/2404mW
07-27-2026,10:08:57,RAM,936/7620MB,(lfb,17x4MB),SWAP,141/3810MB,(cached,2MB),CPU,[9%@1344,16%@1344,0%@1344,0%@1344,10%@1344,9%@1344],GR3D_FREQ,0%,cpu@51.875C,soc2@50C,soc0@50.875C,gpu@51.593C,tj@51.875C,soc1@51.062C,VDD_IN,5842mW/5771mW,VDD_CPU_GPU_CV,1428mW/1375mW,VDD_SOC,2420mW/2404mW
07-27-2026,10:08:58,RAM,936/7620MB,(lfb,17x4MB),SWAP,141/3810MB,(cached,2MB),CPU,[10%@1344,0%@1344,0%@1344,0%@1344,9%@1344,0%@1344],GR3D_FREQ,0%,cpu@52.156C,soc2@50.031C,soc0@50.718C,gpu@52.031C,tj@52.156C,soc1@51.125C,VDD_IN,5842mW/5771mW,VDD_CPU_GPU_CV,1428mW/1375mW,VDD_SOC,2420mW/2404mW
07-27-2026,10:08:58,RAM,936/7620MB,(lfb,17x4MB),SWAP,141/3810MB,(cached,2MB),CPU,[23%@1344,0%@1344,0%@1344,0%@1344,10%@1344,0%@1344],GR3D_FREQ,0%,cpu@52.375C,soc2@50.062C,soc0@50.843C,gpu@51.906C,tj@52.375C,soc1@51.218C,VDD_IN,5842mW/5771mW,VDD_CPU_GPU_CV,1428mW/1375mW,VDD_SOC,2420mW/2404mW
07-27-2026,10:08:58,RAM,936/7620MB,(lfb,17x4MB),SWAP,141/3810MB,(cached,2MB),CPU,[10%@1344,0%@1344,0%@1344,0%@1344,16%@1344,8%@1344],GR3D_FREQ,0%,cpu@51.781C,soc2@49.937C,soc0@50.875C,gpu@51.843C,tj@51.843C,soc1@50.937C,VDD_IN,5802mW/5771mW,VDD_CPU_GPU_CV,1428mW/1375mW,VDD_SOC,2420mW/2404mW
07-27-2026,10:08:58,RAM,936/7620MB,(lfb,17x4MB),SWAP,141/3810MB,(cached,2MB),CPU,[0%@1344,0%@1344,0%@1344,0%@1344,0%@1344,0%@1344],GR3D_FREQ,0%,cpu@52C,soc2@49.906C,soc0@50.875C,gpu@52.031C,tj@52.031C,soc1@50.968C,VDD_IN,5802mW/5771mW,VDD_CPU_GPU_CV,1428mW/1375mW,VDD_SOC,2420mW/2404mW
07-27-2026,10:08:58,RAM,936/7620MB,(lfb,17x4MB),SWAP,141/3810MB,(cached,2MB),CPU,[10%@1344,0%@1344,0%@1344,0%@1344,10%@1344,0%@1344],GR3D_FREQ,0%,cpu@52.156C,soc2@49.937C,soc0@51C,gpu@51.875C,tj@52.156C,soc1@51.156C,VDD_IN,5802mW/5771mW,VDD_CPU_GPU_CV,1388mW/1375mW,VDD_SOC,2420mW/2404mW
07-27-2026,10:08:58,RAM,936/7620MB,(lfb,17x4MB),SWAP,141/3810MB,(cached,2MB),CPU,[9%@1344,0%@1344,0%@1344,0%@1344,9%@1344,0%@1344],GR3D_FREQ,0%,cpu@52.343C,soc2@49.937C,soc0@50.812C,gpu@51.75C,tj@52.343C,soc1@51.156C,VDD_IN,5802mW/5771mW,VDD_CPU_GPU_CV,1388mW/1375mW,VDD_SOC,2420mW/2404mW
07-27-2026,10:08:58,RAM,936/7620MB,(lfb,17x4MB),SWAP,141/3810MB,(cached,2MB),CPU,[10%@1344,9%@1344,0%@1344,0%@1344,9%@1344,0%@1344],GR3D_FREQ,0%,cpu@51.843C,soc2@50C,soc0@50.875C,gpu@52.031C,tj@52.031C,soc1@51.031C,VDD_IN,5802mW/5771mW,VDD_CPU_GPU_CV,1388mW/1375mW,VDD_SOC,2420mW/2404mW
07-27-2026,10:08:58,RAM,936/7620MB,(lfb,17x4MB),SWAP,141/3810MB,(cached,2MB),CPU,[9%@1344,8%@1344,0%@1344,8%@1344,0%@1344,0%@1344],GR3D_FREQ,0%,cpu@52.062C,soc2@50C,soc0@51.031C,gpu@51.875C,tj@52.062C,soc1@50.968C,VDD_IN,5802mW/5771mW,VDD_CPU_GPU_CV,1388mW/1376mW,VDD_SOC,2420mW/2404mW
07-27-2026,10:08:58,RAM,936/7620MB,(lfb,17x4MB),SWAP,141/3810MB,(cached,2MB),CPU,[0%@1344,9%@1344,0%@1344,0%@1344,16%@1344,9%@1344],GR3D_FREQ,0%,cpu@52.093C,soc2@50C,soc0@50.968C,gpu@51.687C,tj@52.093C,soc1@51.156C,VDD_IN,5842mW/5771mW,VDD_CPU_GPU_CV,1428mW/1376mW,VDD_SOC,2420mW/2404mW
07-27-2026,10:08:58,RAM,935/7620MB,(lfb,17x4MB),SWAP,141/3810MB,(cached,2MB),CPU,[18%@1344,0%@1344,0%@1344,0%@1344,10%@1344,0%@1344],GR3D_FREQ,0%,cpu@52.25C,soc2@50.093C,soc0@50.718C,gpu@51.687C,tj@52.25C,soc1@51.218C,VDD_IN,5802mW/5771mW,VDD_CPU_GPU_CV,1428mW/1376mW,VDD_SOC,2420mW/2404mW
07-27-2026,10:08:59,RAM,935/7620MB,(lfb,17x4MB),SWAP,141/3810MB,(cached,2MB),CPU,[23%@1344,8%@1344,0%@1344,0%@1344,0%@1344,0%@1344],GR3D_FREQ,0%,cpu@51.937C,soc2@49.968C,soc0@50.937C,gpu@51.718C,tj@51.937C,soc1@51.125C,VDD_IN,5802mW/5771mW,VDD_CPU_GPU_CV,1388mW/1376mW,VDD_SOC,2420mW/2404mW
07-27-2026,10:08:59,RAM,935/7620MB,(lfb,17x4MB),SWAP,141/3810MB,(cached,2MB),CPU,[10%@1344,9%@1344,0%@1344,0%@1344,18%@1344,0%@1344],GR3D_FREQ,0%,cpu@52.031C,soc2@50.062C,soc0@50.781C,gpu@52.093C,tj@52.031C,soc1@51.218C,VDD_IN,5842mW/5772mW,VDD_CPU_GPU_CV,1428mW/1376mW,VDD_SOC,2420mW/2404mW
07-27-2026,10:08:59,RAM,935/7620MB,(lfb,17x4MB),SWAP,141/3810MB,(cached,2MB),CPU,[9%@1344,0%@1344,0%@1344,0%@1344,18%@1344,8%@1344],GR3D_FREQ,0%,cpu@52.093C,soc2@50C,soc0@50.875C,gpu@51.906C,tj@52.093C,soc1@50.843C,VDD_IN,5842mW/5772mW,VDD_CPU_GPU_CV,1428mW/1376mW,VDD_SOC,2420mW/2404mW
07-27-2026,10:08:59,RAM,935/7620MB,(lfb,17x4MB),SWAP,141/3810MB,(cached,2MB),CPU,[9%@1344,0%@1344,0%@1344,0%@1344,0%@1344,0%@1344],GR3D_FREQ,0%,cpu@51.843C,soc2@50.031C,soc0@50.875C,gpu@51.781C,tj@51.843C,soc1@51C,VDD_IN,5842mW/5772mW,VDD_CPU_GPU_CV,1428mW/1376mW,VDD_SOC,2420mW/2404mW
07-27-2026,10:08:59,RAM,935/7620MB,(lfb,17x4MB),SWAP,141/3810MB,(cached,2MB),CPU,[10%@1344,0%@1344,0%@1344,0%@1344,0%@1344,0%@1344],GR3D_FREQ,0%,cpu@51.937C,soc2@50.031C,soc0@50.968C,gpu@51.75C,tj@51.937C,soc1@51C,VDD_IN,5842mW/5772mW,VDD_CPU_GPU_CV,1428mW/1376mW,VDD_SOC,2420mW/2404mW
07-27-2026,10:08:59,RAM,935/7620MB,(lfb,17x4MB),SWAP,141/3810MB,(cached,2MB),CPU,[9%@1344,0%@1344,0%@1344,0%@1344,18%@1344,0%@1344],GR3D_FREQ,0%,cpu@51.906C,soc2@50.062C,soc0@50.718C,gpu@51.875C,tj@51.906C,soc1@51.187C,VDD_IN,5842mW/5772mW,VDD_CPU_GPU_CV,1428mW/1376mW,VDD_SOC,2420mW/2404mW
07-27-2026,10:08:59,RAM,935/7620MB,(lfb,17x4MB),SWAP,141/3810MB,(cached,2MB),CPU,[18%@1344,0%@1344,0%@1344,0%@1344,0%@1344,0%@1344],GR3D_FREQ,0%,cpu@52.156C,soc2@49.937C,soc0@50.875C,gpu@51.781C,tj@52.156C,soc1@50.968C,VDD_IN,5842mW/5772mW,VDD_CPU_GPU_CV,1428mW/1376mW,VDD_SOC,2420mW/2404mW
07-27-2026,10:08:59,RAM,935/7620MB,(lfb,17x4MB),SWAP,141/3810MB,(cached,2MB),CPU,[9%@1344,9%@1344,9%@1344,0%@1344,16%@1344,0%@1344],GR3D_FREQ,0%,cpu@51.875C,soc2@49.968C,soc0@50.843C,gpu@51.75C,tj@51.875C,soc1@50.968C,VDD_IN,5842mW/5772mW,VDD_CPU_GPU_CV,1428mW/1376mW,VDD_SOC,2420mW/2404mW
07-27-2026,10:08:59,RAM,936/7620MB,(lfb,17x4MB),SWAP,141/3810MB,(cached,2MB),CPU,[10%@1344,0%@1344,16%@1344,0%@1344,0%@1344,9%@1344],GR3D_FREQ,0%,cpu@51.906C,soc2@50.031C,soc0@51C,gpu@51.593C,tj@51.906C,soc1@51.093C,VDD_IN,5842mW/5772mW,VDD_CPU_GPU_CV,1428mW/1376mW,VDD_SOC,2420mW/2404mW
07-27-2026,10:09:00,RAM,936/7620MB,(lfb,17x4MB),SWAP,141/3810MB,(cached,2MB),CPU,[9%@1344,0%@1344,0%@1344,0%@1344,9%@1344,0%@1344],GR3D_FREQ,0%,cpu@52.343C,soc2@50.031C,soc0@50.781C,gpu@51.75C,tj@52.343C,soc1@51.093C,VDD_IN,5842mW/5772mW,VDD_CPU_GPU_CV,1428mW/1376mW,VDD_SOC,2420mW/2404mW
07-27-2026,10:09:00,RAM,935/7620MB,(lfb,17x4MB),SWAP,141/3810MB,(cached,2MB),CPU,[0%@1344,0%@1344,0%@1344,10%@1344,0%@1344,0%@1344],GR3D_FREQ,0%,cpu@52.031C,soc2@49.968C,soc0@50.875C,gpu@51.687C,tj@52.031C,soc1@51.343C,VDD_IN,5842mW/5773mW,VDD_CPU_GPU_CV,1428mW/1377mW,VDD_SOC,2420mW/2404mW
07-27-2026,10:09:00,RAM,934/7620MB,(lfb,17x4MB),SWAP,141/3810MB,(cached,2MB),CPU,[9%@1344,0%@1344,0%@1344,9%@1344,0%@1344,0%@1344],GR3D_FREQ,0%,cpu@51.875C,soc2@49.906C,soc0@50.812C,gpu@51.687C,tj@51.875C,soc1@50.968C,VDD_IN,5842mW/5773mW,VDD_CPU_GPU_CV,1428mW/1377mW,VDD_SOC,2420mW/2404mW
07-27-2026,10:09:00,RAM,933/7620MB,(lfb,17x4MB),SWAP,141/3810MB,(cached,2MB),CPU,[18%@1344,0%@1344,0%@1344,9%@1344,0%@1344,0%@1344],GR3D_FREQ,0%,cpu@51.812C,soc2@50.031C,soc0@50.968C,gpu@51.75C,tj@52.187C,soc1@51.093C,VDD_IN,5842mW/5773mW,VDD_CPU_GPU_CV,1428mW/1377mW,VDD_SOC,2420mW/2404mW
07-27-2026,10:09:00,RAM,932/7620MB,(lfb,17x4MB),SWAP,141/3810MB,(cached,2MB),CPU,[9%@1344,0%@1344,0%@1344,10%@1344,0%@1344,0%@1344],GR3D_FREQ,0%,cpu@52.187C,soc2@49.968C,soc0@50.75C,gpu@51.687C,tj@52.187C,soc1@51.187C,VDD_IN,5802mW/5773mW,VDD_CPU_GPU_CV,1428mW/1377mW,VDD_SOC,2420mW/2404mW
07-27-2026,10:09:00,RAM,932/7620MB,(lfb,17x4MB),SWAP,141/3810MB,(cached,2MB),CPU,[16%@1344,0%@1344,0%@1344,9%@1344,0%@1344,0%@1344],GR3D_FREQ,0%,cpu@51.937C,soc2@50.156C,soc0@50.75C,gpu@51.687C,tj@51.937C,soc1@51.187C,VDD_IN,5802mW/5773mW,VDD_CPU_GPU_CV,1388mW/1377mW,VDD_SOC,2420mW/2405mW
07-27-2026,10:09:00,RAM,932/7620MB,(lfb,17x4MB),SWAP,141/3810MB,(cached,2MB),CPU,[0%@1344,0%@1344,0%@1344,0%@1344,0%@1344,9%@1344],GR3D_FREQ,0%,cpu@51.843C,soc2@49.968C,soc0@50.75C,gpu@52.093C,tj@52.093C,soc1@50.937C,VDD_IN,5802mW/5773mW,VDD_CPU_GPU_CV,1388mW/1377mW,VDD_SOC,2420mW/2405mW
07-27-2026,10:09:00,RAM,932/7620MB,(lfb,17x4MB),SWAP,141/3810MB,(cached,2MB),CPU,[9%@1344,9%@1344,0%@1344,18%@1344,9%@1344,0%@1344],GR3D_FREQ,0%,cpu@52.125C,soc2@49.968C,soc0@50.968C,gpu@51.687C,tj@52.125C,soc1@51.062C,VDD_IN,5802mW/5773mW,VDD_CPU_GPU_CV,1388mW/1377mW,VDD_SOC,2420mW/2405mW
07-27-2026,10:09:00,RAM,932/7620MB,(lfb,17x4MB),SWAP,141/3810MB,(cached,2MB),CPU,[9%@1344,9%@1344,0%@1344,0%@1344,0%@1344,0%@1344],GR3D_FREQ,0%,cpu@52.156C,soc2@50.093C,soc0@50.781C,gpu@52.187C,tj@52.187C,soc1@51.031C,VDD_IN,5802mW/5773mW,VDD_CPU_GPU_CV,1388mW/1377mW,VDD_SOC,2420mW/2405mW
07-27-2026,10:09:00,RAM,932/7620MB,(lfb,17x4MB),SWAP,141/3810MB,(cached,2MB),CPU,[10%@1344,8%@1344,0%@1344,9%@1344,9%@1344,8%@1344],GR3D_FREQ,0%,cpu@52.031C,soc2@49.968C,soc0@50.906C,gpu@51.687C,tj@52.031C,soc1@51.125C,VDD_IN,5802mW/5773mW,VDD_CPU_GPU_CV,1428mW/1377mW,VDD_SOC,2420mW/2405mW
07-27-2026,10:09:01,RAM,932/7620MB,(lfb,17x4MB),SWAP,141/3810MB,(cached,2MB),CPU,[9%@1344,0%@1344,0%@1344,18%@1344,0%@1344,0%@1344],GR3D_FREQ,0%,cpu@51.968C,soc2@49.968C,soc0@51.031C,gpu@51.687C,tj@51.968C,soc1@51.062C,VDD_IN,5842mW/5773mW,VDD_CPU_GPU_CV,1428mW/1377mW,VDD_SOC,2420mW/2405mW
07-27-2026,10:09:01,RAM,932/7620MB,(lfb,17x4MB),SWAP,141/3810MB,(cached,2MB),CPU,[10%@1344,0%@1344,0%@1344,0%@1344,9%@1344,0%@1344],GR3D_FREQ,0%,cpu@52.187C,soc2@50.156C,soc0@50.843C,gpu@52.125C,tj@52.187C,soc1@51.187C,VDD_IN,5842mW/5773mW,VDD_CPU_GPU_CV,1428mW/1377mW,VDD_SOC,2420mW/2405mW
07-27-2026,10:09:01,RAM,932/7620MB,(lfb,17x4MB),SWAP,141/3810MB,(cached,2MB),CPU,[9%@1344,0%@1344,0%@1344,0%@1344,0%@1344,0%@1344],GR3D_FREQ,0%,cpu@52.093C,soc2@50C,soc0@50.75C,gpu@51.718C,tj@52.093C,soc1@51C,VDD_IN,5842mW/5773mW,VDD_CPU_GPU_CV,1428mW/1377mW,VDD_SOC,2420mW/2405mW
07-27-2026,10:09:01,RAM,933/7620MB,(lfb,17x4MB),SWAP,141/3810MB,(cached,2MB),CPU,[25%@1344,0%@1344,8%@1344,9%@1344,0%@1344,0%@1344],GR3D_FREQ,0%,cpu@51.937C,soc2@50.031C,soc0@50.937C,gpu@51.625C,tj@51.937C,soc1@50.968C,VDD_IN,5842mW/5773mW,VDD_CPU_GPU_CV,1428mW/1377mW,VDD_SOC,2420mW/2405mW
07-27-2026,10:09:01,RAM,933/7620MB,(lfb,17x4MB),SWAP,141/3810MB,(cached,2MB),CPU,[9%@1344,0%@1344,0%@1344,9%@1344,0%@1344,0%@1344],GR3D_FREQ,0%,cpu@52.031C,soc2@49.968C,soc0@51C,gpu@52.156C,tj@52.156C,soc1@51.156C,VDD_IN,5802mW/5774mW,VDD_CPU_GPU_CV,1428mW/1377mW,VDD_SOC,2420mW/2405mW
07-27-2026,10:09:01,RAM,933/7620MB,(lfb,17x4MB),SWAP,141/3810MB,(cached,2MB),CPU,[10%@1344,0%@1344,0%@1344,10%@1344,0%@1344,0%@1344],GR3D_FREQ,0%,cpu@52C,soc2@50.093C,soc0@50.75C,gpu@51.687C,tj@52C,soc1@51.156C,VDD_IN,5802mW/5774mW,VDD_CPU_GPU_CV,1428mW/1377mW,VDD_SOC,2420mW/2405mW
07-27-2026,10:09:01,RAM,933/7620MB,(lfb,17x4MB),SWAP,141/3810MB,(cached,2MB),CPU,[9%@1344,9%@1344,0%@1344,16%@1344,0%@1344,0%@1344],GR3D_FREQ,0%,cpu@52C,soc2@49.968C,soc0@50.75C,gpu@51.625C,tj@52C,soc1@51.375C,VDD_IN,5802mW/5774mW,VDD_CPU_GPU_CV,1428mW/1377mW,VDD_SOC,2420mW/2405mW
07-27-2026,10:09:01,RAM,933/7620MB,(lfb,17x4MB),SWAP,141/3810MB,(cached,2MB),CPU,[9%@1344,0%@1344,0%@1344,9%@1344,0%@1344,0%@1344],GR3D_FREQ,0%,cpu@51.812C,soc2@49.968C,soc0@50.937C,gpu@52.062C,tj@52.062C,soc1@50.968C,VDD_IN,5802mW/5774mW,VDD_CPU_GPU_CV,1388mW/1377mW,VDD_SOC,2420mW/2405mW
07-27-2026,10:09:01,RAM,934/7620MB,(lfb,17x4MB),SWAP,141/3810MB,(cached,2MB),CPU,[0%@1344,0%@1344,0%@1344,10%@1344,9%@1344,9%@1344],GR3D_FREQ,0%,cpu@52C,soc2@49.968C,soc0@51C,gpu@51.875C,tj@52C,soc1@51.125C,VDD_IN,5842mW/5774mW,VDD_CPU_GPU_CV,1428mW/1378mW,VDD_SOC,2420mW/2405mW
07-27-2026,10:09:02,RAM,933/7620MB,(lfb,17x4MB),SWAP,141/3810MB,(cached,2MB),CPU,[9%@1344,0%@1344,0%@1344,9%@1344,0%@1344,0%@1344],GR3D_FREQ,0%,cpu@52C,soc2@50.125C,soc0@50.843C,gpu@52.218C,tj@52.218C,soc1@51.156C,VDD_IN,5842mW/5774mW,VDD_CPU_GPU_CV,1428mW/1378mW,VDD_SOC,2420mW/2405mW
07-27-2026,10:09:02,RAM,933/7620MB,(lfb,17x4MB),SWAP,141/3810MB,(cached,2MB),CPU,[16%@1344,9%@1344,0%@1344,9%@1344,0%@1344,0%@1344],GR3D_FREQ,0%,cpu@52.093C,soc2@50.031C,soc0@50.843C,gpu@52.062C,tj@52.093C,soc1@51C,VDD_IN,5842mW/5774mW,VDD_CPU_GPU_CV,1428mW/1378mW,VDD_SOC,2420mW/2405mW
07-27-2026,10:09:02,RAM,933/7620MB,(lfb,17x4MB),SWAP,141/3810MB,(cached,2MB),CPU,[0%@1344,0%@1344,0%@1344,0%@1344,0%@1344,0%@1344],GR3D_FREQ,0%,cpu@51.781C,soc2@49.968C,soc0@50.968C,gpu@51.875C,tj@51.875C,soc1@51.031C,VDD_IN,5842mW/5774mW,VDD_CPU_GPU_CV,1428mW/1378mW,VDD_SOC,2420mW/2405mW
07-27-2026,10:09:02,RAM,933/7620MB,(lfb,17x4MB),SWAP,141/3810MB,(cached,2MB),CPU,[9%@1344,0%@1344,9%@1344,16%@1344,0%@1344,0%@1344],GR3D_FREQ,0%,cpu@51.937C,soc2@50.062C,soc0@51C,gpu@52.187C,tj@52.187C,soc1@51.093C,VDD_IN,5802mW/5774mW,VDD_CPU_GPU_CV,1388mW/1378mW,VDD_SOC,2420mW/2405mW
07-27-2026,10:09:02,RAM,934/7620MB,(lfb,17x4MB),SWAP,141/3810MB,(cached,2MB),CPU,[10%@1344,9%@1344,0%@1344,0%@1344,0%@1344,0%@1344],GR3D_FREQ,0%,cpu@51.937C,soc2@50.062C,soc0@50.75C,gpu@51.968C,tj@51.968C,soc1@51.187C,VDD_IN,5802mW/5774mW,VDD_CPU_GPU_CV,1428mW/1378mW,VDD_SOC,2420mW/2405mW
07-27-2026,10:09:02,RAM,934/7620MB,(lfb,17x4MB),SWAP,141/3810MB,(cached,2MB),CPU,[9%@1344,0%@1344,0%@1344,18%@1344,0%@1344,0%@1344],GR3D_FREQ,0%,cpu@52.031C,soc2@50C,soc0@50.843C,gpu@51.875C,tj@52.031C,soc1@50.906C,VDD_IN,5802mW/5774mW,VDD_CPU_GPU_CV,1388mW/1378mW,VDD_SOC,2420mW/2405mW
07-27-2026,10:09:02,RAM,934/7620MB,(lfb,17x4MB),SWAP,141/3810MB,(cached,2MB),CPU,[16%@1344,9%@1344,0%@1344,9%@1344,0%@1344,0%@1344],GR3D_FREQ,0%,cpu@51.781C,soc2@49.875C,soc0@50.843C,gpu@51.781C,tj@51.781C,soc1@51C,VDD_IN,5802mW/5774mW,VDD_CPU_GPU_CV,1388mW/1378mW,VDD_SOC,2420mW/2405mW
07-27-2026,10:09:02,RAM,934/7620MB,(lfb,17x4MB),SWAP,141/3810MB,(cached,2MB),CPU,[0%@1344,9%@1344,0%@1344,0%@1344,0%@1344,0%@1344],GR3D_FREQ,0%,cpu@51.875C,soc2@50C,soc0@50.968C,gpu@52.031C,tj@52.031C,soc1@51.062C,VDD_IN,5802mW/5774mW,VDD_CPU_GPU_CV,1388mW/1378mW,VDD_SOC,2420mW/2405mW
07-27-2026,10:09:02,RAM,934/7620MB,(lfb,17x4MB),SWAP,141/3810MB,(cached,2MB),CPU,[16%@1344,8%@1344,0%@1344,16%@1344,0%@1344,8%@1344],GR3D_FREQ,0%,cpu@52.281C,soc2@49.968C,soc0@50.812C,gpu@51.687C,tj@52.281C,soc1@50.937C,VDD_IN,5802mW/5774mW,VDD_CPU_GPU_CV,1388mW/1378mW,VDD_SOC,2420mW/2405mW
07-27-2026,10:09:03,RAM,934/7620MB,(lfb,17x4MB),SWAP,141/3810MB,(cached,2MB),CPU,[16%@1344,0%@1344,9%@1344,18%@1344,16%@1344,0%@1344],GR3D_FREQ,0%,cpu@51.906C,soc2@50.093C,soc0@50.968C,gpu@52.062C,tj@52.062C,soc1@50.875C,VDD_IN,5842mW/5774mW,VDD_CPU_GPU_CV,1428mW/1378mW,VDD_SOC,2420mW/2405mW
07-27-2026,10:09:03,RAM,934/7620MB,(lfb,17x4MB),SWAP,141/3810MB,(cached,2MB),CPU,[0%@1344,0%@1344,0%@1344,0%@1344,9%@1344,0%@1344],GR3D_FREQ,0%,cpu@52C,soc2@49.968C,soc0@50.968C,gpu@52C,tj@52C,soc1@51.156C,VDD_IN,5842mW/5775mW,VDD_CPU_GPU_CV,1428mW/1378mW,VDD_SOC,2420mW/2405mW
07-27-2026,10:09:03,RAM,934/7620MB,(lfb,17x4MB),SWAP,141/3810MB,(cached,2MB),CPU,[9%@1344,0%@1344,0%@1344,10%@1344,0%@1344,0%@1344],GR3D_FREQ,0%,cpu@52.156C,soc2@50.062C,soc0@50.906C,gpu@52.187C,tj@52.187C,soc1@51.187C,VDD_IN,5842mW/5775mW,VDD_CPU_GPU_CV,1428mW/1378mW,VDD_SOC,2420mW/2405mW
07-27-2026,10:09:03,RAM,934/7620MB,(lfb,17x4MB),SWAP,141/3810MB,(cached,2MB),CPU,[16%@1344,8%@1344,0%@1344,16%@1344,0%@1344,0%@1344],GR3D_FREQ,0%,cpu@52.25C,soc2@49.968C,soc0@50.843C,gpu@52.062C,tj@52.062C,soc1@51.281C,VDD_IN,5842mW/5775mW,VDD_CPU_GPU_CV,1428mW/1378mW,VDD_SOC,2420mW/2405mW
07-27-2026,10:09:03,RAM,934/7620MB,(lfb,17x4MB),SWAP,141/3810MB,(cached,2MB),CPU,[10%@1344,0%@1344,0%@1344,9%@1344,0%@1344,0%@1344],GR3D_FREQ,0%,cpu@51.937C,soc2@49.937C,soc0@50.906C,gpu@51.875C,tj@51.937C,soc1@51C,VDD_IN,5842mW/5775mW,VDD_CPU_GPU_CV,1428mW/1378mW,VDD_SOC,2420mW/2405mW
07-27-2026,10:09:03,RAM,934/7620MB,(lfb,17x4MB),SWAP,141/3810MB,(cached,2MB),CPU,[9%@1344,0%@1344,0%@1344,0%@1344,0%@1344,0%@1344],GR3D_FREQ,0%,cpu@51.937C,soc2@50.031C,soc0@51.125C,gpu@51.812C,tj@51.937C,soc1@51.062C,VDD_IN,5842mW/5775mW,VDD_CPU_GPU_CV,1428mW/1378mW,VDD_SOC,2420mW/2405mW
07-27-2026,10:09:03,RAM,935/7620MB,(lfb,17x4MB),SWAP,141/3810MB,(cached,2MB),CPU,[0%@1344,0%@1344,0%@1344,9%@1344,0%@1344,0%@1344],GR3D_FREQ,0%,cpu@52.062C,soc2@50.125C,soc0@50.875C,gpu@52C,tj@52.062C,soc1@51.187C,VDD_IN,5842mW/5775mW,VDD_CPU_GPU_CV,1428mW/1378mW,VDD_SOC,2420mW/2405mW
07-27-2026,10:09:03,RAM,935/7620MB,(lfb,17x4MB),SWAP,141/3810MB,(cached,2MB),CPU,[10%@1344,0%@1344,0%@1344,9%@1344,0%@1344,0%@1344],GR3D_FREQ,0%,cpu@52.156C,soc2@50.031C,soc0@50.906C,gpu@51.875C,tj@52.156C,soc1@51C,VDD_IN,5842mW/5775mW,VDD_CPU_GPU_CV,1428mW/1379mW,VDD_SOC,2420mW/2405mW
07-27-2026,10:09:03,RAM,934/7620MB,(lfb,17x4MB),SWAP,141/3810MB,(cached,2MB),CPU,[23%@1344,9%@1344,0%@1344,10%@1344,0%@1344,0%@1344],GR3D_FREQ,0%,cpu@51.937C,soc2@49.968C,soc0@50.937C,gpu@51.781C,tj@51.937C,soc1@50.968C,VDD_IN,5842mW/5775mW,VDD_CPU_GPU_CV,1428mW/1379mW,VDD_SOC,2420mW/2405mW
07-27-2026,10:09:03,RAM,935/7620MB,(lfb,17x4MB),SWAP,141/3810MB,(cached,2MB),CPU,[10%@1344,0%@1344,9%@1344,9%@1344,0%@1344,9%@1344],GR3D_FREQ,0%,cpu@52C,soc2@50.062C,soc0@51C,gpu@51.937C,tj@52C,soc1@51.062C,VDD_IN,5842mW/5775mW,VDD_CPU_GPU_CV,1428mW/1379mW,VDD_SOC,2420mW/2405mW
07-27-2026,10:09:04,RAM,935/7620MB,(lfb,17x4MB),SWAP,141/3810MB,(cached,2MB),CPU,[0%@1344,0%@1344,0%@1344,0%@1344,0%@1344,0%@1344],GR3D_FREQ,0%,cpu@52.093C,soc2@50.062C,soc0@50.781C,gpu@51.875C,tj@52.093C,soc1@51.062C,VDD_IN,5842mW/5775mW,VDD_CPU_GPU_CV,1428mW/1379mW,VDD_SOC,2420mW/2405mW
07-27-2026,10:09:04,RAM,935/7620MB,(lfb,17x4MB),SWAP,141/3810MB,(cached,2MB),CPU,[9%@1344,0%@1344,0%@1344,18%@1344,0%@1344,0%@1344],GR3D_FREQ,0%,cpu@52.125C,soc2@49.937C,soc0@50.843C,gpu@51.718C,tj@52.125C,soc1@51.031C,VDD_IN,5842mW/5776mW,VDD_CPU_GPU_CV,1428mW/1379mW,VDD_SOC,2420mW/2405mW
07-27-2026,10:09:04,RAM,935/7620MB,(lfb,17x4MB),SWAP,141/3810MB,(cached,2MB),CPU,[10%@1344,0%@1344,0%@1344,9%@1344,0%@1344,0%@1344],GR3D_FREQ,0%,cpu@51.906C,soc2@49.968C,soc0@50.906C,gpu@51.718C,tj@51.906C,soc1@51.031C,VDD_IN,5842mW/5776mW,VDD_CPU_GPU_CV,1428mW/1379mW,VDD_SOC,2420mW/2405mW
07-27-2026,10:09:04,RAM,935/7620MB,(lfb,17x4MB),SWAP,141/3810MB,(cached,2MB),CPU,[0%@1344,0%@1344,0%@1344,9%@1344,0%@1344,0%@1344],GR3D_FREQ,0%,cpu@51.937C,soc2@50C,soc0@51.031C,gpu@51.781C,tj@51.937C,soc1@51.062C,VDD_IN,5802mW/5776mW,VDD_CPU_GPU_CV,1388mW/1379mW,VDD_SOC,2420mW/2405mW
07-27-2026,10:09:04,RAM,935/7620MB,(lfb,17x4MB),SWAP,141/3810MB,(cached,2MB),CPU,[9%@1344,0%@1344,0%@1344,10%@1344,9%@1344,0%@1344],GR3D_FREQ,0%,cpu@52.031C,soc2@50.093C,soc0@50.812C,gpu@51.781C,tj@52.031C,soc1@51.156C,VDD_IN,5802mW/5776mW,VDD_CPU_GPU_CV,1388mW/1379mW,VDD_SOC,2420mW/2405mW
07-27-2026,10:09:04,RAM,935/7620MB,(lfb,17x4MB),SWAP,141/3810MB,(cached,2MB),CPU,[9%@1344,0%@1344,0%@1344,9%@1344,0%@1344,0%@1344],GR3D_FREQ,0%,cpu@52.093C,soc2@49.968C,soc0@50.812C,gpu@51.687C,tj@52.093C,soc1@50.968C,VDD_IN,5802mW/5776mW,VDD_CPU_GPU_CV,1388mW/1379mW,VDD_SOC,2420mW/2405mW
07-27-2026,10:09:04,RAM,935/7620MB,(lfb,17x4MB),SWAP,141/3810MB,(cached,2MB),CPU,[10%@1344,0%@1344,0%@1344,0%@1344,8%@1344,0%@1344],GR3D_FREQ,0%,cpu@51.937C,soc2@50C,soc0@50.843C,gpu@51.812C,tj@51.937C,soc1@51C,VDD_IN,5802mW/5776mW,VDD_CPU_GPU_CV,1388mW/1379mW,VDD_SOC,2420mW/2405mW
07-27-2026,10:09:04,RAM,935/7620MB,(lfb,17x4MB),SWAP,141/3810MB,(cached,2MB),CPU,[16%@1344,9%@1344,0%@1344,18%@1344,0%@1344,0%@1344],GR3D_FREQ,0%,cpu@52.375C,soc2@50.093C,soc0@50.843C,gpu@51.75C,tj@52.375C,soc1@51.187C,VDD_IN,5802mW/5776mW,VDD_CPU_GPU_CV,1428mW/1379mW,VDD_SOC,2420mW/2405mW
07-27-2026,10:09:04,RAM,935/7620MB,(lfb,17x4MB),SWAP,141/3810MB,(cached,2MB),CPU,[18%@1344,0%@1344,0%@1344,0%@1344,0%@1344,0%@1344],GR3D_FREQ,0%,cpu@51.812C,soc2@49.968C,soc0@50.843C,gpu@51.906C,tj@51.906C,soc1@50.968C,VDD_IN,5842mW/5776mW,VDD_CPU_GPU_CV,1428mW/1379mW,VDD_SOC,2420mW/2405mW
07-27-2026,10:09:05,RAM,935/7620MB,(lfb,17x4MB),SWAP,141/3810MB,(cached,2MB),CPU,[9%@1344,9%@1344,8%@1344,10%@1344,9%@1344,0%@1344],GR3D_FREQ,0%,cpu@52C,soc2@49.968C,soc0@50.937C,gpu@51.843C,tj@52C,soc1@51.031C,VDD_IN,5842mW/5776mW,VDD_CPU_GPU_CV,1428mW/1379mW,VDD_SOC,2420mW/2405mW
07-27-2026,10:09:05,RAM,935/7620MB,(lfb,17x4MB),SWAP,141/3810MB,(cached,2MB),CPU,[18%@1344,0%@1344,0%@1344,16%@1344,0%@1344,0%@1344],GR3D_FREQ,0%,cpu@52.156C,soc2@50.031C,soc0@51.031C,gpu@51.812C,tj@52.156C,soc1@51.031C,VDD_IN,5842mW/5776mW,VDD_CPU_GPU_CV,1428mW/1379mW,VDD_SOC,2420mW/2405mW
07-27-2026,10:09:05,RAM,935/7620MB,(lfb,17x4MB),SWAP,141/3810MB,(cached,2MB),CPU,[0%@1344,0%@1344,0%@1344,0%@1344,0%@1344,9%@1344],GR3D_FREQ,0%,cpu@52.187C,soc2@50.093C,soc0@50.843C,gpu@51.812C,tj@52.187C,soc1@51.218C,VDD_IN,5842mW/5776mW,VDD_CPU_GPU_CV,1428mW/1379mW,VDD_SOC,2420mW/2406mW
07-27-2026,10:09:05,RAM,935/7620MB,(lfb,17x4MB),SWAP,141/3810MB,(cached,2MB),CPU,[10%@1344,16%@1344,0%@1344,10%@1344,0%@1344,0%@1344],GR3D_FREQ,0%,cpu@51.843C,soc2@49.968C,soc0@50.906C,gpu@51.781C,tj@51.843C,soc1@51C,VDD_IN,5842mW/5776mW,VDD_CPU_GPU_CV,1428mW/1379mW,VDD_SOC,2420mW/2406mW
07-27-2026,10:09:05,RAM,935/7620MB,(lfb,17x4MB),SWAP,141/3810MB,(cached,2MB),CPU,[16%@1344,9%@1344,0%@1344,9%@1344,0%@1344,0%@1344],GR3D_FREQ,0%,cpu@52.093C,soc2@50.031C,soc0@50.937C,gpu@51.75C,tj@52.093C,soc1@50.968C,VDD_IN,5802mW/5776mW,VDD_CPU_GPU_CV,1428mW/1379mW,VDD_SOC,2420mW/2406mW
07-27-2026,10:09:05,RAM,935/7620MB,(lfb,17x4MB),SWAP,141/3810MB,(cached,2MB),CPU,[9%@1344,0%@1344,0%@1344,9%@1344,0%@1344,0%@1344],GR3D_FREQ,0%,cpu@52.062C,soc2@50.156C,soc0@50.812C,gpu@51.593C,tj@52.062C,soc1@51.031C,VDD_IN,5842mW/5776mW,VDD_CPU_GPU_CV,1428mW/1380mW,VDD_SOC,2420mW/2406mW
07-27-2026,10:09:05,RAM,935/7620MB,(lfb,17x4MB),SWAP,141/3810MB,(cached,2MB),CPU,[18%@1344,0%@1344,8%@1344,9%@1344,9%@1344,0%@1344],GR3D_FREQ,0%,cpu@52.093C,soc2@50.031C,soc0@50.718C,gpu@51.781C,tj@52.093C,soc1@51.343C,VDD_IN,5802mW/5777mW,VDD_CPU_GPU_CV,1428mW/1380mW,VDD_SOC,2420mW/2406mW
07-27-2026,10:09:05,RAM,935/7620MB,(lfb,17x4MB),SWAP,141/3810MB,(cached,2MB),CPU,[0%@1344,0%@1344,0%@1344,0%@1344,0%@1344,0%@1344],GR3D_FREQ,0%,cpu@52.406C,soc2@49.968C,soc0@50.875C,gpu@51.718C,tj@51.906C,soc1@50.937C,VDD_IN,5802mW/5777mW,VDD_CPU_GPU_CV,1388mW/1380mW,VDD_SOC,2420mW/2406mW
07-27-2026,10:09:05,RAM,935/7620MB,(lfb,17x4MB),SWAP,141/3810MB,(cached,2MB),CPU,[9%@1344,16%@1344,0%@1344,16%@1344,0%@1344,0%@1344],GR3D_FREQ,0%,cpu@51.937C,soc2@49.937C,soc0@50.968C,gpu@52.25C,tj@52.25C,soc1@51.062C,VDD_IN,5802mW/5777mW,VDD_CPU_GPU_CV,1388mW/1380mW,VDD_SOC,2420mW/2406mW
07-27-2026,10:09:05,RAM,936/7620MB,(lfb,17x4MB),SWAP,141/3810MB,(cached,2MB),CPU,[10%@1344,9%@1344,9%@1344,0%@1344,0%@1344,0%@1344],GR3D_FREQ,0%,cpu@52.156C,soc2@50C,soc0@50.75C,gpu@52.062C,tj@52.187C,soc1@51.093C,VDD_IN,5842mW/5777mW,VDD_CPU_GPU_CV,1428mW/1380mW,VDD_SOC,2420mW/2406mW
07-27-2026,10:09:06,RAM,936/7620MB,(lfb,17x4MB),SWAP,141/3810MB,(cached,2MB),CPU,[9%@1344,0%@1344,0%@1344,10%@1344,0%@1344,8%@1344],GR3D_FREQ,0%,cpu@52.187C,soc2@50.156C,soc0@50.875C,gpu@51.687C,tj@52.187C,soc1@51.187C,VDD_IN,5842mW/5777mW,VDD_CPU_GPU_CV,1428mW/1380mW,VDD_SOC,2420mW/2406mW
07-27-2026,10:09:06,RAM,936/7620MB,(lfb,17x4MB),SWAP,141/3810MB,(cached,2MB),CPU,[0%@1344,9%@1344,0%@1344,9%@1344,0%@1344,0%@1344],GR3D_FREQ,0%,cpu@52.031C,soc2@49.968C,soc0@50.875C,gpu@52.187C,tj@52.187C,soc1@50.937C,VDD_IN,5842mW/5777mW,VDD_CPU_GPU_CV,1428mW/1380mW,VDD_SOC,2420mW/2406mW
07-27-2026,10:09:06,RAM,936/7620MB,(lfb,17x4MB),SWAP,141/3810MB,(cached,2MB),CPU,[16%@1344,0%@1344,8%@1344,9%@1344,0%@1344,9%@1344],GR3D_FREQ,0%,cpu@51.968C,soc2@50.031C,soc0@50.937C,gpu@52.062C,tj@52.062C,soc1@51.156C,VDD_IN,5802mW/5777mW,VDD_CPU_GPU_CV,1388mW/1380mW,VDD_SOC,2420mW/2406mW
07-27-2026,10:09:06,RAM,936/7620MB,(lfb,17x4MB),SWAP,141/3810MB,(cached,2MB),CPU,[10%@1344,8%@1344,0%@1344,10%@1344,0%@1344,0%@1344],GR3D_FREQ,0%,cpu@52C,soc2@50.031C,soc0@51.062C,gpu@51.656C,tj@52C,soc1@51.093C,VDD_IN,5802mW/5777mW,VDD_CPU_GPU_CV,1388mW/1380mW,VDD_SOC,2420mW/2406mW
07-27-2026,10:09:06,RAM,936/7620MB,(lfb,17x4MB),SWAP,141/3810MB,(cached,2MB),CPU,[16%@1344,0%@1344,0%@1344,0%@1344,0%@1344,0%@1344],GR3D_FREQ,0%,cpu@52.125C,soc2@50.156C,soc0@50.875C,gpu@52.156C,tj@52.156C,soc1@51.093C,VDD_IN,5802mW/5777mW,VDD_CPU_GPU_CV,1388mW/1380mW,VDD_SOC,2420mW/2406mW
07-27-2026,10:09:06,RAM,936/7620MB,(lfb,17x4MB),SWAP,141/3810MB,(cached,2MB),CPU,[9%@1344,0%@1344,0%@1344,16%@1344,0%@1344,0%@1344],GR3D_FREQ,0%,cpu@52.156C,soc2@49.968C,soc0@50.843C,gpu@52.031C,tj@52.156C,soc1@50.937C,VDD_IN,5802mW/5777mW,VDD_CPU_GPU_CV,1388mW/1380mW,VDD_SOC,2420mW/2406mW
07-27-2026,10:09:06,RAM,936/7620MB,(lfb,17x4MB),SWAP,141/3810MB,(cached,2MB),CPU,[10%@1344,0%@1344,0%@1344,10%@1344,8%@1344,0%@1344],GR3D_FREQ,0%,cpu@52.312C,soc2@50C,soc0@51.156C,gpu@51.687C,tj@52.312C,soc1@51.062C,VDD_IN,5802mW/5777mW,VDD_CPU_GPU_CV,1428mW/1380mW,VDD_SOC,2420mW/2406mW
07-27-2026,10:09:06,RAM,936/7620MB,(lfb,17x4MB),SWAP,141/3810MB,(cached,2MB),CPU,[9%@1344,0%@1344,0%@1344,9%@1344,0%@1344,0%@1344],GR3D_FREQ,0%,cpu@51.937C,soc2@49.968C,soc0@50.875C,gpu@52.062C,tj@52.062C,soc1@51.375C,VDD_IN,5802mW/5777mW,VDD_CPU_GPU_CV,1428mW/1380mW,VDD_SOC,2420mW/2406mW
07-27-2026,10:09:06,RAM,936/7620MB,(lfb,17x4MB),SWAP,141/3810MB,(cached,2MB),CPU,[16%@1344,0%@1344,0%@1344,0%@1344,0%@1344,0%@1344],GR3D_FREQ,0%,cpu@51.75C,soc2@49.968C,soc0@50.843C,gpu@51.656C,tj@51.75C,soc1@51.031C,VDD_IN,5842mW/5777mW,VDD_CPU_GPU_CV,1428mW/1380mW,VDD_SOC,2420mW/2406mW
07-27-2026,10:09:07,RAM,936/7620MB,(lfb,17x4MB),SWAP,141/3810MB,(cached,2MB),CPU,[0%@1344,0%@1344,0%@1344,16%@1344,9%@1344,9%@1344],GR3D_FREQ,0%,cpu@51.937C,soc2@49.968C,soc0@50.968C,gpu@52.343C,tj@52.343C,soc1@51.093C,VDD_IN,5842mW/5777mW,VDD_CPU_GPU_CV,1428mW/1380mW,VDD_SOC,2420mW/2406mW
07-27-2026,10:09:07,RAM,937/7620MB,(lfb,17x4MB),SWAP,141/3810MB,(cached,2MB),CPU,[9%@1344,0%@1344,0%@1344,0%@1344,0%@1344,0%@1344],GR3D_FREQ,0%,cpu@52.187C,soc2@50.031C,soc0@50.687C,gpu@52.062C,tj@52.187C,soc1@51.093C,VDD_IN,5842mW/5777mW,VDD_CPU_GPU_CV,1428mW/1380mW,VDD_SOC,2420mW/2406mW
07-27-2026,10:09:07,RAM,936/7620MB,(lfb,17x4MB),SWAP,141/3810MB,(cached,2MB),CPU,[10%@1344,0%@1344,0%@1344,18%@1344,0%@1344,9%@1344],GR3D_FREQ,0%,cpu@51.968C,soc2@49.875C,soc0@50.812C,gpu@51.968C,tj@51.968C,soc1@51.343C,VDD_IN,5842mW/5777mW,VDD_CPU_GPU_CV,1428mW/1380mW,VDD_SOC,2420mW/2406mW
07-27-2026,10:09:07,RAM,936/7620MB,(lfb,17x4MB),SWAP,141/3810MB,(cached,2MB),CPU,[23%@1344,0%@1344,0%@1344,0%@1344,0%@1344,9%@1344],GR3D_FREQ,0%,cpu@51.843C,soc2@50C,soc0@50.906C,gpu@52.187C,tj@52.187C,soc1@50.968C,VDD_IN,5842mW/5778mW,VDD_CPU_GPU_CV,1428mW/1380mW,VDD_SOC,2420mW/2406mW
07-27-2026,10:09:07,RAM,936/7620MB,(lfb,17x4MB),SWAP,141/3810MB,(cached,2MB),CPU,[9%@1344,8%@1344,0%@1344,9%@1344,0%@1344,21%@1344],GR3D_FREQ,0%,cpu@52.062C,soc2@49.968C,soc0@50.937C,gpu@52C,tj@52.062C,soc1@51.031C,VDD_IN,5842mW/5778mW,VDD_CPU_GPU_CV,1428mW/1380mW,VDD_SOC,2420mW/2406mW
07-27-2026,10:09:07,RAM,936/7620MB,(lfb,17x4MB),SWAP,141/3810MB,(cached,2MB),CPU,[10%@1344,0%@1344,0%@1344,10%@1344,0%@1344,16%@1344],GR3D_FREQ,0%,cpu@52.218C,soc2@49.968C,soc0@50.781C,gpu@51.843C,tj@52.218C,soc1@51.125C,VDD_IN,5842mW/5778mW,VDD_CPU_GPU_CV,1428mW/1381mW,VDD_SOC,2420mW/2406mW
07-27-2026,10:09:07,RAM,937/7620MB,(lfb,17x4MB),SWAP,141/3810MB,(cached,2MB),CPU,[9%@1344,0%@1344,0%@1344,9%@1344,0%@1344,28%@1344],GR3D_FREQ,0%,cpu@52.281C,soc2@50.031C,soc0@50.937C,gpu@52.187C,tj@52.281C,soc1@51.218C,VDD_IN,5802mW/5778mW,VDD_CPU_GPU_CV,1428mW/1381mW,VDD_SOC,2420mW/2406mW
07-27-2026,10:09:07,RAM,936/7620MB,(lfb,17x4MB),SWAP,141/3810MB,(cached,2MB),CPU,[10%@1344,0%@1344,9%@1344,9%@1344,0%@1344,26%@1344],GR3D_FREQ,0%,cpu@51.843C,soc2@49.937C,soc0@50.875C,gpu@52.062C,tj@52.062C,soc1@51C,VDD_IN,5802mW/5778mW,VDD_CPU_GPU_CV,1388mW/1381mW,VDD_SOC,2420mW/2406mW
07-27-2026,10:09:07,RAM,936/7620MB,(lfb,17x4MB),SWAP,141/3810MB,(cached,2MB),CPU,[9%@1344,0%@1344,8%@1344,25%@1344,0%@1344,44%@1344],GR3D_FREQ,0%,cpu@52.062C,soc2@50C,soc0@50.906C,gpu@51.781C,tj@52.062C,soc1@50.937C,VDD_IN,5802mW/5778mW,VDD_CPU_GPU_CV,1388mW/1381mW,VDD_SOC,2420mW/2406mW
07-27-2026,10:09:07,RAM,937/7620MB,(lfb,17x4MB),SWAP,141/3810MB,(cached,2MB),CPU,[0%@1344,0%@1344,0%@1344,0%@1344,8%@1344,47%@1344],GR3D_FREQ,0%,cpu@52.187C,soc2@50.093C,soc0@50.968C,gpu@51.812C,tj@52.187C,soc1@51.093C,VDD_IN,5802mW/5778mW,VDD_CPU_GPU_CV,1428mW/1381mW,VDD_SOC,2420mW/2406mW
07-27-2026,10:09:08,RAM,937/7620MB,(lfb,17x4MB),SWAP,141/3810MB,(cached,2MB),CPU,[18%@1344,0%@1344,0%@1344,9%@1344,0%@1344,45%@1344],GR3D_FREQ,0%,cpu@52.281C,soc2@50.093C,soc0@50.843C,gpu@51.968C,tj@52.281C,soc1@51.031C,VDD_IN,5842mW/5778mW,VDD_CPU_GPU_CV,1428mW/1381mW,VDD_SOC,2420mW/2406mW
07-27-2026,10:09:08,RAM,937/7620MB,(lfb,17x4MB),SWAP,141/3810MB,(cached,2MB),CPU,[16%@1344,8%@1344,0%@1344,10%@1344,0%@1344,44%@1344],GR3D_FREQ,0%,cpu@51.875C,soc2@50C,soc0@50.906C,gpu@51.875C,tj@51.875C,soc1@50.968C,VDD_IN,5802mW/5778mW,VDD_CPU_GPU_CV,1428mW/1381mW,VDD_SOC,2420mW/2406mW
07-27-2026,10:09:08,RAM,937/7620MB,(lfb,17x4MB),SWAP,141/3810MB,(cached,2MB),CPU,[9%@1344,0%@1344,0%@1344,9%@1344,0%@1344,41%@1344],GR3D_FREQ,0%,cpu@52.093C,soc2@49.968C,soc0@51.031C,gpu@51.687C,tj@52.093C,soc1@51.062C,VDD_IN,5802mW/5778mW,VDD_CPU_GPU_CV,1428mW/1381mW,VDD_SOC,2420mW/2406mW
07-27-2026,10:09:08,RAM,937/7620MB,(lfb,17x4MB),SWAP,141/3810MB,(cached,2MB),CPU,[10%@1344,9%@1344,0%@1344,9%@1344,0%@1344,35%@1344],GR3D_FREQ,0%,cpu@52.125C,soc2@50.093C,soc0@50.968C,gpu@51.875C,tj@52.125C,soc1@51.187C,VDD_IN,5802mW/5778mW,VDD_CPU_GPU_CV,1388mW/1381mW,VDD_SOC,2420mW/2406mW
07-27-2026,10:09:08,RAM,937/7620MB,(lfb,17x4MB),SWAP,141/3810MB,(cached,2MB),CPU,[0%@1344,0%@1344,0%@1344,10%@1344,0%@1344,37%@1344],GR3D_FREQ,0%,cpu@52.218C,soc2@50.031C,soc0@50.843C,gpu@51.843C,tj@52.218C,soc1@51.218C,VDD_IN,5802mW/5778mW,VDD_CPU_GPU_CV,1388mW/1381mW,VDD_SOC,2420mW/2406mW
07-27-2026,10:09:08,RAM,937/7620MB,(lfb,17x4MB),SWAP,141/3810MB,(cached,2MB),CPU,[18%@1344,15%@1344,0%@1344,9%@1344,0%@1344,31%@1344],GR3D_FREQ,0%,cpu@52.031C,soc2@49.968C,soc0@50.968C,gpu@52.093C,tj@52.093C,soc1@50.968C,VDD_IN,5802mW/5778mW,VDD_CPU_GPU_CV,1428mW/1381mW,VDD_SOC,2420mW/2406mW
07-27-2026,10:09:08,RAM,937/7620MB,(lfb,17x4MB),SWAP,141/3810MB,(cached,2MB),CPU,[0%@1344,0%@1344,0%@1344,10%@1344,0%@1344,28%@1344],GR3D_FREQ,0%,cpu@52C,soc2@50.062C,soc0@50.75C,gpu@51.937C,tj@52C,soc1@51.156C,VDD_IN,5842mW/5778mW,VDD_CPU_GPU_CV,1428mW/1381mW,VDD_SOC,2420mW/2406mW
07-27-2026,10:09:08,RAM,937/7620MB,(lfb,17x4MB),SWAP,141/3810MB,(cached,2MB),CPU,[18%@1344,0%@1344,0%@1344,9%@1344,0%@1344,16%@1344],GR3D_FREQ,0%,cpu@52.062C,soc2@50.093C,soc0@50.843C,gpu@52.25C,tj@52.25C,soc1@51.281C,VDD_IN,5842mW/5778mW,VDD_CPU_GPU_CV,1428mW/1381mW,VDD_SOC,2420mW/2406mW
07-27-2026,10:09:08,RAM,937/7620MB,(lfb,17x4MB),SWAP,141/3810MB,(cached,2MB),CPU,[16%@1344,0%@1344,0%@1344,9%@1344,0%@1344,8%@1344],GR3D_FREQ,0%,cpu@51.937C,soc2@49.937C,soc0@50.937C,gpu@52C,tj@52C,soc1@50.906C,VDD_IN,5842mW/5778mW,VDD_CPU_GPU_CV,1428mW/1381mW,VDD_SOC,2420mW/2406mW
07-27-2026,10:09:09,RAM,936/7620MB,(lfb,17x4MB),SWAP,141/3810MB,(cached,2MB),CPU,[9%@1344,9%@1344,9%@1344,18%@1344,0%@1344,9%@1344],GR3D_FREQ,0%,cpu@52.031C,soc2@50.062C,soc0@50.968C,gpu@51.843C,tj@52.031C,soc1@51.062C,VDD_IN,5842mW/5778mW,VDD_CPU_GPU_CV,1428mW/1381mW,VDD_SOC,2420mW/2406mW
07-27-2026,10:09:09,RAM,936/7620MB,(lfb,17x4MB),SWAP,141/3810MB,(cached,2MB),CPU,[10%@1344,0%@1344,0%@1344,0%@1344,0%@1344,0%@1344],GR3D_FREQ,0%,cpu@52.031C,soc2@50.031C,soc0@50.812C,gpu@51.718C,tj@51.937C,soc1@51.062C,VDD_IN,5842mW/5779mW,VDD_CPU_GPU_CV,1428mW/1381mW,VDD_SOC,2420mW/2406mW
07-27-2026,10:09:09,RAM,936/7620MB,(lfb,17x4MB),SWAP,141/3810MB,(cached,2MB),CPU,[9%@1344,8%@1344,0%@1344,0%@1344,0%@1344,0%@1344],GR3D_FREQ,0%,cpu@52.093C,soc2@50.156C,soc0@50.843C,gpu@51.937C,tj@52.093C,soc1@51.218C,VDD_IN,5842mW/5779mW,VDD_CPU_GPU_CV,1428mW/1381mW,VDD_SOC,2420mW/2406mW
07-27-2026,10:09:09,RAM,936/7620MB,(lfb,17x4MB),SWAP,141/3810MB,(cached,2MB),CPU,[0%@1344,0%@1344,0%@1344,16%@1344,0%@1344,0%@1344],GR3D_FREQ,0%,cpu@51.937C,soc2@50C,soc0@51C,gpu@51.843C,tj@51.937C,soc1@50.968C,VDD_IN,5842mW/5779mW,VDD_CPU_GPU_CV,1428mW/1381mW,VDD_SOC,2420mW/2406mW
07-27-2026,10:09:09,RAM,936/7620MB,(lfb,17x4MB),SWAP,141/3810MB,(cached,2MB),CPU,[9%@1344,16%@1344,9%@1344,0%@1344,0%@1344,9%@1344],GR3D_FREQ,0%,cpu@51.875C,soc2@50.093C,soc0@50.968C,gpu@51.781C,tj@51.875C,soc1@50.968C,VDD_IN,5842mW/5779mW,VDD_CPU_GPU_CV,1428mW/1381mW,VDD_SOC,2420mW/2406mW
07-27-2026,10:09:09,RAM,936/7620MB,(lfb,17x4MB),SWAP,141/3810MB,(cached,2MB),CPU,[9%@1344,0%@1344,8%@1344,9%@1344,0%@1344,0%@1344],GR3D_FREQ,0%,cpu@52.031C,soc2@50.093C,soc0@51.125C,gpu@52C,tj@52.25C,soc1@51.218C,VDD_IN,5802mW/5779mW,VDD_CPU_GPU_CV,1428mW/1382mW,VDD_SOC,2420mW/2406mW
07-27-2026,10:09:09,RAM,936/7620MB,(lfb,17x4MB),SWAP,141/3810MB,(cached,2MB),CPU,[18%@1344,0%@1344,0%@1344,9%@1344,0%@1344,9%@1344],GR3D_FREQ,0%,cpu@52.031C,soc2@50.031C,soc0@50.875C,gpu@51.875C,tj@52.031C,soc1@51.218C,VDD_IN,5802mW/5779mW,VDD_CPU_GPU_CV,1428mW/1382mW,VDD_SOC,2420mW/2406mW
07-27-2026,10:09:09,RAM,936/7620MB,(lfb,17x4MB),SWAP,141/3810MB,(cached,2MB),CPU,[9%@1344,0%@1344,9%@1344,10%@1344,0%@1344,9%@1344],GR3D_FREQ,0%,cpu@52.125C,soc2@49.968C,soc0@50.875C,gpu@51.718C,tj@51.812C,soc1@50.937C,VDD_IN,5802mW/5779mW,VDD_CPU_GPU_CV,1428mW/1382mW,VDD_SOC,2420mW/2406mW
07-27-2026,10:09:09,RAM,936/7620MB,(lfb,17x4MB),SWAP,141/3810MB,(cached,2MB),CPU,[9%@1344,0%@1344,0%@1344,16%@1344,0%@1344,0%@1344],GR3D_FREQ,0%,cpu@51.937C,soc2@49.906C,soc0@50.937C,gpu@51.687C,tj@51.937C,soc1@51.062C,VDD_IN,5802mW/5779mW,VDD_CPU_GPU_CV,1388mW/1382mW,VDD_SOC,2420mW/2406mW
07-27-2026,10:09:09,RAM,936/7620MB,(lfb,17x4MB),SWAP,141/3810MB,(cached,2MB),CPU,[0%@1344,9%@1344,0%@1344,0%@1344,0%@1344,9%@1344],GR3D_FREQ,0%,cpu@52.218C,soc2@50.062C,soc0@51.031C,gpu@51.781C,tj@52.218C,soc1@51.156C,VDD_IN,5802mW/5779mW,VDD_CPU_GPU_CV,1388mW/1382mW,VDD_SOC,2420mW/2406mW
07-27-2026,10:09:10,RAM,937/7620MB,(lfb,17x4MB),SWAP,141/3810MB,(cached,2MB),CPU,[16%@1344,9%@1344,9%@1344,10%@1344,0%@1344,9%@1344],GR3D_FREQ,0%,cpu@51.906C,soc2@49.968C,soc0@50.812C,gpu@51.718C,tj@51.906C,soc1@51.25C,VDD_IN,5842mW/5779mW,VDD_CPU_GPU_CV,1428mW/1382mW,VDD_SOC,2420mW/2406mW
07-27-2026,10:09:10,RAM,937/7620MB,(lfb,17x4MB),SWAP,141/3810MB,(cached,2MB),CPU,[10%@1344,0%@1344,0%@1344,9%@1344,0%@1344,8%@1344],GR3D_FREQ,0%,cpu@52.125C,soc2@49.875C,soc0@50.937C,gpu@51.687C,tj@52.125C,soc1@50.937C,VDD_IN,5802mW/5779mW,VDD_CPU_GPU_CV,1428mW/1382mW,VDD_SOC,2420mW/2406mW
07-27-2026,10:09:10,RAM,937/7620MB,(lfb,17x4MB),SWAP,141/3810MB,(cached,2MB),CPU,[9%@1344,0%@1344,0%@1344,0%@1344,0%@1344,0%@1344],GR3D_FREQ,0%,cpu@51.875C,soc2@49.937C,soc0@50.968C,gpu@51.812C,tj@51.875C,soc1@51C,VDD_IN,5802mW/5779mW,VDD_CPU_GPU_CV,1388mW/1382mW,VDD_SOC,2420mW/2406mW
07-27-2026,10:09:10,RAM,937/7620MB,(lfb,17x4MB),SWAP,141/3810MB,(cached,2MB),CPU,[9%@1344,9%@1344,0%@1344,18%@1344,0%@1344,0%@1344],GR3D_FREQ,0%,cpu@52.218C,soc2@49.937C,soc0@51.031C,gpu@51.75C,tj@52.218C,soc1@51.031C,VDD_IN,5802mW/5779mW,VDD_CPU_GPU_CV,1388mW/1382mW,VDD_SOC,2420mW/2406mW
07-27-2026,10:09:10,RAM,937/7620MB,(lfb,17x4MB),SWAP,141/3810MB,(cached,2MB),CPU,[18%@1344,8%@1344,0%@1344,0%@1344,0%@1344,0%@1344],GR3D_FREQ,0%,cpu@51.906C,soc2@50C,soc0@50.875C,gpu@51.843C,tj@51.906C,soc1@51C,VDD_IN,5802mW/5779mW,VDD_CPU_GPU_CV,1428mW/1382mW,VDD_SOC,2420mW/2407mW
07-27-2026,10:09:10,RAM,937/7620MB,(lfb,17x4MB),SWAP,141/3810MB,(cached,2MB),CPU,[9%@1344,0%@1344,0%@1344,18%@1344,0%@1344,0%@1344],GR3D_FREQ,0%,cpu@52C,soc2@49.968C,soc0@50.968C,gpu@51.781C,tj@52C,soc1@51.187C,VDD_IN,5842mW/5779mW,VDD_CPU_GPU_CV,1428mW/1382mW,VDD_SOC,2420mW/2407mW
07-27-2026,10:09:10,RAM,937/7620MB,(lfb,17x4MB),SWAP,141/3810MB,(cached,2MB),CPU,[9%@1344,0%@1344,0%@1344,9%@1344,0%@1344,0%@1344],GR3D_FREQ,0%,cpu@52.156C,soc2@49.968C,soc0@50.781C,gpu@52C,tj@52.156C,soc1@51.187C,VDD_IN,5842mW/5779mW,VDD_CPU_GPU_CV,1428mW/1382mW,VDD_SOC,2420mW/2407mW
07-27-2026,10:09:10,RAM,937/7620MB,(lfb,17x4MB),SWAP,141/3810MB,(cached,2MB),CPU,[0%@1344,0%@1344,0%@1344,0%@1344,0%@1344,0%@1344],GR3D_FREQ,0%,cpu@52.25C,soc2@50.125C,soc0@50.812C,gpu@51.843C,tj@52.25C,soc1@51.281C,VDD_IN,5842mW/5779mW,VDD_CPU_GPU_CV,1428mW/1382mW,VDD_SOC,2420mW/2407mW
07-27-2026,10:09:10,RAM,937/7620MB,(lfb,17x4MB),SWAP,141/3810MB,(cached,2MB),CPU,[9%@1344,0%@1344,0%@1344,10%@1344,0%@1344,0%@1344],GR3D_FREQ,0%,cpu@52.093C,soc2@49.968C,soc0@50.875C,gpu@51.75C,tj@51.937C,soc1@51.031C,VDD_IN,5802mW/5779mW,VDD_CPU_GPU_CV,1428mW/1382mW,VDD_SOC,2420mW/2407mW
07-27-2026,10:09:11,RAM,937/7620MB,(lfb,17x4MB),SWAP,141/3810MB,(cached,2MB),CPU,[16%@1344,0%@1344,9%@1344,9%@1344,9%@1344,0%@1344],GR3D_FREQ,0%,cpu@51.968C,soc2@50.062C,soc0@50.937C,gpu@51.687C,tj@51.968C,soc1@51.093C,VDD_IN,5842mW/5780mW,VDD_CPU_GPU_CV,1428mW/1382mW,VDD_SOC,2420mW/2407mW
07-27-2026,10:09:11,RAM,937/7620MB,(lfb,17x4MB),SWAP,141/3810MB,(cached,2MB),CPU,[10%@1344,0%@1344,0%@1344,9%@1344,0%@1344,0%@1344],GR3D_FREQ,0%,cpu@52.125C,soc2@50.062C,soc0@51.125C,gpu@51.781C,tj@52.125C,soc1@51.062C,VDD_IN,5842mW/5780mW,VDD_CPU_GPU_CV,1428mW/1382mW,VDD_SOC,2420mW/2407mW
07-27-2026,10:09:11,RAM,937/7620MB,(lfb,17x4MB),SWAP,141/3810MB,(cached,2MB),CPU,[16%@1344,0%@1344,0%@1344,18%@1344,0%@1344,0%@1344],GR3D_FREQ,0%,cpu@52.093C,soc2@50.187C,soc0@50.812C,gpu@51.687C,tj@52.093C,soc1@50.906C,VDD_IN,5842mW/5780mW,VDD_CPU_GPU_CV,1428mW/1382mW,VDD_SOC,2420mW/2407mW
07-27-2026,10:09:11,RAM,937/7620MB,(lfb,17x4MB),SWAP,141/3810MB,(cached,2MB),CPU,[18%@1344,0%@1344,0%@1344,0%@1344,9%@1344,0%@1344],GR3D_FREQ,0%,cpu@52.156C,soc2@49.968C,soc0@50.843C,gpu@51.687C,tj@51.875C,soc1@51.031C,VDD_IN,5802mW/5780mW,VDD_CPU_GPU_CV,1428mW/1382mW,VDD_SOC,2420mW/2407mW
07-27-2026,10:09:11,RAM,937/7620MB,(lfb,17x4MB),SWAP,141/3810MB,(cached,2MB),CPU,[9%@1344,0%@1344,0%@1344,9%@1344,0%@1344,0%@1344],GR3D_FREQ,0%,cpu@52.031C,soc2@49.968C,soc0@50.968C,gpu@52.187C,tj@52.187C,soc1@50.968C,VDD_IN,5802mW/5780mW,VDD_CPU_GPU_CV,1428mW/1382mW,VDD_SOC,2420mW/2407mW
07-27-2026,10:09:11,RAM,937/7620MB,(lfb,17x4MB),SWAP,141/3810MB,(cached,2MB),CPU,[10%@1344,0%@1344,0%@1344,0%@1344,0%@1344,0%@1344],GR3D_FREQ,0%,cpu@51.968C,soc2@50.062C,soc0@50.968C,gpu@51.75C,tj@51.968C,soc1@51.156C,VDD_IN,5802mW/5780mW,VDD_CPU_GPU_CV,1388mW/1382mW,VDD_SOC,2420mW/2407mW
07-27-2026,10:09:11,RAM,937/7620MB,(lfb,17x4MB),SWAP,141/3810MB,(cached,2MB),CPU,[9%@1344,0%@1344,0%@1344,16%@1344,0%@1344,0%@1344],GR3D_FREQ,0%,cpu@52.187C,soc2@50.187C,soc0@50.781C,gpu@51.687C,tj@52.187C,soc1@51.343C,VDD_IN,5802mW/5780mW,VDD_CPU_GPU_CV,1388mW/1382mW,VDD_SOC,2420mW/2407mW
07-27-2026,10:09:11,RAM,937/7620MB,(lfb,17x4MB),SWAP,141/3810MB,(cached,2MB),CPU,[0%@1344,0%@1344,0%@1344,0%@1344,0%@1344,0%@1344],GR3D_FREQ,0%,cpu@52.187C,soc2@49.906C,soc0@50.968C,gpu@52.156C,tj@52.156C,soc1@51C,VDD_IN,5802mW/5780mW,VDD_CPU_GPU_CV,1388mW/1382mW,VDD_SOC,2420mW/2407mW
07-27-2026,10:09:11,RAM,937/7620MB,(lfb,17x4MB),SWAP,141/3810MB,(cached,2MB),CPU,[10%@1344,9%@1344,0%@1344,16%@1344,0%@1344,0%@1344],GR3D_FREQ,0%,cpu@51.937C,soc2@49.968C,soc0@50.843C,gpu@51.718C,tj@51.937C,soc1@51.093C,VDD_IN,5802mW/5780mW,VDD_CPU_GPU_CV,1388mW/1382mW,VDD_SOC,2420mW/2407mW
07-27-2026,10:09:11,RAM,937/7620MB,(lfb,17x4MB),SWAP,141/3810MB,(cached,2MB),CPU,[9%@1344,9%@1344,0%@1344,0%@1344,0%@1344,0%@1344],GR3D_FREQ,0%,cpu@52.093C,soc2@49.906C,soc0@50.718C,gpu@51.656C,tj@52.093C,soc1@51.031C,VDD_IN,5802mW/5780mW,VDD_CPU_GPU_CV,1388mW/1383mW,VDD_SOC,2420mW/2407mW
07-27-2026,10:09:12,RAM,938/7620MB,(lfb,17x4MB),SWAP,141/3810MB,(cached,2MB),CPU,[9%@1344,0%@1344,0%@1344,10%@1344,0%@1344,0%@1344],GR3D_FREQ,0%,cpu@52.062C,soc2@50C,soc0@50.843C,gpu@52.187C,tj@52.187C,soc1@51.281C,VDD_IN,5802mW/5780mW,VDD_CPU_GPU_CV,1428mW/1383mW,VDD_SOC,2420mW/2407mW
07-27-2026,10:09:12,RAM,938/7620MB,(lfb,17x4MB),SWAP,141/3810MB,(cached,2MB),CPU,[10%@1344,0%@1344,0%@1344,9%@1344,0%@1344,0%@1344],GR3D_FREQ,0%,cpu@51.937C,soc2@49.968C,soc0@50.875C,gpu@51.968C,tj@51.968C,soc1@50.968C,VDD_IN,5802mW/5780mW,VDD_CPU_GPU_CV,1428mW/1383mW,VDD_SOC,2420mW/2407mW
07-27-2026,10:09:12,RAM,938/7620MB,(lfb,17x4MB),SWAP,141/3810MB,(cached,2MB),CPU,[16%@1344,8%@1344,8%@1344,9%@1344,0%@1344,0%@1344],GR3D_FREQ,0%,cpu@51.937C,soc2@49.875C,soc0@50.968C,gpu@51.656C,tj@51.937C,soc1@51.093C,VDD_IN,5802mW/5780mW,VDD_CPU_GPU_CV,1388mW/1383mW,VDD_SOC,2420mW/2407mW
07-27-2026,10:09:12,RAM,938/7620MB,(lfb,17x4MB),SWAP,141/3810MB,(cached,2MB),CPU,[10%@1344,0%@1344,0%@1344,18%@1344,9%@1344,0%@1344],GR3D_FREQ,0%,cpu@52.25C,soc2@49.906C,soc0@50.875C,gpu@51.75C,tj@52.25C,soc1@51.343C,VDD_IN,5802mW/5780mW,VDD_CPU_GPU_CV,1428mW/1383mW,VDD_SOC,2420mW/2407mW
07-27-2026,10:09:12,RAM,938/7620MB,(lfb,17x4MB),SWAP,141/3810MB,(cached,2MB),CPU,[16%@1344,0%@1344,0%@1344,9%@1344,0%@1344,0%@1344],GR3D_FREQ,0%,cpu@51.875C,soc2@50.031C,soc0@50.781C,gpu@51.687C,tj@51.875C,soc1@50.968C,VDD_IN,5842mW/5780mW,VDD_CPU_GPU_CV,1428mW/1383mW,VDD_SOC,2420mW/2407mW
07-27-2026,10:09:12,RAM,938/7620MB,(lfb,17x4MB),SWAP,141/3810MB,(cached,2MB),CPU,[0%@1344,9%@1344,0%@1344,0%@1344,0%@1344,0%@1344],GR3D_FREQ,0%,cpu@52.125C,soc2@50.031C,soc0@51C,gpu@51.812C,tj@52.218C,soc1@51C,VDD_IN,5842mW/5780mW,VDD_CPU_GPU_CV,1428mW/1383mW,VDD_SOC,2420mW/2407mW
07-27-2026,10:09:12,RAM,938/7620MB,(lfb,17x4MB),SWAP,141/3810MB,(cached,2MB),CPU,[10%@1344,0%@1344,0%@1344,9%@1344,0%@1344,0%@1344],GR3D_FREQ,0%,cpu@52.25C,soc2@50.031C,soc0@51.093C,gpu@51.75C,tj@52.25C,soc1@51.187C,VDD_IN,5842mW/5780mW,VDD_CPU_GPU_CV,1428mW/1383mW,VDD_SOC,2420mW/2407mW
07-27-2026,10:09:12,RAM,938/7620MB,(lfb,17x4MB),SWAP,141/3810MB,(cached,2MB),CPU,[9%@1344,0%@1344,0%@1344,9%@1344,9%@1344,0%@1344],GR3D_FREQ,0%,cpu@52.343C,soc2@50.031C,soc0@50.906C,gpu@51.718C,tj@52.343C,soc1@51.218C,VDD_IN,5842mW/5780mW,VDD_CPU_GPU_CV,1428mW/1383mW,VDD_SOC,2420mW/2407mW
07-27-2026,10:09:12,RAM,938/7620MB,(lfb,17x4MB),SWAP,141/3810MB,(cached,2MB),CPU,[16%@1344,0%@1344,0%@1344,10%@1344,0%@1344,0%@1344],GR3D_FREQ,0%,cpu@51.812C,soc2@49.968C,soc0@50.937C,gpu@52.187C,tj@52.187C,soc1@50.937C,VDD_IN,5842mW/5780mW,VDD_CPU_GPU_CV,1428mW/1383mW,VDD_SOC,2420mW/2407mW
07-27-2026,10:09:13,RAM,938/7620MB,(lfb,17x4MB),SWAP,141/3810MB,(cached,2MB),CPU,[0%@1344,0%@1344,9%@1344,9%@1344,9%@1344,0%@1344],GR3D_FREQ,0%,cpu@52.093C,soc2@49.968C,soc0@50.906C,gpu@51.718C,tj@52.093C,soc1@51.031C,VDD_IN,5842mW/5781mW,VDD_CPU_GPU_CV,1428mW/1383mW,VDD_SOC,2420mW/2407mW
07-27-2026,10:09:13,RAM,938/7620MB,(lfb,17x4MB),SWAP,141/3810MB,(cached,2MB),CPU,[9%@1344,0%@1344,0%@1344,10%@1344,9%@1344,0%@1344],GR3D_FREQ,0%,cpu@52.125C,soc2@50C,soc0@51.093C,gpu@51.687C,tj@52.125C,soc1@51.062C,VDD_IN,5842mW/5781mW,VDD_CPU_GPU_CV,1428mW/1383mW,VDD_SOC,2420mW/2407mW
07-27-2026,10:09:13,RAM,938/7620MB,(lfb,17x4MB),SWAP,141/3810MB,(cached,2MB),CPU,[9%@1344,0%@1344,0%@1344,9%@1344,0%@1344,0%@1344],GR3D_FREQ,0%,cpu@52.25C,soc2@50.093C,soc0@50.843C,gpu@52.187C,tj@52.25C,soc1@51.25C,VDD_IN,5842mW/5781mW,VDD_CPU_GPU_CV,1428mW/1383mW,VDD_SOC,2420mW/2407mW
07-27-2026,10:09:13,RAM,938/7620MB,(lfb,17x4MB),SWAP,141/3810MB,(cached,2MB),CPU,[16%@1344,0%@1344,0%@1344,0%@1344,9%@1344,9%@1344],GR3D_FREQ,0%,cpu@52.406C,soc2@50.062C,soc0@50.906C,gpu@51.968C,tj@52.406C,soc1@50.937C,VDD_IN,5802mW/5781mW,VDD_CPU_GPU_CV,1428mW/1383mW,VDD_SOC,2420mW/2407mW
07-27-2026,10:09:13,RAM,939/7620MB,(lfb,17x4MB),SWAP,141/3810MB,(cached,2MB),CPU,[10%@1344,0%@1344,0%@1344,10%@1344,0%@1344,8%@1344],GR3D_FREQ,0%,cpu@52.031C,soc2@50.031C,soc0@50.968C,gpu@51.687C,tj@52.031C,soc1@51C,VDD_IN,5802mW/5781mW,VDD_CPU_GPU_CV,1388mW/1383mW,VDD_SOC,2420mW/2407mW
07-27-2026,10:09:13,RAM,938/7620MB,(lfb,17x4MB),SWAP,141/3810MB,(cached,2MB),CPU,[0%@1344,0%@1344,0%@1344,9%@1344,0%@1344,0%@1344],GR3D_FREQ,0%,cpu@51.968C,soc2@49.968C,soc0@51.093C,gpu@52.062C,tj@52.062C,soc1@51.156C,VDD_IN,5802mW/5781mW,VDD_CPU_GPU_CV,1388mW/1383mW,VDD_SOC,2420mW/2407mW
07-27-2026,10:09:13,RAM,938/7620MB,(lfb,17x4MB),SWAP,141/3810MB,(cached,2MB),CPU,[9%@1344,0%@1344,0%@1344,16%@1344,0%@1344,0%@1344],GR3D_FREQ,0%,cpu@52.093C,soc2@50.062C,soc0@50.812C,gpu@51.875C,tj@52.093C,soc1@51.281C,VDD_IN,5802mW/5781mW,VDD_CPU_GPU_CV,1388mW/1383mW,VDD_SOC,2420mW/2407mW
07-27-2026,10:09:13,RAM,938/7620MB,(lfb,17x4MB),SWAP,141/3810MB,(cached,2MB),CPU,[16%@1344,0%@1344,0%@1344,0%@1344,0%@1344,0%@1344],GR3D_FREQ,0%,cpu@52.281C,soc2@49.937C,soc0@50.937C,gpu@52.25C,tj@52.25C,soc1@51.031C,VDD_IN,5802mW/5781mW,VDD_CPU_GPU_CV,1388mW/1383mW,VDD_SOC,2420mW/2407mW
07-27-2026,10:09:13,RAM,938/7620MB,(lfb,17x4MB),SWAP,141/3810MB,(cached,2MB),CPU,[18%@1344,8%@1344,0%@1344,9%@1344,0%@1344,0%@1344],GR3D_FREQ,0%,cpu@51.937C,soc2@49.968C,soc0@51.031C,gpu@52.031C,tj@52.031C,soc1@51.125C,VDD_IN,5802mW/5781mW,VDD_CPU_GPU_CV,1388mW/1383mW,VDD_SOC,2420mW/2407mW
07-27-2026,10:09:13,RAM,939/7620MB,(lfb,17x4MB),SWAP,141/3810MB,(cached,2MB),CPU,[0%@1344,0%@1344,0%@1344,10%@1344,0%@1344,8%@1344],GR3D_FREQ,0%,cpu@52C,soc2@50.062C,soc0@51.125C,gpu@52C,tj@52.031C,soc1@51.125C,VDD_IN,5802mW/5781mW,VDD_CPU_GPU_CV,1388mW/1383mW,VDD_SOC,2420mW/2407mW
07-27-2026,10:09:14,RAM,939/7620MB,(lfb,17x4MB),SWAP,141/3810MB,(cached,2MB),CPU,[9%@1344,9%@1344,0%@1344,18%@1344,9%@1344,0%@1344],GR3D_FREQ,0%,cpu@52.156C,soc2@50.125C,soc0@50.875C,gpu@51.687C,tj@52.156C,soc1@51.187C,VDD_IN,5842mW/5781mW,VDD_CPU_GPU_CV,1428mW/1383mW,VDD_SOC,2420mW/2407mW
07-27-2026,10:09:14,RAM,939/7620MB,(lfb,17x4MB),SWAP,141/3810MB,(cached,2MB),CPU,[10%@1344,0%@1344,0%@1344,16%@1344,0%@1344,0%@1344],GR3D_FREQ,0%,cpu@52.062C,soc2@49.968C,soc0@50.843C,gpu@52.031C,tj@52.031C,soc1@51.062C,VDD_IN,5802mW/5781mW,VDD_CPU_GPU_CV,1428mW/1383mW,VDD_SOC,2420mW/2407mW
07-27-2026,10:09:14,RAM,939/7620MB,(lfb,17x4MB),SWAP,141/3810MB,(cached,2MB),CPU,[16%@1344,9%@1344,0%@1344,9%@1344,9%@1344,0%@1344],GR3D_FREQ,0%,cpu@51.968C,soc2@50.062C,soc0@51.031C,gpu@51.687C,tj@52.343C,soc1@51C,VDD_IN,5842mW/5781mW,VDD_CPU_GPU_CV,1428mW/1383mW,VDD_SOC,2420mW/2407mW
07-27-2026,10:09:14,RAM,939/7620MB,(lfb,17x4MB),SWAP,141/3810MB,(cached,2MB),CPU,[0%@1344,0%@1344,0%@1344,10%@1344,0%@1344,0%@1344],GR3D_FREQ,0%,cpu@52C,soc2@50.093C,soc0@50.937C,gpu@52.031C,tj@52.031C,soc1@51.187C,VDD_IN,5842mW/5781mW,VDD_CPU_GPU_CV,1428mW/1384mW,VDD_SOC,2420mW/2407mW
07-27-2026,10:09:14,RAM,939/7620MB,(lfb,17x4MB),SWAP,141/3810MB,(cached,2MB),CPU,[9%@1344,9%@1344,0%@1344,16%@1344,0%@1344,0%@1344],GR3D_FREQ,0%,cpu@52.218C,soc2@50C,soc0@50.875C,gpu@51.937C,tj@52.218C,soc1@50.968C,VDD_IN,5842mW/5781mW,VDD_CPU_GPU_CV,1428mW/1384mW,VDD_SOC,2420mW/2407mW
07-27-2026,10:09:14,RAM,939/7620MB,(lfb,17x4MB),SWAP,141/3810MB,(cached,2MB),CPU,[18%@1344,0%@1344,0%@1344,0%@1344,0%@1344,0%@1344],GR3D_FREQ,0%,cpu@51.875C,soc2@49.937C,soc0@51C,gpu@51.687C,tj@51.875C,soc1@51.062C,VDD_IN,5842mW/5781mW,VDD_CPU_GPU_CV,1428mW/1384mW,VDD_SOC,2420mW/2407mW
07-27-2026,10:09:14,RAM,939/7620MB,(lfb,17x4MB),SWAP,141/3810MB,(cached,2MB),CPU,[9%@1344,0%@1344,0%@1344,9%@1344,0%@1344,0%@1344],GR3D_FREQ,0%,cpu@51.937C,soc2@50.093C,soc0@51.062C,gpu@52.062C,tj@52.25C,soc1@51.125C,VDD_IN,5842mW/5781mW,VDD_CPU_GPU_CV,1428mW/1384mW,VDD_SOC,2420mW/2407mW
07-27-2026,10:09:14,RAM,939/7620MB,(lfb,17x4MB),SWAP,141/3810MB,(cached,2MB),CPU,[0%@1344,15%@1344,0%@1344,9%@1344,0%@1344,0%@1344],GR3D_FREQ,0%,cpu@52.031C,soc2@50.187C,soc0@50.781C,gpu@52.031C,tj@52.031C,soc1@51.25C,VDD_IN,5842mW/5782mW,VDD_CPU_GPU_CV,1428mW/1384mW,VDD_SOC,2420mW/2407mW
07-27-2026,10:09:14,RAM,939/7620MB,(lfb,17x4MB),SWAP,141/3810MB,(cached,2MB),CPU,[18%@1344,0%@1344,0%@1344,0%@1344,0%@1344,0%@1344],GR3D_FREQ,0%,cpu@51.906C,soc2@50.062C,soc0@50.937C,gpu@51.687C,tj@51.906C,soc1@50.937C,VDD_IN,5842mW/5782mW,VDD_CPU_GPU_CV,1428mW/1384mW,VDD_SOC,2420mW/2407mW
07-27-2026,10:09:15,RAM,939/7620MB,(lfb,17x4MB),SWAP,141/3810MB,(cached,2MB),CPU,[9%@1344,9%@1344,9%@1344,9%@1344,0%@1344,0%@1344],GR3D_FREQ,0%,cpu@51.937C,soc2@50C,soc0@50.968C,gpu@52.125C,tj@52.125C,soc1@50.937C,VDD_IN,5842mW/5782mW,VDD_CPU_GPU_CV,1428mW/1384mW,VDD_SOC,2420mW/2407mW
07-27-2026,10:09:15,RAM,939/7620MB,(lfb,17x4MB),SWAP,141/3810MB,(cached,2MB),CPU,[10%@1344,0%@1344,0%@1344,18%@1344,0%@1344,0%@1344],GR3D_FREQ,0%,cpu@52.281C,soc2@49.937C,soc0@50.781C,gpu@51.875C,tj@52.281C,soc1@51.156C,VDD_IN,5842mW/5782mW,VDD_CPU_GPU_CV,1428mW/1384mW,VDD_SOC,2420mW/2407mW
07-27-2026,10:09:15,RAM,939/7620MB,(lfb,17x4MB),SWAP,141/3810MB,(cached,2MB),CPU,[9%@1344,9%@1344,0%@1344,9%@1344,0%@1344,0%@1344],GR3D_FREQ,0%,cpu@52.312C,soc2@50C,soc0@50.718C,gpu@51.781C,tj@52.312C,soc1@51.25C,VDD_IN,5842mW/5782mW,VDD_CPU_GPU_CV,1428mW/1384mW,VDD_SOC,2420mW/2407mW
07-27-2026,10:09:15,RAM,939/7620MB,(lfb,17x4MB),SWAP,141/3810MB,(cached,2MB),CPU,[0%@1344,0%@1344,0%@1344,0%@1344,0%@1344,0%@1344],GR3D_FREQ,0%,cpu@51.843C,soc2@49.968C,soc0@50.843C,gpu@52.125C,tj@52.125C,soc1@50.906C,VDD_IN,5802mW/5782mW,VDD_CPU_GPU_CV,1428mW/1384mW,VDD_SOC,2420mW/2407mW
07-27-2026,10:09:15,RAM,939/7620MB,(lfb,17x4MB),SWAP,141/3810MB,(cached,2MB),CPU,[23%@1344,0%@1344,0%@1344,10%@1344,0%@1344,0%@1344],GR3D_FREQ,0%,cpu@51.875C,soc2@50.031C,soc0@50.875C,gpu@51.812C,tj@52.093C,soc1@51.125C,VDD_IN,5802mW/5782mW,VDD_CPU_GPU_CV,1428mW/1384mW,VDD_SOC,2420mW/2407mW
07-27-2026,10:09:15,RAM,939/7620MB,(lfb,17x4MB),SWAP,141/3810MB,(cached,2MB),CPU,[10%@1344,0%@1344,0%@1344,9%@1344,0%@1344,0%@1344],GR3D_FREQ,0%,cpu@52.062C,soc2@50.062C,soc0@51.031C,gpu@51.687C,tj@52.062C,soc1@51.093C,VDD_IN,5802mW/5782mW,VDD_CPU_GPU_CV,1388mW/1384mW,VDD_SOC,2420mW/2407mW
07-27-2026,10:09:15,RAM,939/7620MB,(lfb,17x4MB),SWAP,141/3810MB,(cached,2MB),CPU,[9%@1344,0%@1344,0%@1344,9%@1344,0%@1344,8%@1344],GR3D_FREQ,0%,cpu@52.187C,soc2@50.093C,soc0@50.75C,gpu@51.75C,tj@52.187C,soc1@51.218C,VDD_IN,5802mW/5782mW,VDD_CPU_GPU_CV,1388mW/1384mW,VDD_SOC,2420mW/2407mW
07-27-2026,10:09:15,RAM,939/7620MB,(lfb,17x4MB),SWAP,141/3810MB,(cached,2MB),CPU,[10%@1344,0%@1344,8%@1344,9%@1344,0%@1344,0%@1344],GR3D_FREQ,0%,cpu@51.875C,soc2@50C,soc0@50.906C,gpu@51.812C,tj@51.875C,soc1@51.093C,VDD_IN,5802mW/5782mW,VDD_CPU_GPU_CV,1388mW/1384mW,VDD_SOC,2420mW/2407mW
07-27-2026,10:09:15,RAM,939/7620MB,(lfb,17x4MB),SWAP,141/3810MB,(cached,2MB),CPU,[0%@1344,0%@1344,0%@1344,0%@1344,0%@1344,9%@1344],GR3D_FREQ,0%,cpu@52.062C,soc2@50.031C,soc0@51.031C,gpu@51.812C,tj@52.062C,soc1@51C,VDD_IN,5802mW/5782mW,VDD_CPU_GPU_CV,1388mW/1384mW,VDD_SOC,2420mW/2407mW
07-27-2026,10:09:15,RAM,939/7620MB,(lfb,17x4MB),SWAP,141/3810MB,(cached,2MB),CPU,[9%@1344,8%@1344,0%@1344,16%@1344,0%@1344,0%@1344],GR3D_FREQ,0%,cpu@52.093C,soc2@49.968C,soc0@51.062C,gpu@51.687C,tj@52.093C,soc1@51.156C,VDD_IN,5802mW/5782mW,VDD_CPU_GPU_CV,1388mW/1384mW,VDD_SOC,2420mW/2407mW
07-27-2026,10:09:16,RAM,939/7620MB,(lfb,17x4MB),SWAP,141/3810MB,(cached,2MB),CPU,[25%@1344,0%@1344,0%@1344,0%@1344,0%@1344,0%@1344],GR3D_FREQ,0%,cpu@51.906C,soc2@49.906C,soc0@50.843C,gpu@51.875C,tj@51.906C,soc1@51.062C,VDD_IN,5802mW/5782mW,VDD_CPU_GPU_CV,1428mW/1384mW,VDD_SOC,2420mW/2407mW
07-27-2026,10:09:16,RAM,939/7620MB,(lfb,17x4MB),SWAP,141/3810MB,(cached,2MB),CPU,[9%@1344,0%@1344,0%@1344,18%@1344,0%@1344,0%@1344],GR3D_FREQ,0%,cpu@51.937C,soc2@49.968C,soc0@50.968C,gpu@51.75C,tj@51.937C,soc1@51.125C,VDD_IN,5842mW/5782mW,VDD_CPU_GPU_CV,1428mW/1384mW,VDD_SOC,2420mW/2407mW
07-27-2026,10:09:16,RAM,939/7620MB,(lfb,17x4MB),SWAP,141/3810MB,(cached,2MB),CPU,[9%@1344,0%@1344,0%@1344,10%@1344,0%@1344,0%@1344],GR3D_FREQ,0%,cpu@51.968C,soc2@50.062C,soc0@50.718C,gpu@51.906C,tj@51.968C,soc1@51.218C,VDD_IN,5842mW/5782mW,VDD_CPU_GPU_CV,1428mW/1384mW,VDD_SOC,2420mW/2407mW
07-27-2026,10:09:16,RAM,939/7620MB,(lfb,17x4MB),SWAP,141/3810MB,(cached,2MB),CPU,[10%@1344,0%@1344,0%@1344,0%@1344,0%@1344,0%@1344],GR3D_FREQ,0%,cpu@52.25C,soc2@49.968C,soc0@50.937C,gpu@51.75C,tj@52.25C,soc1@50.906C,VDD_IN,5842mW/5782mW,VDD_CPU_GPU_CV,1428mW/1384mW,VDD_SOC,2420mW/2407mW
07-27-2026,10:09:16,RAM,939/7620MB,(lfb,17x4MB),SWAP,141/3810MB,(cached,2MB),CPU,[9%@1344,0%@1344,0%@1344,9%@1344,0%@1344,0%@1344],GR3D_FREQ,0%,cpu@51.875C,soc2@49.968C,soc0@50.875C,gpu@51.718C,tj@51.937C,soc1@51.031C,VDD_IN,5842mW/5782mW,VDD_CPU_GPU_CV,1428mW/1384mW,VDD_SOC,2420mW/2407mW
07-27-2026,10:09:16,RAM,939/7620MB,(lfb,17x4MB),SWAP,141/3810MB,(cached,2MB),CPU,[10%@1344,9%@1344,0%@1344,9%@1344,0%@1344,0%@1344],GR3D_FREQ,0%,cpu@51.937C,soc2@50.031C,soc0@50.968C,gpu@51.687C,tj@51.937C,soc1@51.093C,VDD_IN,5842mW/5782mW,VDD_CPU_GPU_CV,1428mW/1384mW,VDD_SOC,2420mW/2407mW
07-27-2026,10:09:16,RAM,939/7620MB,(lfb,17x4MB),SWAP,141/3810MB,(cached,2MB),CPU,[0%@1344,0%@1344,0%@1344,10%@1344,0%@1344,0%@1344],GR3D_FREQ,0%,cpu@52.031C,soc2@49.968C,soc0@50.75C,gpu@51.75C,tj@52.031C,soc1@51.187C,VDD_IN,5802mW/5782mW,VDD_CPU_GPU_CV,1428mW/1384mW,VDD_SOC,2420mW/2408mW
07-27-2026,10:09:16,RAM,939/7620MB,(lfb,17x4MB),SWAP,141/3810MB,(cached,2MB),CPU,[9%@1344,0%@1344,0%@1344,9%@1344,0%@1344,0%@1344],GR3D_FREQ,0%,cpu@52.125C,soc2@49.968C,soc0@50.843C,gpu@51.718C,tj@52.125C,soc1@51.062C,VDD_IN,5842mW/5783mW,VDD_CPU_GPU_CV,1428mW/1385mW,VDD_SOC,2420mW/2408mW
07-27-2026,10:09:16,RAM,939/7620MB,(lfb,17x4MB),SWAP,141/3810MB,(cached,2MB),CPU,[10%@1344,15%@1344,0%@1344,9%@1344,0%@1344,0%@1344],GR3D_FREQ,0%,cpu@51.968C,soc2@49.968C,soc0@50.875C,gpu@51.687C,tj@51.968C,soc1@50.843C,VDD_IN,5842mW/5783mW,VDD_CPU_GPU_CV,1428mW/1385mW,VDD_SOC,2420mW/2408mW
07-27-2026,10:09:17,RAM,939/7620MB,(lfb,17x4MB),SWAP,141/3810MB,(cached,2MB),CPU,[16%@1344,9%@1344,9%@1344,0%@1344,0%@1344,0%@1344],GR3D_FREQ,0%,cpu@51.906C,soc2@50C,soc0@50.968C,gpu@51.75C,tj@51.906C,soc1@51.093C,VDD_IN,5802mW/5783mW,VDD_CPU_GPU_CV,1388mW/1385mW,VDD_SOC,2420mW/2408mW
07-27-2026,10:09:17,RAM,939/7620MB,(lfb,17x4MB),SWAP,141/3810MB,(cached,2MB),CPU,[0%@1344,0%@1344,0%@1344,9%@1344,0%@1344,0%@1344],GR3D_FREQ,0%,cpu@52.343C,soc2@50C,soc0@50.812C,gpu@51.687C,tj@52.343C,soc1@51.156C,VDD_IN,5842mW/5783mW,VDD_CPU_GPU_CV,1428mW/1385mW,VDD_SOC,2420mW/2408mW
07-27-2026,10:09:17,RAM,939/7620MB,(lfb,17x4MB),SWAP,141/3810MB,(cached,2MB),CPU,[18%@1344,0%@1344,0%@1344,10%@1344,0%@1344,0%@1344],GR3D_FREQ,0%,cpu@52.062C,soc2@50.093C,soc0@50.812C,gpu@51.718C,tj@52.062C,soc1@50.906C,VDD_IN,5842mW/5783mW,VDD_CPU_GPU_CV,1428mW/1385mW,VDD_SOC,2420mW/2408mW
07-27-2026,10:09:17,RAM,939/7620MB,(lfb,17x4MB),SWAP,141/3810MB,(cached,2MB),CPU,[9%@1344,9%@1344,0%@1344,9%@1344,15%@1344,0%@1344],GR3D_FREQ,0%,cpu@51.875C,soc2@49.968C,soc0@50.843C,gpu@52.125C,tj@52.125C,soc1@51C,VDD_IN,5802mW/5783mW,VDD_CPU_GPU_CV,1428mW/1385mW,VDD_SOC,2420mW/2408mW
07-27-2026,10:09:17,RAM,939/7620MB,(lfb,17x4MB),SWAP,141/3810MB,(cached,2MB),CPU,[10%@1344,0%@1344,8%@1344,9%@1344,0%@1344,0%@1344],GR3D_FREQ,0%,cpu@51.906C,soc2@50.093C,soc0@50.968C,gpu@51.687C,tj@52.093C,soc1@51C,VDD_IN,5802mW/5783mW,VDD_CPU_GPU_CV,1428mW/1385mW,VDD_SOC,2420mW/2408mW
07-27-2026,10:09:17,RAM,939/7620MB,(lfb,17x4MB),SWAP,141/3810MB,(cached,2MB),CPU,[9%@1344,9%@1344,0%@1344,9%@1344,0%@1344,0%@1344],GR3D_FREQ,0%,cpu@52.187C,soc2@50.031C,soc0@50.687C,gpu@52.187C,tj@52.187C,soc1@51.156C,VDD_IN,5802mW/5783mW,VDD_CPU_GPU_CV,1388mW/1385mW,VDD_SOC,2420mW/2408mW
07-27-2026,10:09:17,RAM,940/7620MB,(lfb,17x4MB),SWAP,141/3810MB,(cached,2MB),CPU,[10%@1344,9%@1344,0%@1344,0%@1344,0%@1344,0%@1344],GR3D_FREQ,0%,cpu@51.968C,soc2@49.906C,soc0@50.843C,gpu@52.062C,tj@52.062C,soc1@51.375C,VDD_IN,5802mW/5783mW,VDD_CPU_GPU_CV,1388mW/1385mW,VDD_SOC,2420mW/2408mW
07-27-2026,10:09:17,RAM,940/7620MB,(lfb,17x4MB),SWAP,141/3810MB,(cached,2MB),CPU,[16%@1344,0%@1344,0%@1344,9%@1344,0%@1344,0%@1344],GR3D_FREQ,0%,cpu@51.906C,soc2@49.968C,soc0@50.875C,gpu@51.937C,tj@51.937C,soc1@50.968C,VDD_IN,5802mW/5783mW,VDD_CPU_GPU_CV,1388mW/1385mW,VDD_SOC,2420mW/2408mW
07-27-2026,10:09:17,RAM,940/7620MB,(lfb,17x4MB),SWAP,141/3810MB,(cached,2MB),CPU,[10%@1344,9%@1344,0%@1344,9%@1344,0%@1344,0%@1344],GR3D_FREQ,0%,cpu@52C,soc2@49.968C,soc0@50.968C,gpu@52.156C,tj@52.156C,soc1@51.093C,VDD_IN,5802mW/5783mW,VDD_CPU_GPU_CV,1388mW/1385mW,VDD_SOC,2420mW/2408mW
07-27-2026,10:09:18,RAM,940/7620MB,(lfb,17x4MB),SWAP,141/3810MB,(cached,2MB),CPU,[9%@1344,8%@1344,0%@1344,9%@1344,0%@1344,0%@1344],GR3D_FREQ,0%,cpu@52.062C,soc2@49.906C,soc0@50.75C,gpu@51.937C,tj@51.937C,soc1@50.937C,VDD_IN,5802mW/5783mW,VDD_CPU_GPU_CV,1388mW/1385mW,VDD_SOC,2420mW/2408mW
07-27-2026,10:09:18,RAM,940/7620MB,(lfb,17x4MB),SWAP,141/3810MB,(cached,2MB),CPU,[10%@1344,0%@1344,0%@1344,18%@1344,0%@1344,9%@1344],GR3D_FREQ,0%,cpu@51.937C,soc2@50.031C,soc0@50.968C,gpu@51.625C,tj@51.937C,soc1@50.968C,VDD_IN,5842mW/5783mW,VDD_CPU_GPU_CV,1428mW/1385mW,VDD_SOC,2420mW/2408mW
07-27-2026,10:09:18,RAM,940/7620MB,(lfb,17x4MB),SWAP,141/3810MB,(cached,2MB),CPU,[9%@1344,9%@1344,0%@1344,0%@1344,0%@1344,0%@1344],GR3D_FREQ,0%,cpu@52.031C,soc2@50C,soc0@50.906C,gpu@52.062C,tj@52.062C,soc1@51.156C,VDD_IN,5842mW/5783mW,VDD_CPU_GPU_CV,1428mW/1385mW,VDD_SOC,2420mW/2408mW
07-27-2026,10:09:18,RAM,940/7620MB,(lfb,17x4MB),SWAP,141/3810MB,(cached,2MB),CPU,[18%@1344,0%@1344,0%@1344,9%@1344,0%@1344,0%@1344],GR3D_FREQ,0%,cpu@52.125C,soc2@49.968C,soc0@50.718C,gpu@51.968C,tj@52.125C,soc1@51.281C,VDD_IN,5842mW/5783mW,VDD_CPU_GPU_CV,1428mW/1385mW,VDD_SOC,2420mW/2408mW
07-27-2026,10:09:18,RAM,940/7620MB,(lfb,17x4MB),SWAP,141/3810MB,(cached,2MB),CPU,[9%@1344,0%@1344,0%@1344,9%@1344,0%@1344,0%@1344],GR3D_FREQ,0%,cpu@52.25C,soc2@49.906C,soc0@50.875C,gpu@51.531C,tj@51.812C,soc1@50.937C,VDD_IN,5842mW/5783mW,VDD_CPU_GPU_CV,1428mW/1385mW,VDD_SOC,2420mW/2408mW
07-27-2026,10:09:18,RAM,940/7620MB,(lfb,17x4MB),SWAP,141/3810MB,(cached,2MB),CPU,[18%@1344,0%@1344,0%@1344,18%@1344,0%@1344,0%@1344],GR3D_FREQ,0%,cpu@51.968C,soc2@49.937C,soc0@50.906C,gpu@52.062C,tj@52.062C,soc1@50.968C,VDD_IN,5842mW/5783mW,VDD_CPU_GPU_CV,1428mW/1385mW,VDD_SOC,2420mW/2408mW
07-27-2026,10:09:18,RAM,940/7620MB,(lfb,17x4MB),SWAP,141/3810MB,(cached,2MB),CPU,[9%@1344,0%@1344,9%@1344,0%@1344,8%@1344,0%@1344],GR3D_FREQ,0%,cpu@51.968C,soc2@50C,soc0@50.812C,gpu@51.843C,tj@51.968C,soc1@51.031C,VDD_IN,5842mW/5783mW,VDD_CPU_GPU_CV,1428mW/1385mW,VDD_SOC,2420mW/2408mW
07-27-2026,10:09:18,RAM,940/7620MB,(lfb,17x4MB),SWAP,141/3810MB,(cached,2MB),CPU,[9%@1344,0%@1344,0%@1344,9%@1344,0%@1344,8%@1344],GR3D_FREQ,0%,cpu@52.093C,soc2@49.937C,soc0@50.781C,gpu@51.687C,tj@52.093C,soc1@51.187C,VDD_IN,5842mW/5783mW,VDD_CPU_GPU_CV,1428mW/1385mW,VDD_SOC,2420mW/2408mW
07-27-2026,10:09:18,RAM,940/7620MB,(lfb,17x4MB),SWAP,141/3810MB,(cached,2MB),CPU,[10%@1344,0%@1344,0%@1344,9%@1344,0%@1344,0%@1344],GR3D_FREQ,0%,cpu@52.031C,soc2@49.906C,soc0@50.812C,gpu@52.093C,tj@52.093C,soc1@50.937C,VDD_IN,5842mW/5784mW,VDD_CPU_GPU_CV,1428mW/1385mW,VDD_SOC,2420mW/2408mW
07-27-2026,10:09:18,RAM,940/7620MB,(lfb,17x4MB),SWAP,141/3810MB,(cached,2MB),CPU,[0%@1344,0%@1344,0%@1344,0%@1344,0%@1344,0%@1344],GR3D_FREQ,0%,cpu@51.906C,soc2@49.937C,soc0@50.781C,gpu@51.968C,tj@51.968C,soc1@51.031C,VDD_IN,5802mW/5784mW,VDD_CPU_GPU_CV,1428mW/1385mW,VDD_SOC,2420mW/2408mW
07-27-2026,10:09:19,RAM,940/7620MB,(lfb,17x4MB),SWAP,141/3810MB,(cached,2MB),CPU,[9%@1344,9%@1344,0%@1344,10%@1344,0%@1344,0%@1344],GR3D_FREQ,0%,cpu@51.937C,soc2@49.968C,soc0@50.937C,gpu@51.75C,tj@51.937C,soc1@51.187C,VDD_IN,5842mW/5784mW,VDD_CPU_GPU_CV,1428mW/1385mW,VDD_SOC,2420mW/2408mW
07-27-2026,10:09:19,RAM,940/7620MB,(lfb,17x4MB),SWAP,141/3810MB,(cached,2MB),CPU,[10%@1344,0%@1344,9%@1344,18%@1344,10%@1344,9%@1344],GR3D_FREQ,0%,cpu@51.968C,soc2@49.968C,soc0@50.843C,gpu@51.937C,tj@51.968C,soc1@51.218C,VDD_IN,5921mW/5784mW,VDD_CPU_GPU_CV,1428mW/1385mW,VDD_SOC,2420mW/2408mW
07-27-2026,10:09:19,RAM,939/7620MB,(lfb,17x4MB),SWAP,141/3810MB,(cached,2MB),CPU,[9%@1344,9%@1344,0%@1344,0%@1344,9%@1344,0%@1344],GR3D_FREQ,0%,cpu@51.937C,soc2@49.937C,soc0@50.812C,gpu@51.875C,tj@51.875C,soc1@50.875C,VDD_IN,5961mW/5784mW,VDD_CPU_GPU_CV,1428mW/1385mW,VDD_SOC,2420mW/2408mW
07-27-2026,10:09:19,RAM,938/7620MB,(lfb,17x4MB),SWAP,141/3810MB,(cached,2MB),CPU,[18%@1344,9%@1344,0%@1344,0%@1344,9%@1344,0%@1344],GR3D_FREQ,0%,cpu@51.937C,soc2@49.937C,soc0@50.937C,gpu@51.718C,tj@51.937C,soc1@51C,VDD_IN,6001mW/5784mW,VDD_CPU_GPU_CV,1428mW/1386mW,VDD_SOC,2420mW/2408mW
07-27-2026,10:09:19,RAM,937/7620MB,(lfb,17x4MB),SWAP,141/3810MB,(cached,2MB),CPU,[9%@1344,0%@1344,0%@1344,0%@1344,10%@1344,0%@1344],GR3D_FREQ,0%,cpu@51.937C,soc2@50C,soc0@50.968C,gpu@51.718C,tj@51.937C,soc1@51C,VDD_IN,6041mW/5785mW,VDD_CPU_GPU_CV,1428mW/1386mW,VDD_SOC,2420mW/2408mW
07-27-2026,10:09:19,RAM,937/7620MB,(lfb,17x4MB),SWAP,141/3810MB,(cached,2MB),CPU,[10%@1344,9%@1344,0%@1344,0%@1344,0%@1344,0%@1344],GR3D_FREQ,0%,cpu@51.937C,soc2@50.031C,soc0@50.812C,gpu@51.781C,tj@51.937C,soc1@51.156C,VDD_IN,6041mW/5785mW,VDD_CPU_GPU_CV,1428mW/1386mW,VDD_SOC,2420mW/2408mW
07-27-2026,10:09:19,RAM,937/7620MB,(lfb,17x4MB),SWAP,141/3810MB,(cached,2MB),CPU,[9%@1344,0%@1344,0%@1344,8%@1344,16%@1344,0%@1344],GR3D_FREQ,0%,cpu@52.062C,soc2@49.968C,soc0@50.812C,gpu@51.75C,tj@52.062C,soc1@50.968C,VDD_IN,6080mW/5785mW,VDD_CPU_GPU_CV,1428mW/1386mW,VDD_SOC,2420mW/2408mW
07-27-2026,10:09:19,RAM,938/7620MB,(lfb,17x4MB),SWAP,141/3810MB,(cached,2MB),CPU,[18%@1344,9%@1344,0%@1344,0%@1344,0%@1344,0%@1344],GR3D_FREQ,0%,cpu@51.781C,soc2@49.968C,soc0@50.937C,gpu@51.687C,tj@51.781C,soc1@51.031C,VDD_IN,6080mW/5786mW,VDD_CPU_GPU_CV,1428mW/1386mW,VDD_SOC,2420mW/2408mW
07-27-2026,10:09:19,RAM,938/7620MB,(lfb,17x4MB),SWAP,141/3810MB,(cached,2MB),CPU,[10%@1344,0%@1344,0%@1344,0%@1344,9%@1344,0%@1344],GR3D_FREQ,0%,cpu@52.25C,soc2@49.968C,soc0@50.781C,gpu@51.75C,tj@52.25C,soc1@51.25C,VDD_IN,6120mW/5786mW,VDD_CPU_GPU_CV,1428mW/1386mW,VDD_SOC,2420mW/2408mW
07-27-2026,10:09:20,RAM,938/7620MB,(lfb,17x4MB),SWAP,141/3810MB,(cached,2MB),CPU,[16%@1344,9%@1344,8%@1344,0%@1344,16%@1344,0%@1344],GR3D_FREQ,0%,cpu@51.937C,soc2@49.937C,soc0@50.875C,gpu@51.687C,tj@51.937C,soc1@50.906C,VDD_IN,6120mW/5786mW,VDD_CPU_GPU_CV,1428mW/1386mW,VDD_SOC,2420mW/2408mW
07-27-2026,10:09:20,RAM,938/7620MB,(lfb,17x4MB),SWAP,141/3810MB,(cached,2MB),CPU,[10%@1344,0%@1344,0%@1344,0%@1344,10%@1344,0%@1344],GR3D_FREQ,0%,cpu@52.031C,soc2@49.937C,soc0@50.906C,gpu@51.875C,tj@52.031C,soc1@51C,VDD_IN,6160mW/5787mW,VDD_CPU_GPU_CV,1428mW/1386mW,VDD_SOC,2420mW/2408mW
07-27-2026,10:09:20,RAM,938/7620MB,(lfb,17x4MB),SWAP,141/3810MB,(cached,2MB),CPU,[9%@1344,9%@1344,0%@1344,0%@1344,0%@1344,0%@1344],GR3D_FREQ,0%,cpu@52.156C,soc2@50C,soc0@50.75C,gpu@51.75C,tj@52.156C,soc1@51.093C,VDD_IN,6120mW/5787mW,VDD_CPU_GPU_CV,1428mW/1386mW,VDD_SOC,2420mW/2408mW
07-27-2026,10:09:20,RAM,938/7620MB,(lfb,17x4MB),SWAP,141/3810MB,(cached,2MB),CPU,[0%@1344,9%@1344,0%@1344,0%@1344,18%@1344,0%@1344],GR3D_FREQ,0%,cpu@52.156C,soc2@49.968C,soc0@50.656C,gpu@51.687C,tj@52.156C,soc1@51.156C,VDD_IN,6041mW/5788mW,VDD_CPU_GPU_CV,1428mW/1386mW,VDD_SOC,2420mW/2408mW
07-27-2026,10:09:20,RAM,938/7620MB,(lfb,17x4MB),SWAP,141/3810MB,(cached,2MB),CPU,[9%@1344,0%@1344,0%@1344,0%@1344,0%@1344,0%@1344],GR3D_FREQ,0%,cpu@51.937C,soc2@49.906C,soc0@50.812C,gpu@51.812C,tj@51.937C,soc1@50.906C,VDD_IN,6001mW/5788mW,VDD_CPU_GPU_CV,1428mW/1386mW,VDD_SOC,2420mW/2408mW
07-27-2026,10:09:20,RAM,938/7620MB,(lfb,17x4MB),SWAP,141/3810MB,(cached,2MB),CPU,[9%@1344,8%@1344,0%@1344,0%@1344,9%@1344,0%@1344],GR3D_FREQ,0%,cpu@51.906C,soc2@49.906C,soc0@50.906C,gpu@51.687C,tj@51.906C,soc1@50.968C,VDD_IN,5961mW/5788mW,VDD_CPU_GPU_CV,1428mW/1386mW,VDD_SOC,2420mW/2408mW
07-27-2026,10:09:20,RAM,938/7620MB,(lfb,17x4MB),SWAP,141/3810MB,(cached,2MB),CPU,[18%@1344,0%@1344,8%@1344,0%@1344,0%@1344,0%@1344],GR3D_FREQ,0%,cpu@52.062C,soc2@50C,soc0@51C,gpu@51.687C,tj@52.062C,soc1@51.125C,VDD_IN,5921mW/5788mW,VDD_CPU_GPU_CV,1428mW/1386mW,VDD_SOC,2420mW/2408mW
07-27-2026,10:09:20,RAM,938/7620MB,(lfb,17x4MB),SWAP,141/3810MB,(cached,2MB),CPU,[9%@1344,0%@1344,0%@1344,0%@1344,9%@1344,0%@1344],GR3D_FREQ,0%,cpu@52.187C,soc2@50.156C,soc0@50.781C,gpu@51.812C,tj@52.187C,soc1@51.125C,VDD_IN,5882mW/5788mW,VDD_CPU_GPU_CV,1428mW/1386mW,VDD_SOC,2420mW/2408mW
07-27-2026,10:09:20,RAM,938/7620MB,(lfb,17x4MB),SWAP,141/3810MB,(cached,2MB),CPU,[9%@1344,9%@1344,0%@1344,0%@1344,9%@1344,0%@1344],GR3D_FREQ,0%,cpu@51.875C,soc2@50C,soc0@50.812C,gpu@51.75C,tj@51.875C,soc1@50.843C,VDD_IN,5882mW/5788mW,VDD_CPU_GPU_CV,1428mW/1386mW,VDD_SOC,2420mW/2408mW
07-27-2026,10:09:20,RAM,938/7620MB,(lfb,17x4MB),SWAP,141/3810MB,(cached,2MB),CPU,[9%@1344,8%@1344,0%@1344,0%@1344,10%@1344,0%@1344],GR3D_FREQ,0%,cpu@51.937C,soc2@49.968C,soc0@50.937C,gpu@51.593C,tj@51.937C,soc1@51.062C,VDD_IN,5882mW/5789mW,VDD_CPU_GPU_CV,1428mW/1386mW,VDD_SOC,2420mW/2408mW
07-27-2026,10:09:21,RAM,938/7620MB,(lfb,17x4MB),SWAP,141/3810MB,(cached,2MB),CPU,[10%@1344,0%@1344,0%@1344,0%@1344,9%@1344,0%@1344],GR3D_FREQ,0%,cpu@51.937C,soc2@50C,soc0@50.968C,gpu@51.593C,tj@51.968C,soc1@51.093C,VDD_IN,5842mW/5789mW,VDD_CPU_GPU_CV,1428mW/1386mW,VDD_SOC,2420mW/2408mW
07-27-2026,10:09:21,RAM,938/7620MB,(lfb,17x4MB),SWAP,141/3810MB,(cached,2MB),CPU,[0%@1344,0%@1344,0%@1344,18%@1344,9%@1344,0%@1344],GR3D_FREQ,0%,cpu@52.125C,soc2@50.125C,soc0@50.718C,gpu@51.75C,tj@52.125C,soc1@51.093C,VDD_IN,5882mW/5789mW,VDD_CPU_GPU_CV,1428mW/1386mW,VDD_SOC,2420mW/2408mW
07-27-2026,10:09:21,RAM,938/7620MB,(lfb,17x4MB),SWAP,141/3810MB,(cached,2MB),CPU,[10%@1344,0%@1344,0%@1344,9%@1344,0%@1344,0%@1344],GR3D_FREQ,0%,cpu@52.093C,soc2@49.968C,soc0@50.687C,gpu@51.687C,tj@51.812C,soc1@50.968C,VDD_IN,5842mW/5789mW,VDD_CPU_GPU_CV,1428mW/1386mW,VDD_SOC,2420mW/2408mW
07-27-2026,10:09:21,RAM,938/7620MB,(lfb,17x4MB),SWAP,141/3810MB,(cached,2MB),CPU,[9%@1344,8%@1344,0%@1344,9%@1344,8%@1344,0%@1344],GR3D_FREQ,0%,cpu@51.937C,soc2@49.968C,soc0@50.875C,gpu@52.187C,tj@52.187C,soc1@51.062C,VDD_IN,5842mW/5789mW,VDD_CPU_GPU_CV,1428mW/1387mW,VDD_SOC,2420mW/2408mW
07-27-2026,10:09:21,RAM,938/7620MB,(lfb,17x4MB),SWAP,141/3810MB,(cached,2MB),CPU,[10%@1344,0%@1344,0%@1344,0%@1344,0%@1344,0%@1344],GR3D_FREQ,0%,cpu@52C,soc2@50C,soc0@50.937C,gpu@52C,tj@52C,soc1@51.062C,VDD_IN,5842mW/5789mW,VDD_CPU_GPU_CV,1428mW/1387mW,VDD_SOC,2420mW/2408mW
07-27-2026,10:09:21,RAM,938/7620MB,(lfb,17x4MB),SWAP,141/3810MB,(cached,2MB),CPU,[16%@1344,0%@1344,0%@1344,9%@1344,0%@1344,0%@1344],GR3D_FREQ,0%,cpu@52.062C,soc2@50.093C,soc0@50.75C,gpu@51.687C,tj@52.062C,soc1@51.25C,VDD_IN,5842mW/5789mW,VDD_CPU_GPU_CV,1388mW/1387mW,VDD_SOC,2420mW/2408mW
07-27-2026,10:09:21,RAM,938/7620MB,(lfb,17x4MB),SWAP,141/3810MB,(cached,2MB),CPU,[0%@1344,0%@1344,8%@1344,9%@1344,0%@1344,0%@1344],GR3D_FREQ,0%,cpu@52C,soc2@50.062C,soc0@50.687C,gpu@52.218C,tj@52.218C,soc1@50.875C,VDD_IN,5802mW/5789mW,VDD_CPU_GPU_CV,1388mW/1387mW,VDD_SOC,2420mW/2408mW
07-27-2026,10:09:21,RAM,938/7620MB,(lfb,17x4MB),SWAP,141/3810MB,(cached,2MB),CPU,[23%@1344,8%@1344,0%@1344,18%@1344,0%@1344,0%@1344],GR3D_FREQ,0%,cpu@52.218C,soc2@49.968C,soc0@50.781C,gpu@51.656C,tj@52.218C,soc1@51.187C,VDD_IN,5842mW/5789mW,VDD_CPU_GPU_CV,1428mW/1387mW,VDD_SOC,2420mW/2408mW
07-27-2026,10:09:21,RAM,938/7620MB,(lfb,17x4MB),SWAP,141/3810MB,(cached,2MB),CPU,[10%@1344,9%@1344,0%@1344,0%@1344,0%@1344,0%@1344],GR3D_FREQ,0%,cpu@52.406C,soc2@49.968C,soc0@50.75C,gpu@51.656C,tj@52.406C,soc1@51.25C,VDD_IN,5842mW/5789mW,VDD_CPU_GPU_CV,1428mW/1387mW,VDD_SOC,2420mW/2408mW
07-27-2026,10:09:22,RAM,938/7620MB,(lfb,17x4MB),SWAP,141/3810MB,(cached,2MB),CPU,[0%@1344,0%@1344,0%@1344,9%@1344,0%@1344,0%@1344],GR3D_FREQ,0%,cpu@51.875C,soc2@49.968C,soc0@50.781C,gpu@51.687C,tj@51.875C,soc1@51C,VDD_IN,5842mW/5789mW,VDD_CPU_GPU_CV,1428mW/1387mW,VDD_SOC,2420mW/2408mW
07-27-2026,10:09:22,RAM,938/7620MB,(lfb,17x4MB),SWAP,141/3810MB,(cached,2MB),CPU,[9%@1344,9%@1344,9%@1344,10%@1344,0%@1344,9%@1344],GR3D_FREQ,0%,cpu@52.031C,soc2@49.906C,soc0@50.843C,gpu@51.687C,tj@52.031C,soc1@50.968C,VDD_IN,5842mW/5789mW,VDD_CPU_GPU_CV,1428mW/1387mW,VDD_SOC,2420mW/2408mW
07-27-2026,10:09:22,RAM,938/7620MB,(lfb,17x4MB),SWAP,141/3810MB,(cached,2MB),CPU,[10%@1344,0%@1344,0%@1344,9%@1344,0%@1344,0%@1344],GR3D_FREQ,0%,cpu@52.125C,soc2@50.125C,soc0@51.062C,gpu@51.656C,tj@52.125C,soc1@51.25C,VDD_IN,5842mW/5789mW,VDD_CPU_GPU_CV,1428mW/1387mW,VDD_SOC,2420mW/2408mW
07-27-2026,10:09:22,RAM,938/7620MB,(lfb,17x4MB),SWAP,141/3810MB,(cached,2MB),CPU,[16%@1344,0%@1344,0%@1344,10%@1344,0%@1344,0%@1344],GR3D_FREQ,0%,cpu@52.343C,soc2@49.906C,soc0@50.687C,gpu@52C,tj@52.343C,soc1@50.843C,VDD_IN,5842mW/5789mW,VDD_CPU_GPU_CV,1428mW/1387mW,VDD_SOC,2420mW/2408mW
07-27-2026,10:09:22,RAM,938/7620MB,(lfb,17x4MB),SWAP,141/3810MB,(cached,2MB),CPU,[9%@1344,16%@1344,0%@1344,0%@1344,0%@1344,0%@1344],GR3D_FREQ,0%,cpu@51.843C,soc2@49.968C,soc0@50.812C,gpu@51.593C,tj@51.843C,soc1@50.843C,VDD_IN,5842mW/5789mW,VDD_CPU_GPU_CV,1428mW/1387mW,VDD_SOC,2420mW/2408mW
07-27-2026,10:09:22,RAM,938/7620MB,(lfb,17x4MB),SWAP,141/3810MB,(cached,2MB),CPU,[0%@1344,0%@1344,0%@1344,9%@1344,0%@1344,0%@1344],GR3D_FREQ,0%,cpu@51.937C,soc2@50C,soc0@50.937C,gpu@51.656C,tj@51.937C,soc1@51.062C,VDD_IN,5842mW/5790mW,VDD_CPU_GPU_CV,1428mW/1387mW,VDD_SOC,2420mW/2408mW
07-27-2026,10:09:22,RAM,938/7620MB,(lfb,17x4MB),SWAP,141/3810MB,(cached,2MB),CPU,[9%@1344,0%@1344,0%@1344,10%@1344,0%@1344,0%@1344],GR3D_FREQ,0%,cpu@52.031C,soc2@49.968C,soc0@51C,gpu@52.031C,tj@52.031C,soc1@51C,VDD_IN,5842mW/5790mW,VDD_CPU_GPU_CV,1428mW/1387mW,VDD_SOC,2420mW/2408mW
07-27-2026,10:09:22,RAM,938/7620MB,(lfb,17x4MB),SWAP,141/3810MB,(cached,2MB),CPU,[9%@1344,0%@1344,0%@1344,16%@1344,0%@1344,0%@1344],GR3D_FREQ,0%,cpu@52.187C,soc2@50.031C,soc0@50.75C,gpu@51.625C,tj@52.187C,soc1@51.25C,VDD_IN,5842mW/5790mW,VDD_CPU_GPU_CV,1388mW/1387mW,VDD_SOC,2420mW/2408mW
07-27-2026,10:09:22,RAM,938/7620MB,(lfb,17x4MB),SWAP,141/3810MB,(cached,2MB),CPU,[9%@1344,0%@1344,0%@1344,0%@1344,0%@1344,0%@1344],GR3D_FREQ,0%,cpu@51.75C,soc2@49.968C,soc0@50.812C,gpu@52.156C,tj@52.156C,soc1@50.843C,VDD_IN,5802mW/5790mW,VDD_CPU_GPU_CV,1388mW/1387mW,VDD_SOC,2420mW/2408mW
07-27-2026,10:09:22,RAM,938/7620MB,(lfb,17x4MB),SWAP,141/3810MB,(cached,2MB),CPU,[0%@1344,0%@1344,0%@1344,18%@1344,0%@1344,0%@1344],GR3D_FREQ,0%,cpu@51.937C,soc2@49.968C,soc0@50.968C,gpu@51.937C,tj@51.937C,soc1@51.031C,VDD_IN,5802mW/5790mW,VDD_CPU_GPU_CV,1388mW/1387mW,VDD_SOC,2420mW/2408mW
07-27-2026,10:09:23,RAM,939/7620MB,(lfb,17x4MB),SWAP,141/3810MB,(cached,2MB),CPU,[16%@1344,8%@1344,0%@1344,9%@1344,0%@1344,0%@1344],GR3D_FREQ,0%,cpu@52.093C,soc2@50C,soc0@50.781C,gpu@51.625C,tj@52.093C,soc1@51.031C,VDD_IN,5802mW/5790mW,VDD_CPU_GPU_CV,1388mW/1387mW,VDD_SOC,2420mW/2408mW
07-27-2026,10:09:23,RAM,938/7620MB,(lfb,17x4MB),SWAP,141/3810MB,(cached,2MB),CPU,[18%@1344,9%@1344,0%@1344,0%@1344,0%@1344,0%@1344],GR3D_FREQ,0%,cpu@52C,soc2@50.062C,soc0@50.718C,gpu@52.187C,tj@52.187C,soc1@51.218C,VDD_IN,5842mW/5790mW,VDD_CPU_GPU_CV,1428mW/1387mW,VDD_SOC,2420mW/2408mW
07-27-2026,10:09:23,RAM,938/7620MB,(lfb,17x4MB),SWAP,141/3810MB,(cached,2MB),CPU,[9%@1344,0%@1344,0%@1344,10%@1344,0%@1344,0%@1344],GR3D_FREQ,0%,cpu@51.875C,soc2@50C,soc0@50.906C,gpu@51.968C,tj@51.968C,soc1@50.812C,VDD_IN,5842mW/5790mW,VDD_CPU_GPU_CV,1428mW/1387mW,VDD_SOC,2420mW/2408mW
07-27-2026,10:09:23,RAM,938/7620MB,(lfb,17x4MB),SWAP,141/3810MB,(cached,2MB),CPU,[10%@1344,0%@1344,0%@1344,9%@1344,0%@1344,0%@1344],GR3D_FREQ,0%,cpu@51.968C,soc2@49.968C,soc0@50.968C,gpu@51.781C,tj@51.968C,soc1@51C,VDD_IN,5842mW/5790mW,VDD_CPU_GPU_CV,1388mW/1387mW,VDD_SOC,2420mW/2408mW
07-27-2026,10:09:23,RAM,938/7620MB,(lfb,17x4MB),SWAP,141/3810MB,(cached,2MB),CPU,[0%@1344,0%@1344,0%@1344,0%@1344,0%@1344,0%@1344],GR3D_FREQ,0%,cpu@52.093C,soc2@50.062C,soc0@51.031C,gpu@52.156C,tj@52.156C,soc1@51.093C,VDD_IN,5802mW/5790mW,VDD_CPU_GPU_CV,1388mW/1387mW,VDD_SOC,2420mW/2408mW
07-27-2026,10:09:23,RAM,938/7620MB,(lfb,17x4MB),SWAP,141/3810MB,(cached,2MB),CPU,[9%@1344,0%@1344,0%@1344,18%@1344,0%@1344,0%@1344],GR3D_FREQ,0%,cpu@52C,soc2@50.031C,soc0@50.781C,gpu@51.906C,tj@52C,soc1@51.156C,VDD_IN,5802mW/5790mW,VDD_CPU_GPU_CV,1388mW/1387mW,VDD_SOC,2420mW/2408mW
07-27-2026,10:09:23,RAM,938/7620MB,(lfb,17x4MB),SWAP,141/3810MB,(cached,2MB),CPU,[18%@1344,0%@1344,0%@1344,16%@1344,8%@1344,0%@1344],GR3D_FREQ,0%,cpu@51.843C,soc2@49.875C,soc0@50.937C,gpu@51.687C,tj@51.843C,soc1@50.968C,VDD_IN,5802mW/5790mW,VDD_CPU_GPU_CV,1428mW/1387mW,VDD_SOC,2420mW/2408mW
07-27-2026,10:09:23,RAM,938/7620MB,(lfb,17x4MB),SWAP,141/3810MB,(cached,2MB),CPU,[0%@1344,0%@1344,0%@1344,0%@1344,0%@1344,0%@1344],GR3D_FREQ,0%,cpu@52.343C,soc2@49.968C,soc0@51.031C,gpu@52C,tj@52.343C,soc1@51.062C,VDD_IN,5842mW/5790mW,VDD_CPU_GPU_CV,1428mW/1387mW,VDD_SOC,2420mW/2408mW
07-27-2026,10:09:23,RAM,938/7620MB,(lfb,17x4MB),SWAP,141/3810MB,(cached,2MB),CPU,[10%@1344,0%@1344,0%@1344,9%@1344,0%@1344,0%@1344],GR3D_FREQ,0%,cpu@51.937C,soc2@49.937C,soc0@50.843C,gpu@51.812C,tj@51.937C,soc1@50.843C,VDD_IN,5842mW/5790mW,VDD_CPU_GPU_CV,1428mW/1387mW,VDD_SOC,2420mW/2409mW
07-27-2026,10:09:24,RAM,938/7620MB,(lfb,17x4MB),SWAP,141/3810MB,(cached,2MB),CPU,[16%@1344,0%@1344,0%@1344,0%@1344,0%@1344,0%@1344],GR3D_FREQ,0%,cpu@51.906C,soc2@49.968C,soc0@50.718C,gpu@52.187C,tj@52.187C,soc1@50.906C,VDD_IN,5842mW/5790mW,VDD_CPU_GPU_CV,1428mW/1387mW,VDD_SOC,2420mW/2409mW
07-27-2026,10:09:24,RAM,938/7620MB,(lfb,17x4MB),SWAP,141/3810MB,(cached,2MB),CPU,[9%@1344,0%@1344,0%@1344,16%@1344,0%@1344,0%@1344],GR3D_FREQ,0%,cpu@51.843C,soc2@49.968C,soc0@50.937C,gpu@51.937C,tj@51.937C,soc1@51C,VDD_IN,5842mW/5790mW,VDD_CPU_GPU_CV,1428mW/1387mW,VDD_SOC,2420mW/2409mW
07-27-2026,10:09:24,RAM,938/7620MB,(lfb,17x4MB),SWAP,141/3810MB,(cached,2MB),CPU,[18%@1344,8%@1344,27%@1344,9%@1344,9%@1344,0%@1344],GR3D_FREQ,0%,cpu@52.312C,soc2@49.968C,soc0@50.718C,gpu@51.843C,tj@52.312C,soc1@51.031C,VDD_IN,5921mW/5790mW,VDD_CPU_GPU_CV,1468mW/1387mW,VDD_SOC,2420mW/2409mW
07-27-2026,10:09:24,RAM,938/7620MB,(lfb,17x4MB),SWAP,141/3810MB,(cached,2MB),CPU,[0%@1344,0%@1344,0%@1344,10%@1344,0%@1344,0%@1344],GR3D_FREQ,0%,cpu@51.968C,soc2@49.875C,soc0@50.843C,gpu@51.781C,tj@51.968C,soc1@51.187C,VDD_IN,5961mW/5791mW,VDD_CPU_GPU_CV,1428mW/1387mW,VDD_SOC,2420mW/2409mW
07-27-2026,10:09:24,RAM,938/7620MB,(lfb,17x4MB),SWAP,141/3810MB,(cached,2MB),CPU,[10%@1344,0%@1344,0%@1344,9%@1344,0%@1344,0%@1344],GR3D_FREQ,0%,cpu@51.843C,soc2@49.937C,soc0@50.75C,gpu@51.937C,tj@51.937C,soc1@50.937C,VDD_IN,6041mW/5791mW,VDD_CPU_GPU_CV,1428mW/1388mW,VDD_SOC,2420mW/2409mW
07-27-2026,10:09:24,RAM,938/7620MB,(lfb,17x4MB),SWAP,141/3810MB,(cached,2MB),CPU,[9%@1344,0%@1344,0%@1344,10%@1344,0%@1344,0%@1344],GR3D_FREQ,0%,cpu@51.875C,soc2@49.875C,soc0@50.937C,gpu@51.875C,tj@52C,soc1@51.031C,VDD_IN,6041mW/5791mW,VDD_CPU_GPU_CV,1428mW/1388mW,VDD_SOC,2420mW/2409mW
07-27-2026,10:09:24,RAM,938/7620MB,(lfb,17x4MB),SWAP,141/3810MB,(cached,2MB),CPU,[9%@1344,0%@1344,8%@1344,9%@1344,0%@1344,0%@1344],GR3D_FREQ,0%,cpu@52.125C,soc2@50C,soc0@50.812C,gpu@51.687C,tj@52.125C,soc1@51.093C,VDD_IN,6080mW/5791mW,VDD_CPU_GPU_CV,1428mW/1388mW,VDD_SOC,2420mW/2409mW
07-27-2026,10:09:24,RAM,938/7620MB,(lfb,17x4MB),SWAP,141/3810MB,(cached,2MB),CPU,[10%@1344,0%@1344,0%@1344,10%@1344,0%@1344,9%@1344],GR3D_FREQ,0%,cpu@51.906C,soc2@50.093C,soc0@50.781C,gpu@51.906C,tj@51.906C,soc1@51.156C,VDD_IN,6120mW/5792mW,VDD_CPU_GPU_CV,1428mW/1388mW,VDD_SOC,2420mW/2409mW
07-27-2026,10:09:24,RAM,938/7620MB,(lfb,17x4MB),SWAP,141/3810MB,(cached,2MB),CPU,[9%@1344,0%@1344,0%@1344,10%@1344,0%@1344,0%@1344],GR3D_FREQ,0%,cpu@51.812C,soc2@49.937C,soc0@50.875C,gpu@51.781C,tj@51.812C,soc1@50.937C,VDD_IN,6120mW/5792mW,VDD_CPU_GPU_CV,1428mW/1388mW,VDD_SOC,2420mW/2409mW
07-27-2026,10:09:24,RAM,938/7620MB,(lfb,17x4MB),SWAP,141/3810MB,(cached,2MB),CPU,[10%@1344,9%@1344,0%@1344,9%@1344,0%@1344,0%@1344],GR3D_FREQ,0%,cpu@52.062C,soc2@49.906C,soc0@50.718C,gpu@51.718C,tj@52.062C,soc1@51.062C,VDD_IN,6160mW/5793mW,VDD_CPU_GPU_CV,1428mW/1388mW,VDD_SOC,2420mW/2409mW
07-27-2026,10:09:25,RAM,938/7620MB,(lfb,17x4MB),SWAP,141/3810MB,(cached,2MB),CPU,[9%@1344,0%@1344,9%@1344,0%@1344,0%@1344,0%@1344],GR3D_FREQ,0%,cpu@52.093C,soc2@50.062C,soc0@50.968C,gpu@51.968C,tj@52.125C,soc1@51.093C,VDD_IN,6160mW/5793mW,VDD_CPU_GPU_CV,1428mW/1388mW,VDD_SOC,2420mW/2409mW
07-27-2026,10:09:25,RAM,938/7620MB,(lfb,17x4MB),SWAP,141/3810MB,(cached,2MB),CPU,[9%@1344,0%@1344,0%@1344,16%@1344,10%@1344,0%@1344],GR3D_FREQ,0%,cpu@52.406C,soc2@49.968C,soc0@50.906C,gpu@51.843C,tj@52.406C,soc1@51.093C,VDD_IN,6120mW/5793mW,VDD_CPU_GPU_CV,1428mW/1388mW,VDD_SOC,2420mW/2409mW
07-27-2026,10:09:25,RAM,939/7620MB,(lfb,17x4MB),SWAP,141/3810MB,(cached,2MB),CPU,[0%@1344,0%@1344,0%@1344,0%@1344,8%@1344,0%@1344],GR3D_FREQ,0%,cpu@51.875C,soc2@49.843C,soc0@50.906C,gpu@51.687C,tj@51.875C,soc1@50.968C,VDD_IN,6041mW/5794mW,VDD_CPU_GPU_CV,1428mW/1388mW,VDD_SOC,2420mW/2409mW
07-27-2026,10:09:25,RAM,938/7620MB,(lfb,17x4MB),SWAP,141/3810MB,(cached,2MB),CPU,[23%@1344,8%@1344,0%@1344,18%@1344,0%@1344,0%@1344],GR3D_FREQ,0%,cpu@52.093C,soc2@50C,soc0@50.968C,gpu@51.625C,tj@52.093C,soc1@51C,VDD_IN,6001mW/5794mW,VDD_CPU_GPU_CV,1428mW/1388mW,VDD_SOC,2420mW/2409mW
07-27-2026,10:09:25,RAM,939/7620MB,(lfb,17x4MB),SWAP,141/3810MB,(cached,2MB),CPU,[10%@1344,9%@1344,0%@1344,0%@1344,0%@1344,0%@1344],GR3D_FREQ,0%,cpu@52.093C,soc2@50.031C,soc0@51.062C,gpu@51.718C,tj@52.093C,soc1@51.156C,VDD_IN,5961mW/5794mW,VDD_CPU_GPU_CV,1428mW/1388mW,VDD_SOC,2420mW/2409mW
07-27-2026,10:09:25,RAM,939/7620MB,(lfb,17x4MB),SWAP,141/3810MB,(cached,2MB),CPU,[9%@1344,0%@1344,9%@1344,18%@1344,0%@1344,0%@1344],GR3D_FREQ,0%,cpu@51.875C,soc2@49.968C,soc0@50.812C,gpu@52.062C,tj@52.062C,soc1@50.875C,VDD_IN,5921mW/5794mW,VDD_CPU_GPU_CV,1428mW/1388mW,VDD_SOC,2420mW/2409mW
07-27-2026,10:09:25,RAM,939/7620MB,(lfb,17x4MB),SWAP,141/3810MB,(cached,2MB),CPU,[9%@1344,0%@1344,0%@1344,9%@1344,0%@1344,0%@1344],GR3D_FREQ,0%,cpu@51.906C,soc2@49.937C,soc0@50.843C,gpu@51.812C,tj@51.906C,soc1@50.968C,VDD_IN,5921mW/5794mW,VDD_CPU_GPU_CV,1428mW/1388mW,VDD_SOC,2420mW/2409mW
07-27-2026,10:09:25,RAM,938/7620MB,(lfb,17x4MB),SWAP,141/3810MB,(cached,2MB),CPU,[10%@1344,0%@1344,0%@1344,0%@1344,0%@1344,9%@1344],GR3D_FREQ,0%,cpu@52.093C,soc2@50C,soc0@51C,gpu@51.687C,tj@52.093C,soc1@51.031C,VDD_IN,5882mW/5795mW,VDD_CPU_GPU_CV,1428mW/1388mW,VDD_SOC,2420mW/2409mW
07-27-2026,10:09:25,RAM,939/7620MB,(lfb,17x4MB),SWAP,141/3810MB,(cached,2MB),CPU,[9%@1344,0%@1344,0%@1344,9%@1344,0%@1344,0%@1344],GR3D_FREQ,0%,cpu@51.937C,soc2@49.968C,soc0@50.75C,gpu@52C,tj@52C,soc1@51.187C,VDD_IN,5882mW/5795mW,VDD_CPU_GPU_CV,1428mW/1388mW,VDD_SOC,2420mW/2409mW
07-27-2026,10:09:26,RAM,939/7620MB,(lfb,17x4MB),SWAP,141/3810MB,(cached,2MB),CPU,[9%@1344,0%@1344,0%@1344,9%@1344,0%@1344,0%@1344],GR3D_FREQ,0%,cpu@51.937C,soc2@49.906C,soc0@50.843C,gpu@51.812C,tj@51.937C,soc1@50.968C,VDD_IN,5882mW/5795mW,VDD_CPU_GPU_CV,1428mW/1388mW,VDD_SOC,2420mW/2409mW
07-27-2026,10:09:26,RAM,939/7620MB,(lfb,17x4MB),SWAP,141/3810MB,(cached,2MB),CPU,[0%@1344,9%@1344,0%@1344,10%@1344,0%@1344,0%@1344],GR3D_FREQ,0%,cpu@51.937C,soc2@49.968C,soc0@50.906C,gpu@51.656C,tj@51.937C,soc1@51C,VDD_IN,5842mW/5795mW,VDD_CPU_GPU_CV,1428mW/1388mW,VDD_SOC,2420mW/2409mW
07-27-2026,10:09:26,RAM,939/7620MB,(lfb,17x4MB),SWAP,141/3810MB,(cached,2MB),CPU,[16%@1344,0%@1344,0%@1344,9%@1344,16%@1344,0%@1344],GR3D_FREQ,0%,cpu@51.968C,soc2@50.062C,soc0@50.718C,gpu@51.937C,tj@51.968C,soc1@50.937C,VDD_IN,5882mW/5795mW,VDD_CPU_GPU_CV,1428mW/1388mW,VDD_SOC,2420mW/2409mW
07-27-2026,10:09:26,RAM,939/7620MB,(lfb,17x4MB),SWAP,141/3810MB,(cached,2MB),CPU,[10%@1344,0%@1344,0%@1344,0%@1344,0%@1344,0%@1344],GR3D_FREQ,0%,cpu@52.093C,soc2@49.968C,soc0@50.781C,gpu@51.843C,tj@52.093C,soc1@51.187C,VDD_IN,5842mW/5795mW,VDD_CPU_GPU_CV,1428mW/1388mW,VDD_SOC,2420mW/2409mW
07-27-2026,10:09:26,RAM,939/7620MB,(lfb,17x4MB),SWAP,141/3810MB,(cached,2MB),CPU,[9%@1344,0%@1344,0%@1344,9%@1344,0%@1344,9%@1344],GR3D_FREQ,0%,cpu@51.843C,soc2@50.031C,soc0@50.687C,gpu@51.718C,tj@51.843C,soc1@51.031C,VDD_IN,5842mW/5795mW,VDD_CPU_GPU_CV,1428mW/1388mW,VDD_SOC,2420mW/2409mW
07-27-2026,10:09:26,RAM,939/7620MB,(lfb,17x4MB),SWAP,141/3810MB,(cached,2MB),CPU,[9%@1344,0%@1344,0%@1344,10%@1344,0%@1344,0%@1344],GR3D_FREQ,0%,cpu@51.968C,soc2@49.968C,soc0@50.906C,gpu@51.687C,tj@51.968C,soc1@50.968C,VDD_IN,5842mW/5795mW,VDD_CPU_GPU_CV,1428mW/1388mW,VDD_SOC,2420mW/2409mW
07-27-2026,10:09:26,RAM,939/7620MB,(lfb,17x4MB),SWAP,141/3810MB,(cached,2MB),CPU,[9%@1344,0%@1344,0%@1344,9%@1344,0%@1344,0%@1344],GR3D_FREQ,0%,cpu@51.906C,soc2@49.937C,soc0@50.75C,gpu@51.75C,tj@51.906C,soc1@51.062C,VDD_IN,5842mW/5795mW,VDD_CPU_GPU_CV,1428mW/1388mW,VDD_SOC,2420mW/2409mW
07-27-2026,10:09:26,RAM,939/7620MB,(lfb,17x4MB),SWAP,141/3810MB,(cached,2MB),CPU,[10%@1344,0%@1344,0%@1344,9%@1344,0%@1344,0%@1344],GR3D_FREQ,0%,cpu@52.093C,soc2@50.156C,soc0@50.718C,gpu@51.687C,tj@52.093C,soc1@51.281C,VDD_IN,5802mW/5795mW,VDD_CPU_GPU_CV,1388mW/1388mW,VDD_SOC,2420mW/2409mW
07-27-2026,10:09:26,RAM,939/7620MB,(lfb,17x4MB),SWAP,141/3810MB,(cached,2MB),CPU,[9%@1344,8%@1344,0%@1344,0%@1344,8%@1344,0%@1344],GR3D_FREQ,0%,cpu@51.968C,soc2@49.968C,soc0@50.843C,gpu@51.656C,tj@51.75C,soc1@50.968C,VDD_IN,5802mW/5795mW,VDD_CPU_GPU_CV,1388mW/1388mW,VDD_SOC,2420mW/2409mW
07-27-2026,10:09:26,RAM,939/7620MB,(lfb,17x4MB),SWAP,141/3810MB,(cached,2MB),CPU,[9%@1344,0%@1344,0%@1344,9%@1344,0%@1344,9%@1344],GR3D_FREQ,0%,cpu@51.937C,soc2@49.968C,soc0@50.968C,gpu@51.718C,tj@51.937C,soc1@51.031C,VDD_IN,5802mW/5795mW,VDD_CPU_GPU_CV,1388mW/1388mW,VDD_SOC,2420mW/2409mW
07-27-2026,10:09:27,RAM,939/7620MB,(lfb,17x4MB),SWAP,141/3810MB,(cached,2MB),CPU,[10%@1344,0%@1344,0%@1344,9%@1344,0%@1344,9%@1344],GR3D_FREQ,0%,cpu@52C,soc2@49.906C,soc0@50.968C,gpu@51.687C,tj@52C,soc1@50.937C,VDD_IN,5802mW/5795mW,VDD_CPU_GPU_CV,1388mW/1388mW,VDD_SOC,2420mW/2409mW
07-27-2026,10:09:27,RAM,940/7620MB,(lfb,17x4MB),SWAP,141/3810MB,(cached,2MB),CPU,[9%@1344,0%@1344,0%@1344,10%@1344,16%@1344,0%@1344],GR3D_FREQ,0%,cpu@52C,soc2@50C,soc0@50.75C,gpu@51.656C,tj@52C,soc1@51.156C,VDD_IN,5842mW/5795mW,VDD_CPU_GPU_CV,1428mW/1389mW,VDD_SOC,2420mW/2409mW
07-27-2026,10:09:27,RAM,940/7620MB,(lfb,17x4MB),SWAP,141/3810MB,(cached,2MB),CPU,[10%@1344,9%@1344,0%@1344,0%@1344,0%@1344,0%@1344],GR3D_FREQ,0%,cpu@52.125C,soc2@50C,soc0@50.843C,gpu@51.812C,tj@52.125C,soc1@50.906C,VDD_IN,5842mW/5795mW,VDD_CPU_GPU_CV,1428mW/1389mW,VDD_SOC,2420mW/2409mW
07-27-2026,10:09:27,RAM,940/7620MB,(lfb,17x4MB),SWAP,141/3810MB,(cached,2MB),CPU,[9%@1344,0%@1344,0%@1344,16%@1344,8%@1344,0%@1344],GR3D_FREQ,0%,cpu@51.812C,soc2@50.031C,soc0@50.812C,gpu@51.687C,tj@51.812C,soc1@51.031C,VDD_IN,5802mW/5795mW,VDD_CPU_GPU_CV,1388mW/1389mW,VDD_SOC,2420mW/2409mW
07-27-2026,10:09:27,RAM,940/7620MB,(lfb,17x4MB),SWAP,141/3810MB,(cached,2MB),CPU,[9%@1344,8%@1344,8%@1344,10%@1344,0%@1344,0%@1344],GR3D_FREQ,0%,cpu@52.281C,soc2@50.062C,soc0@50.687C,gpu@51.781C,tj@52.281C,soc1@51.218C,VDD_IN,5842mW/5795mW,VDD_CPU_GPU_CV,1428mW/1389mW,VDD_SOC,2420mW/2409mW
07-27-2026,10:09:27,RAM,940/7620MB,(lfb,17x4MB),SWAP,141/3810MB,(cached,2MB),CPU,[10%@1344,0%@1344,0%@1344,9%@1344,0%@1344,0%@1344],GR3D_FREQ,0%,cpu@51.843C,soc2@49.875C,soc0@50.875C,gpu@51.75C,tj@51.937C,soc1@50.906C,VDD_IN,5842mW/5795mW,VDD_CPU_GPU_CV,1428mW/1389mW,VDD_SOC,2420mW/2409mW
07-27-2026,10:09:27,RAM,940/7620MB,(lfb,17x4MB),SWAP,141/3810MB,(cached,2MB),CPU,[16%@1344,0%@1344,0%@1344,0%@1344,0%@1344,9%@1344],GR3D_FREQ,0%,cpu@52.031C,soc2@49.968C,soc0@50.875C,gpu@51.687C,tj@52.031C,soc1@50.843C,VDD_IN,5842mW/5795mW,VDD_CPU_GPU_CV,1428mW/1389mW,VDD_SOC,2420mW/2409mW
07-27-2026,10:09:27,RAM,940/7620MB,(lfb,17x4MB),SWAP,141/3810MB,(cached,2MB),CPU,[16%@1344,0%@1344,0%@1344,16%@1344,0%@1344,0%@1344],GR3D_FREQ,0%,cpu@52C,soc2@49.937C,soc0@50.656C,gpu@51.687C,tj@52.156C,soc1@50.968C,VDD_IN,5842mW/5795mW,VDD_CPU_GPU_CV,1428mW/1389mW,VDD_SOC,2420mW/2409mW
07-27-2026,10:09:27,RAM,940/7620MB,(lfb,17x4MB),SWAP,141/3810MB,(cached,2MB),CPU,[0%@1344,0%@1344,0%@1344,0%@1344,0%@1344,0%@1344],GR3D_FREQ,0%,cpu@52.062C,soc2@50.062C,soc0@50.781C,gpu@51.687C,tj@52.062C,soc1@51.218C,VDD_IN,5842mW/5795mW,VDD_CPU_GPU_CV,1428mW/1389mW,VDD_SOC,2420mW/2409mW
07-27-2026,10:09:28,RAM,940/7620MB,(lfb,17x4MB),SWAP,141/3810MB,(cached,2MB),CPU,[10%@1344,0%@1344,0%@1344,9%@1344,9%@1344,9%@1344],GR3D_FREQ,0%,cpu@51.875C,soc2@49.937C,soc0@50.875C,gpu@51.625C,tj@51.875C,soc1@50.968C,VDD_IN,5842mW/5796mW,VDD_CPU_GPU_CV,1428mW/1389mW,VDD_SOC,2420mW/2409mW
07-27-2026,10:09:28,RAM,940/7620MB,(lfb,17x4MB),SWAP,141/3810MB,(cached,2MB),CPU,[9%@1344,9%@1344,0%@1344,10%@1344,8%@1344,0%@1344],GR3D_FREQ,0%,cpu@51.937C,soc2@50C,soc0@50.843C,gpu@52.156C,tj@52.156C,soc1@50.937C,VDD_IN,5842mW/5796mW,VDD_CPU_GPU_CV,1428mW/1389mW,VDD_SOC,2420mW/2409mW
07-27-2026,10:09:28,RAM,940/7620MB,(lfb,17x4MB),SWAP,141/3810MB,(cached,2MB),CPU,[9%@1344,8%@1344,0%@1344,9%@1344,9%@1344,0%@1344],GR3D_FREQ,0%,cpu@52.093C,soc2@50.062C,soc0@50.718C,gpu@51.687C,tj@52.093C,soc1@51.125C,VDD_IN,5842mW/5796mW,VDD_CPU_GPU_CV,1428mW/1389mW,VDD_SOC,2420mW/2409mW
07-27-2026,10:09:28,RAM,940/7620MB,(lfb,17x4MB),SWAP,141/3810MB,(cached,2MB),CPU,[0%@1344,0%@1344,0%@1344,0%@1344,0%@1344,0%@1344],GR3D_FREQ,0%,cpu@52.125C,soc2@50.031C,soc0@50.781C,gpu@51.625C,tj@52.125C,soc1@51.125C,VDD_IN,5842mW/5796mW,VDD_CPU_GPU_CV,1428mW/1389mW,VDD_SOC,2420mW/2409mW
07-27-2026,10:09:28,RAM,941/7620MB,(lfb,17x4MB),SWAP,141/3810MB,(cached,2MB),CPU,[9%@1344,0%@1344,0%@1344,10%@1344,0%@1344,0%@1344],GR3D_FREQ,0%,cpu@51.812C,soc2@49.937C,soc0@50.812C,gpu@52.156C,tj@52.156C,soc1@50.875C,VDD_IN,5842mW/5796mW,VDD_CPU_GPU_CV,1428mW/1389mW,VDD_SOC,2420mW/2409mW
07-27-2026,10:09:28,RAM,940/7620MB,(lfb,17x4MB),SWAP,141/3810MB,(cached,2MB),CPU,[9%@1344,0%@1344,0%@1344,9%@1344,0%@1344,9%@1344],GR3D_FREQ,0%,cpu@51.968C,soc2@50C,soc0@50.843C,gpu@51.625C,tj@51.968C,soc1@50.906C,VDD_IN,5802mW/5796mW,VDD_CPU_GPU_CV,1428mW/1389mW,VDD_SOC,2420mW/2409mW
07-27-2026,10:09:28,RAM,941/7620MB,(lfb,17x4MB),SWAP,141/3810MB,(cached,2MB),CPU,[18%@1344,9%@1344,0%@1344,9%@1344,0%@1344,0%@1344],GR3D_FREQ,0%,cpu@52.031C,soc2@50.031C,soc0@50.968C,gpu@51.687C,tj@52.031C,soc1@51.031C,VDD_IN,5802mW/5796mW,VDD_CPU_GPU_CV,1388mW/1389mW,VDD_SOC,2420mW/2409mW
07-27-2026,10:09:28,RAM,940/7620MB,(lfb,17x4MB),SWAP,141/3810MB,(cached,2MB),CPU,[9%@1344,0%@1344,0%@1344,10%@1344,9%@1344,8%@1344],GR3D_FREQ,0%,cpu@51.968C,soc2@49.968C,soc0@50.812C,gpu@52.125C,tj@52.125C,soc1@51.312C,VDD_IN,5802mW/5796mW,VDD_CPU_GPU_CV,1388mW/1389mW,VDD_SOC,2420mW/2409mW
07-27-2026,10:09:28,RAM,940/7620MB,(lfb,17x4MB),SWAP,141/3810MB,(cached,2MB),CPU,[0%@1344,0%@1344,0%@1344,9%@1344,0%@1344,0%@1344],GR3D_FREQ,0%,cpu@52.062C,soc2@49.906C,soc0@50.843C,gpu@51.906C,tj@51.906C,soc1@50.906C,VDD_IN,5802mW/5796mW,VDD_CPU_GPU_CV,1388mW/1389mW,VDD_SOC,2420mW/2409mW
07-27-2026,10:09:28,RAM,940/7620MB,(lfb,17x4MB),SWAP,141/3810MB,(cached,2MB),CPU,[18%@1344,0%@1344,9%@1344,9%@1344,0%@1344,0%@1344],GR3D_FREQ,0%,cpu@51.906C,soc2@49.875C,soc0@50.968C,gpu@51.593C,tj@51.906C,soc1@51C,VDD_IN,5802mW/5796mW,VDD_CPU_GPU_CV,1388mW/1389mW,VDD_SOC,2420mW/2409mW
07-27-2026,10:09:29,RAM,940/7620MB,(lfb,17x4MB),SWAP,141/3810MB,(cached,2MB),CPU,[9%@1344,0%@1344,0%@1344,10%@1344,0%@1344,9%@1344],GR3D_FREQ,0%,cpu@51.875C,soc2@50C,soc0@50.968C,gpu@52.062C,tj@52.062C,soc1@51.031C,VDD_IN,5842mW/5796mW,VDD_CPU_GPU_CV,1388mW/1389mW,VDD_SOC,2420mW/2409mW
07-27-2026,10:09:29,RAM,940/7620MB,(lfb,17x4MB),SWAP,141/3810MB,(cached,2MB),CPU,[9%@1344,9%@1344,0%@1344,9%@1344,9%@1344,0%@1344],GR3D_FREQ,0%,cpu@52.062C,soc2@50.156C,soc0@50.781C,gpu@51.812C,tj@52.062C,soc1@51.281C,VDD_IN,5842mW/5796mW,VDD_CPU_GPU_CV,1428mW/1389mW,VDD_SOC,2420mW/2409mW
07-27-2026,10:09:29,RAM,940/7620MB,(lfb,17x4MB),SWAP,141/3810MB,(cached,2MB),CPU,[0%@1344,0%@1344,0%@1344,9%@1344,25%@1344,0%@1344],GR3D_FREQ,0%,cpu@51.968C,soc2@49.937C,soc0@50.875C,gpu@51.562C,tj@51.843C,soc1@50.875C,VDD_IN,5882mW/5796mW,VDD_CPU_GPU_CV,1428mW/1389mW,VDD_SOC,2420mW/2409mW
07-27-2026,10:09:29,RAM,940/7620MB,(lfb,17x4MB),SWAP,141/3810MB,(cached,2MB),CPU,[28%@1344,0%@1344,0%@1344,10%@1344,0%@1344,9%@1344],GR3D_FREQ,0%,cpu@52.281C,soc2@49.968C,soc0@50.687C,gpu@51.687C,tj@52.281C,soc1@51C,VDD_IN,5961mW/5796mW,VDD_CPU_GPU_CV,1428mW/1389mW,VDD_SOC,2420mW/2409mW
07-27-2026,10:09:29,RAM,940/7620MB,(lfb,17x4MB),SWAP,141/3810MB,(cached,2MB),CPU,[10%@1344,0%@1344,0%@1344,9%@1344,0%@1344,0%@1344],GR3D_FREQ,0%,cpu@51.906C,soc2@50C,soc0@50.75C,gpu@51.562C,tj@51.906C,soc1@51.156C,VDD_IN,6001mW/5796mW,VDD_CPU_GPU_CV,1428mW/1389mW,VDD_SOC,2420mW/2409mW
07-27-2026,10:09:29,RAM,940/7620MB,(lfb,17x4MB),SWAP,141/3810MB,(cached,2MB),CPU,[9%@1344,0%@1344,0%@1344,0%@1344,0%@1344,16%@1344],GR3D_FREQ,0%,cpu@51.843C,soc2@49.937C,soc0@50.781C,gpu@52.156C,tj@52.156C,soc1@50.968C,VDD_IN,6041mW/5797mW,VDD_CPU_GPU_CV,1428mW/1389mW,VDD_SOC,2420mW/2409mW
07-27-2026,10:09:29,RAM,940/7620MB,(lfb,17x4MB),SWAP,141/3810MB,(cached,2MB),CPU,[0%@1344,9%@1344,0%@1344,9%@1344,8%@1344,9%@1344],GR3D_FREQ,0%,cpu@51.937C,soc2@49.968C,soc0@50.812C,gpu@51.687C,tj@51.968C,soc1@51C,VDD_IN,6080mW/5797mW,VDD_CPU_GPU_CV,1428mW/1389mW,VDD_SOC,2420mW/2409mW
07-27-2026,10:09:29,RAM,940/7620MB,(lfb,17x4MB),SWAP,141/3810MB,(cached,2MB),CPU,[10%@1344,0%@1344,0%@1344,9%@1344,9%@1344,0%@1344],GR3D_FREQ,0%,cpu@52.093C,soc2@50C,soc0@50.718C,gpu@51.531C,tj@52.093C,soc1@51.062C,VDD_IN,6080mW/5797mW,VDD_CPU_GPU_CV,1428mW/1389mW,VDD_SOC,2420mW/2409mW
07-27-2026,10:09:29,RAM,940/7620MB,(lfb,17x4MB),SWAP,141/3810MB,(cached,2MB),CPU,[9%@1344,8%@1344,8%@1344,10%@1344,9%@1344,0%@1344],GR3D_FREQ,0%,cpu@52.281C,soc2@50C,soc0@50.781C,gpu@52.031C,tj@52.281C,soc1@51.093C,VDD_IN,6120mW/5798mW,VDD_CPU_GPU_CV,1428mW/1389mW,VDD_SOC,2420mW/2409mW
07-27-2026,10:09:30,RAM,940/7620MB,(lfb,17x4MB),SWAP,141/3810MB,(cached,2MB),CPU,[25%@1344,0%@1344,9%@1344,9%@1344,0%@1344,16%@1344],GR3D_FREQ,0%,cpu@51.843C,soc2@49.906C,soc0@50.781C,gpu@51.875C,tj@51.875C,soc1@50.812C,VDD_IN,6120mW/5798mW,VDD_CPU_GPU_CV,1428mW/1389mW,VDD_SOC,2420mW/2409mW
07-27-2026,10:09:30,RAM,940/7620MB,(lfb,17x4MB),SWAP,141/3810MB,(cached,2MB),CPU,[0%@1344,0%@1344,9%@1344,10%@1344,0%@1344,0%@1344],GR3D_FREQ,0%,cpu@52C,soc2@49.968C,soc0@50.812C,gpu@51.562C,tj@52C,soc1@50.906C,VDD_IN,6160mW/5798mW,VDD_CPU_GPU_CV,1428mW/1389mW,VDD_SOC,2420mW/2409mW
07-27-2026,10:09:30,RAM,940/7620MB,(lfb,17x4MB),SWAP,141/3810MB,(cached,2MB),CPU,[9%@1344,0%@1344,0%@1344,9%@1344,0%@1344,9%@1344],GR3D_FREQ,0%,cpu@52.125C,soc2@49.937C,soc0@50.937C,gpu@52C,tj@52.125C,soc1@50.968C,VDD_IN,6160mW/5799mW,VDD_CPU_GPU_CV,1428mW/1390mW,VDD_SOC,2420mW/2409mW
07-27-2026,10:09:30,RAM,940/7620MB,(lfb,17x4MB),SWAP,141/3810MB,(cached,2MB),CPU,[10%@1344,8%@1344,0%@1344,0%@1344,0%@1344,0%@1344],GR3D_FREQ,0%,cpu@52.187C,soc2@50.062C,soc0@50.75C,gpu@51.906C,tj@52.187C,soc1@51.125C,VDD_IN,6160mW/5799mW,VDD_CPU_GPU_CV,1428mW/1390mW,VDD_SOC,2420mW/2409mW
07-27-2026,10:09:30,RAM,940/7620MB,(lfb,17x4MB),SWAP,141/3810MB,(cached,2MB),CPU,[9%@1344,9%@1344,0%@1344,10%@1344,0%@1344,0%@1344],GR3D_FREQ,0%,cpu@51.812C,soc2@49.968C,soc0@50.75C,gpu@51.593C,tj@51.812C,soc1@50.812C,VDD_IN,6160mW/5800mW,VDD_CPU_GPU_CV,1428mW/1390mW,VDD_SOC,2420mW/2409mW
07-27-2026,10:09:30,RAM,940/7620MB,(lfb,17x4MB),SWAP,141/3810MB,(cached,2MB),CPU,[10%@1344,0%@1344,9%@1344,9%@1344,0%@1344,0%@1344],GR3D_FREQ,0%,cpu@51.875C,soc2@49.968C,soc0@50.812C,gpu@52.031C,tj@52.031C,soc1@50.937C,VDD_IN,6160mW/5800mW,VDD_CPU_GPU_CV,1428mW/1390mW,VDD_SOC,2420mW/2409mW
07-27-2026,10:09:30,RAM,940/7620MB,(lfb,17x4MB),SWAP,141/3810MB,(cached,2MB),CPU,[9%@1344,0%@1344,0%@1344,0%@1344,0%@1344,0%@1344],GR3D_FREQ,0%,cpu@52.093C,soc2@49.968C,soc0@50.968C,gpu@51.875C,tj@52.093C,soc1@51C,VDD_IN,6160mW/5800mW,VDD_CPU_GPU_CV,1428mW/1390mW,VDD_SOC,2420mW/2409mW
07-27-2026,10:09:30,RAM,940/7620MB,(lfb,17x4MB),SWAP,141/3810MB,(cached,2MB),CPU,[9%@1344,0%@1344,0%@1344,16%@1344,9%@1344,0%@1344],GR3D_FREQ,0%,cpu@52.125C,soc2@49.968C,soc0@50.75C,gpu@51.718C,tj@52.125C,soc1@51.187C,VDD_IN,6120mW/5801mW,VDD_CPU_GPU_CV,1428mW/1390mW,VDD_SOC,2420mW/2409mW
07-27-2026,10:09:30,RAM,940/7620MB,(lfb,17x4MB),SWAP,141/3810MB,(cached,2MB),CPU,[10%@1344,9%@1344,0%@1344,0%@1344,0%@1344,0%@1344],GR3D_FREQ,0%,cpu@52.218C,soc2@49.875C,soc0@50.75C,gpu@51.937C,tj@52.218C,soc1@50.843C,VDD_IN,6041mW/5801mW,VDD_CPU_GPU_CV,1428mW/1390mW,VDD_SOC,2420mW/2409mW
07-27-2026,10:09:30,RAM,940/7620MB,(lfb,17x4MB),SWAP,141/3810MB,(cached,2MB),CPU,[9%@1344,9%@1344,0%@1344,16%@1344,0%@1344,0%@1344],GR3D_FREQ,0%,cpu@52C,soc2@49.968C,soc0@50.875C,gpu@51.812C,tj@52C,soc1@50.937C,VDD_IN,6001mW/5801mW,VDD_CPU_GPU_CV,1428mW/1390mW,VDD_SOC,2420mW/2409mW
07-27-2026,10:09:31,RAM,940/7620MB,(lfb,17x4MB),SWAP,141/3810MB,(cached,2MB),CPU,[0%@1344,0%@1344,0%@1344,0%@1344,0%@1344,0%@1344],GR3D_FREQ,0%,cpu@52C,soc2@50C,soc0@50.843C,gpu@51.718C,tj@52C,soc1@51.062C,VDD_IN,5961mW/5801mW,VDD_CPU_GPU_CV,1388mW/1390mW,VDD_SOC,2420mW/2409mW
07-27-2026,10:09:31,RAM,940/7620MB,(lfb,17x4MB),SWAP,141/3810MB,(cached,2MB),CPU,[10%@1344,0%@1344,0%@1344,10%@1344,0%@1344,0%@1344],GR3D_FREQ,0%,cpu@52.062C,soc2@49.968C,soc0@50.75C,gpu@51.968C,tj@52.062C,soc1@51.125C,VDD_IN,5921mW/5801mW,VDD_CPU_GPU_CV,1388mW/1390mW,VDD_SOC,2420mW/2409mW
07-27-2026,10:09:31,RAM,940/7620MB,(lfb,17x4MB),SWAP,141/3810MB,(cached,2MB),CPU,[28%@1344,8%@1344,0%@1344,16%@1344,0%@1344,9%@1344],GR3D_FREQ,0%,cpu@51.843C,soc2@49.968C,soc0@50.906C,gpu@51.593C,tj@51.843C,soc1@51.031C,VDD_IN,5921mW/5802mW,VDD_CPU_GPU_CV,1428mW/1390mW,VDD_SOC,2420mW/2409mW
07-27-2026,10:09:31,RAM,940/7620MB,(lfb,17x4MB),SWAP,141/3810MB,(cached,2MB),CPU,[10%@1344,0%@1344,0%@1344,0%@1344,0%@1344,0%@1344],GR3D_FREQ,0%,cpu@51.906C,soc2@50.062C,soc0@50.718C,gpu@52C,tj@52C,soc1@50.906C,VDD_IN,5882mW/5802mW,VDD_CPU_GPU_CV,1428mW/1390mW,VDD_SOC,2420mW/2409mW
07-27-2026,10:09:31,RAM,940/7620MB,(lfb,17x4MB),SWAP,141/3810MB,(cached,2MB),CPU,[9%@1344,0%@1344,0%@1344,9%@1344,0%@1344,0%@1344],GR3D_FREQ,0%,cpu@52.031C,soc2@50C,soc0@50.75C,gpu@51.843C,tj@52.031C,soc1@51.156C,VDD_IN,5882mW/5802mW,VDD_CPU_GPU_CV,1428mW/1390mW,VDD_SOC,2420mW/2409mW
07-27-2026,10:09:31,RAM,940/7620MB,(lfb,17x4MB),SWAP,141/3810MB,(cached,2MB),CPU,[9%@1344,0%@1344,0%@1344,10%@1344,0%@1344,0%@1344],GR3D_FREQ,0%,cpu@51.937C,soc2@49.906C,soc0@50.812C,gpu@51.718C,tj@51.937C,soc1@50.937C,VDD_IN,5882mW/5802mW,VDD_CPU_GPU_CV,1428mW/1390mW,VDD_SOC,2420mW/2409mW
07-27-2026,10:09:31,RAM,940/7620MB,(lfb,17x4MB),SWAP,141/3810MB,(cached,2MB),CPU,[10%@1344,0%@1344,0%@1344,9%@1344,0%@1344,0%@1344],GR3D_FREQ,0%,cpu@51.843C,soc2@50.031C,soc0@50.906C,gpu@52.093C,tj@52.093C,soc1@51C,VDD_IN,5842mW/5802mW,VDD_CPU_GPU_CV,1428mW/1390mW,VDD_SOC,2420mW/2409mW
07-27-2026,10:09:31,RAM,940/7620MB,(lfb,17x4MB),SWAP,141/3810MB,(cached,2MB),CPU,[9%@1344,0%@1344,0%@1344,9%@1344,0%@1344,0%@1344],GR3D_FREQ,0%,cpu@52.218C,soc2@49.937C,soc0@50.968C,gpu@51.843C,tj@52.218C,soc1@51.062C,VDD_IN,5842mW/5802mW,VDD_CPU_GPU_CV,1428mW/1390mW,VDD_SOC,2420mW/2409mW
07-27-2026,10:09:31,RAM,940/7620MB,(lfb,17x4MB),SWAP,141/3810MB,(cached,2MB),CPU,[0%@1344,0%@1344,0%@1344,0%@1344,0%@1344,0%@1344],GR3D_FREQ,0%,cpu@51.937C,soc2@50.031C,soc0@50.75C,gpu@51.781C,tj@51.937C,soc1@51.187C,VDD_IN,5842mW/5802mW,VDD_CPU_GPU_CV,1428mW/1390mW,VDD_SOC,2420mW/2409mW
07-27-2026,10:09:32,RAM,940/7620MB,(lfb,17x4MB),SWAP,141/3810MB,(cached,2MB),CPU,[9%@1344,0%@1344,0%@1344,9%@1344,0%@1344,0%@1344],GR3D_FREQ,0%,cpu@51.843C,soc2@49.968C,soc0@50.906C,gpu@51.906C,tj@51.906C,soc1@50.968C,VDD_IN,5842mW/5802mW,VDD_CPU_GPU_CV,1428mW/1390mW,VDD_SOC,2420mW/2409mW
07-27-2026,10:09:32,RAM,940/7620MB,(lfb,17x4MB),SWAP,141/3810MB,(cached,2MB),CPU,[10%@1344,0%@1344,8%@1344,9%@1344,0%@1344,0%@1344],GR3D_FREQ,0%,cpu@51.812C,soc2@49.937C,soc0@50.968C,gpu@51.843C,tj@51.843C,soc1@50.906C,VDD_IN,5842mW/5802mW,VDD_CPU_GPU_CV,1428mW/1390mW,VDD_SOC,2420mW/2409mW
07-27-2026,10:09:32,RAM,941/7620MB,(lfb,17x4MB),SWAP,141/3810MB,(cached,2MB),CPU,[9%@1344,0%@1344,16%@1344,10%@1344,0%@1344,0%@1344],GR3D_FREQ,0%,cpu@52.125C,soc2@49.968C,soc0@50.687C,gpu@51.718C,tj@52.125C,soc1@51C,VDD_IN,5842mW/5802mW,VDD_CPU_GPU_CV,1428mW/1390mW,VDD_SOC,2420mW/2409mW
07-27-2026,10:09:32,RAM,941/7620MB,(lfb,17x4MB),SWAP,141/3810MB,(cached,2MB),CPU,[16%@1344,0%@1344,0%@1344,9%@1344,0%@1344,0%@1344],GR3D_FREQ,0%,cpu@51.875C,soc2@50.062C,soc0@50.687C,gpu@51.687C,tj@51.875C,soc1@51.218C,VDD_IN,5842mW/5802mW,VDD_CPU_GPU_CV,1428mW/1390mW,VDD_SOC,2420mW/2409mW
07-27-2026,10:09:32,RAM,941/7620MB,(lfb,17x4MB),SWAP,141/3810MB,(cached,2MB),CPU,[10%@1344,8%@1344,0%@1344,0%@1344,0%@1344,0%@1344],GR3D_FREQ,0%,cpu@52.093C,soc2@49.968C,soc0@50.875C,gpu@51.718C,tj@51.781C,soc1@50.875C,VDD_IN,5842mW/5802mW,VDD_CPU_GPU_CV,1428mW/1390mW,VDD_SOC,2420mW/2410mW
07-27-2026,10:09:32,RAM,941/7620MB,(lfb,17x4MB),SWAP,141/3810MB,(cached,2MB),CPU,[9%@1344,0%@1344,0%@1344,10%@1344,0%@1344,0%@1344],GR3D_FREQ,0%,cpu@51.843C,soc2@49.968C,soc0@50.906C,gpu@51.687C,tj@51.843C,soc1@50.812C,VDD_IN,5802mW/5802mW,VDD_CPU_GPU_CV,1428mW/1390mW,VDD_SOC,2420mW/2410mW
07-27-2026,10:09:32,RAM,941/7620MB,(lfb,17x4MB),SWAP,141/3810MB,(cached,2MB),CPU,[9%@1344,0%@1344,9%@1344,9%@1344,0%@1344,0%@1344],GR3D_FREQ,0%,cpu@52.031C,soc2@50C,soc0@50.625C,gpu@51.656C,tj@52.031C,soc1@51.031C,VDD_IN,5802mW/5802mW,VDD_CPU_GPU_CV,1388mW/1390mW,VDD_SOC,2420mW/2410mW
07-27-2026,10:09:32,RAM,941/7620MB,(lfb,17x4MB),SWAP,141/3810MB,(cached,2MB),CPU,[10%@1344,0%@1344,0%@1344,16%@1344,0%@1344,0%@1344],GR3D_FREQ,0%,cpu@52.187C,soc2@50.031C,soc0@50.75C,gpu@51.812C,tj@52.187C,soc1@51.031C,VDD_IN,5802mW/5802mW,VDD_CPU_GPU_CV,1388mW/1390mW,VDD_SOC,2420mW/2410mW
07-27-2026,10:09:32,RAM,941/7620MB,(lfb,17x4MB),SWAP,141/3810MB,(cached,2MB),CPU,[0%@1344,0%@1344,0%@1344,0%@1344,0%@1344,0%@1344],GR3D_FREQ,0%,cpu@51.968C,soc2@49.843C,soc0@50.75C,gpu@51.687C,tj@51.75C,soc1@50.812C,VDD_IN,5802mW/5802mW,VDD_CPU_GPU_CV,1388mW/1390mW,VDD_SOC,2420mW/2410mW
07-27-2026,10:09:32,RAM,941/7620MB,(lfb,17x4MB),SWAP,141/3810MB,(cached,2MB),CPU,[9%@1344,0%@1344,0%@1344,9%@1344,0%@1344,0%@1344],GR3D_FREQ,0%,cpu@51.781C,soc2@49.906C,soc0@50.843C,gpu@51.593C,tj@51.781C,soc1@50.812C,VDD_IN,5802mW/5802mW,VDD_CPU_GPU_CV,1388mW/1390mW,VDD_SOC,2420mW/2410mW
07-27-2026,10:09:33,RAM,941/7620MB,(lfb,17x4MB),SWAP,141/3810MB,(cached,2MB),CPU,[10%@1344,0%@1344,0%@1344,16%@1344,0%@1344,0%@1344],GR3D_FREQ,0%,cpu@52.062C,soc2@49.968C,soc0@50.968C,gpu@51.593C,tj@52.062C,soc1@50.875C,VDD_IN,5802mW/5802mW,VDD_CPU_GPU_CV,1388mW/1390mW,VDD_SOC,2420mW/2410mW
07-27-2026,10:09:33,RAM,941/7620MB,(lfb,17x4MB),SWAP,141/3810MB,(cached,2MB),CPU,[23%@1344,0%@1344,0%@1344,0%@1344,0%@1344,0%@1344],GR3D_FREQ,0%,cpu@51.937C,soc2@49.875C,soc0@50.812C,gpu@51.968C,tj@51.968C,soc1@50.968C,VDD_IN,5802mW/5802mW,VDD_CPU_GPU_CV,1428mW/1390mW,VDD_SOC,2420mW/2410mW
07-27-2026,10:09:33,RAM,942/7620MB,(lfb,17x4MB),SWAP,141/3810MB,(cached,2MB),CPU,[0%@1344,9%@1344,0%@1344,18%@1344,0%@1344,9%@1344],GR3D_FREQ,0%,cpu@51.937C,soc2@49.968C,soc0@50.843C,gpu@51.843C,tj@51.937C,soc1@50.968C,VDD_IN,5842mW/5802mW,VDD_CPU_GPU_CV,1428mW/1390mW,VDD_SOC,2420mW/2410mW
07-27-2026,10:09:33,RAM,942/7620MB,(lfb,17x4MB),SWAP,141/3810MB,(cached,2MB),CPU,[10%@1344,0%@1344,0%@1344,0%@1344,0%@1344,0%@1344],GR3D_FREQ,0%,cpu@52C,soc2@49.937C,soc0@50.968C,gpu@51.718C,tj@52.031C,soc1@51.187C,VDD_IN,5842mW/5802mW,VDD_CPU_GPU_CV,1428mW/1390mW,VDD_SOC,2420mW/2410mW
07-27-2026,10:09:33,RAM,942/7620MB,(lfb,17x4MB),SWAP,141/3810MB,(cached,2MB),CPU,[9%@1344,0%@1344,0%@1344,18%@1344,0%@1344,0%@1344],GR3D_FREQ,0%,cpu@52.031C,soc2@50C,soc0@50.718C,gpu@51.968C,tj@52.031C,soc1@51.093C,VDD_IN,5842mW/5802mW,VDD_CPU_GPU_CV,1428mW/1390mW,VDD_SOC,2420mW/2410mW
07-27-2026,10:09:33,RAM,942/7620MB,(lfb,17x4MB),SWAP,141/3810MB,(cached,2MB),CPU,[9%@1344,9%@1344,0%@1344,9%@1344,0%@1344,0%@1344],GR3D_FREQ,0%,cpu@52.093C,soc2@49.875C,soc0@50.843C,gpu@51.781C,tj@52.093C,soc1@50.906C,VDD_IN,5842mW/5802mW,VDD_CPU_GPU_CV,1428mW/1391mW,VDD_SOC,2420mW/2410mW
07-27-2026,10:09:33,RAM,942/7620MB,(lfb,17x4MB),SWAP,141/3810MB,(cached,2MB),CPU,[0%@1344,0%@1344,9%@1344,0%@1344,0%@1344,0%@1344],GR3D_FREQ,0%,cpu@51.937C,soc2@49.906C,soc0@50.75C,gpu@51.687C,tj@51.937C,soc1@50.906C,VDD_IN,5842mW/5802mW,VDD_CPU_GPU_CV,1428mW/1391mW,VDD_SOC,2420mW/2410mW
07-27-2026,10:09:33,RAM,942/7620MB,(lfb,17x4MB),SWAP,141/3810MB,(cached,2MB),CPU,[18%@1344,0%@1344,0%@1344,9%@1344,0%@1344,0%@1344],GR3D_FREQ,0%,cpu@52C,soc2@50C,soc0@50.843C,gpu@51.656C,tj@52C,soc1@50.937C,VDD_IN,5842mW/5802mW,VDD_CPU_GPU_CV,1428mW/1391mW,VDD_SOC,2420mW/2410mW
07-27-2026,10:09:33,RAM,942/7620MB,(lfb,17x4MB),SWAP,141/3810MB,(cached,2MB),CPU,[9%@1344,9%@1344,0%@1344,9%@1344,0%@1344,0%@1344],GR3D_FREQ,0%,cpu@52.031C,soc2@49.968C,soc0@50.687C,gpu@51.718C,tj@52.031C,soc1@51.093C,VDD_IN,5802mW/5802mW,VDD_CPU_GPU_CV,1428mW/1391mW,VDD_SOC,2420mW/2410mW
07-27-2026,10:09:34,RAM,942/7620MB,(lfb,17x4MB),SWAP,141/3810MB,(cached,2MB),CPU,[9%@1344,0%@1344,0%@1344,0%@1344,0%@1344,0%@1344],GR3D_FREQ,0%,cpu@52.156C,soc2@49.906C,soc0@50.75C,gpu@51.687C,tj@52.156C,soc1@50.875C,VDD_IN,5842mW/5802mW,VDD_CPU_GPU_CV,1388mW/1391mW,VDD_SOC,2420mW/2410mW
07-27-2026,10:09:34,RAM,942/7620MB,(lfb,17x4MB),SWAP,141/3810MB,(cached,2MB),CPU,[16%@1344,9%@1344,0%@1344,9%@1344,8%@1344,0%@1344],GR3D_FREQ,0%,cpu@51.906C,soc2@49.906C,soc0@50.875C,gpu@51.687C,tj@51.906C,soc1@50.843C,VDD_IN,5842mW/5803mW,VDD_CPU_GPU_CV,1428mW/1391mW,VDD_SOC,2420mW/2410mW
07-27-2026,10:09:34,RAM,943/7620MB,(lfb,17x4MB),SWAP,141/3810MB,(cached,2MB),CPU,[0%@1344,0%@1344,0%@1344,10%@1344,9%@1344,9%@1344],GR3D_FREQ,0%,cpu@51.937C,soc2@49.906C,soc0@50.875C,gpu@51.781C,tj@51.937C,soc1@50.937C,VDD_IN,5842mW/5803mW,VDD_CPU_GPU_CV,1428mW/1391mW,VDD_SOC,2420mW/2410mW
07-27-2026,10:09:34,RAM,942/7620MB,(lfb,17x4MB),SWAP,141/3810MB,(cached,2MB),CPU,[9%@1344,0%@1344,9%@1344,9%@1344,0%@1344,0%@1344],GR3D_FREQ,0%,cpu@52C,soc2@50C,soc0@50.718C,gpu@51.718C,tj@52C,soc1@51.031C,VDD_IN,5842mW/5803mW,VDD_CPU_GPU_CV,1428mW/1391mW,VDD_SOC,2420mW/2410mW
07-27-2026,10:09:34,RAM,942/7620MB,(lfb,17x4MB),SWAP,141/3810MB,(cached,2MB),CPU,[9%@1344,0%@1344,0%@1344,10%@1344,0%@1344,0%@1344],GR3D_FREQ,0%,cpu@51.937C,soc2@49.906C,soc0@50.75C,gpu@51.656C,tj@51.937C,soc1@50.843C,VDD_IN,5842mW/5803mW,VDD_CPU_GPU_CV,1428mW/1391mW,VDD_SOC,2420mW/2410mW
07-27-2026,10:09:34,RAM,942/7620MB,(lfb,17x4MB),SWAP,141/3810MB,(cached,2MB),CPU,[0%@1344,0%@1344,0%@1344,9%@1344,0%@1344,0%@1344],GR3D_FREQ,0%,cpu@51.781C,soc2@49.968C,soc0@50.656C,gpu@51.75C,tj@51.781C,soc1@50.812C,VDD_IN,5802mW/5803mW,VDD_CPU_GPU_CV,1428mW/1391mW,VDD_SOC,2420mW/2410mW
07-27-2026,10:09:34,RAM,942/7620MB,(lfb,17x4MB),SWAP,141/3810MB,(cached,2MB),CPU,[9%@1344,8%@1344,0%@1344,0%@1344,0%@1344,0%@1344],GR3D_FREQ,0%,cpu@51.843C,soc2@49.937C,soc0@50.781C,gpu@51.687C,tj@51.843C,soc1@51C,VDD_IN,5802mW/5803mW,VDD_CPU_GPU_CV,1388mW/1391mW,VDD_SOC,2420mW/2410mW
07-27-2026,10:09:34,RAM,942/7620MB,(lfb,17x4MB),SWAP,141/3810MB,(cached,2MB),CPU,[9%@1344,0%@1344,0%@1344,10%@1344,0%@1344,0%@1344],GR3D_FREQ,0%,cpu@51.937C,soc2@50C,soc0@50.656C,gpu@51.593C,tj@51.937C,soc1@51.031C,VDD_IN,5802mW/5803mW,VDD_CPU_GPU_CV,1388mW/1391mW,VDD_SOC,2420mW/2410mW
07-27-2026,10:09:34,RAM,942/7620MB,(lfb,17x4MB),SWAP,141/3810MB,(cached,2MB),CPU,[9%@1344,0%@1344,9%@1344,16%@1344,0%@1344,0%@1344],GR3D_FREQ,0%,cpu@52.093C,soc2@49.906C,soc0@50.687C,gpu@51.656C,tj@52.093C,soc1@51.218C,VDD_IN,5802mW/5803mW,VDD_CPU_GPU_CV,1388mW/1391mW,VDD_SOC,2420mW/2410mW
07-27-2026,10:09:34,RAM,942/7620MB,(lfb,17x4MB),SWAP,141/3810MB,(cached,2MB),CPU,[0%@1344,0%@1344,0%@1344,10%@1344,0%@1344,0%@1344],GR3D_FREQ,0%,cpu@51.812C,soc2@49.843C,soc0@50.687C,gpu@51.593C,tj@51.812C,soc1@50.968C,VDD_IN,5802mW/5803mW,VDD_CPU_GPU_CV,1388mW/1391mW,VDD_SOC,2420mW/2410mW
07-27-2026,10:09:35,RAM,942/7620MB,(lfb,17x4MB),SWAP,141/3810MB,(cached,2MB),CPU,[23%@1344,0%@1344,0%@1344,16%@1344,0%@1344,8%@1344],GR3D_FREQ,0%,cpu@52.25C,soc2@50.093C,soc0@50.718C,gpu@51.75C,tj@52.25C,soc1@51.187C,VDD_IN,5802mW/5803mW,VDD_CPU_GPU_CV,1388mW/1391mW,VDD_SOC,2420mW/2410mW
07-27-2026,10:09:35,RAM,942/7620MB,(lfb,17x4MB),SWAP,141/3810MB,(cached,2MB),CPU,[9%@1344,0%@1344,0%@1344,18%@1344,0%@1344,20%@1344],GR3D_FREQ,0%,cpu@52.031C,soc2@49.906C,soc0@50.687C,gpu@51.687C,tj@51.843C,soc1@50.906C,VDD_IN,5882mW/5803mW,VDD_CPU_GPU_CV,1428mW/1391mW,VDD_SOC,2420mW/2410mW
07-27-2026,10:09:35,RAM,942/7620MB,(lfb,17x4MB),SWAP,141/3810MB,(cached,2MB),CPU,[9%@1344,0%@1344,0%@1344,9%@1344,0%@1344,9%@1344],GR3D_FREQ,0%,cpu@51.843C,soc2@49.843C,soc0@50.875C,gpu@51.625C,tj@51.843C,soc1@50.875C,VDD_IN,6001mW/5803mW,VDD_CPU_GPU_CV,1468mW/1391mW,VDD_SOC,2420mW/2410mW
07-27-2026,10:09:35,RAM,943/7620MB,(lfb,17x4MB),SWAP,141/3810MB,(cached,2MB),CPU,[10%@1344,0%@1344,9%@1344,10%@1344,0%@1344,9%@1344],GR3D_FREQ,0%,cpu@52.093C,soc2@49.968C,soc0@50.968C,gpu@51.781C,tj@52.093C,soc1@51.031C,VDD_IN,6001mW/5803mW,VDD_CPU_GPU_CV,1428mW/1391mW,VDD_SOC,2420mW/2410mW
07-27-2026,10:09:35,RAM,943/7620MB,(lfb,17x4MB),SWAP,141/3810MB,(cached,2MB),CPU,[9%@1344,9%@1344,0%@1344,9%@1344,0%@1344,0%@1344],GR3D_FREQ,0%,cpu@52.156C,soc2@50C,soc0@50.718C,gpu@51.75C,tj@52.156C,soc1@51.062C,VDD_IN,6041mW/5803mW,VDD_CPU_GPU_CV,1428mW/1391mW,VDD_SOC,2420mW/2410mW
07-27-2026,10:09:35,RAM,942/7620MB,(lfb,17x4MB),SWAP,141/3810MB,(cached,2MB),CPU,[9%@1344,0%@1344,9%@1344,10%@1344,0%@1344,0%@1344],GR3D_FREQ,0%,cpu@52.375C,soc2@49.906C,soc0@50.718C,gpu@51.562C,tj@52.375C,soc1@50.843C,VDD_IN,6080mW/5804mW,VDD_CPU_GPU_CV,1428mW/1391mW,VDD_SOC,2420mW/2410mW
07-27-2026,10:09:35,RAM,943/7620MB,(lfb,17x4MB),SWAP,141/3810MB,(cached,2MB),CPU,[10%@1344,0%@1344,0%@1344,0%@1344,0%@1344,0%@1344],GR3D_FREQ,0%,cpu@51.718C,soc2@49.875C,soc0@50.812C,gpu@51.75C,tj@52C,soc1@50.906C,VDD_IN,6120mW/5804mW,VDD_CPU_GPU_CV,1428mW/1391mW,VDD_SOC,2420mW/2410mW
07-27-2026,10:09:35,RAM,943/7620MB,(lfb,17x4MB),SWAP,141/3810MB,(cached,2MB),CPU,[9%@1344,9%@1344,0%@1344,18%@1344,0%@1344,0%@1344],GR3D_FREQ,0%,cpu@51.875C,soc2@49.937C,soc0@50.906C,gpu@51.687C,tj@51.875C,soc1@50.968C,VDD_IN,6120mW/5804mW,VDD_CPU_GPU_CV,1428mW/1391mW,VDD_SOC,2420mW/2410mW
07-27-2026,10:09:35,RAM,943/7620MB,(lfb,17x4MB),SWAP,141/3810MB,(cached,2MB),CPU,[9%@1344,0%@1344,0%@1344,0%@1344,0%@1344,9%@1344],GR3D_FREQ,0%,cpu@52.156C,soc2@50.031C,soc0@50.625C,gpu@51.562C,tj@52.156C,soc1@50.937C,VDD_IN,6120mW/5805mW,VDD_CPU_GPU_CV,1428mW/1391mW,VDD_SOC,2420mW/2410mW
07-27-2026,10:09:36,RAM,943/7620MB,(lfb,17x4MB),SWAP,141/3810MB,(cached,2MB),CPU,[10%@1344,0%@1344,0%@1344,9%@1344,8%@1344,0%@1344],GR3D_FREQ,0%,cpu@52.25C,soc2@49.906C,soc0@50.718C,gpu@51.687C,tj@52.25C,soc1@50.812C,VDD_IN,6160mW/5805mW,VDD_CPU_GPU_CV,1428mW/1391mW,VDD_SOC,2420mW/2410mW
07-27-2026,10:09:36,RAM,943/7620MB,(lfb,17x4MB),SWAP,141/3810MB,(cached,2MB),CPU,[9%@1344,0%@1344,0%@1344,10%@1344,9%@1344,0%@1344],GR3D_FREQ,0%,cpu@51.781C,soc2@49.937C,soc0@50.812C,gpu@51.718C,tj@51.906C,soc1@51.031C,VDD_IN,6160mW/5805mW,VDD_CPU_GPU_CV,1428mW/1391mW,VDD_SOC,2420mW/2410mW
07-27-2026,10:09:36,RAM,943/7620MB,(lfb,17x4MB),SWAP,141/3810MB,(cached,2MB),CPU,[0%@1344,0%@1344,0%@1344,9%@1344,0%@1344,16%@1344],GR3D_FREQ,0%,cpu@51.968C,soc2@49.875C,soc0@50.812C,gpu@51.687C,tj@51.968C,soc1@50.968C,VDD_IN,6200mW/5806mW,VDD_CPU_GPU_CV,1428mW/1391mW,VDD_SOC,2420mW/2410mW
07-27-2026,10:09:36,RAM,943/7620MB,(lfb,17x4MB),SWAP,141/3810MB,(cached,2MB),CPU,[10%@1344,0%@1344,0%@1344,0%@1344,0%@1344,0%@1344],GR3D_FREQ,0%,cpu@52.062C,soc2@49.968C,soc0@50.687C,gpu@52.125C,tj@52.125C,soc1@51C,VDD_IN,6120mW/5806mW,VDD_CPU_GPU_CV,1428mW/1391mW,VDD_SOC,2420mW/2410mW
07-27-2026,10:09:36,RAM,943/7620MB,(lfb,17x4MB),SWAP,141/3810MB,(cached,2MB),CPU,[9%@1344,0%@1344,0%@1344,16%@1344,0%@1344,0%@1344],GR3D_FREQ,0%,cpu@52.125C,soc2@50.031C,soc0@50.75C,gpu@51.687C,tj@52.125C,soc1@51.125C,VDD_IN,6041mW/5806mW,VDD_CPU_GPU_CV,1428mW/1391mW,VDD_SOC,2420mW/2410mW
07-27-2026,10:09:36,RAM,943/7620MB,(lfb,17x4MB),SWAP,141/3810MB,(cached,2MB),CPU,[9%@1344,0%@1344,9%@1344,10%@1344,0%@1344,0%@1344],GR3D_FREQ,0%,cpu@51.781C,soc2@49.906C,soc0@50.75C,gpu@51.562C,tj@51.843C,soc1@50.843C,VDD_IN,6001mW/5807mW,VDD_CPU_GPU_CV,1428mW/1391mW,VDD_SOC,2420mW/2410mW
07-27-2026,10:09:36,RAM,943/7620MB,(lfb,17x4MB),SWAP,141/3810MB,(cached,2MB),CPU,[23%@1344,0%@1344,0%@1344,9%@1344,0%@1344,0%@1344],GR3D_FREQ,0%,cpu@51.937C,soc2@49.875C,soc0@50.781C,gpu@52C,tj@52C,soc1@51.031C,VDD_IN,5961mW/5807mW,VDD_CPU_GPU_CV,1428mW/1391mW,VDD_SOC,2420mW/2410mW
07-27-2026,10:09:36,RAM,943/7620MB,(lfb,17x4MB),SWAP,141/3810MB,(cached,2MB),CPU,[0%@1344,0%@1344,0%@1344,0%@1344,0%@1344,0%@1344],GR3D_FREQ,0%,cpu@51.968C,soc2@49.843C,soc0@50.687C,gpu@51.625C,tj@51.968C,soc1@50.968C,VDD_IN,5921mW/5807mW,VDD_CPU_GPU_CV,1388mW/1391mW,VDD_SOC,2420mW/2410mW
07-27-2026,10:09:36,RAM,943/7620MB,(lfb,17x4MB),SWAP,141/3810MB,(cached,2MB),CPU,[9%@1344,0%@1344,0%@1344,18%@1344,0%@1344,0%@1344],GR3D_FREQ,0%,cpu@52.031C,soc2@50.062C,soc0@50.718C,gpu@51.687C,tj@52.031C,soc1@51.156C,VDD_IN,5882mW/5807mW,VDD_CPU_GPU_CV,1388mW/1391mW,VDD_SOC,2420mW/2410mW
07-27-2026,10:09:36,RAM,943/7620MB,(lfb,17x4MB),SWAP,141/3810MB,(cached,2MB),CPU,[16%@1344,0%@1344,0%@1344,9%@1344,0%@1344,0%@1344],GR3D_FREQ,0%,cpu@51.875C,soc2@49.937C,soc0@50.875C,gpu@51.656C,tj@51.875C,soc1@50.906C,VDD_IN,5882mW/5807mW,VDD_CPU_GPU_CV,1388mW/1391mW,VDD_SOC,2420mW/2410mW
07-27-2026,10:09:37,RAM,943/7620MB,(lfb,17x4MB),SWAP,141/3810MB,(cached,2MB),CPU,[0%@1344,0%@1344,0%@1344,10%@1344,0%@1344,0%@1344],GR3D_FREQ,0%,cpu@51.968C,soc2@50.031C,soc0@50.687C,gpu@51.562C,tj@51.875C,soc1@51.125C,VDD_IN,5882mW/5807mW,VDD_CPU_GPU_CV,1428mW/1391mW,VDD_SOC,2420mW/2410mW
07-27-2026,10:09:37,RAM,943/7620MB,(lfb,17x4MB),SWAP,141/3810MB,(cached,2MB),CPU,[9%@1344,0%@1344,0%@1344,9%@1344,0%@1344,0%@1344],GR3D_FREQ,0%,cpu@52.062C,soc2@49.812C,soc0@50.75C,gpu@51.687C,tj@52.062C,soc1@51.25C,VDD_IN,5842mW/5807mW,VDD_CPU_GPU_CV,1428mW/1391mW,VDD_SOC,2420mW/2410mW
07-27-2026,10:09:37,RAM,943/7620MB,(lfb,17x4MB),SWAP,141/3810MB,(cached,2MB),CPU,[9%@1344,0%@1344,10%@1344,0%@1344,8%@1344,0%@1344],GR3D_FREQ,0%,cpu@51.843C,soc2@50C,soc0@50.781C,gpu@51.687C,tj@51.843C,soc1@50.968C,VDD_IN,5882mW/5807mW,VDD_CPU_GPU_CV,1428mW/1392mW,VDD_SOC,2420mW/2410mW
07-27-2026,10:09:37,RAM,943/7620MB,(lfb,17x4MB),SWAP,141/3810MB,(cached,2MB),CPU,[9%@1344,9%@1344,8%@1344,9%@1344,0%@1344,0%@1344],GR3D_FREQ,0%,cpu@51.937C,soc2@49.875C,soc0@50.875C,gpu@51.656C,tj@51.937C,soc1@50.968C,VDD_IN,5882mW/5807mW,VDD_CPU_GPU_CV,1428mW/1392mW,VDD_SOC,2420mW/2410mW
07-27-2026,10:09:37,RAM,943/7620MB,(lfb,17x4MB),SWAP,141/3810MB,(cached,2MB),CPU,[18%@1344,0%@1344,0%@1344,10%@1344,0%@1344,0%@1344],GR3D_FREQ,0%,cpu@51.968C,soc2@49.875C,soc0@51.062C,gpu@51.75C,tj@52.218C,soc1@51.031C,VDD_IN,5842mW/5807mW,VDD_CPU_GPU_CV,1428mW/1392mW,VDD_SOC,2420mW/2410mW
07-27-2026,10:09:37,RAM,943/7620MB,(lfb,17x4MB),SWAP,141/3810MB,(cached,2MB),CPU,[0%@1344,0%@1344,0%@1344,9%@1344,0%@1344,0%@1344],GR3D_FREQ,0%,cpu@52C,soc2@49.875C,soc0@50.625C,gpu@51.656C,tj@52C,soc1@51.125C,VDD_IN,5842mW/5807mW,VDD_CPU_GPU_CV,1428mW/1392mW,VDD_SOC,2420mW/2410mW
07-27-2026,10:09:37,RAM,943/7620MB,(lfb,17x4MB),SWAP,141/3810MB,(cached,2MB),CPU,[9%@1344,0%@1344,0%@1344,16%@1344,0%@1344,0%@1344],GR3D_FREQ,0%,cpu@51.843C,soc2@49.968C,soc0@50.843C,gpu@51.593C,tj@51.843C,soc1@50.843C,VDD_IN,5842mW/5807mW,VDD_CPU_GPU_CV,1428mW/1392mW,VDD_SOC,2420mW/2410mW
07-27-2026,10:09:37,RAM,943/7620MB,(lfb,17x4MB),SWAP,141/3810MB,(cached,2MB),CPU,[16%@1344,0%@1344,0%@1344,0%@1344,0%@1344,0%@1344],GR3D_FREQ,0%,cpu@51.843C,soc2@49.968C,soc0@50.906C,gpu@51.687C,tj@51.843C,soc1@50.937C,VDD_IN,5842mW/5807mW,VDD_CPU_GPU_CV,1428mW/1392mW,VDD_SOC,2420mW/2410mW
07-27-2026,10:09:37,RAM,943/7620MB,(lfb,17x4MB),SWAP,141/3810MB,(cached,2MB),CPU,[0%@1344,0%@1344,0%@1344,0%@1344,0%@1344,0%@1344],GR3D_FREQ,0%,cpu@51.937C,soc2@49.906C,soc0@50.937C,gpu@51.687C,tj@52.187C,soc1@51C,VDD_IN,5842mW/5807mW,VDD_CPU_GPU_CV,1428mW/1392mW,VDD_SOC,2420mW/2410mW
07-27-2026,10:09:38,RAM,943/7620MB,(lfb,17x4MB),SWAP,141/3810MB,(cached,2MB),CPU,[16%@1344,0%@1344,0%@1344,18%@1344,0%@1344,9%@1344],GR3D_FREQ,0%,cpu@51.875C,soc2@50.062C,soc0@50.687C,gpu@51.562C,tj@51.875C,soc1@51.062C,VDD_IN,5842mW/5807mW,VDD_CPU_GPU_CV,1388mW/1392mW,VDD_SOC,2420mW/2410mW
07-27-2026,10:09:38,RAM,943/7620MB,(lfb,17x4MB),SWAP,141/3810MB,(cached,2MB),CPU,[9%@1344,8%@1344,0%@1344,0%@1344,0%@1344,0%@1344],GR3D_FREQ,0%,cpu@52C,soc2@49.843C,soc0@50.843C,gpu@51.718C,tj@52C,soc1@51C,VDD_IN,5802mW/5807mW,VDD_CPU_GPU_CV,1388mW/1392mW,VDD_SOC,2420mW/2410mW
07-27-2026,10:09:38,RAM,943/7620MB,(lfb,17x4MB),SWAP,141/3810MB,(cached,2MB),CPU,[10%@1344,0%@1344,0%@1344,10%@1344,0%@1344,0%@1344],GR3D_FREQ,0%,cpu@51.937C,soc2@49.937C,soc0@50.718C,gpu@51.687C,tj@51.937C,soc1@50.968C,VDD_IN,5802mW/5807mW,VDD_CPU_GPU_CV,1428mW/1392mW,VDD_SOC,2420mW/2410mW
07-27-2026,10:09:38,RAM,943/7620MB,(lfb,17x4MB),SWAP,141/3810MB,(cached,2MB),CPU,[0%@1344,0%@1344,9%@1344,9%@1344,0%@1344,9%@1344],GR3D_FREQ,0%,cpu@51.843C,soc2@50C,soc0@50.843C,gpu@51.656C,tj@52.062C,soc1@51C,VDD_IN,5842mW/5807mW,VDD_CPU_GPU_CV,1428mW/1392mW,VDD_SOC,2420mW/2410mW
07-27-2026,10:09:38,RAM,943/7620MB,(lfb,17x4MB),SWAP,141/3810MB,(cached,2MB),CPU,[16%@1344,0%@1344,0%@1344,18%@1344,0%@1344,0%@1344],GR3D_FREQ,0%,cpu@51.843C,soc2@50.031C,soc0@50.75C,gpu@52.031C,tj@52.031C,soc1@51.062C,VDD_IN,5842mW/5808mW,VDD_CPU_GPU_CV,1428mW/1392mW,VDD_SOC,2420mW/2410mW
07-27-2026,10:09:38,RAM,943/7620MB,(lfb,17x4MB),SWAP,141/3810MB,(cached,2MB),CPU,[9%@1344,0%@1344,0%@1344,0%@1344,0%@1344,0%@1344],GR3D_FREQ,0%,cpu@51.937C,soc2@49.843C,soc0@50.718C,gpu@51.687C,tj@51.937C,soc1@50.843C,VDD_IN,5802mW/5808mW,VDD_CPU_GPU_CV,1388mW/1392mW,VDD_SOC,2420mW/2410mW
07-27-2026,10:09:38,RAM,943/7620MB,(lfb,17x4MB),SWAP,141/3810MB,(cached,2MB),CPU,[18%@1344,0%@1344,0%@1344,16%@1344,8%@1344,0%@1344],GR3D_FREQ,0%,cpu@51.906C,soc2@49.937C,soc0@50.75C,gpu@51.531C,tj@51.906C,soc1@50.906C,VDD_IN,5802mW/5808mW,VDD_CPU_GPU_CV,1388mW/1392mW,VDD_SOC,2420mW/2410mW
07-27-2026,10:09:38,RAM,943/7620MB,(lfb,17x4MB),SWAP,141/3810MB,(cached,2MB),CPU,[0%@1344,0%@1344,9%@1344,0%@1344,0%@1344,0%@1344],GR3D_FREQ,0%,cpu@51.781C,soc2@49.906C,soc0@50.906C,gpu@51.968C,tj@51.968C,soc1@50.875C,VDD_IN,5802mW/5808mW,VDD_CPU_GPU_CV,1388mW/1392mW,VDD_SOC,2420mW/2410mW
07-27-2026,10:09:38,RAM,943/7620MB,(lfb,17x4MB),SWAP,141/3810MB,(cached,2MB),CPU,[9%@1344,0%@1344,0%@1344,9%@1344,9%@1344,0%@1344],GR3D_FREQ,0%,cpu@52.218C,soc2@50.093C,soc0@50.687C,gpu@51.625C,tj@52.218C,soc1@51.031C,VDD_IN,5802mW/5808mW,VDD_CPU_GPU_CV,1388mW/1392mW,VDD_SOC,2420mW/2410mW
07-27-2026,10:09:39,RAM,943/7620MB,(lfb,17x4MB),SWAP,141/3810MB,(cached,2MB),CPU,[18%@1344,0%@1344,0%@1344,18%@1344,0%@1344,8%@1344],GR3D_FREQ,0%,cpu@51.875C,soc2@49.937C,soc0@50.656C,gpu@51.75C,tj@51.906C,soc1@50.906C,VDD_IN,5802mW/5807mW,VDD_CPU_GPU_CV,1388mW/1392mW,VDD_SOC,2420mW/2410mW
07-27-2026,10:09:39,RAM,944/7620MB,(lfb,17x4MB),SWAP,141/3810MB,(cached,2MB),CPU,[9%@1344,0%@1344,0%@1344,9%@1344,9%@1344,0%@1344],GR3D_FREQ,0%,cpu@52C,soc2@49.968C,soc0@50.812C,gpu@51.687C,tj@52C,soc1@50.968C,VDD_IN,5842mW/5808mW,VDD_CPU_GPU_CV,1428mW/1392mW,VDD_SOC,2420mW/2410mW
07-27-2026,10:09:39,RAM,944/7620MB,(lfb,17x4MB),SWAP,141/3810MB,(cached,2MB),CPU,[0%@1344,0%@1344,0%@1344,0%@1344,0%@1344,0%@1344],GR3D_FREQ,0%,cpu@51.968C,soc2@49.843C,soc0@50.718C,gpu@51.781C,tj@51.968C,soc1@51.125C,VDD_IN,5842mW/5808mW,VDD_CPU_GPU_CV,1428mW/1392mW,VDD_SOC,2420mW/2410mW
07-27-2026,10:09:39,RAM,943/7620MB,(lfb,17x4MB),SWAP,141/3810MB,(cached,2MB),CPU,[16%@1344,0%@1344,0%@1344,18%@1344,0%@1344,0%@1344],GR3D_FREQ,0%,cpu@52.156C,soc2@49.968C,soc0@50.718C,gpu@51.687C,tj@52.156C,soc1@51.187C,VDD_IN,5882mW/5808mW,VDD_CPU_GPU_CV,1428mW/1392mW,VDD_SOC,2420mW/2410mW
07-27-2026,10:09:39,RAM,943/7620MB,(lfb,17x4MB),SWAP,141/3810MB,(cached,2MB),CPU,[16%@1344,0%@1344,0%@1344,9%@1344,0%@1344,0%@1344],GR3D_FREQ,0%,cpu@51.718C,soc2@49.843C,soc0@50.781C,gpu@51.625C,tj@51.937C,soc1@50.875C,VDD_IN,5842mW/5808mW,VDD_CPU_GPU_CV,1428mW/1392mW,VDD_SOC,2420mW/2410mW
07-27-2026,10:09:39,RAM,943/7620MB,(lfb,17x4MB),SWAP,141/3810MB,(cached,2MB),CPU,[10%@1344,8%@1344,0%@1344,10%@1344,0%@1344,0%@1344],GR3D_FREQ,0%,cpu@51.812C,soc2@49.968C,soc0@50.843C,gpu@51.718C,tj@51.812C,soc1@50.906C,VDD_IN,5842mW/5808mW,VDD_CPU_GPU_CV,1428mW/1392mW,VDD_SOC,2420mW/2410mW
07-27-2026,10:09:39,RAM,943/7620MB,(lfb,17x4MB),SWAP,141/3810MB,(cached,2MB),CPU,[0%@1344,0%@1344,9%@1344,0%@1344,0%@1344,0%@1344],GR3D_FREQ,0%,cpu@52.062C,soc2@49.968C,soc0@50.718C,gpu@51.687C,tj@52.062C,soc1@51.062C,VDD_IN,5842mW/5808mW,VDD_CPU_GPU_CV,1428mW/1392mW,VDD_SOC,2420mW/2410mW
07-27-2026,10:09:39,RAM,943/7620MB,(lfb,17x4MB),SWAP,141/3810MB,(cached,2MB),CPU,[9%@1344,0%@1344,0%@1344,9%@1344,0%@1344,0%@1344],GR3D_FREQ,0%,cpu@52.156C,soc2@50C,soc0@50.625C,gpu@51.625C,tj@52.156C,soc1@51.156C,VDD_IN,5842mW/5808mW,VDD_CPU_GPU_CV,1428mW/1392mW,VDD_SOC,2420mW/2410mW
07-27-2026,10:09:39,RAM,943/7620MB,(lfb,17x4MB),SWAP,141/3810MB,(cached,2MB),CPU,[9%@1344,0%@1344,0%@1344,10%@1344,0%@1344,0%@1344],GR3D_FREQ,0%,cpu@52.156C,soc2@49.906C,soc0@50.75C,gpu@51.687C,tj@51.875C,soc1@50.781C,VDD_IN,5842mW/5808mW,VDD_CPU_GPU_CV,1428mW/1392mW,VDD_SOC,2420mW/2410mW
07-27-2026,10:09:39,RAM,943/7620MB,(lfb,17x4MB),SWAP,141/3810MB,(cached,2MB),CPU,[10%@1344,0%@1344,0%@1344,9%@1344,0%@1344,0%@1344],GR3D_FREQ,0%,cpu@51.937C,soc2@50.031C,soc0@50.906C,gpu@51.687C,tj@51.937C,soc1@50.843C,VDD_IN,5842mW/5808mW,VDD_CPU_GPU_CV,1428mW/1392mW,VDD_SOC,2420mW/2410mW
07-27-2026,10:09:40,RAM,943/7620MB,(lfb,17x4MB),SWAP,141/3810MB,(cached,2MB),CPU,[9%@1344,0%@1344,0%@1344,9%@1344,0%@1344,9%@1344],GR3D_FREQ,0%,cpu@51.906C,soc2@49.968C,soc0@50.625C,gpu@51.593C,tj@51.906C,soc1@50.937C,VDD_IN,5802mW/5808mW,VDD_CPU_GPU_CV,1388mW/1392mW,VDD_SOC,2420mW/2410mW
07-27-2026,10:09:40,RAM,943/7620MB,(lfb,17x4MB),SWAP,141/3810MB,(cached,2MB),CPU,[0%@1344,0%@1344,0%@1344,10%@1344,0%@1344,0%@1344],GR3D_FREQ,0%,cpu@52.062C,soc2@49.937C,soc0@50.687C,gpu@52.187C,tj@52.187C,soc1@51.125C,VDD_IN,5802mW/5808mW,VDD_CPU_GPU_CV,1388mW/1392mW,VDD_SOC,2420mW/2410mW
07-27-2026,10:09:40,RAM,943/7620MB,(lfb,17x4MB),SWAP,141/3810MB,(cached,2MB),CPU,[18%@1344,0%@1344,0%@1344,0%@1344,0%@1344,0%@1344],GR3D_FREQ,0%,cpu@51.906C,soc2@49.906C,soc0@50.687C,gpu@51.687C,tj@51.906C,soc1@50.906C,VDD_IN,5802mW/5808mW,VDD_CPU_GPU_CV,1388mW/1392mW,VDD_SOC,2420mW/2410mW
07-27-2026,10:09:40,RAM,944/7620MB,(lfb,17x4MB),SWAP,141/3810MB,(cached,2MB),CPU,[9%@1344,8%@1344,0%@1344,10%@1344,0%@1344,9%@1344],GR3D_FREQ,0%,cpu@51.937C,soc2@49.968C,soc0@50.687C,gpu@51.562C,tj@51.937C,soc1@50.812C,VDD_IN,5842mW/5808mW,VDD_CPU_GPU_CV,1428mW/1392mW,VDD_SOC,2420mW/2410mW
07-27-2026,10:09:40,RAM,943/7620MB,(lfb,17x4MB),SWAP,141/3810MB,(cached,2MB),CPU,[10%@1344,0%@1344,9%@1344,9%@1344,0%@1344,0%@1344],GR3D_FREQ,0%,cpu@51.937C,soc2@49.968C,soc0@50.906C,gpu@52.062C,tj@52.062C,soc1@50.906C,VDD_IN,5842mW/5808mW,VDD_CPU_GPU_CV,1428mW/1392mW,VDD_SOC,2420mW/2410mW
07-27-2026,10:09:40,RAM,943/7620MB,(lfb,17x4MB),SWAP,141/3810MB,(cached,2MB),CPU,[0%@1344,0%@1344,0%@1344,18%@1344,18%@1344,0%@1344],GR3D_FREQ,0%,cpu@52.125C,soc2@50.031C,soc0@50.687C,gpu@51.687C,tj@52.125C,soc1@51.031C,VDD_IN,5882mW/5808mW,VDD_CPU_GPU_CV,1428mW/1392mW,VDD_SOC,2420mW/2410mW
07-27-2026,10:09:40,RAM,943/7620MB,(lfb,17x4MB),SWAP,141/3810MB,(cached,2MB),CPU,[9%@1344,0%@1344,0%@1344,0%@1344,9%@1344,0%@1344],GR3D_FREQ,0%,cpu@52.062C,soc2@49.968C,soc0@50.656C,gpu@51.656C,tj@52.062C,soc1@50.875C,VDD_IN,5961mW/5808mW,VDD_CPU_GPU_CV,1428mW/1392mW,VDD_SOC,2420mW/2410mW
07-27-2026,10:09:40,RAM,943/7620MB,(lfb,17x4MB),SWAP,141/3810MB,(cached,2MB),CPU,[25%@1344,0%@1344,0%@1344,9%@1344,0%@1344,0%@1344],GR3D_FREQ,0%,cpu@51.875C,soc2@49.937C,soc0@50.687C,gpu@52.031C,tj@52.031C,soc1@50.968C,VDD_IN,6001mW/5808mW,VDD_CPU_GPU_CV,1428mW/1392mW,VDD_SOC,2420mW/2410mW
07-27-2026,10:09:40,RAM,943/7620MB,(lfb,17x4MB),SWAP,141/3810MB,(cached,2MB),CPU,[16%@1344,0%@1344,0%@1344,10%@1344,0%@1344,0%@1344],GR3D_FREQ,0%,cpu@51.937C,soc2@50.031C,soc0@50.75C,gpu@51.593C,tj@51.937C,soc1@51.156C,VDD_IN,6041mW/5809mW,VDD_CPU_GPU_CV,1428mW/1392mW,VDD_SOC,2420mW/2410mW
07-27-2026,10:09:41,RAM,943/7620MB,(lfb,17x4MB),SWAP,141/3810MB,(cached,2MB),CPU,[10%@1344,9%@1344,0%@1344,16%@1344,0%@1344,0%@1344],GR3D_FREQ,0%,cpu@51.843C,soc2@49.906C,soc0@50.812C,gpu@51.5C,tj@51.843C,soc1@50.906C,VDD_IN,6080mW/5809mW,VDD_CPU_GPU_CV,1428mW/1392mW,VDD_SOC,2420mW/2410mW
07-27-2026,10:09:41,RAM,943/7620MB,(lfb,17x4MB),SWAP,141/3810MB,(cached,2MB),CPU,[9%@1344,0%@1344,0%@1344,0%@1344,9%@1344,0%@1344],GR3D_FREQ,0%,cpu@51.843C,soc2@49.968C,soc0@50.968C,gpu@51.687C,tj@51.843C,soc1@50.937C,VDD_IN,6120mW/5809mW,VDD_CPU_GPU_CV,1428mW/1392mW,VDD_SOC,2420mW/2410mW
07-27-2026,10:09:41,RAM,944/7620MB,(lfb,17x4MB),SWAP,141/3810MB,(cached,2MB),CPU,[10%@1344,9%@1344,0%@1344,9%@1344,0%@1344,0%@1344],GR3D_FREQ,0%,cpu@52.156C,soc2@49.968C,soc0@50.625C,gpu@51.593C,tj@52.156C,soc1@51.062C,VDD_IN,6160mW/5809mW,VDD_CPU_GPU_CV,1428mW/1392mW,VDD_SOC,2420mW/2410mW
07-27-2026,10:09:41,RAM,944/7620MB,(lfb,17x4MB),SWAP,141/3810MB,(cached,2MB),CPU,[9%@1344,0%@1344,0%@1344,10%@1344,0%@1344,16%@1344],GR3D_FREQ,0%,cpu@51.937C,soc2@50C,soc0@50.687C,gpu@52.187C,tj@52.187C,soc1@51.187C,VDD_IN,6160mW/5810mW,VDD_CPU_GPU_CV,1428mW/1393mW,VDD_SOC,2420mW/2410mW
07-27-2026,10:09:41,RAM,944/7620MB,(lfb,17x4MB),SWAP,141/3810MB,(cached,2MB),CPU,[0%@1344,0%@1344,0%@1344,9%@1344,0%@1344,0%@1344],GR3D_FREQ,0%,cpu@51.812C,soc2@49.906C,soc0@50.812C,gpu@51.75C,tj@51.812C,soc1@50.875C,VDD_IN,6200mW/5810mW,VDD_CPU_GPU_CV,1428mW/1393mW,VDD_SOC,2424mW/2410mW
07-27-2026,10:09:41,RAM,944/7620MB,(lfb,17x4MB),SWAP,141/3810MB,(cached,2MB),CPU,[10%@1344,0%@1344,0%@1344,9%@1344,0%@1344,0%@1344],GR3D_FREQ,0%,cpu@51.875C,soc2@49.968C,soc0@50.875C,gpu@51.562C,tj@51.968C,soc1@51C,VDD_IN,6120mW/5810mW,VDD_CPU_GPU_CV,1428mW/1393mW,VDD_SOC,2420mW/2410mW
07-27-2026,10:09:41,RAM,944/7620MB,(lfb,17x4MB),SWAP,141/3810MB,(cached,2MB),CPU,[9%@1344,0%@1344,0%@1344,0%@1344,9%@1344,0%@1344],GR3D_FREQ,0%,cpu@52.125C,soc2@49.906C,soc0@50.593C,gpu@52.125C,tj@52.125C,soc1@50.937C,VDD_IN,6041mW/5811mW,VDD_CPU_GPU_CV,1428mW/1393mW,VDD_SOC,2420mW/2410mW
07-27-2026,10:09:41,RAM,944/7620MB,(lfb,17x4MB),SWAP,141/3810MB,(cached,2MB),CPU,[18%@1344,0%@1344,0%@1344,9%@1344,8%@1344,0%@1344],GR3D_FREQ,0%,cpu@52.156C,soc2@49.968C,soc0@50.656C,gpu@51.843C,tj@52.156C,soc1@51.093C,VDD_IN,6001mW/5811mW,VDD_CPU_GPU_CV,1428mW/1393mW,VDD_SOC,2420mW/2410mW
07-27-2026,10:09:41,RAM,943/7620MB,(lfb,17x4MB),SWAP,141/3810MB,(cached,2MB),CPU,[16%@1344,0%@1344,0%@1344,9%@1344,0%@1344,0%@1344],GR3D_FREQ,0%,cpu@51.843C,soc2@49.906C,soc0@50.781C,gpu@51.531C,tj@51.843C,soc1@50.875C,VDD_IN,5961mW/5811mW,VDD_CPU_GPU_CV,1428mW/1393mW,VDD_SOC,2420mW/2410mW
07-27-2026,10:09:41,RAM,944/7620MB,(lfb,17x4MB),SWAP,141/3810MB,(cached,2MB),CPU,[10%@1344,8%@1344,0%@1344,10%@1344,0%@1344,0%@1344],GR3D_FREQ,0%,cpu@51.937C,soc2@49.906C,soc0@50.875C,gpu@52.156C,tj@52.156C,soc1@50.812C,VDD_IN,5921mW/5811mW,VDD_CPU_GPU_CV,1428mW/1393mW,VDD_SOC,2420mW/2410mW
07-27-2026,10:09:42,RAM,944/7620MB,(lfb,17x4MB),SWAP,141/3810MB,(cached,2MB),CPU,[9%@1344,0%@1344,9%@1344,9%@1344,0%@1344,0%@1344],GR3D_FREQ,0%,cpu@52.031C,soc2@49.937C,soc0@50.906C,gpu@51.906C,tj@52.031C,soc1@51.031C,VDD_IN,5882mW/5811mW,VDD_CPU_GPU_CV,1388mW/1393mW,VDD_SOC,2420mW/2410mW
07-27-2026,10:09:42,RAM,943/7620MB,(lfb,17x4MB),SWAP,141/3810MB,(cached,2MB),CPU,[10%@1344,0%@1344,0%@1344,9%@1344,0%@1344,0%@1344],GR3D_FREQ,0%,cpu@52.031C,soc2@49.937C,soc0@50.718C,gpu@51.843C,tj@52.031C,soc1@51.125C,VDD_IN,5882mW/5811mW,VDD_CPU_GPU_CV,1388mW/1393mW,VDD_SOC,2420mW/2410mW
07-27-2026,10:09:42,RAM,944/7620MB,(lfb,17x4MB),SWAP,141/3810MB,(cached,2MB),CPU,[9%@1344,0%@1344,0%@1344,0%@1344,0%@1344,0%@1344],GR3D_FREQ,0%,cpu@51.718C,soc2@49.968C,soc0@50.718C,gpu@52.062C,tj@52.062C,soc1@50.843C,VDD_IN,5842mW/5811mW,VDD_CPU_GPU_CV,1388mW/1393mW,VDD_SOC,2420mW/2410mW
07-27-2026,10:09:42,RAM,944/7620MB,(lfb,17x4MB),SWAP,141/3810MB,(cached,2MB),CPU,[10%@1344,0%@1344,0%@1344,9%@1344,0%@1344,0%@1344],GR3D_FREQ,0%,cpu@51.843C,soc2@49.968C,soc0@50.812C,gpu@51.875C,tj@51.875C,soc1@50.968C,VDD_IN,5882mW/5811mW,VDD_CPU_GPU_CV,1428mW/1393mW,VDD_SOC,2420mW/2410mW
07-27-2026,10:09:42,RAM,944/7620MB,(lfb,17x4MB),SWAP,141/3810MB,(cached,2MB),CPU,[16%@1344,0%@1344,0%@1344,10%@1344,0%@1344,0%@1344],GR3D_FREQ,0%,cpu@51.937C,soc2@49.968C,soc0@50.875C,gpu@51.687C,tj@51.937C,soc1@51C,VDD_IN,5842mW/5811mW,VDD_CPU_GPU_CV,1428mW/1393mW,VDD_SOC,2420mW/2410mW
07-27-2026,10:09:42,RAM,944/7620MB,(lfb,17x4MB),SWAP,141/3810MB,(cached,2MB),CPU,[10%@1344,9%@1344,0%@1344,9%@1344,0%@1344,0%@1344],GR3D_FREQ,0%,cpu@52.031C,soc2@50C,soc0@50.687C,gpu@52C,tj@52.031C,soc1@51.093C,VDD_IN,5842mW/5811mW,VDD_CPU_GPU_CV,1428mW/1393mW,VDD_SOC,2420mW/2410mW
07-27-2026,10:09:42,RAM,944/7620MB,(lfb,17x4MB),SWAP,141/3810MB,(cached,2MB),CPU,[9%@1344,0%@1344,0%@1344,9%@1344,0%@1344,0%@1344],GR3D_FREQ,0%,cpu@52.156C,soc2@49.937C,soc0@50.718C,gpu@51.812C,tj@51.812C,soc1@50.906C,VDD_IN,5842mW/5811mW,VDD_CPU_GPU_CV,1388mW/1393mW,VDD_SOC,2420mW/2410mW
07-27-2026,10:09:42,RAM,944/7620MB,(lfb,17x4MB),SWAP,141/3810MB,(cached,2MB),CPU,[10%@1344,8%@1344,0%@1344,10%@1344,8%@1344,0%@1344],GR3D_FREQ,0%,cpu@51.937C,soc2@50C,soc0@50.656C,gpu@52.125C,tj@52.125C,soc1@51.062C,VDD_IN,5842mW/5812mW,VDD_CPU_GPU_CV,1428mW/1393mW,VDD_SOC,2420mW/2410mW
07-27-2026,10:09:42,RAM,944/7620MB,(lfb,17x4MB),SWAP,141/3810MB,(cached,2MB),CPU,[9%@1344,0%@1344,0%@1344,9%@1344,0%@1344,0%@1344],GR3D_FREQ,0%,cpu@51.937C,soc2@49.906C,soc0@50.656C,gpu@51.937C,tj@51.937C,soc1@51.156C,VDD_IN,5842mW/5812mW,VDD_CPU_GPU_CV,1428mW/1393mW,VDD_SOC,2420mW/2411mW
07-27-2026,10:09:43,RAM,944/7620MB,(lfb,17x4MB),SWAP,141/3810MB,(cached,2MB),CPU,[10%@1344,0%@1344,0%@1344,18%@1344,0%@1344,0%@1344],GR3D_FREQ,0%,cpu@51.875C,soc2@49.906C,soc0@50.843C,gpu@51.718C,tj@51.875C,soc1@50.843C,VDD_IN,5842mW/5812mW,VDD_CPU_GPU_CV,1428mW/1393mW,VDD_SOC,2420mW/2411mW
07-27-2026,10:09:43,RAM,944/7620MB,(lfb,17x4MB),SWAP,141/3810MB,(cached,2MB),CPU,[16%@1344,0%@1344,0%@1344,0%@1344,0%@1344,0%@1344],GR3D_FREQ,0%,cpu@51.812C,soc2@49.843C,soc0@50.843C,gpu@52.062C,tj@52.062C,soc1@51.031C,VDD_IN,5842mW/5812mW,VDD_CPU_GPU_CV,1428mW/1393mW,VDD_SOC,2420mW/2411mW
07-27-2026,10:09:43,RAM,944/7620MB,(lfb,17x4MB),SWAP,141/3810MB,(cached,2MB),CPU,[0%@1344,0%@1344,0%@1344,0%@1344,0%@1344,0%@1344],GR3D_FREQ,0%,cpu@51.843C,soc2@50C,soc0@50.625C,gpu@51.937C,tj@51.937C,soc1@50.937C,VDD_IN,5842mW/5812mW,VDD_CPU_GPU_CV,1428mW/1393mW,VDD_SOC,2420mW/2411mW
07-27-2026,10:09:43,RAM,945/7620MB,(lfb,17x4MB),SWAP,141/3810MB,(cached,2MB),CPU,[16%@1344,0%@1344,9%@1344,18%@1344,0%@1344,9%@1344],GR3D_FREQ,0%,cpu@52.062C,soc2@49.875C,soc0@50.718C,gpu@51.75C,tj@52.062C,soc1@50.875C,VDD_IN,5842mW/5812mW,VDD_CPU_GPU_CV,1428mW/1393mW,VDD_SOC,2420mW/2411mW
07-27-2026,10:09:43,RAM,945/7620MB,(lfb,17x4MB),SWAP,141/3810MB,(cached,2MB),CPU,[10%@1344,0%@1344,0%@1344,0%@1344,0%@1344,0%@1344],GR3D_FREQ,0%,cpu@51.843C,soc2@50C,soc0@50.75C,gpu@51.625C,tj@51.843C,soc1@50.875C,VDD_IN,5842mW/5812mW,VDD_CPU_GPU_CV,1428mW/1393mW,VDD_SOC,2420mW/2411mW
07-27-2026,10:09:43,RAM,945/7620MB,(lfb,17x4MB),SWAP,141/3810MB,(cached,2MB),CPU,[9%@1344,0%@1344,8%@1344,18%@1344,0%@1344,0%@1344],GR3D_FREQ,0%,cpu@51.718C,soc2@50.031C,soc0@50.937C,gpu@51.781C,tj@51.781C,soc1@50.843C,VDD_IN,5842mW/5812mW,VDD_CPU_GPU_CV,1428mW/1393mW,VDD_SOC,2420mW/2411mW
07-27-2026,10:09:43,RAM,945/7620MB,(lfb,17x4MB),SWAP,141/3810MB,(cached,2MB),CPU,[9%@1344,0%@1344,0%@1344,0%@1344,0%@1344,0%@1344],GR3D_FREQ,0%,cpu@52.156C,soc2@49.906C,soc0@50.687C,gpu@51.718C,tj@52.156C,soc1@50.968C,VDD_IN,5842mW/5812mW,VDD_CPU_GPU_CV,1428mW/1393mW,VDD_SOC,2420mW/2411mW
07-27-2026,10:09:43,RAM,944/7620MB,(lfb,17x4MB),SWAP,141/3810MB,(cached,2MB),CPU,[10%@1344,0%@1344,0%@1344,9%@1344,0%@1344,0%@1344],GR3D_FREQ,0%,cpu@51.906C,soc2@49.781C,soc0@50.718C,gpu@51.656C,tj@51.906C,soc1@50.75C,VDD_IN,5842mW/5812mW,VDD_CPU_GPU_CV,1428mW/1393mW,VDD_SOC,2420mW/2411mW
07-27-2026,10:09:43,RAM,944/7620MB,(lfb,17x4MB),SWAP,141/3810MB,(cached,2MB),CPU,[0%@1344,0%@1344,0%@1344,0%@1344,0%@1344,0%@1344],GR3D_FREQ,0%,cpu@51.781C,soc2@49.843C,soc0@50.781C,gpu@51.812C,tj@51.812C,soc1@50.875C,VDD_IN,5802mW/5812mW,VDD_CPU_GPU_CV,1388mW/1393mW,VDD_SOC,2420mW/2411mW
07-27-2026,10:09:43,RAM,944/7620MB,(lfb,17x4MB),SWAP,141/3810MB,(cached,2MB),CPU,[9%@1344,0%@1344,9%@1344,0%@1344,9%@1344,0%@1344],GR3D_FREQ,0%,cpu@51.937C,soc2@49.937C,soc0@50.781C,gpu@51.75C,tj@51.937C,soc1@50.937C,VDD_IN,5802mW/5812mW,VDD_CPU_GPU_CV,1388mW/1393mW,VDD_SOC,2420mW/2411mW
07-27-2026,10:09:44,RAM,945/7620MB,(lfb,17x4MB),SWAP,141/3810MB,(cached,2MB),CPU,[10%@1344,9%@1344,8%@1344,0%@1344,9%@1344,0%@1344],GR3D_FREQ,0%,cpu@52.187C,soc2@49.906C,soc0@50.625C,gpu@51.687C,tj@52.187C,soc1@51.093C,VDD_IN,5802mW/5812mW,VDD_CPU_GPU_CV,1388mW/1393mW,VDD_SOC,2420mW/2411mW
07-27-2026,10:09:44,RAM,944/7620MB,(lfb,17x4MB),SWAP,141/3810MB,(cached,2MB),CPU,[16%@1344,0%@1344,0%@1344,0%@1344,10%@1344,0%@1344],GR3D_FREQ,0%,cpu@51.75C,soc2@49.906C,soc0@50.718C,gpu@51.593C,tj@51.75C,soc1@51.187C,VDD_IN,5802mW/5812mW,VDD_CPU_GPU_CV,1388mW/1393mW,VDD_SOC,2420mW/2411mW
07-27-2026,10:09:44,RAM,945/7620MB,(lfb,17x4MB),SWAP,141/3810MB,(cached,2MB),CPU,[16%@1344,0%@1344,0%@1344,0%@1344,9%@1344,0%@1344],GR3D_FREQ,0%,cpu@51.812C,soc2@49.906C,soc0@50.781C,gpu@51.656C,tj@51.812C,soc1@50.781C,VDD_IN,5802mW/5812mW,VDD_CPU_GPU_CV,1388mW/1393mW,VDD_SOC,2420mW/2411mW
07-27-2026,10:09:44,RAM,945/7620MB,(lfb,17x4MB),SWAP,141/3810MB,(cached,2MB),CPU,[0%@1344,9%@1344,0%@1344,0%@1344,10%@1344,0%@1344],GR3D_FREQ,0%,cpu@51.875C,soc2@49.875C,soc0@50.781C,gpu@51.625C,tj@51.875C,soc1@50.968C,VDD_IN,5842mW/5812mW,VDD_CPU_GPU_CV,1428mW/1393mW,VDD_SOC,2420mW/2411mW
07-27-2026,10:09:44,RAM,945/7620MB,(lfb,17x4MB),SWAP,141/3810MB,(cached,2MB),CPU,[9%@1344,9%@1344,0%@1344,9%@1344,9%@1344,9%@1344],GR3D_FREQ,0%,cpu@52.031C,soc2@49.906C,soc0@50.718C,gpu@51.562C,tj@52.031C,soc1@51.125C,VDD_IN,5842mW/5812mW,VDD_CPU_GPU_CV,1428mW/1393mW,VDD_SOC,2420mW/2411mW
07-27-2026,10:09:44,RAM,945/7620MB,(lfb,17x4MB),SWAP,141/3810MB,(cached,2MB),CPU,[16%@1344,0%@1344,8%@1344,0%@1344,9%@1344,8%@1344],GR3D_FREQ,0%,cpu@51.812C,soc2@49.781C,soc0@50.812C,gpu@51.687C,tj@51.812C,soc1@50.906C,VDD_IN,5842mW/5812mW,VDD_CPU_GPU_CV,1388mW/1393mW,VDD_SOC,2420mW/2411mW
07-27-2026,10:09:44,RAM,945/7620MB,(lfb,17x4MB),SWAP,141/3810MB,(cached,2MB),CPU,[10%@1344,0%@1344,0%@1344,8%@1344,10%@1344,0%@1344],GR3D_FREQ,0%,cpu@52C,soc2@49.937C,soc0@50.843C,gpu@51.5C,tj@52C,soc1@50.937C,VDD_IN,5842mW/5812mW,VDD_CPU_GPU_CV,1428mW/1393mW,VDD_SOC,2420mW/2411mW
07-27-2026,10:09:44,RAM,945/7620MB,(lfb,17x4MB),SWAP,141/3810MB,(cached,2MB),CPU,[9%@1344,0%@1344,0%@1344,0%@1344,9%@1344,0%@1344],GR3D_FREQ,0%,cpu@52.031C,soc2@49.875C,soc0@50.656C,gpu@51.687C,tj@52.031C,soc1@51.125C,VDD_IN,5842mW/5812mW,VDD_CPU_GPU_CV,1428mW/1393mW,VDD_SOC,2420mW/2411mW
07-27-2026,10:09:44,RAM,945/7620MB,(lfb,17x4MB),SWAP,141/3810MB,(cached,2MB),CPU,[9%@1344,0%@1344,9%@1344,0%@1344,0%@1344,0%@1344],GR3D_FREQ,0%,cpu@51.968C,soc2@49.937C,soc0@50.718C,gpu@51.593C,tj@51.968C,soc1@50.812C,VDD_IN,5842mW/5812mW,VDD_CPU_GPU_CV,1428mW/1393mW,VDD_SOC,2420mW/2411mW
07-27-2026,10:09:45,RAM,945/7620MB,(lfb,17x4MB),SWAP,141/3810MB,(cached,2MB),CPU,[18%@1344,0%@1344,0%@1344,16%@1344,0%@1344,0%@1344],GR3D_FREQ,0%,cpu@51.875C,soc2@49.906C,soc0@50.812C,gpu@51.562C,tj@51.875C,soc1@50.875C,VDD_IN,5842mW/5812mW,VDD_CPU_GPU_CV,1428mW/1393mW,VDD_SOC,2420mW/2411mW
07-27-2026,10:09:45,RAM,945/7620MB,(lfb,17x4MB),SWAP,141/3810MB,(cached,2MB),CPU,[9%@1344,8%@1344,0%@1344,9%@1344,0%@1344,0%@1344],GR3D_FREQ,0%,cpu@51.906C,soc2@49.968C,soc0@50.812C,gpu@51.781C,tj@52.156C,soc1@51.031C,VDD_IN,5842mW/5812mW,VDD_CPU_GPU_CV,1428mW/1393mW,VDD_SOC,2420mW/2411mW
07-27-2026,10:09:45,RAM,945/7620MB,(lfb,17x4MB),SWAP,141/3810MB,(cached,2MB),CPU,[0%@1344,0%@1344,0%@1344,0%@1344,0%@1344,0%@1344],GR3D_FREQ,0%,cpu@51.937C,soc2@49.968C,soc0@50.687C,gpu@51.656C,tj@51.937C,soc1@51C,VDD_IN,5842mW/5812mW,VDD_CPU_GPU_CV,1428mW/1393mW,VDD_SOC,2420mW/2411mW
07-27-2026,10:09:45,RAM,945/7620MB,(lfb,17x4MB),SWAP,141/3810MB,(cached,2MB),CPU,[10%@1344,0%@1344,0%@1344,9%@1344,9%@1344,0%@1344],GR3D_FREQ,0%,cpu@52.031C,soc2@49.812C,soc0@50.781C,gpu@51.593C,tj@52.031C,soc1@50.875C,VDD_IN,5802mW/5812mW,VDD_CPU_GPU_CV,1428mW/1393mW,VDD_SOC,2420mW/2411mW
07-27-2026,10:09:45,RAM,945/7620MB,(lfb,17x4MB),SWAP,141/3810MB,(cached,2MB),CPU,[16%@1344,0%@1344,0%@1344,9%@1344,0%@1344,0%@1344],GR3D_FREQ,0%,cpu@51.75C,soc2@49.843C,soc0@50.75C,gpu@52.156C,tj@52.156C,soc1@50.843C,VDD_IN,5842mW/5812mW,VDD_CPU_GPU_CV,1428mW/1393mW,VDD_SOC,2420mW/2411mW
07-27-2026,10:09:45,RAM,945/7620MB,(lfb,17x4MB),SWAP,141/3810MB,(cached,2MB),CPU,[9%@1344,0%@1344,0%@1344,10%@1344,0%@1344,0%@1344],GR3D_FREQ,0%,cpu@51.968C,soc2@49.968C,soc0@50.875C,gpu@51.625C,tj@51.968C,soc1@50.875C,VDD_IN,5842mW/5812mW,VDD_CPU_GPU_CV,1428mW/1393mW,VDD_SOC,2420mW/2411mW
07-27-2026,10:09:45,RAM,945/7620MB,(lfb,17x4MB),SWAP,141/3810MB,(cached,2MB),CPU,[9%@1344,0%@1344,0%@1344,0%@1344,0%@1344,0%@1344],GR3D_FREQ,0%,cpu@51.843C,soc2@49.843C,soc0@50.718C,gpu@51.593C,tj@51.843C,soc1@51.062C,VDD_IN,5842mW/5812mW,VDD_CPU_GPU_CV,1428mW/1393mW,VDD_SOC,2420mW/2411mW
07-27-2026,10:09:45,RAM,945/7620MB,(lfb,17x4MB),SWAP,141/3810MB,(cached,2MB),CPU,[10%@1344,0%@1344,0%@1344,10%@1344,0%@1344,18%@1344],GR3D_FREQ,0%,cpu@52.031C,soc2@49.781C,soc0@50.75C,gpu@52.062C,tj@52.062C,soc1@51.156C,VDD_IN,5921mW/5812mW,VDD_CPU_GPU_CV,1428mW/1394mW,VDD_SOC,2420mW/2411mW
07-27-2026,10:09:45,RAM,945/7620MB,(lfb,17x4MB),SWAP,141/3810MB,(cached,2MB),CPU,[16%@1344,0%@1344,0%@1344,23%@1344,0%@1344,0%@1344],GR3D_FREQ,0%,cpu@51.875C,soc2@49.968C,soc0@50.875C,gpu@51.593C,tj@51.875C,soc1@50.812C,VDD_IN,5961mW/5812mW,VDD_CPU_GPU_CV,1428mW/1394mW,VDD_SOC,2420mW/2411mW
07-27-2026,10:09:45,RAM,945/7620MB,(lfb,17x4MB),SWAP,141/3810MB,(cached,2MB),CPU,[9%@1344,0%@1344,9%@1344,9%@1344,0%@1344,0%@1344],GR3D_FREQ,0%,cpu@51.812C,soc2@49.875C,soc0@50.843C,gpu@51.593C,tj@51.812C,soc1@50.906C,VDD_IN,6041mW/5813mW,VDD_CPU_GPU_CV,1428mW/1394mW,VDD_SOC,2420mW/2411mW
07-27-2026,10:09:46,RAM,945/7620MB,(lfb,17x4MB),SWAP,141/3810MB,(cached,2MB),CPU,[10%@1344,0%@1344,0%@1344,10%@1344,9%@1344,0%@1344],GR3D_FREQ,0%,cpu@51.875C,soc2@49.968C,soc0@50.656C,gpu@52C,tj@52C,soc1@51.093C,VDD_IN,6080mW/5813mW,VDD_CPU_GPU_CV,1428mW/1394mW,VDD_SOC,2420mW/2411mW
07-27-2026,10:09:46,RAM,945/7620MB,(lfb,17x4MB),SWAP,141/3810MB,(cached,2MB),CPU,[0%@1344,0%@1344,0%@1344,0%@1344,0%@1344,9%@1344],GR3D_FREQ,0%,cpu@51.937C,soc2@49.843C,soc0@50.656C,gpu@51.562C,tj@51.937C,soc1@51.062C,VDD_IN,6080mW/5813mW,VDD_CPU_GPU_CV,1428mW/1394mW,VDD_SOC,2420mW/2411mW
07-27-2026,10:09:46,RAM,945/7620MB,(lfb,17x4MB),SWAP,141/3810MB,(cached,2MB),CPU,[9%@1344,0%@1344,0%@1344,18%@1344,0%@1344,9%@1344],GR3D_FREQ,0%,cpu@51.75C,soc2@49.843C,soc0@50.718C,gpu@51.531C,tj@51.75C,soc1@50.812C,VDD_IN,6120mW/5813mW,VDD_CPU_GPU_CV,1428mW/1394mW,VDD_SOC,2420mW/2411mW
07-27-2026,10:09:46,RAM,945/7620MB,(lfb,17x4MB),SWAP,141/3810MB,(cached,2MB),CPU,[10%@1344,0%@1344,0%@1344,9%@1344,0%@1344,9%@1344],GR3D_FREQ,0%,cpu@51.781C,soc2@49.875C,soc0@50.812C,gpu@51.906C,tj@51.906C,soc1@50.875C,VDD_IN,6160mW/5814mW,VDD_CPU_GPU_CV,1428mW/1394mW,VDD_SOC,2420mW/2411mW
07-27-2026,10:09:46,RAM,945/7620MB,(lfb,17x4MB),SWAP,141/3810MB,(cached,2MB),CPU,[9%@1344,0%@1344,0%@1344,9%@1344,0%@1344,16%@1344],GR3D_FREQ,0%,cpu@52.218C,soc2@49.968C,soc0@50.875C,gpu@51.562C,tj@52.218C,soc1@50.968C,VDD_IN,6160mW/5814mW,VDD_CPU_GPU_CV,1428mW/1394mW,VDD_SOC,2420mW/2411mW
07-27-2026,10:09:46,RAM,945/7620MB,(lfb,17x4MB),SWAP,141/3810MB,(cached,2MB),CPU,[16%@1344,8%@1344,0%@1344,9%@1344,9%@1344,0%@1344],GR3D_FREQ,0%,cpu@51.656C,soc2@49.812C,soc0@50.656C,gpu@51.718C,tj@51.718C,soc1@50.875C,VDD_IN,6160mW/5814mW,VDD_CPU_GPU_CV,1428mW/1394mW,VDD_SOC,2420mW/2411mW
07-27-2026,10:09:46,RAM,945/7620MB,(lfb,17x4MB),SWAP,141/3810MB,(cached,2MB),CPU,[10%@1344,0%@1344,9%@1344,0%@1344,9%@1344,0%@1344],GR3D_FREQ,0%,cpu@52C,soc2@49.781C,soc0@50.937C,gpu@51.625C,tj@52C,soc1@50.937C,VDD_IN,6080mW/5815mW,VDD_CPU_GPU_CV,1428mW/1394mW,VDD_SOC,2420mW/2411mW
07-27-2026,10:09:46,RAM,945/7620MB,(lfb,17x4MB),SWAP,141/3810MB,(cached,2MB),CPU,[9%@1344,16%@1344,0%@1344,0%@1344,10%@1344,0%@1344],GR3D_FREQ,0%,cpu@52C,soc2@49.906C,soc0@50.843C,gpu@51.593C,tj@52C,soc1@50.875C,VDD_IN,6041mW/5815mW,VDD_CPU_GPU_CV,1428mW/1394mW,VDD_SOC,2420mW/2411mW
07-27-2026,10:09:46,RAM,945/7620MB,(lfb,17x4MB),SWAP,141/3810MB,(cached,2MB),CPU,[16%@1344,0%@1344,0%@1344,0%@1344,0%@1344,0%@1344],GR3D_FREQ,0%,cpu@52.187C,soc2@49.968C,soc0@50.687C,gpu@51.687C,tj@52.187C,soc1@50.843C,VDD_IN,5961mW/5815mW,VDD_CPU_GPU_CV,1428mW/1394mW,VDD_SOC,2420mW/2411mW
07-27-2026,10:09:47,RAM,945/7620MB,(lfb,17x4MB),SWAP,141/3810MB,(cached,2MB),CPU,[0%@1344,0%@1344,0%@1344,0%@1344,16%@1344,0%@1344],GR3D_FREQ,0%,cpu@51.812C,soc2@49.906C,soc0@50.625C,gpu@51.593C,tj@51.843C,soc1@50.843C,VDD_IN,5921mW/5815mW,VDD_CPU_GPU_CV,1428mW/1394mW,VDD_SOC,2420mW/2411mW
07-27-2026,10:09:47,RAM,945/7620MB,(lfb,17x4MB),SWAP,141/3810MB,(cached,2MB),CPU,[9%@1344,0%@1344,0%@1344,0%@1344,0%@1344,0%@1344],GR3D_FREQ,0%,cpu@51.937C,soc2@49.812C,soc0@50.843C,gpu@51.531C,tj@51.937C,soc1@50.812C,VDD_IN,5921mW/5815mW,VDD_CPU_GPU_CV,1428mW/1394mW,VDD_SOC,2420mW/2411mW
07-27-2026,10:09:47,RAM,945/7620MB,(lfb,17x4MB),SWAP,141/3810MB,(cached,2MB),CPU,[9%@1344,8%@1344,8%@1344,0%@1344,9%@1344,0%@1344],GR3D_FREQ,0%,cpu@52C,soc2@50C,soc0@50.656C,gpu@51.968C,tj@52C,soc1@51.031C,VDD_IN,5882mW/5815mW,VDD_CPU_GPU_CV,1428mW/1394mW,VDD_SOC,2420mW/2411mW
07-27-2026,10:09:47,RAM,945/7620MB,(lfb,17x4MB),SWAP,141/3810MB,(cached,2MB),CPU,[9%@1344,0%@1344,0%@1344,0%@1344,9%@1344,0%@1344],GR3D_FREQ,0%,cpu@52.156C,soc2@49.968C,soc0@50.593C,gpu@51.562C,tj@52.156C,soc1@51.156C,VDD_IN,5882mW/5815mW,VDD_CPU_GPU_CV,1428mW/1394mW,VDD_SOC,2420mW/2411mW
07-27-2026,10:09:47,RAM,946/7620MB,(lfb,17x4MB),SWAP,141/3810MB,(cached,2MB),CPU,[0%@1344,0%@1344,16%@1344,0%@1344,0%@1344,9%@1344],GR3D_FREQ,0%,cpu@51.875C,soc2@49.812C,soc0@50.656C,gpu@51.562C,tj@51.875C,soc1@50.843C,VDD_IN,5882mW/5815mW,VDD_CPU_GPU_CV,1428mW/1394mW,VDD_SOC,2420mW/2411mW
07-27-2026,10:09:47,RAM,946/7620MB,(lfb,17x4MB),SWAP,141/3810MB,(cached,2MB),CPU,[16%@1344,9%@1344,0%@1344,0%@1344,16%@1344,0%@1344],GR3D_FREQ,0%,cpu@51.937C,soc2@49.968C,soc0@50.75C,gpu@52.031C,tj@52.031C,soc1@50.812C,VDD_IN,5882mW/5815mW,VDD_CPU_GPU_CV,1428mW/1394mW,VDD_SOC,2420mW/2411mW
07-27-2026,10:09:47,RAM,946/7620MB,(lfb,17x4MB),SWAP,141/3810MB,(cached,2MB),CPU,[9%@1344,0%@1344,0%@1344,0%@1344,0%@1344,0%@1344],GR3D_FREQ,0%,cpu@51.937C,soc2@49.875C,soc0@50.75C,gpu@51.593C,tj@52C,soc1@51C,VDD_IN,5842mW/5815mW,VDD_CPU_GPU_CV,1428mW/1394mW,VDD_SOC,2420mW/2411mW
07-27-2026,10:09:47,RAM,946/7620MB,(lfb,17x4MB),SWAP,141/3810MB,(cached,2MB),CPU,[10%@1344,0%@1344,0%@1344,0%@1344,9%@1344,0%@1344],GR3D_FREQ,0%,cpu@52.031C,soc2@49.937C,soc0@50.687C,gpu@51.468C,tj@52.031C,soc1@51.125C,VDD_IN,5842mW/5815mW,VDD_CPU_GPU_CV,1428mW/1394mW,VDD_SOC,2420mW/2411mW
07-27-2026,10:09:47,RAM,946/7620MB,(lfb,17x4MB),SWAP,141/3810MB,(cached,2MB),CPU,[9%@1344,9%@1344,0%@1344,0%@1344,9%@1344,0%@1344],GR3D_FREQ,0%,cpu@51.937C,soc2@49.781C,soc0@50.656C,gpu@51.968C,tj@51.968C,soc1@50.812C,VDD_IN,5842mW/5815mW,VDD_CPU_GPU_CV,1388mW/1394mW,VDD_SOC,2420mW/2411mW
07-27-2026,10:09:47,RAM,946/7620MB,(lfb,17x4MB),SWAP,141/3810MB,(cached,2MB),CPU,[0%@1344,0%@1344,0%@1344,0%@1344,0%@1344,0%@1344],GR3D_FREQ,0%,cpu@51.906C,soc2@49.937C,soc0@50.718C,gpu@51.75C,tj@51.906C,soc1@50.968C,VDD_IN,5842mW/5815mW,VDD_CPU_GPU_CV,1388mW/1394mW,VDD_SOC,2420mW/2411mW
07-27-2026,10:09:48,RAM,946/7620MB,(lfb,17x4MB),SWAP,141/3810MB,(cached,2MB),CPU,[9%@1344,0%@1344,0%@1344,0%@1344,16%@1344,0%@1344],GR3D_FREQ,0%,cpu@51.937C,soc2@49.875C,soc0@50.968C,gpu@52.156C,tj@52.156C,soc1@51C,VDD_IN,5802mW/5815mW,VDD_CPU_GPU_CV,1388mW/1394mW,VDD_SOC,2420mW/2411mW
07-27-2026,10:09:48,RAM,946/7620MB,(lfb,17x4MB),SWAP,141/3810MB,(cached,2MB),CPU,[10%@1344,0%@1344,0%@1344,0%@1344,0%@1344,0%@1344],GR3D_FREQ,0%,cpu@51.937C,soc2@49.968C,soc0@50.593C,gpu@51.968C,tj@51.968C,soc1@50.906C,VDD_IN,5802mW/5815mW,VDD_CPU_GPU_CV,1388mW/1394mW,VDD_SOC,2420mW/2411mW
07-27-2026,10:09:48,RAM,946/7620MB,(lfb,17x4MB),SWAP,141/3810MB,(cached,2MB),CPU,[16%@1344,0%@1344,0%@1344,0%@1344,10%@1344,0%@1344],GR3D_FREQ,0%,cpu@51.718C,soc2@49.781C,soc0@50.75C,gpu@51.781C,tj@51.781C,soc1@50.843C,VDD_IN,5802mW/5815mW,VDD_CPU_GPU_CV,1388mW/1394mW,VDD_SOC,2420mW/2411mW
07-27-2026,10:09:48,RAM,947/7620MB,(lfb,17x4MB),SWAP,141/3810MB,(cached,2MB),CPU,[9%@1344,9%@1344,0%@1344,8%@1344,9%@1344,0%@1344],GR3D_FREQ,0%,cpu@51.781C,soc2@49.812C,soc0@50.687C,gpu@52.093C,tj@52.093C,soc1@50.843C,VDD_IN,5842mW/5815mW,VDD_CPU_GPU_CV,1428mW/1394mW,VDD_SOC,2420mW/2411mW
07-27-2026,10:09:48,RAM,947/7620MB,(lfb,17x4MB),SWAP,141/3810MB,(cached,2MB),CPU,[18%@1344,0%@1344,0%@1344,0%@1344,10%@1344,0%@1344],GR3D_FREQ,0%,cpu@51.906C,soc2@49.906C,soc0@50.656C,gpu@51.656C,tj@51.906C,soc1@50.718C,VDD_IN,5842mW/5815mW,VDD_CPU_GPU_CV,1428mW/1394mW,VDD_SOC,2420mW/2411mW
07-27-2026,10:09:48,RAM,947/7620MB,(lfb,17x4MB),SWAP,141/3810MB,(cached,2MB),CPU,[9%@1344,0%@1344,0%@1344,0%@1344,9%@1344,0%@1344],GR3D_FREQ,0%,cpu@51.75C,soc2@49.843C,soc0@50.687C,gpu@51.562C,tj@51.75C,soc1@50.781C,VDD_IN,5842mW/5815mW,VDD_CPU_GPU_CV,1428mW/1394mW,VDD_SOC,2420mW/2411mW
07-27-2026,10:09:48,RAM,947/7620MB,(lfb,17x4MB),SWAP,141/3810MB,(cached,2MB),CPU,[9%@1344,0%@1344,9%@1344,0%@1344,10%@1344,8%@1344],GR3D_FREQ,0%,cpu@51.812C,soc2@49.906C,soc0@50.843C,gpu@52.031C,tj@52.031C,soc1@50.968C,VDD_IN,5842mW/5815mW,VDD_CPU_GPU_CV,1428mW/1394mW,VDD_SOC,2420mW/2411mW
07-27-2026,10:09:48,RAM,946/7620MB,(lfb,17x4MB),SWAP,141/3810MB,(cached,2MB),CPU,[0%@1344,0%@1344,0%@1344,0%@1344,9%@1344,0%@1344],GR3D_FREQ,0%,cpu@52.125C,soc2@49.906C,soc0@50.656C,gpu@51.625C,tj@52.125C,soc1@50.968C,VDD_IN,5842mW/5815mW,VDD_CPU_GPU_CV,1428mW/1394mW,VDD_SOC,2420mW/2411mW
07-27-2026,10:09:48,RAM,946/7620MB,(lfb,17x4MB),SWAP,141/3810MB,(cached,2MB),CPU,[10%@1344,0%@1344,0%@1344,0%@1344,9%@1344,0%@1344],GR3D_FREQ,0%,cpu@52C,soc2@49.781C,soc0@50.625C,gpu@51.437C,tj@52C,soc1@51.187C,VDD_IN,5842mW/5816mW,VDD_CPU_GPU_CV,1428mW/1394mW,VDD_SOC,2420mW/2411mW
07-27-2026,10:09:49,RAM,947/7620MB,(lfb,17x4MB),SWAP,141/3810MB,(cached,2MB),CPU,[16%@1344,0%@1344,0%@1344,0%@1344,0%@1344,0%@1344],GR3D_FREQ,0%,cpu@51.843C,soc2@49.906C,soc0@50.718C,gpu@52C,tj@52C,soc1@50.812C,VDD_IN,5842mW/5816mW,VDD_CPU_GPU_CV,1428mW/1394mW,VDD_SOC,2420mW/2411mW
07-27-2026,10:09:49,RAM,947/7620MB,(lfb,17x4MB),SWAP,141/3810MB,(cached,2MB),CPU,[10%@1344,9%@1344,0%@1344,9%@1344,9%@1344,0%@1344],GR3D_FREQ,0%,cpu@51.843C,soc2@49.812C,soc0@50.718C,gpu@51.718C,tj@52C,soc1@50.937C,VDD_IN,5802mW/5816mW,VDD_CPU_GPU_CV,1428mW/1394mW,VDD_SOC,2420mW/2411mW
07-27-2026,10:09:49,RAM,947/7620MB,(lfb,17x4MB),SWAP,141/3810MB,(cached,2MB),CPU,[9%@1344,0%@1344,0%@1344,0%@1344,9%@1344,0%@1344],GR3D_FREQ,0%,cpu@52.093C,soc2@49.906C,soc0@50.625C,gpu@51.468C,tj@52.093C,soc1@50.937C,VDD_IN,5802mW/5816mW,VDD_CPU_GPU_CV,1428mW/1394mW,VDD_SOC,2420mW/2411mW
07-27-2026,10:09:49,RAM,947/7620MB,(lfb,17x4MB),SWAP,141/3810MB,(cached,2MB),CPU,[9%@1344,0%@1344,0%@1344,0%@1344,10%@1344,0%@1344],GR3D_FREQ,0%,cpu@52.25C,soc2@49.906C,soc0@50.687C,gpu@51.875C,tj@52.25C,soc1@51.156C,VDD_IN,5842mW/5816mW,VDD_CPU_GPU_CV,1388mW/1394mW,VDD_SOC,2420mW/2411mW
07-27-2026,10:09:49,RAM,947/7620MB,(lfb,17x4MB),SWAP,141/3810MB,(cached,2MB),CPU,[9%@1344,8%@1344,9%@1344,0%@1344,16%@1344,9%@1344],GR3D_FREQ,0%,cpu@51.75C,soc2@49.937C,soc0@50.687C,gpu@51.781C,tj@51.781C,soc1@50.875C,VDD_IN,5842mW/5816mW,VDD_CPU_GPU_CV,1428mW/1394mW,VDD_SOC,2420mW/2411mW
07-27-2026,10:09:49,RAM,947/7620MB,(lfb,17x4MB),SWAP,141/3810MB,(cached,2MB),CPU,[10%@1344,0%@1344,0%@1344,0%@1344,10%@1344,0%@1344],GR3D_FREQ,0%,cpu@51.875C,soc2@49.875C,soc0@50.843C,gpu@52.125C,tj@52.125C,soc1@50.968C,VDD_IN,5842mW/5816mW,VDD_CPU_GPU_CV,1428mW/1394mW,VDD_SOC,2420mW/2411mW
07-27-2026,10:09:49,RAM,947/7620MB,(lfb,17x4MB),SWAP,141/3810MB,(cached,2MB),CPU,[16%@1344,0%@1344,0%@1344,0%@1344,9%@1344,0%@1344],GR3D_FREQ,0%,cpu@52C,soc2@49.968C,soc0@50.937C,gpu@51.968C,tj@52C,soc1@51.093C,VDD_IN,5842mW/5816mW,VDD_CPU_GPU_CV,1428mW/1394mW,VDD_SOC,2420mW/2411mW
07-27-2026,10:09:49,RAM,947/7620MB,(lfb,17x4MB),SWAP,141/3810MB,(cached,2MB),CPU,[0%@1344,9%@1344,0%@1344,0%@1344,9%@1344,0%@1344],GR3D_FREQ,0%,cpu@52.093C,soc2@49.875C,soc0@50.625C,gpu@51.781C,tj@52.093C,soc1@51.125C,VDD_IN,5802mW/5816mW,VDD_CPU_GPU_CV,1428mW/1394mW,VDD_SOC,2420mW/2411mW
07-27-2026,10:09:49,RAM,947/7620MB,(lfb,17x4MB),SWAP,141/3810MB,(cached,2MB),CPU,[10%@1344,0%@1344,0%@1344,0%@1344,10%@1344,0%@1344],GR3D_FREQ,0%,cpu@51.781C,soc2@49.812C,soc0@50.718C,gpu@51.718C,tj@51.781C,soc1@50.75C,VDD_IN,5802mW/5816mW,VDD_CPU_GPU_CV,1388mW/1394mW,VDD_SOC,2420mW/2411mW
07-27-2026,10:09:49,RAM,947/7620MB,(lfb,17x4MB),SWAP,141/3810MB,(cached,2MB),CPU,[9%@1344,0%@1344,0%@1344,0%@1344,0%@1344,0%@1344],GR3D_FREQ,0%,cpu@52C,soc2@49.843C,soc0@50.718C,gpu@51.906C,tj@52C,soc1@50.781C,VDD_IN,5802mW/5816mW,VDD_CPU_GPU_CV,1388mW/1394mW,VDD_SOC,2420mW/2411mW
07-27-2026,10:09:50,RAM,947/7620MB,(lfb,17x4MB),SWAP,141/3810MB,(cached,2MB),CPU,[16%@1344,9%@1344,0%@1344,0%@1344,9%@1344,0%@1344],GR3D_FREQ,0%,cpu@51.968C,soc2@49.875C,soc0@50.875C,gpu@51.718C,tj@51.968C,soc1@50.968C,VDD_IN,5802mW/5816mW,VDD_CPU_GPU_CV,1388mW/1394mW,VDD_SOC,2420mW/2411mW
07-27-2026,10:09:50,RAM,947/7620MB,(lfb,17x4MB),SWAP,141/3810MB,(cached,2MB),CPU,[0%@1344,0%@1344,0%@1344,0%@1344,10%@1344,0%@1344],GR3D_FREQ,0%,cpu@52.093C,soc2@50C,soc0@50.656C,gpu@51.625C,tj@52.093C,soc1@51.218C,VDD_IN,5802mW/5816mW,VDD_CPU_GPU_CV,1388mW/1394mW,VDD_SOC,2420mW/2411mW
07-27-2026,10:09:50,RAM,947/7620MB,(lfb,17x4MB),SWAP,141/3810MB,(cached,2MB),CPU,[10%@1344,0%@1344,0%@1344,0%@1344,9%@1344,0%@1344],GR3D_FREQ,0%,cpu@51.656C,soc2@49.906C,soc0@50.656C,gpu@51.812C,tj@51.656C,soc1@50.906C,VDD_IN,5802mW/5816mW,VDD_CPU_GPU_CV,1388mW/1394mW,VDD_SOC,2420mW/2411mW
07-27-2026,10:09:50,RAM,948/7620MB,(lfb,17x4MB),SWAP,141/3810MB,(cached,2MB),CPU,[16%@1344,0%@1344,0%@1344,8%@1344,18%@1344,0%@1344],GR3D_FREQ,0%,cpu@52C,soc2@50C,soc0@50.718C,gpu@51.437C,tj@52C,soc1@51C,VDD_IN,5842mW/5816mW,VDD_CPU_GPU_CV,1428mW/1394mW,VDD_SOC,2420mW/2411mW
07-27-2026,10:09:50,RAM,947/7620MB,(lfb,17x4MB),SWAP,141/3810MB,(cached,2MB),CPU,[0%@1344,0%@1344,9%@1344,0%@1344,10%@1344,0%@1344],GR3D_FREQ,0%,cpu@51.968C,soc2@49.968C,soc0@50.593C,gpu@51.906C,tj@51.968C,soc1@51.187C,VDD_IN,5842mW/5816mW,VDD_CPU_GPU_CV,1428mW/1395mW,VDD_SOC,2420mW/2411mW
07-27-2026,10:09:50,RAM,947/7620MB,(lfb,17x4MB),SWAP,141/3810MB,(cached,2MB),CPU,[10%@1344,0%@1344,0%@1344,0%@1344,0%@1344,9%@1344],GR3D_FREQ,0%,cpu@51.968C,soc2@49.718C,soc0@50.718C,gpu@51.781C,tj@51.968C,soc1@50.937C,VDD_IN,5842mW/5816mW,VDD_CPU_GPU_CV,1428mW/1395mW,VDD_SOC,2420mW/2411mW
07-27-2026,10:09:50,RAM,947/7620MB,(lfb,17x4MB),SWAP,141/3810MB,(cached,2MB),CPU,[9%@1344,8%@1344,0%@1344,0%@1344,9%@1344,0%@1344],GR3D_FREQ,0%,cpu@51.875C,soc2@49.906C,soc0@50.843C,gpu@52.093C,tj@51.875C,soc1@50.875C,VDD_IN,5842mW/5816mW,VDD_CPU_GPU_CV,1428mW/1395mW,VDD_SOC,2420mW/2411mW
07-27-2026,10:09:50,RAM,947/7620MB,(lfb,17x4MB),SWAP,141/3810MB,(cached,2MB),CPU,[9%@1344,0%@1344,0%@1344,10%@1344,10%@1344,0%@1344],GR3D_FREQ,0%,cpu@51.906C,soc2@49.906C,soc0@50.656C,gpu@51.937C,tj@51.937C,soc1@50.968C,VDD_IN,5882mW/5816mW,VDD_CPU_GPU_CV,1428mW/1395mW,VDD_SOC,2420mW/2411mW
07-27-2026,10:09:50,RAM,947/7620MB,(lfb,17x4MB),SWAP,141/3810MB,(cached,2MB),CPU,[18%@1344,16%@1344,0%@1344,0%@1344,9%@1344,0%@1344],GR3D_FREQ,0%,cpu@51.937C,soc2@49.968C,soc0@50.656C,gpu@51.687C,tj@51.937C,soc1@51.156C,VDD_IN,5961mW/5816mW,VDD_CPU_GPU_CV,1428mW/1395mW,VDD_SOC,2420mW/2411mW
07-27-2026,10:09:51,RAM,947/7620MB,(lfb,17x4MB),SWAP,141/3810MB,(cached,2MB),CPU,[9%@1344,0%@1344,0%@1344,0%@1344,0%@1344,0%@1344],GR3D_FREQ,0%,cpu@51.812C,soc2@49.906C,soc0@50.656C,gpu@51.687C,tj@51.812C,soc1@50.812C,VDD_IN,6001mW/5816mW,VDD_CPU_GPU_CV,1428mW/1395mW,VDD_SOC,2420mW/2411mW
07-27-2026,10:09:51,RAM,947/7620MB,(lfb,17x4MB),SWAP,141/3810MB,(cached,2MB),CPU,[18%@1344,0%@1344,0%@1344,9%@1344,16%@1344,0%@1344],GR3D_FREQ,0%,cpu@51.937C,soc2@49.843C,soc0@50.781C,gpu@51.781C,tj@51.937C,soc1@50.906C,VDD_IN,6041mW/5816mW,VDD_CPU_GPU_CV,1428mW/1395mW,VDD_SOC,2420mW/2411mW
07-27-2026,10:09:51,RAM,947/7620MB,(lfb,17x4MB),SWAP,141/3810MB,(cached,2MB),CPU,[9%@1344,0%@1344,8%@1344,0%@1344,9%@1344,0%@1344],GR3D_FREQ,0%,cpu@51.906C,soc2@49.937C,soc0@50.906C,gpu@51.75C,tj@52.218C,soc1@50.937C,VDD_IN,6080mW/5816mW,VDD_CPU_GPU_CV,1428mW/1395mW,VDD_SOC,2420mW/2411mW
07-27-2026,10:09:51,RAM,947/7620MB,(lfb,17x4MB),SWAP,141/3810MB,(cached,2MB),CPU,[0%@1344,0%@1344,0%@1344,0%@1344,0%@1344,0%@1344],GR3D_FREQ,0%,cpu@51.843C,soc2@50C,soc0@50.687C,gpu@51.687C,tj@51.843C,soc1@51.062C,VDD_IN,6120mW/5817mW,VDD_CPU_GPU_CV,1428mW/1395mW,VDD_SOC,2420mW/2411mW
07-27-2026,10:09:51,RAM,948/7620MB,(lfb,17x4MB),SWAP,141/3810MB,(cached,2MB),CPU,[9%@1344,0%@1344,0%@1344,0%@1344,9%@1344,0%@1344],GR3D_FREQ,0%,cpu@51.843C,soc2@49.812C,soc0@50.781C,gpu@51.625C,tj@51.843C,soc1@50.718C,VDD_IN,6160mW/5817mW,VDD_CPU_GPU_CV,1428mW/1395mW,VDD_SOC,2420mW/2411mW
07-27-2026,10:09:51,RAM,948/7620MB,(lfb,17x4MB),SWAP,141/3810MB,(cached,2MB),CPU,[10%@1344,0%@1344,0%@1344,16%@1344,9%@1344,0%@1344],GR3D_FREQ,0%,cpu@51.812C,soc2@49.937C,soc0@50.906C,gpu@51.687C,tj@51.812C,soc1@50.875C,VDD_IN,6160mW/5817mW,VDD_CPU_GPU_CV,1428mW/1395mW,VDD_SOC,2420mW/2411mW
07-27-2026,10:09:51,RAM,948/7620MB,(lfb,17x4MB),SWAP,141/3810MB,(cached,2MB),CPU,[16%@1344,0%@1344,0%@1344,0%@1344,10%@1344,0%@1344],GR3D_FREQ,0%,cpu@52.093C,soc2@49.906C,soc0@50.812C,gpu@51.687C,tj@52.093C,soc1@51C,VDD_IN,6160mW/5818mW,VDD_CPU_GPU_CV,1428mW/1395mW,VDD_SOC,2420mW/2411mW
07-27-2026,10:09:51,RAM,948/7620MB,(lfb,17x4MB),SWAP,141/3810MB,(cached,2MB),CPU,[18%@1344,0%@1344,0%@1344,0%@1344,0%@1344,0%@1344],GR3D_FREQ,0%,cpu@51.875C,soc2@50.031C,soc0@50.718C,gpu@51.562C,tj@51.875C,soc1@51.187C,VDD_IN,6120mW/5818mW,VDD_CPU_GPU_CV,1428mW/1395mW,VDD_SOC,2420mW/2411mW
07-27-2026,10:09:51,RAM,948/7620MB,(lfb,17x4MB),SWAP,141/3810MB,(cached,2MB),CPU,[0%@1344,0%@1344,0%@1344,0%@1344,9%@1344,8%@1344],GR3D_FREQ,0%,cpu@51.718C,soc2@49.906C,soc0@50.718C,gpu@52.125C,tj@52.125C,soc1@50.812C,VDD_IN,6041mW/5818mW,VDD_CPU_GPU_CV,1428mW/1395mW,VDD_SOC,2420mW/2411mW
07-27-2026,10:09:51,RAM,948/7620MB,(lfb,17x4MB),SWAP,141/3810MB,(cached,2MB),CPU,[9%@1344,0%@1344,0%@1344,0%@1344,10%@1344,0%@1344],GR3D_FREQ,0%,cpu@51.625C,soc2@49.875C,soc0@50.687C,gpu@51.531C,tj@51.625C,soc1@50.812C,VDD_IN,6001mW/5818mW,VDD_CPU_GPU_CV,1388mW/1395mW,VDD_SOC,2420mW/2411mW
07-27-2026,10:09:52,RAM,948/7620MB,(lfb,17x4MB),SWAP,141/3810MB,(cached,2MB),CPU,[10%@1344,0%@1344,0%@1344,0%@1344,9%@1344,0%@1344],GR3D_FREQ,0%,cpu@52.125C,soc2@49.875C,soc0@50.656C,gpu@51.562C,tj@52.125C,soc1@50.968C,VDD_IN,5921mW/5818mW,VDD_CPU_GPU_CV,1388mW/1395mW,VDD_SOC,2420mW/2411mW
07-27-2026,10:09:52,RAM,948/7620MB,(lfb,17x4MB),SWAP,141/3810MB,(cached,2MB),CPU,[16%@1344,15%@1344,0%@1344,8%@1344,0%@1344,0%@1344],GR3D_FREQ,0%,cpu@52.218C,soc2@49.843C,soc0@50.718C,gpu@52.125C,tj@52.218C,soc1@51.156C,VDD_IN,5921mW/5818mW,VDD_CPU_GPU_CV,1388mW/1395mW,VDD_SOC,2420mW/2411mW
07-27-2026,10:09:52,RAM,948/7620MB,(lfb,17x4MB),SWAP,141/3810MB,(cached,2MB),CPU,[10%@1344,0%@1344,0%@1344,0%@1344,18%@1344,0%@1344],GR3D_FREQ,0%,cpu@51.968C,soc2@49.968C,soc0@50.75C,gpu@51.812C,tj@51.968C,soc1@50.875C,VDD_IN,5882mW/5818mW,VDD_CPU_GPU_CV,1388mW/1395mW,VDD_SOC,2420mW/2411mW
07-27-2026,10:09:52,RAM,948/7620MB,(lfb,17x4MB),SWAP,141/3810MB,(cached,2MB),CPU,[16%@1344,0%@1344,0%@1344,0%@1344,9%@1344,0%@1344],GR3D_FREQ,0%,cpu@52.031C,soc2@49.968C,soc0@50.593C,gpu@51.718C,tj@52.031C,soc1@50.906C,VDD_IN,5882mW/5819mW,VDD_CPU_GPU_CV,1428mW/1395mW,VDD_SOC,2420mW/2411mW
07-27-2026,10:09:52,RAM,948/7620MB,(lfb,17x4MB),SWAP,141/3810MB,(cached,2MB),CPU,[10%@1344,0%@1344,0%@1344,0%@1344,10%@1344,0%@1344],GR3D_FREQ,0%,cpu@52C,soc2@49.968C,soc0@50.562C,gpu@51.625C,tj@52C,soc1@51.187C,VDD_IN,5882mW/5819mW,VDD_CPU_GPU_CV,1428mW/1395mW,VDD_SOC,2420mW/2411mW
07-27-2026,10:09:52,RAM,948/7620MB,(lfb,17x4MB),SWAP,141/3810MB,(cached,2MB),CPU,[0%@1344,9%@1344,0%@1344,0%@1344,9%@1344,0%@1344],GR3D_FREQ,0%,cpu@51.937C,soc2@49.843C,soc0@50.687C,gpu@51.812C,tj@51.937C,soc1@50.812C,VDD_IN,5882mW/5819mW,VDD_CPU_GPU_CV,1428mW/1395mW,VDD_SOC,2420mW/2411mW
07-27-2026,10:09:52,RAM,948/7620MB,(lfb,17x4MB),SWAP,141/3810MB,(cached,2MB),CPU,[9%@1344,0%@1344,0%@1344,0%@1344,9%@1344,0%@1344],GR3D_FREQ,0%,cpu@51.906C,soc2@49.875C,soc0@50.75C,gpu@51.687C,tj@51.906C,soc1@50.875C,VDD_IN,5882mW/5819mW,VDD_CPU_GPU_CV,1428mW/1395mW,VDD_SOC,2420mW/2411mW
07-27-2026,10:09:52,RAM,948/7620MB,(lfb,17x4MB),SWAP,141/3810MB,(cached,2MB),CPU,[10%@1344,0%@1344,0%@1344,0%@1344,10%@1344,0%@1344],GR3D_FREQ,0%,cpu@51.875C,soc2@49.968C,soc0@50.968C,gpu@51.625C,tj@51.875C,soc1@51.031C,VDD_IN,5842mW/5819mW,VDD_CPU_GPU_CV,1428mW/1395mW,VDD_SOC,2420mW/2411mW
07-27-2026,10:09:52,RAM,948/7620MB,(lfb,17x4MB),SWAP,141/3810MB,(cached,2MB),CPU,[9%@1344,0%@1344,0%@1344,0%@1344,9%@1344,0%@1344],GR3D_FREQ,0%,cpu@52.031C,soc2@50.031C,soc0@50.656C,gpu@51.468C,tj@52.031C,soc1@51.125C,VDD_IN,5842mW/5819mW,VDD_CPU_GPU_CV,1428mW/1395mW,VDD_SOC,2420mW/2411mW
07-27-2026,10:09:53,RAM,948/7620MB,(lfb,17x4MB),SWAP,141/3810MB,(cached,2MB),CPU,[9%@1344,0%@1344,0%@1344,0%@1344,9%@1344,0%@1344],GR3D_FREQ,0%,cpu@51.875C,soc2@49.781C,soc0@50.718C,gpu@51.687C,tj@51.875C,soc1@50.875C,VDD_IN,5842mW/5819mW,VDD_CPU_GPU_CV,1428mW/1395mW,VDD_SOC,2420mW/2411mW
07-27-2026,10:09:53,RAM,948/7620MB,(lfb,17x4MB),SWAP,141/3810MB,(cached,2MB),CPU,[0%@1344,0%@1344,0%@1344,0%@1344,10%@1344,0%@1344],GR3D_FREQ,0%,cpu@51.781C,soc2@49.843C,soc0@50.781C,gpu@51.625C,tj@51.781C,soc1@50.937C,VDD_IN,5842mW/5819mW,VDD_CPU_GPU_CV,1428mW/1395mW,VDD_SOC,2420mW/2411mW
07-27-2026,10:09:53,RAM,948/7620MB,(lfb,17x4MB),SWAP,141/3810MB,(cached,2MB),CPU,[16%@1344,0%@1344,0%@1344,0%@1344,16%@1344,0%@1344],GR3D_FREQ,0%,cpu@51.937C,soc2@49.937C,soc0@51.031C,gpu@51.5C,tj@51.937C,soc1@50.875C,VDD_IN,5802mW/5819mW,VDD_CPU_GPU_CV,1388mW/1395mW,VDD_SOC,2420mW/2411mW
07-27-2026,10:09:53,RAM,948/7620MB,(lfb,17x4MB),SWAP,141/3810MB,(cached,2MB),CPU,[9%@1344,0%@1344,0%@1344,0%@1344,0%@1344,0%@1344],GR3D_FREQ,0%,cpu@52.062C,soc2@49.875C,soc0@50.593C,gpu@51.656C,tj@52.062C,soc1@51C,VDD_IN,5802mW/5819mW,VDD_CPU_GPU_CV,1388mW/1395mW,VDD_SOC,2420mW/2411mW
07-27-2026,10:09:53,RAM,949/7620MB,(lfb,17x4MB),SWAP,141/3810MB,(cached,2MB),CPU,[18%@1344,0%@1344,9%@1344,0%@1344,18%@1344,9%@1344],GR3D_FREQ,0%,cpu@51.968C,soc2@49.843C,soc0@50.687C,gpu@51.531C,tj@51.968C,soc1@50.75C,VDD_IN,5842mW/5819mW,VDD_CPU_GPU_CV,1428mW/1395mW,VDD_SOC,2420mW/2411mW
07-27-2026,10:09:53,RAM,948/7620MB,(lfb,17x4MB),SWAP,141/3810MB,(cached,2MB),CPU,[0%@1344,0%@1344,0%@1344,0%@1344,0%@1344,0%@1344],GR3D_FREQ,0%,cpu@51.812C,soc2@49.906C,soc0@50.812C,gpu@51.593C,tj@51.812C,soc1@50.906C,VDD_IN,5842mW/5819mW,VDD_CPU_GPU_CV,1428mW/1395mW,VDD_SOC,2420mW/2411mW
07-27-2026,10:09:53,RAM,949/7620MB,(lfb,17x4MB),SWAP,141/3810MB,(cached,2MB),CPU,[10%@1344,9%@1344,0%@1344,0%@1344,16%@1344,0%@1344],GR3D_FREQ,0%,cpu@51.906C,soc2@49.875C,soc0@50.906C,gpu@52.156C,tj@52.156C,soc1@50.906C,VDD_IN,5842mW/5819mW,VDD_CPU_GPU_CV,1428mW/1395mW,VDD_SOC,2420mW/2411mW
07-27-2026,10:09:53,RAM,948/7620MB,(lfb,17x4MB),SWAP,141/3810MB,(cached,2MB),CPU,[9%@1344,0%@1344,0%@1344,0%@1344,0%@1344,0%@1344],GR3D_FREQ,0%,cpu@51.968C,soc2@49.968C,soc0@50.562C,gpu@51.593C,tj@51.968C,soc1@51.156C,VDD_IN,5802mW/5819mW,VDD_CPU_GPU_CV,1428mW/1395mW,VDD_SOC,2420mW/2411mW
07-27-2026,10:09:53,RAM,948/7620MB,(lfb,17x4MB),SWAP,141/3810MB,(cached,2MB),CPU,[18%@1344,9%@1344,0%@1344,8%@1344,9%@1344,0%@1344],GR3D_FREQ,0%,cpu@51.937C,soc2@49.875C,soc0@50.656C,gpu@51.593C,tj@51.937C,soc1@50.875C,VDD_IN,5802mW/5819mW,VDD_CPU_GPU_CV,1388mW/1395mW,VDD_SOC,2420mW/2411mW
07-27-2026,10:09:53,RAM,949/7620MB,(lfb,17x4MB),SWAP,141/3810MB,(cached,2MB),CPU,[16%@1344,0%@1344,0%@1344,0%@1344,9%@1344,0%@1344],GR3D_FREQ,0%,cpu@51.781C,soc2@49.906C,soc0@50.812C,gpu@52.031C,tj@52.031C,soc1@50.843C,VDD_IN,5802mW/5819mW,VDD_CPU_GPU_CV,1388mW/1395mW,VDD_SOC,2420mW/2411mW
07-27-2026,10:09:54,RAM,948/7620MB,(lfb,17x4MB),SWAP,141/3810MB,(cached,2MB),CPU,[0%@1344,0%@1344,0%@1344,0%@1344,10%@1344,0%@1344],GR3D_FREQ,0%,cpu@51.906C,soc2@49.968C,soc0@50.875C,gpu@51.875C,tj@51.906C,soc1@50.937C,VDD_IN,5802mW/5819mW,VDD_CPU_GPU_CV,1388mW/1395mW,VDD_SOC,2420mW/2411mW
07-27-2026,10:09:54,RAM,948/7620MB,(lfb,17x4MB),SWAP,141/3810MB,(cached,2MB),CPU,[18%@1344,8%@1344,0%@1344,0%@1344,9%@1344,0%@1344],GR3D_FREQ,0%,cpu@51.781C,soc2@49.781C,soc0@50.687C,gpu@51.718C,tj@51.781C,soc1@50.781C,VDD_IN,5842mW/5819mW,VDD_CPU_GPU_CV,1388mW/1395mW,VDD_SOC,2420mW/2411mW
07-27-2026,10:09:54,RAM,948/7620MB,(lfb,17x4MB),SWAP,141/3810MB,(cached,2MB),CPU,[9%@1344,0%@1344,0%@1344,0%@1344,10%@1344,0%@1344],GR3D_FREQ,0%,cpu@52.031C,soc2@49.875C,soc0@50.718C,gpu@51.593C,tj@52.031C,soc1@50.875C,VDD_IN,5842mW/5819mW,VDD_CPU_GPU_CV,1428mW/1395mW,VDD_SOC,2420mW/2411mW
07-27-2026,10:09:54,RAM,949/7620MB,(lfb,17x4MB),SWAP,141/3810MB,(cached,2MB),CPU,[0%@1344,0%@1344,0%@1344,0%@1344,16%@1344,0%@1344],GR3D_FREQ,0%,cpu@52.031C,soc2@49.906C,soc0@50.937C,gpu@51.562C,tj@52.031C,soc1@51.062C,VDD_IN,5842mW/5819mW,VDD_CPU_GPU_CV,1428mW/1395mW,VDD_SOC,2420mW/2411mW
07-27-2026,10:09:54,RAM,948/7620MB,(lfb,17x4MB),SWAP,141/3810MB,(cached,2MB),CPU,[10%@1344,9%@1344,0%@1344,16%@1344,0%@1344,9%@1344],GR3D_FREQ,0%,cpu@52.093C,soc2@49.906C,soc0@50.625C,gpu@52.125C,tj@52.125C,soc1@51.125C,VDD_IN,5842mW/5819mW,VDD_CPU_GPU_CV,1428mW/1395mW,VDD_SOC,2420mW/2411mW
07-27-2026,10:09:54,RAM,948/7620MB,(lfb,17x4MB),SWAP,141/3810MB,(cached,2MB),CPU,[16%@1344,0%@1344,0%@1344,0%@1344,9%@1344,0%@1344],GR3D_FREQ,0%,cpu@51.843C,soc2@49.75C,soc0@50.656C,gpu@51.562C,tj@51.843C,soc1@50.781C,VDD_IN,5842mW/5819mW,VDD_CPU_GPU_CV,1428mW/1395mW,VDD_SOC,2420mW/2411mW
07-27-2026,10:09:54,RAM,948/7620MB,(lfb,17x4MB),SWAP,141/3810MB,(cached,2MB),CPU,[9%@1344,0%@1344,0%@1344,0%@1344,9%@1344,0%@1344],GR3D_FREQ,0%,cpu@51.937C,soc2@49.906C,soc0@50.75C,gpu@51.593C,tj@51.937C,soc1@50.843C,VDD_IN,5842mW/5819mW,VDD_CPU_GPU_CV,1428mW/1395mW,VDD_SOC,2420mW/2411mW
07-27-2026,10:09:54,RAM,948/7620MB,(lfb,17x4MB),SWAP,141/3810MB,(cached,2MB),CPU,[18%@1344,0%@1344,0%@1344,0%@1344,9%@1344,0%@1344],GR3D_FREQ,0%,cpu@52C,soc2@49.875C,soc0@50.906C,gpu@52.031C,tj@52.031C,soc1@50.968C,VDD_IN,5842mW/5819mW,VDD_CPU_GPU_CV,1428mW/1395mW,VDD_SOC,2420mW/2411mW
07-27-2026,10:09:54,RAM,948/7620MB,(lfb,17x4MB),SWAP,141/3810MB,(cached,2MB),CPU,[0%@1344,0%@1344,0%@1344,0%@1344,18%@1344,0%@1344],GR3D_FREQ,0%,cpu@52.062C,soc2@49.968C,soc0@50.718C,gpu@51.937C,tj@52.062C,soc1@51.093C,VDD_IN,5842mW/5819mW,VDD_CPU_GPU_CV,1428mW/1395mW,VDD_SOC,2420mW/2411mW
07-27-2026,10:09:55,RAM,948/7620MB,(lfb,17x4MB),SWAP,141/3810MB,(cached,2MB),CPU,[10%@1344,9%@1344,0%@1344,0%@1344,0%@1344,9%@1344],GR3D_FREQ,0%,cpu@51.75C,soc2@49.843C,soc0@50.687C,gpu@51.468C,tj@51.75C,soc1@50.937C,VDD_IN,5842mW/5819mW,VDD_CPU_GPU_CV,1428mW/1395mW,VDD_SOC,2420mW/2411mW
07-27-2026,10:09:55,RAM,948/7620MB,(lfb,17x4MB),SWAP,141/3810MB,(cached,2MB),CPU,[9%@1344,0%@1344,0%@1344,0%@1344,10%@1344,0%@1344],GR3D_FREQ,0%,cpu@51.812C,soc2@49.843C,soc0@50.687C,gpu@52C,tj@52C,soc1@50.875C,VDD_IN,5802mW/5819mW,VDD_CPU_GPU_CV,1388mW/1395mW,VDD_SOC,2420mW/2411mW
07-27-2026,10:09:55,RAM,948/7620MB,(lfb,17x4MB),SWAP,141/3810MB,(cached,2MB),CPU,[10%@1344,0%@1344,0%@1344,0%@1344,9%@1344,0%@1344],GR3D_FREQ,0%,cpu@51.968C,soc2@49.781C,soc0@50.781C,gpu@51.875C,tj@51.968C,soc1@50.843C,VDD_IN,5802mW/5819mW,VDD_CPU_GPU_CV,1388mW/1395mW,VDD_SOC,2420mW/2411mW
07-27-2026,10:09:55,RAM,948/7620MB,(lfb,17x4MB),SWAP,141/3810MB,(cached,2MB),CPU,[0%@1344,0%@1344,0%@1344,0%@1344,9%@1344,0%@1344],GR3D_FREQ,0%,cpu@52.031C,soc2@49.906C,soc0@50.656C,gpu@51.687C,tj@52.031C,soc1@51.062C,VDD_IN,5802mW/5819mW,VDD_CPU_GPU_CV,1388mW/1395mW,VDD_SOC,2420mW/2411mW
07-27-2026,10:09:55,RAM,948/7620MB,(lfb,17x4MB),SWAP,141/3810MB,(cached,2MB),CPU,[10%@1344,0%@1344,0%@1344,0%@1344,9%@1344,0%@1344],GR3D_FREQ,0%,cpu@51.812C,soc2@49.812C,soc0@50.75C,gpu@52.031C,tj@52.031C,soc1@50.781C,VDD_IN,5842mW/5819mW,VDD_CPU_GPU_CV,1428mW/1395mW,VDD_SOC,2420mW/2411mW
07-27-2026,10:09:55,RAM,948/7620MB,(lfb,17x4MB),SWAP,141/3810MB,(cached,2MB),CPU,[9%@1344,0%@1344,9%@1344,0%@1344,0%@1344,0%@1344],GR3D_FREQ,0%,cpu@51.812C,soc2@50C,soc0@50.812C,gpu@51.781C,tj@51.812C,soc1@50.875C,VDD_IN,5802mW/5819mW,VDD_CPU_GPU_CV,1428mW/1395mW,VDD_SOC,2420mW/2411mW
07-27-2026,10:09:55,RAM,949/7620MB,(lfb,17x4MB),SWAP,141/3810MB,(cached,2MB),CPU,[18%@1344,0%@1344,0%@1344,0%@1344,9%@1344,0%@1344],GR3D_FREQ,0%,cpu@52C,soc2@49.875C,soc0@50.937C,gpu@51.625C,tj@52C,soc1@50.906C,VDD_IN,5802mW/5819mW,VDD_CPU_GPU_CV,1428mW/1395mW,VDD_SOC,2420mW/2412mW
07-27-2026,10:09:55,RAM,948/7620MB,(lfb,17x4MB),SWAP,141/3810MB,(cached,2MB),CPU,[16%@1344,0%@1344,0%@1344,0%@1344,10%@1344,0%@1344],GR3D_FREQ,0%,cpu@52C,soc2@49.968C,soc0@50.593C,gpu@51.843C,tj@52C,soc1@51C,VDD_IN,5802mW/5819mW,VDD_CPU_GPU_CV,1388mW/1395mW,VDD_SOC,2420mW/2412mW
07-27-2026,10:09:55,RAM,948/7620MB,(lfb,17x4MB),SWAP,141/3810MB,(cached,2MB),CPU,[0%@1344,8%@1344,0%@1344,0%@1344,9%@1344,0%@1344],GR3D_FREQ,0%,cpu@51.906C,soc2@49.75C,soc0@50.687C,gpu@51.781C,tj@51.812C,soc1@50.812C,VDD_IN,5802mW/5819mW,VDD_CPU_GPU_CV,1388mW/1395mW,VDD_SOC,2420mW/2412mW
07-27-2026,10:09:55,RAM,948/7620MB,(lfb,17x4MB),SWAP,141/3810MB,(cached,2MB),CPU,[18%@1344,16%@1344,0%@1344,18%@1344,9%@1344,9%@1344],GR3D_FREQ,0%,cpu@51.75C,soc2@49.843C,soc0@50.781C,gpu@51.687C,tj@51.75C,soc1@50.812C,VDD_IN,5921mW/5819mW,VDD_CPU_GPU_CV,1428mW/1396mW,VDD_SOC,2420mW/2412mW
07-27-2026,10:09:56,RAM,948/7620MB,(lfb,17x4MB),SWAP,141/3810MB,(cached,2MB),CPU,[9%@1344,9%@1344,0%@1344,0%@1344,10%@1344,0%@1344],GR3D_FREQ,0%,cpu@51.843C,soc2@49.937C,soc0@50.593C,gpu@51.625C,tj@51.875C,soc1@51.125C,VDD_IN,5961mW/5819mW,VDD_CPU_GPU_CV,1428mW/1396mW,VDD_SOC,2420mW/2412mW
07-27-2026,10:09:56,RAM,948/7620MB,(lfb,17x4MB),SWAP,141/3810MB,(cached,2MB),CPU,[10%@1344,0%@1344,0%@1344,0%@1344,9%@1344,0%@1344],GR3D_FREQ,0%,cpu@51.968C,soc2@49.843C,soc0@50.718C,gpu@51.531C,tj@51.625C,soc1@50.687C,VDD_IN,6041mW/5819mW,VDD_CPU_GPU_CV,1428mW/1396mW,VDD_SOC,2420mW/2412mW
07-27-2026,10:09:56,RAM,948/7620MB,(lfb,17x4MB),SWAP,141/3810MB,(cached,2MB),CPU,[9%@1344,0%@1344,0%@1344,0%@1344,0%@1344,0%@1344],GR3D_FREQ,0%,cpu@51.875C,soc2@49.843C,soc0@50.75C,gpu@51.968C,tj@51.968C,soc1@50.812C,VDD_IN,6080mW/5819mW,VDD_CPU_GPU_CV,1428mW/1396mW,VDD_SOC,2420mW/2412mW
07-27-2026,10:09:56,RAM,948/7620MB,(lfb,17x4MB),SWAP,141/3810MB,(cached,2MB),CPU,[9%@1344,0%@1344,8%@1344,0%@1344,16%@1344,0%@1344],GR3D_FREQ,0%,cpu@51.781C,soc2@49.937C,soc0@50.875C,gpu@51.843C,tj@52.25C,soc1@50.906C,VDD_IN,6080mW/5820mW,VDD_CPU_GPU_CV,1428mW/1396mW,VDD_SOC,2420mW/2412mW
07-27-2026,10:09:56,RAM,949/7620MB,(lfb,17x4MB),SWAP,141/3810MB,(cached,2MB),CPU,[10%@1344,0%@1344,0%@1344,0%@1344,10%@1344,0%@1344],GR3D_FREQ,0%,cpu@51.937C,soc2@49.875C,soc0@50.656C,gpu@51.5C,tj@51.937C,soc1@51.031C,VDD_IN,6120mW/5820mW,VDD_CPU_GPU_CV,1428mW/1396mW,VDD_SOC,2424mW/2412mW
07-27-2026,10:09:56,RAM,949/7620MB,(lfb,17x4MB),SWAP,141/3810MB,(cached,2MB),CPU,[9%@1344,0%@1344,0%@1344,16%@1344,9%@1344,9%@1344],GR3D_FREQ,0%,cpu@51.937C,soc2@49.906C,soc0@50.656C,gpu@52C,tj@52C,soc1@50.781C,VDD_IN,6160mW/5820mW,VDD_CPU_GPU_CV,1428mW/1396mW,VDD_SOC,2424mW/2412mW
07-27-2026,10:09:56,RAM,949/7620MB,(lfb,17x4MB),SWAP,141/3810MB,(cached,2MB),CPU,[10%@1344,9%@1344,0%@1344,0%@1344,9%@1344,0%@1344],GR3D_FREQ,0%,cpu@51.875C,soc2@49.75C,soc0@50.812C,gpu@51.781C,tj@51.875C,soc1@50.843C,VDD_IN,6160mW/5821mW,VDD_CPU_GPU_CV,1428mW/1396mW,VDD_SOC,2424mW/2412mW
07-27-2026,10:09:56,RAM,949/7620MB,(lfb,17x4MB),SWAP,141/3810MB,(cached,2MB),CPU,[9%@1344,0%@1344,0%@1344,0%@1344,10%@1344,0%@1344],GR3D_FREQ,0%,cpu@52.062C,soc2@49.875C,soc0@50.781C,gpu@51.718C,tj@52.062C,soc1@50.937C,VDD_IN,6160mW/5821mW,VDD_CPU_GPU_CV,1428mW/1396mW,VDD_SOC,2424mW/2412mW
07-27-2026,10:09:56,RAM,949/7620MB,(lfb,17x4MB),SWAP,141/3810MB,(cached,2MB),CPU,[18%@1344,9%@1344,0%@1344,0%@1344,9%@1344,0%@1344],GR3D_FREQ,0%,cpu@51.687C,soc2@50.031C,soc0@50.593C,gpu@51.906C,tj@51.906C,soc1@51.062C,VDD_IN,6120mW/5821mW,VDD_CPU_GPU_CV,1428mW/1396mW,VDD_SOC,2420mW/2412mW
07-27-2026,10:09:57,RAM,949/7620MB,(lfb,17x4MB),SWAP,141/3810MB,(cached,2MB),CPU,[16%@1344,0%@1344,0%@1344,0%@1344,9%@1344,0%@1344],GR3D_FREQ,0%,cpu@51.906C,soc2@49.781C,soc0@50.781C,gpu@51.781C,tj@51.906C,soc1@50.843C,VDD_IN,6041mW/5821mW,VDD_CPU_GPU_CV,1428mW/1396mW,VDD_SOC,2420mW/2412mW
07-27-2026,10:09:57,RAM,949/7620MB,(lfb,17x4MB),SWAP,141/3810MB,(cached,2MB),CPU,[10%@1344,0%@1344,0%@1344,0%@1344,0%@1344,0%@1344],GR3D_FREQ,0%,cpu@51.718C,soc2@49.875C,soc0@50.812C,gpu@51.625C,tj@51.718C,soc1@50.843C,VDD_IN,6001mW/5821mW,VDD_CPU_GPU_CV,1428mW/1396mW,VDD_SOC,2420mW/2412mW
07-27-2026,10:09:57,RAM,949/7620MB,(lfb,17x4MB),SWAP,141/3810MB,(cached,2MB),CPU,[0%@1344,0%@1344,0%@1344,0%@1344,10%@1344,0%@1344],GR3D_FREQ,0%,cpu@51.968C,soc2@49.875C,soc0@50.593C,gpu@51.937C,tj@51.968C,soc1@50.875C,VDD_IN,5961mW/5822mW,VDD_CPU_GPU_CV,1428mW/1396mW,VDD_SOC,2420mW/2412mW
07-27-2026,10:09:57,RAM,949/7620MB,(lfb,17x4MB),SWAP,141/3810MB,(cached,2MB),CPU,[18%@1344,0%@1344,0%@1344,0%@1344,9%@1344,0%@1344],GR3D_FREQ,0%,cpu@52.187C,soc2@49.906C,soc0@50.625C,gpu@51.687C,tj@52.187C,soc1@51.062C,VDD_IN,5921mW/5822mW,VDD_CPU_GPU_CV,1388mW/1396mW,VDD_SOC,2420mW/2412mW
07-27-2026,10:09:57,RAM,950/7620MB,(lfb,17x4MB),SWAP,141/3810MB,(cached,2MB),CPU,[9%@1344,0%@1344,9%@1344,0%@1344,0%@1344,0%@1344],GR3D_FREQ,0%,cpu@51.718C,soc2@49.812C,soc0@50.656C,gpu@51.656C,tj@51.718C,soc1@50.75C,VDD_IN,5921mW/5822mW,VDD_CPU_GPU_CV,1428mW/1396mW,VDD_SOC,2420mW/2412mW
07-27-2026,10:09:57,RAM,949/7620MB,(lfb,17x4MB),SWAP,141/3810MB,(cached,2MB),CPU,[9%@1344,0%@1344,8%@1344,8%@1344,16%@1344,0%@1344],GR3D_FREQ,0%,cpu@51.718C,soc2@49.781C,soc0@50.781C,gpu@51.625C,tj@51.843C,soc1@50.781C,VDD_IN,5882mW/5822mW,VDD_CPU_GPU_CV,1428mW/1396mW,VDD_SOC,2420mW/2412mW
07-27-2026,10:09:57,RAM,949/7620MB,(lfb,17x4MB),SWAP,141/3810MB,(cached,2MB),CPU,[0%@1344,9%@1344,0%@1344,0%@1344,0%@1344,0%@1344],GR3D_FREQ,0%,cpu@51.875C,soc2@49.812C,soc0@50.781C,gpu@51.718C,tj@51.875C,soc1@50.937C,VDD_IN,5882mW/5822mW,VDD_CPU_GPU_CV,1428mW/1396mW,VDD_SOC,2420mW/2412mW
07-27-2026,10:09:57,RAM,949/7620MB,(lfb,17x4MB),SWAP,141/3810MB,(cached,2MB),CPU,[10%@1344,0%@1344,0%@1344,0%@1344,10%@1344,0%@1344],GR3D_FREQ,0%,cpu@52C,soc2@49.906C,soc0@50.625C,gpu@51.687C,tj@52C,soc1@50.968C,VDD_IN,5842mW/5822mW,VDD_CPU_GPU_CV,1428mW/1396mW,VDD_SOC,2420mW/2412mW
07-27-2026,10:09:57,RAM,949/7620MB,(lfb,17x4MB),SWAP,141/3810MB,(cached,2MB),CPU,[16%@1344,0%@1344,0%@1344,0%@1344,9%@1344,0%@1344],GR3D_FREQ,0%,cpu@51.718C,soc2@49.812C,soc0@50.5C,gpu@51.562C,tj@51.718C,soc1@50.781C,VDD_IN,5842mW/5822mW,VDD_CPU_GPU_CV,1388mW/1396mW,VDD_SOC,2420mW/2412mW
07-27-2026,10:09:58,RAM,950/7620MB,(lfb,17x4MB),SWAP,141/3810MB,(cached,2MB),CPU,[16%@1344,0%@1344,0%@1344,0%@1344,9%@1344,0%@1344],GR3D_FREQ,0%,cpu@51.968C,soc2@49.906C,soc0@50.937C,gpu@51.687C,tj@51.968C,soc1@50.906C,VDD_IN,5842mW/5822mW,VDD_CPU_GPU_CV,1428mW/1396mW,VDD_SOC,2420mW/2412mW
07-27-2026,10:09:58,RAM,950/7620MB,(lfb,17x4MB),SWAP,141/3810MB,(cached,2MB),CPU,[0%@1344,0%@1344,0%@1344,0%@1344,10%@1344,0%@1344],GR3D_FREQ,0%,cpu@51.937C,soc2@49.812C,soc0@50.593C,gpu@51.968C,tj@51.968C,soc1@51C,VDD_IN,5842mW/5822mW,VDD_CPU_GPU_CV,1428mW/1396mW,VDD_SOC,2420mW/2412mW
07-27-2026,10:09:58,RAM,949/7620MB,(lfb,17x4MB),SWAP,141/3810MB,(cached,2MB),CPU,[9%@1344,0%@1344,0%@1344,0%@1344,9%@1344,0%@1344],GR3D_FREQ,0%,cpu@51.937C,soc2@49.781C,soc0@50.687C,gpu@51.781C,tj@51.937C,soc1@50.75C,VDD_IN,5842mW/5822mW,VDD_CPU_GPU_CV,1428mW/1396mW,VDD_SOC,2420mW/2412mW
07-27-2026,10:09:58,RAM,949/7620MB,(lfb,17x4MB),SWAP,141/3810MB,(cached,2MB),CPU,[9%@1344,0%@1344,0%@1344,0%@1344,10%@1344,0%@1344],GR3D_FREQ,0%,cpu@51.781C,soc2@49.718C,soc0@50.687C,gpu@51.593C,tj@51.781C,soc1@50.781C,VDD_IN,5842mW/5822mW,VDD_CPU_GPU_CV,1428mW/1396mW,VDD_SOC,2420mW/2412mW
07-27-2026,10:09:58,RAM,950/7620MB,(lfb,17x4MB),SWAP,141/3810MB,(cached,2MB),CPU,[16%@1344,0%@1344,0%@1344,0%@1344,0%@1344,0%@1344],GR3D_FREQ,0%,cpu@51.843C,soc2@49.906C,soc0@50.875C,gpu@51.906C,tj@51.906C,soc1@50.937C,VDD_IN,5802mW/5822mW,VDD_CPU_GPU_CV,1388mW/1396mW,VDD_SOC,2420mW/2412mW
07-27-2026,10:09:58,RAM,950/7620MB,(lfb,17x4MB),SWAP,141/3810MB,(cached,2MB),CPU,[0%@1344,0%@1344,0%@1344,0%@1344,18%@1344,9%@1344],GR3D_FREQ,0%,cpu@51.937C,soc2@49.843C,soc0@50.562C,gpu@51.593C,tj@51.937C,soc1@51.062C,VDD_IN,5842mW/5822mW,VDD_CPU_GPU_CV,1428mW/1396mW,VDD_SOC,2420mW/2412mW
07-27-2026,10:09:58,RAM,950/7620MB,(lfb,17x4MB),SWAP,141/3810MB,(cached,2MB),CPU,[10%@1344,0%@1344,0%@1344,0%@1344,0%@1344,0%@1344],GR3D_FREQ,0%,cpu@51.968C,soc2@49.843C,soc0@50.625C,gpu@51.687C,tj@51.968C,soc1@50.718C,VDD_IN,5842mW/5822mW,VDD_CPU_GPU_CV,1428mW/1396mW,VDD_SOC,2420mW/2412mW
07-27-2026,10:09:58,RAM,950/7620MB,(lfb,17x4MB),SWAP,141/3810MB,(cached,2MB),CPU,[9%@1344,8%@1344,0%@1344,0%@1344,10%@1344,0%@1344],GR3D_FREQ,0%,cpu@51.687C,soc2@49.781C,soc0@50.625C,gpu@51.843C,tj@51.843C,soc1@50.781C,VDD_IN,5842mW/5822mW,VDD_CPU_GPU_CV,1428mW/1396mW,VDD_SOC,2420mW/2412mW
07-27-2026,10:09:58,RAM,950/7620MB,(lfb,17x4MB),SWAP,141/3810MB,(cached,2MB),CPU,[9%@1344,0%@1344,0%@1344,0%@1344,9%@1344,0%@1344],GR3D_FREQ,0%,cpu@51.937C,soc2@49.843C,soc0@50.875C,gpu@51.687C,tj@51.937C,soc1@50.875C,VDD_IN,5842mW/5822mW,VDD_CPU_GPU_CV,1428mW/1396mW,VDD_SOC,2420mW/2412mW
07-27-2026,10:09:58,RAM,950/7620MB,(lfb,17x4MB),SWAP,141/3810MB,(cached,2MB),CPU,[18%@1344,0%@1344,0%@1344,0%@1344,0%@1344,0%@1344],GR3D_FREQ,0%,cpu@51.968C,soc2@49.875C,soc0@50.625C,gpu@51.562C,tj@51.968C,soc1@50.906C,VDD_IN,5802mW/5822mW,VDD_CPU_GPU_CV,1388mW/1396mW,VDD_SOC,2420mW/2412mW
07-27-2026,10:09:59,RAM,950/7620MB,(lfb,17x4MB),SWAP,141/3810MB,(cached,2MB),CPU,[0%@1344,0%@1344,0%@1344,0%@1344,9%@1344,0%@1344],GR3D_FREQ,0%,cpu@51.843C,soc2@49.75C,soc0@50.625C,gpu@51.781C,tj@51.843C,soc1@50.687C,VDD_IN,5842mW/5822mW,VDD_CPU_GPU_CV,1388mW/1396mW,VDD_SOC,2420mW/2412mW
07-27-2026,10:09:59,RAM,950/7620MB,(lfb,17x4MB),SWAP,141/3810MB,(cached,2MB),CPU,[9%@1344,9%@1344,0%@1344,0%@1344,9%@1344,0%@1344],GR3D_FREQ,0%,cpu@51.75C,soc2@49.875C,soc0@50.593C,gpu@51.656C,tj@51.75C,soc1@50.843C,VDD_IN,5802mW/5822mW,VDD_CPU_GPU_CV,1388mW/1396mW,VDD_SOC,2420mW/2412mW
07-27-2026,10:09:59,RAM,950/7620MB,(lfb,17x4MB),SWAP,141/3810MB,(cached,2MB),CPU,[9%@1344,0%@1344,0%@1344,0%@1344,9%@1344,0%@1344],GR3D_FREQ,0%,cpu@51.625C,soc2@49.812C,soc0@50.781C,gpu@51.593C,tj@51.687C,soc1@50.75C,VDD_IN,5842mW/5822mW,VDD_CPU_GPU_CV,1388mW/1396mW,VDD_SOC,2420mW/2412mW
07-27-2026,10:09:59,RAM,950/7620MB,(lfb,17x4MB),SWAP,141/3810MB,(cached,2MB),CPU,[10%@1344,8%@1344,0%@1344,0%@1344,0%@1344,0%@1344],GR3D_FREQ,0%,cpu@51.843C,soc2@49.906C,soc0@50.5C,gpu@51.781C,tj@51.843C,soc1@50.937C,VDD_IN,5802mW/5822mW,VDD_CPU_GPU_CV,1388mW/1396mW,VDD_SOC,2420mW/2412mW
07-27-2026,10:09:59,RAM,950/7620MB,(lfb,17x4MB),SWAP,141/3810MB,(cached,2MB),CPU,[9%@1344,0%@1344,0%@1344,0%@1344,9%@1344,0%@1344],GR3D_FREQ,0%,cpu@51.937C,soc2@49.875C,soc0@50.656C,gpu@51.562C,tj@51.937C,soc1@51.093C,VDD_IN,5802mW/5822mW,VDD_CPU_GPU_CV,1388mW/1396mW,VDD_SOC,2420mW/2412mW
07-27-2026,10:09:59,RAM,950/7620MB,(lfb,17x4MB),SWAP,141/3810MB,(cached,2MB),CPU,[0%@1344,0%@1344,0%@1344,0%@1344,10%@1344,0%@1344],GR3D_FREQ,0%,cpu@51.718C,soc2@49.75C,soc0@50.781C,gpu@51.562C,tj@51.718C,soc1@50.812C,VDD_IN,5802mW/5822mW,VDD_CPU_GPU_CV,1388mW/1396mW,VDD_SOC,2420mW/2412mW
07-27-2026,10:09:59,RAM,950/7620MB,(lfb,17x4MB),SWAP,141/3810MB,(cached,2MB),CPU,[9%@1344,0%@1344,0%@1344,0%@1344,9%@1344,0%@1344],GR3D_FREQ,0%,cpu@51.75C,soc2@49.781C,soc0@50.656C,gpu@51.781C,tj@51.75C,soc1@50.687C,VDD_IN,5802mW/5822mW,VDD_CPU_GPU_CV,1388mW/1396mW,VDD_SOC,2420mW/2412mW
07-27-2026,10:09:59,RAM,950/7620MB,(lfb,17x4MB),SWAP,141/3810MB,(cached,2MB),CPU,[10%@1344,9%@1344,0%@1344,0%@1344,9%@1344,0%@1344],GR3D_FREQ,0%,cpu@51.843C,soc2@49.875C,soc0@50.531C,gpu@51.562C,tj@51.843C,soc1@50.843C,VDD_IN,5802mW/5822mW,VDD_CPU_GPU_CV,1388mW/1396mW,VDD_SOC,2420mW/2412mW
07-27-2026,10:09:59,RAM,950/7620MB,(lfb,17x4MB),SWAP,141/3810MB,(cached,2MB),CPU,[9%@1344,0%@1344,0%@1344,0%@1344,0%@1344,0%@1344],GR3D_FREQ,0%,cpu@51.718C,soc2@49.718C,soc0@50.718C,gpu@51.843C,tj@51.843C,soc1@50.75C,VDD_IN,5802mW/5822mW,VDD_CPU_GPU_CV,1388mW/1396mW,VDD_SOC,2420mW/2412mW
07-27-2026,10:10:00,RAM,950/7620MB,(lfb,17x4MB),SWAP,141/3810MB,(cached,2MB),CPU,[16%@1344,0%@1344,0%@1344,0%@1344,16%@1344,0%@1344],GR3D_FREQ,0%,cpu@51.875C,soc2@49.781C,soc0@50.687C,gpu@51.781C,tj@51.875C,soc1@50.812C,VDD_IN,5802mW/5822mW,VDD_CPU_GPU_CV,1428mW/1396mW,VDD_SOC,2420mW/2412mW
07-27-2026,10:10:00,RAM,950/7620MB,(lfb,17x4MB),SWAP,141/3810MB,(cached,2MB),CPU,[9%@1344,0%@1344,0%@1344,0%@1344,10%@1344,0%@1344],GR3D_FREQ,0%,cpu@52.031C,soc2@49.906C,soc0@50.5C,gpu@51.593C,tj@52.031C,soc1@50.906C,VDD_IN,5802mW/5822mW,VDD_CPU_GPU_CV,1428mW/1396mW,VDD_SOC,2420mW/2412mW
07-27-2026,10:10:00,RAM,950/7620MB,(lfb,17x4MB),SWAP,141/3810MB,(cached,2MB),CPU,[10%@1344,0%@1344,0%@1344,0%@1344,9%@1344,0%@1344],GR3D_FREQ,0%,cpu@52.218C,soc2@49.843C,soc0@50.5C,gpu@51.875C,tj@52.218C,soc1@50.75C,VDD_IN,5802mW/5822mW,VDD_CPU_GPU_CV,1388mW/1396mW,VDD_SOC,2420mW/2412mW
07-27-2026,10:10:00,RAM,950/7620MB,(lfb,17x4MB),SWAP,141/3810MB,(cached,2MB),CPU,[9%@1344,0%@1344,0%@1344,0%@1344,0%@1344,9%@1344],GR3D_FREQ,0%,cpu@51.625C,soc2@49.781C,soc0@50.687C,gpu@51.656C,tj@51.656C,soc1@50.687C,VDD_IN,5802mW/5822mW,VDD_CPU_GPU_CV,1388mW/1396mW,VDD_SOC,2420mW/2412mW
07-27-2026,10:10:00,RAM,950/7620MB,(lfb,17x4MB),SWAP,141/3810MB,(cached,2MB),CPU,[0%@1344,9%@1344,0%@1344,0%@1344,10%@1344,15%@1344],GR3D_FREQ,0%,cpu@51.906C,soc2@49.75C,soc0@50.75C,gpu@51.531C,tj@51.906C,soc1@50.75C,VDD_IN,5802mW/5822mW,VDD_CPU_GPU_CV,1388mW/1396mW,VDD_SOC,2420mW/2412mW
07-27-2026,10:10:00,RAM,951/7620MB,(lfb,17x4MB),SWAP,141/3810MB,(cached,2MB),CPU,[9%@1344,0%@1344,9%@1344,16%@1344,16%@1344,9%@1344],GR3D_FREQ,0%,cpu@52.031C,soc2@49.812C,soc0@50.875C,gpu@51.781C,tj@52.031C,soc1@50.968C,VDD_IN,5842mW/5822mW,VDD_CPU_GPU_CV,1428mW/1396mW,VDD_SOC,2420mW/2412mW
07-27-2026,10:10:00,RAM,951/7620MB,(lfb,17x4MB),SWAP,141/3810MB,(cached,2MB),CPU,[16%@1344,0%@1344,0%@1344,0%@1344,0%@1344,0%@1344],GR3D_FREQ,0%,cpu@52C,soc2@49.812C,soc0@50.562C,gpu@51.656C,tj@52C,soc1@50.687C,VDD_IN,5802mW/5822mW,VDD_CPU_GPU_CV,1428mW/1396mW,VDD_SOC,2420mW/2412mW
07-27-2026,10:10:00,RAM,951/7620MB,(lfb,17x4MB),SWAP,141/3810MB,(cached,2MB),CPU,[10%@1344,0%@1344,0%@1344,0%@1344,9%@1344,0%@1344],GR3D_FREQ,0%,cpu@51.656C,soc2@49.781C,soc0@50.593C,gpu@51.562C,tj@51.656C,soc1@50.781C,VDD_IN,5802mW/5822mW,VDD_CPU_GPU_CV,1428mW/1396mW,VDD_SOC,2420mW/2412mW
07-27-2026,10:10:00,RAM,950/7620MB,(lfb,17x4MB),SWAP,141/3810MB,(cached,2MB),CPU,[9%@1344,0%@1344,0%@1344,0%@1344,9%@1344,0%@1344],GR3D_FREQ,0%,cpu@51.906C,soc2@49.781C,soc0@50.718C,gpu@51.562C,tj@51.906C,soc1@50.656C,VDD_IN,5802mW/5822mW,VDD_CPU_GPU_CV,1388mW/1396mW,VDD_SOC,2420mW/2412mW
07-27-2026,10:10:00,RAM,951/7620MB,(lfb,17x4MB),SWAP,141/3810MB,(cached,2MB),CPU,[0%@1344,0%@1344,9%@1344,0%@1344,0%@1344,0%@1344],GR3D_FREQ,0%,cpu@51.937C,soc2@49.812C,soc0@50.875C,gpu@51.593C,tj@51.937C,soc1@50.906C,VDD_IN,5802mW/5822mW,VDD_CPU_GPU_CV,1388mW/1396mW,VDD_SOC,2420mW/2412mW
07-27-2026,10:10:01,RAM,951/7620MB,(lfb,17x4MB),SWAP,141/3810MB,(cached,2MB),CPU,[18%@1344,9%@1344,0%@1344,10%@1344,16%@1344,0%@1344],GR3D_FREQ,0%,cpu@52C,soc2@49.781C,soc0@50.625C,gpu@51.437C,tj@52C,soc1@50.937C,VDD_IN,5842mW/5822mW,VDD_CPU_GPU_CV,1428mW/1396mW,VDD_SOC,2420mW/2412mW
07-27-2026,10:10:01,RAM,951/7620MB,(lfb,17x4MB),SWAP,141/3810MB,(cached,2MB),CPU,[9%@1344,0%@1344,0%@1344,0%@1344,0%@1344,0%@1344],GR3D_FREQ,0%,cpu@52.093C,soc2@49.718C,soc0@50.593C,gpu@51.5C,tj@52.093C,soc1@50.75C,VDD_IN,5921mW/5822mW,VDD_CPU_GPU_CV,1428mW/1396mW,VDD_SOC,2420mW/2412mW
07-27-2026,10:10:01,RAM,951/7620MB,(lfb,17x4MB),SWAP,141/3810MB,(cached,2MB),CPU,[9%@1344,0%@1344,0%@1344,9%@1344,10%@1344,0%@1344],GR3D_FREQ,0%,cpu@51.875C,soc2@49.906C,soc0@50.656C,gpu@51.562C,tj@51.875C,soc1@50.687C,VDD_IN,5961mW/5822mW,VDD_CPU_GPU_CV,1428mW/1396mW,VDD_SOC,2420mW/2412mW
07-27-2026,10:10:01,RAM,951/7620MB,(lfb,17x4MB),SWAP,141/3810MB,(cached,2MB),CPU,[9%@1344,0%@1344,0%@1344,0%@1344,9%@1344,0%@1344],GR3D_FREQ,0%,cpu@51.937C,soc2@49.75C,soc0@50.781C,gpu@51.593C,tj@51.937C,soc1@50.937C,VDD_IN,6001mW/5822mW,VDD_CPU_GPU_CV,1388mW/1396mW,VDD_SOC,2420mW/2412mW
07-27-2026,10:10:01,RAM,951/7620MB,(lfb,17x4MB),SWAP,141/3810MB,(cached,2MB),CPU,[0%@1344,9%@1344,0%@1344,0%@1344,0%@1344,0%@1344],GR3D_FREQ,0%,cpu@51.937C,soc2@49.937C,soc0@50.562C,gpu@51.468C,tj@51.937C,soc1@51C,VDD_IN,6041mW/5822mW,VDD_CPU_GPU_CV,1388mW/1396mW,VDD_SOC,2420mW/2412mW
07-27-2026,10:10:01,RAM,951/7620MB,(lfb,17x4MB),SWAP,141/3810MB,(cached,2MB),CPU,[9%@1344,0%@1344,0%@1344,0%@1344,10%@1344,0%@1344],GR3D_FREQ,0%,cpu@52.156C,soc2@49.656C,soc0@50.531C,gpu@51.5C,tj@52.156C,soc1@50.75C,VDD_IN,6080mW/5823mW,VDD_CPU_GPU_CV,1428mW/1396mW,VDD_SOC,2420mW/2412mW
07-27-2026,10:10:01,RAM,950/7620MB,(lfb,17x4MB),SWAP,141/3810MB,(cached,2MB),CPU,[9%@1344,0%@1344,0%@1344,0%@1344,23%@1344,0%@1344],GR3D_FREQ,0%,cpu@51.75C,soc2@49.875C,soc0@50.687C,gpu@51.531C,tj@51.75C,soc1@50.781C,VDD_IN,6120mW/5823mW,VDD_CPU_GPU_CV,1428mW/1396mW,VDD_SOC,2420mW/2412mW
07-27-2026,10:10:01,RAM,951/7620MB,(lfb,17x4MB),SWAP,141/3810MB,(cached,2MB),CPU,[10%@1344,0%@1344,0%@1344,8%@1344,0%@1344,0%@1344],GR3D_FREQ,0%,cpu@51.843C,soc2@49.875C,soc0@50.5C,gpu@51.562C,tj@51.843C,soc1@51.031C,VDD_IN,6120mW/5823mW,VDD_CPU_GPU_CV,1428mW/1396mW,VDD_SOC,2420mW/2412mW
07-27-2026,10:10:01,RAM,950/7620MB,(lfb,17x4MB),SWAP,141/3810MB,(cached,2MB),CPU,[16%@1344,0%@1344,0%@1344,0%@1344,18%@1344,0%@1344],GR3D_FREQ,0%,cpu@51.843C,soc2@49.687C,soc0@50.687C,gpu@51.562C,tj@51.75C,soc1@50.718C,VDD_IN,6160mW/5823mW,VDD_CPU_GPU_CV,1428mW/1396mW,VDD_SOC,2420mW/2412mW
07-27-2026,10:10:02,RAM,950/7620MB,(lfb,17x4MB),SWAP,141/3810MB,(cached,2MB),CPU,[10%@1344,0%@1344,0%@1344,0%@1344,10%@1344,0%@1344],GR3D_FREQ,0%,cpu@51.75C,soc2@49.75C,soc0@50.718C,gpu@51.687C,tj@51.75C,soc1@50.718C,VDD_IN,6160mW/5824mW,VDD_CPU_GPU_CV,1428mW/1396mW,VDD_SOC,2424mW/2412mW
07-27-2026,10:10:02,RAM,951/7620MB,(lfb,17x4MB),SWAP,141/3810MB,(cached,2MB),CPU,[9%@1344,0%@1344,0%@1344,0%@1344,9%@1344,0%@1344],GR3D_FREQ,0%,cpu@51.781C,soc2@49.843C,soc0@50.906C,gpu@51.625C,tj@51.781C,soc1@50.75C,VDD_IN,6080mW/5824mW,VDD_CPU_GPU_CV,1428mW/1396mW,VDD_SOC,2420mW/2412mW
07-27-2026,10:10:02,RAM,951/7620MB,(lfb,17x4MB),SWAP,141/3810MB,(cached,2MB),CPU,[9%@1344,0%@1344,0%@1344,9%@1344,10%@1344,0%@1344],GR3D_FREQ,0%,cpu@51.812C,soc2@49.906C,soc0@50.531C,gpu@51.5C,tj@51.812C,soc1@50.906C,VDD_IN,6001mW/5824mW,VDD_CPU_GPU_CV,1428mW/1396mW,VDD_SOC,2420mW/2412mW
07-27-2026,10:10:02,RAM,951/7620MB,(lfb,17x4MB),SWAP,141/3810MB,(cached,2MB),CPU,[9%@1344,0%@1344,0%@1344,0%@1344,9%@1344,0%@1344],GR3D_FREQ,0%,cpu@52C,soc2@49.687C,soc0@50.656C,gpu@51.656C,tj@52C,soc1@50.656C,VDD_IN,5961mW/5824mW,VDD_CPU_GPU_CV,1428mW/1396mW,VDD_SOC,2420mW/2412mW
07-27-2026,10:10:02,RAM,951/7620MB,(lfb,17x4MB),SWAP,141/3810MB,(cached,2MB),CPU,[10%@1344,9%@1344,0%@1344,0%@1344,10%@1344,0%@1344],GR3D_FREQ,0%,cpu@51.687C,soc2@49.781C,soc0@50.593C,gpu@51.687C,tj@51.687C,soc1@50.718C,VDD_IN,5921mW/5824mW,VDD_CPU_GPU_CV,1428mW/1396mW,VDD_SOC,2420mW/2412mW
07-27-2026,10:10:02,RAM,952/7620MB,(lfb,17x4MB),SWAP,141/3810MB,(cached,2MB),CPU,[9%@1344,0%@1344,9%@1344,9%@1344,9%@1344,10%@1344],GR3D_FREQ,0%,cpu@51.75C,soc2@49.875C,soc0@50.687C,gpu@51.468C,tj@51.75C,soc1@50.75C,VDD_IN,5921mW/5824mW,VDD_CPU_GPU_CV,1428mW/1397mW,VDD_SOC,2420mW/2412mW
07-27-2026,10:10:02,RAM,951/7620MB,(lfb,17x4MB),SWAP,141/3810MB,(cached,2MB),CPU,[9%@1344,0%@1344,0%@1344,0%@1344,0%@1344,0%@1344],GR3D_FREQ,0%,cpu@51.75C,soc2@49.875C,soc0@50.531C,gpu@51.437C,tj@51.75C,soc1@50.812C,VDD_IN,5921mW/5824mW,VDD_CPU_GPU_CV,1428mW/1397mW,VDD_SOC,2420mW/2412mW
07-27-2026,10:10:02,RAM,951/7620MB,(lfb,17x4MB),SWAP,141/3810MB,(cached,2MB),CPU,[10%@1344,0%@1344,0%@1344,0%@1344,16%@1344,0%@1344],GR3D_FREQ,0%,cpu@51.968C,soc2@49.687C,soc0@50.625C,gpu@51.562C,tj@51.968C,soc1@50.687C,VDD_IN,5882mW/5824mW,VDD_CPU_GPU_CV,1428mW/1397mW,VDD_SOC,2420mW/2412mW
07-27-2026,10:10:02,RAM,951/7620MB,(lfb,17x4MB),SWAP,141/3810MB,(cached,2MB),CPU,[9%@1344,0%@1344,0%@1344,0%@1344,0%@1344,0%@1344],GR3D_FREQ,0%,cpu@51.625C,soc2@49.875C,soc0@50.531C,gpu@51.468C,tj@51.625C,soc1@50.812C,VDD_IN,5882mW/5824mW,VDD_CPU_GPU_CV,1428mW/1397mW,VDD_SOC,2420mW/2412mW
07-27-2026,10:10:02,RAM,951/7620MB,(lfb,17x4MB),SWAP,141/3810MB,(cached,2MB),CPU,[9%@1344,0%@1344,0%@1344,0%@1344,0%@1344,0%@1344],GR3D_FREQ,0%,cpu@51.843C,soc2@49.718C,soc0@50.812C,gpu@51.406C,tj@51.968C,soc1@50.875C,VDD_IN,5842mW/5824mW,VDD_CPU_GPU_CV,1428mW/1397mW,VDD_SOC,2420mW/2412mW
07-27-2026,10:10:03,RAM,951/7620MB,(lfb,17x4MB),SWAP,141/3810MB,(cached,2MB),CPU,[10%@1344,9%@1344,0%@1344,0%@1344,16%@1344,0%@1344],GR3D_FREQ,0%,cpu@52.062C,soc2@49.781C,soc0@50.5C,gpu@51.531C,tj@52.062C,soc1@50.875C,VDD_IN,5842mW/5824mW,VDD_CPU_GPU_CV,1428mW/1397mW,VDD_SOC,2420mW/2412mW
07-27-2026,10:10:03,RAM,951/7620MB,(lfb,17x4MB),SWAP,141/3810MB,(cached,2MB),CPU,[0%@1344,0%@1344,0%@1344,0%@1344,10%@1344,0%@1344],GR3D_FREQ,0%,cpu@51.781C,soc2@49.75C,soc0@50.531C,gpu@51.468C,tj@51.781C,soc1@50.625C,VDD_IN,5842mW/5824mW,VDD_CPU_GPU_CV,1428mW/1397mW,VDD_SOC,2420mW/2412mW
07-27-2026,10:10:03,RAM,952/7620MB,(lfb,17x4MB),SWAP,141/3810MB,(cached,2MB),CPU,[9%@1344,0%@1344,0%@1344,0%@1344,9%@1344,0%@1344],GR3D_FREQ,0%,cpu@51.531C,soc2@49.75C,soc0@50.531C,gpu@51.343C,tj@51.531C,soc1@50.75C,VDD_IN,5842mW/5824mW,VDD_CPU_GPU_CV,1388mW/1397mW,VDD_SOC,2420mW/2412mW
07-27-2026,10:10:03,RAM,951/7620MB,(lfb,17x4MB),SWAP,141/3810MB,(cached,2MB),CPU,[10%@1344,0%@1344,8%@1344,0%@1344,9%@1344,8%@1344],GR3D_FREQ,0%,cpu@51.593C,soc2@49.687C,soc0@50.75C,gpu@51.5C,tj@51.937C,soc1@50.718C,VDD_IN,5842mW/5824mW,VDD_CPU_GPU_CV,1388mW/1397mW,VDD_SOC,2420mW/2412mW
07-27-2026,10:10:03,RAM,952/7620MB,(lfb,17x4MB),SWAP,141/3810MB,(cached,2MB),CPU,[9%@1344,0%@1344,0%@1344,0%@1344,0%@1344,0%@1344],GR3D_FREQ,0%,cpu@52.062C,soc2@49.812C,soc0@50.468C,gpu@51.406C,tj@52.062C,soc1@50.906C,VDD_IN,5802mW/5824mW,VDD_CPU_GPU_CV,1388mW/1397mW,VDD_SOC,2420mW/2412mW
07-27-2026,10:10:03,RAM,952/7620MB,(lfb,17x4MB),SWAP,141/3810MB,(cached,2MB),CPU,[23%@1344,9%@1344,0%@1344,9%@1344,9%@1344,0%@1344],GR3D_FREQ,0%,cpu@51.75C,soc2@49.656C,soc0@50.531C,gpu@51.375C,tj@51.75C,soc1@51.125C,VDD_IN,5842mW/5824mW,VDD_CPU_GPU_CV,1428mW/1397mW,VDD_SOC,2420mW/2412mW
07-27-2026,10:10:03,RAM,952/7620MB,(lfb,17x4MB),SWAP,141/3810MB,(cached,2MB),CPU,[10%@1344,0%@1344,0%@1344,0%@1344,9%@1344,0%@1344],GR3D_FREQ,0%,cpu@51.625C,soc2@49.625C,soc0@50.562C,gpu@51.906C,tj@51.906C,soc1@50.75C,VDD_IN,5842mW/5824mW,VDD_CPU_GPU_CV,1388mW/1397mW,VDD_SOC,2420mW/2412mW
07-27-2026,10:10:03,RAM,952/7620MB,(lfb,17x4MB),SWAP,141/3810MB,(cached,2MB),CPU,[9%@1344,0%@1344,0%@1344,0%@1344,18%@1344,0%@1344],GR3D_FREQ,0%,cpu@51.875C,soc2@49.812C,soc0@50.468C,gpu@51.593C,tj@51.875C,soc1@50.937C,VDD_IN,5842mW/5824mW,VDD_CPU_GPU_CV,1428mW/1397mW,VDD_SOC,2420mW/2412mW
07-27-2026,10:10:03,RAM,952/7620MB,(lfb,17x4MB),SWAP,141/3810MB,(cached,2MB),CPU,[10%@1344,0%@1344,8%@1344,0%@1344,10%@1344,8%@1344],GR3D_FREQ,0%,cpu@52C,soc2@49.625C,soc0@50.593C,gpu@51.5C,tj@52C,soc1@50.968C,VDD_IN,5842mW/5824mW,VDD_CPU_GPU_CV,1428mW/1397mW,VDD_SOC,2420mW/2412mW
07-27-2026,10:10:04,RAM,952/7620MB,(lfb,17x4MB),SWAP,141/3810MB,(cached,2MB),CPU,[9%@1344,9%@1344,0%@1344,0%@1344,0%@1344,0%@1344],GR3D_FREQ,0%,cpu@51.875C,soc2@49.812C,soc0@50.562C,gpu@51.406C,tj@51.875C,soc1@50.625C,VDD_IN,5842mW/5824mW,VDD_CPU_GPU_CV,1428mW/1397mW,VDD_SOC,2420mW/2412mW
07-27-2026,10:10:04,RAM,952/7620MB,(lfb,17x4MB),SWAP,141/3810MB,(cached,2MB),CPU,[10%@1344,0%@1344,0%@1344,0%@1344,8%@1344,0%@1344],GR3D_FREQ,0%,cpu@51.718C,soc2@49.843C,soc0@50.656C,gpu@51.562C,tj@51.718C,soc1@50.812C,VDD_IN,5842mW/5824mW,VDD_CPU_GPU_CV,1428mW/1397mW,VDD_SOC,2420mW/2412mW
07-27-2026,10:10:04,RAM,952/7620MB,(lfb,17x4MB),SWAP,141/3810MB,(cached,2MB),CPU,[9%@1344,0%@1344,0%@1344,0%@1344,16%@1344,0%@1344],GR3D_FREQ,0%,cpu@51.937C,soc2@49.843C,soc0@50.406C,gpu@51.5C,tj@51.937C,soc1@50.843C,VDD_IN,5842mW/5825mW,VDD_CPU_GPU_CV,1428mW/1397mW,VDD_SOC,2420mW/2412mW
07-27-2026,10:10:04,RAM,952/7620MB,(lfb,17x4MB),SWAP,141/3810MB,(cached,2MB),CPU,[9%@1344,0%@1344,0%@1344,0%@1344,0%@1344,0%@1344],GR3D_FREQ,0%,cpu@51.968C,soc2@49.75C,soc0@50.531C,gpu@51.343C,tj@51.812C,soc1@50.75C,VDD_IN,5842mW/5825mW,VDD_CPU_GPU_CV,1428mW/1397mW,VDD_SOC,2420mW/2412mW
07-27-2026,10:10:04,RAM,952/7620MB,(lfb,17x4MB),SWAP,141/3810MB,(cached,2MB),CPU,[18%@1344,0%@1344,0%@1344,0%@1344,0%@1344,0%@1344],GR3D_FREQ,0%,cpu@51.593C,soc2@49.625C,soc0@50.625C,gpu@51.25C,tj@51.593C,soc1@50.75C,VDD_IN,5842mW/5825mW,VDD_CPU_GPU_CV,1428mW/1397mW,VDD_SOC,2420mW/2412mW
07-27-2026,10:10:04,RAM,953/7620MB,(lfb,17x4MB),SWAP,141/3810MB,(cached,2MB),CPU,[0%@1344,9%@1344,0%@1344,9%@1344,18%@1344,9%@1344],GR3D_FREQ,0%,cpu@51.687C,soc2@49.75C,soc0@50.781C,gpu@51.593C,tj@51.781C,soc1@50.718C,VDD_IN,5842mW/5825mW,VDD_CPU_GPU_CV,1428mW/1397mW,VDD_SOC,2420mW/2412mW
07-27-2026,10:10:04,RAM,953/7620MB,(lfb,17x4MB),SWAP,141/3810MB,(cached,2MB),CPU,[18%@1344,0%@1344,0%@1344,0%@1344,0%@1344,0%@1344],GR3D_FREQ,0%,cpu@51.843C,soc2@49.781C,soc0@50.468C,gpu@51.406C,tj@51.843C,soc1@50.812C,VDD_IN,5842mW/5825mW,VDD_CPU_GPU_CV,1428mW/1397mW,VDD_SOC,2420mW/2412mW
07-27-2026,10:10:04,RAM,953/7620MB,(lfb,17x4MB),SWAP,141/3810MB,(cached,2MB),CPU,[9%@1344,0%@1344,0%@1344,0%@1344,16%@1344,0%@1344],GR3D_FREQ,0%,cpu@51.843C,soc2@49.75C,soc0@50.468C,gpu@51.312C,tj@51.843C,soc1@50.687C,VDD_IN,5842mW/5825mW,VDD_CPU_GPU_CV,1428mW/1397mW,VDD_SOC,2420mW/2412mW
07-27-2026,10:10:04,RAM,952/7620MB,(lfb,17x4MB),SWAP,141/3810MB,(cached,2MB),CPU,[18%@1344,0%@1344,0%@1344,8%@1344,0%@1344,0%@1344],GR3D_FREQ,0%,cpu@51.687C,soc2@49.75C,soc0@50.5C,gpu@51.781C,tj@51.781C,soc1@50.75C,VDD_IN,5842mW/5825mW,VDD_CPU_GPU_CV,1428mW/1397mW,VDD_SOC,2420mW/2412mW
07-27-2026,10:10:04,RAM,953/7620MB,(lfb,17x4MB),SWAP,141/3810MB,(cached,2MB),CPU,[0%@1344,0%@1344,0%@1344,0%@1344,9%@1344,0%@1344],GR3D_FREQ,0%,cpu@51.718C,soc2@49.75C,soc0@50.718C,gpu@51.406C,tj@51.718C,soc1@50.75C,VDD_IN,5842mW/5825mW,VDD_CPU_GPU_CV,1428mW/1397mW,VDD_SOC,2420mW/2412mW
07-27-2026,10:10:05,RAM,952/7620MB,(lfb,17x4MB),SWAP,141/3810MB,(cached,2MB),CPU,[10%@1344,0%@1344,8%@1344,0%@1344,0%@1344,0%@1344],GR3D_FREQ,0%,cpu@51.781C,soc2@49.75C,soc0@50.468C,gpu@51.406C,tj@51.781C,soc1@50.812C,VDD_IN,5802mW/5825mW,VDD_CPU_GPU_CV,1388mW/1397mW,VDD_SOC,2420mW/2412mW
07-27-2026,10:10:05,RAM,952/7620MB,(lfb,17x4MB),SWAP,141/3810MB,(cached,2MB),CPU,[16%@1344,9%@1344,0%@1344,0%@1344,16%@1344,0%@1344],GR3D_FREQ,0%,cpu@51.75C,soc2@49.718C,soc0@50.468C,gpu@51.812C,tj@51.812C,soc1@50.968C,VDD_IN,5802mW/5825mW,VDD_CPU_GPU_CV,1388mW/1397mW,VDD_SOC,2420mW/2412mW
07-27-2026,10:10:05,RAM,953/7620MB,(lfb,17x4MB),SWAP,141/3810MB,(cached,2MB),CPU,[9%@1344,0%@1344,0%@1344,0%@1344,0%@1344,0%@1344],GR3D_FREQ,0%,cpu@51.531C,soc2@49.75C,soc0@50.562C,gpu@51.5C,tj@51.656C,soc1@50.718C,VDD_IN,5802mW/5825mW,VDD_CPU_GPU_CV,1388mW/1397mW,VDD_SOC,2420mW/2412mW
07-27-2026,10:10:05,RAM,953/7620MB,(lfb,17x4MB),SWAP,141/3810MB,(cached,2MB),CPU,[10%@1344,0%@1344,0%@1344,0%@1344,9%@1344,0%@1344],GR3D_FREQ,0%,cpu@51.593C,soc2@49.75C,soc0@50.625C,gpu@51.312C,tj@51.593C,soc1@50.687C,VDD_IN,5802mW/5825mW,VDD_CPU_GPU_CV,1388mW/1397mW,VDD_SOC,2420mW/2412mW
07-27-2026,10:10:05,RAM,953/7620MB,(lfb,17x4MB),SWAP,141/3810MB,(cached,2MB),CPU,[0%@1344,0%@1344,0%@1344,9%@1344,9%@1344,0%@1344],GR3D_FREQ,0%,cpu@51.75C,soc2@49.75C,soc0@50.5C,gpu@51.687C,tj@51.687C,soc1@50.906C,VDD_IN,5802mW/5825mW,VDD_CPU_GPU_CV,1388mW/1397mW,VDD_SOC,2420mW/2412mW
07-27-2026,10:10:05,RAM,953/7620MB,(lfb,17x4MB),SWAP,141/3810MB,(cached,2MB),CPU,[9%@1344,9%@1344,9%@1344,0%@1344,10%@1344,9%@1344],GR3D_FREQ,0%,cpu@51.75C,soc2@49.656C,soc0@50.468C,gpu@51.531C,tj@51.75C,soc1@50.906C,VDD_IN,5842mW/5825mW,VDD_CPU_GPU_CV,1428mW/1397mW,VDD_SOC,2420mW/2412mW
07-27-2026,10:10:05,RAM,952/7620MB,(lfb,17x4MB),SWAP,141/3810MB,(cached,2MB),CPU,[18%@1344,0%@1344,0%@1344,0%@1344,16%@1344,0%@1344],GR3D_FREQ,0%,cpu@51.843C,soc2@49.781C,soc0@50.531C,gpu@51.531C,tj@51.843C,soc1@50.843C,VDD_IN,5842mW/5825mW,VDD_CPU_GPU_CV,1428mW/1397mW,VDD_SOC,2420mW/2412mW
07-27-2026,10:10:05,RAM,952/7620MB,(lfb,17x4MB),SWAP,141/3810MB,(cached,2MB),CPU,[0%@1344,0%@1344,0%@1344,0%@1344,10%@1344,0%@1344],GR3D_FREQ,0%,cpu@51.937C,soc2@49.781C,soc0@50.468C,gpu@51.312C,tj@51.937C,soc1@50.906C,VDD_IN,5842mW/5825mW,VDD_CPU_GPU_CV,1428mW/1397mW,VDD_SOC,2420mW/2412mW
07-27-2026,10:10:05,RAM,953/7620MB,(lfb,17x4MB),SWAP,141/3810MB,(cached,2MB),CPU,[9%@1344,0%@1344,0%@1344,0%@1344,9%@1344,0%@1344],GR3D_FREQ,0%,cpu@52.156C,soc2@49.625C,soc0@50.468C,gpu@51.343C,tj@52.156C,soc1@50.968C,VDD_IN,5842mW/5825mW,VDD_CPU_GPU_CV,1428mW/1397mW,VDD_SOC,2420mW/2412mW
07-27-2026,10:10:06,RAM,953/7620MB,(lfb,17x4MB),SWAP,141/3810MB,(cached,2MB),CPU,[25%@1344,16%@1344,0%@1344,9%@1344,0%@1344,0%@1344],GR3D_FREQ,0%,cpu@51.593C,soc2@49.718C,soc0@50.562C,gpu@51.437C,tj@51.593C,soc1@50.75C,VDD_IN,5842mW/5825mW,VDD_CPU_GPU_CV,1428mW/1397mW,VDD_SOC,2420mW/2412mW
07-27-2026,10:10:06,RAM,952/7620MB,(lfb,17x4MB),SWAP,141/3810MB,(cached,2MB),CPU,[9%@1344,0%@1344,0%@1344,0%@1344,9%@1344,0%@1344],GR3D_FREQ,0%,cpu@51.906C,soc2@49.656C,soc0@50.656C,gpu@51.375C,tj@51.906C,soc1@50.75C,VDD_IN,5842mW/5825mW,VDD_CPU_GPU_CV,1428mW/1397mW,VDD_SOC,2420mW/2412mW
07-27-2026,10:10:06,RAM,953/7620MB,(lfb,17x4MB),SWAP,141/3810MB,(cached,2MB),CPU,[0%@1344,0%@1344,0%@1344,10%@1344,9%@1344,0%@1344],GR3D_FREQ,0%,cpu@51.906C,soc2@49.781C,soc0@50.75C,gpu@51.25C,tj@51.906C,soc1@50.812C,VDD_IN,5921mW/5825mW,VDD_CPU_GPU_CV,1428mW/1397mW,VDD_SOC,2420mW/2412mW
07-27-2026,10:10:06,RAM,952/7620MB,(lfb,17x4MB),SWAP,141/3810MB,(cached,2MB),CPU,[16%@1344,0%@1344,0%@1344,0%@1344,10%@1344,0%@1344],GR3D_FREQ,0%,cpu@52.125C,soc2@49.531C,soc0@50.5C,gpu@51.75C,tj@52.125C,soc1@50.593C,VDD_IN,5961mW/5825mW,VDD_CPU_GPU_CV,1428mW/1397mW,VDD_SOC,2420mW/2412mW
07-27-2026,10:10:06,RAM,953/7620MB,(lfb,17x4MB),SWAP,141/3810MB,(cached,2MB),CPU,[10%@1344,0%@1344,0%@1344,0%@1344,9%@1344,0%@1344],GR3D_FREQ,0%,cpu@51.5C,soc2@49.687C,soc0@50.531C,gpu@51.437C,tj@51.5C,soc1@50.625C,VDD_IN,6001mW/5825mW,VDD_CPU_GPU_CV,1428mW/1397mW,VDD_SOC,2420mW/2412mW
07-27-2026,10:10:06,RAM,953/7620MB,(lfb,17x4MB),SWAP,141/3810MB,(cached,2MB),CPU,[9%@1344,15%@1344,0%@1344,0%@1344,9%@1344,0%@1344],GR3D_FREQ,0%,cpu@51.812C,soc2@49.781C,soc0@50.625C,gpu@51.312C,tj@51.812C,soc1@50.781C,VDD_IN,6041mW/5825mW,VDD_CPU_GPU_CV,1428mW/1397mW,VDD_SOC,2420mW/2412mW
07-27-2026,10:10:06,RAM,952/7620MB,(lfb,17x4MB),SWAP,141/3810MB,(cached,2MB),CPU,[16%@1344,0%@1344,0%@1344,0%@1344,0%@1344,9%@1344],GR3D_FREQ,0%,cpu@51.812C,soc2@49.812C,soc0@50.468C,gpu@51.781C,tj@51.812C,soc1@50.687C,VDD_IN,6080mW/5825mW,VDD_CPU_GPU_CV,1428mW/1397mW,VDD_SOC,2420mW/2412mW
07-27-2026,10:10:06,RAM,952/7620MB,(lfb,17x4MB),SWAP,141/3810MB,(cached,2MB),CPU,[10%@1344,0%@1344,0%@1344,9%@1344,9%@1344,8%@1344],GR3D_FREQ,0%,cpu@51.937C,soc2@49.656C,soc0@50.562C,gpu@51.531C,tj@51.937C,soc1@51C,VDD_IN,6080mW/5826mW,VDD_CPU_GPU_CV,1428mW/1397mW,VDD_SOC,2420mW/2412mW
07-27-2026,10:10:06,RAM,952/7620MB,(lfb,17x4MB),SWAP,141/3810MB,(cached,2MB),CPU,[9%@1344,8%@1344,9%@1344,0%@1344,10%@1344,0%@1344],GR3D_FREQ,0%,cpu@51.687C,soc2@49.687C,soc0@50.468C,gpu@51.875C,tj@51.875C,soc1@50.656C,VDD_IN,6120mW/5826mW,VDD_CPU_GPU_CV,1428mW/1397mW,VDD_SOC,2420mW/2412mW
07-27-2026,10:10:06,RAM,952/7620MB,(lfb,17x4MB),SWAP,141/3810MB,(cached,2MB),CPU,[10%@1344,0%@1344,0%@1344,0%@1344,0%@1344,0%@1344],GR3D_FREQ,0%,cpu@51.75C,soc2@49.687C,soc0@50.593C,gpu@51.75C,tj@51.75C,soc1@50.812C,VDD_IN,6120mW/5826mW,VDD_CPU_GPU_CV,1428mW/1397mW,VDD_SOC,2420mW/2412mW
07-27-2026,10:10:07,RAM,952/7620MB,(lfb,17x4MB),SWAP,141/3810MB,(cached,2MB),CPU,[10%@1344,0%@1344,0%@1344,9%@1344,16%@1344,0%@1344],GR3D_FREQ,0%,cpu@51.812C,soc2@49.843C,soc0@50.5C,gpu@51.593C,tj@51.812C,soc1@50.718C,VDD_IN,6120mW/5826mW,VDD_CPU_GPU_CV,1428mW/1397mW,VDD_SOC,2420mW/2412mW
07-27-2026,10:10:07,RAM,952/7620MB,(lfb,17x4MB),SWAP,141/3810MB,(cached,2MB),CPU,[23%@1344,0%@1344,0%@1344,0%@1344,0%@1344,0%@1344],GR3D_FREQ,0%,cpu@51.906C,soc2@49.75C,soc0@50.5C,gpu@51.875C,tj@51.906C,soc1@50.906C,VDD_IN,6120mW/5826mW,VDD_CPU_GPU_CV,1428mW/1397mW,VDD_SOC,2420mW/2412mW
07-27-2026,10:10:07,RAM,952/7620MB,(lfb,17x4MB),SWAP,141/3810MB,(cached,2MB),CPU,[0%@1344,9%@1344,0%@1344,0%@1344,9%@1344,0%@1344],GR3D_FREQ,0%,cpu@51.625C,soc2@49.625C,soc0@50.625C,gpu@51.687C,tj@51.687C,soc1@50.656C,VDD_IN,6120mW/5827mW,VDD_CPU_GPU_CV,1428mW/1397mW,VDD_SOC,2424mW/2412mW
07-27-2026,10:10:07,RAM,952/7620MB,(lfb,17x4MB),SWAP,141/3810MB,(cached,2MB),CPU,[16%@1344,0%@1344,0%@1344,0%@1344,9%@1344,0%@1344],GR3D_FREQ,0%,cpu@51.718C,soc2@49.656C,soc0@50.687C,gpu@51.562C,tj@51.718C,soc1@50.843C,VDD_IN,6080mW/5827mW,VDD_CPU_GPU_CV,1428mW/1397mW,VDD_SOC,2420mW/2412mW
07-27-2026,10:10:07,RAM,952/7620MB,(lfb,17x4MB),SWAP,141/3810MB,(cached,2MB),CPU,[23%@1344,8%@1344,0%@1344,0%@1344,0%@1344,0%@1344],GR3D_FREQ,0%,cpu@51.812C,soc2@49.687C,soc0@50.531C,gpu@51.843C,tj@51.843C,soc1@50.656C,VDD_IN,6001mW/5827mW,VDD_CPU_GPU_CV,1388mW/1397mW,VDD_SOC,2420mW/2412mW
07-27-2026,10:10:07,RAM,952/7620MB,(lfb,17x4MB),SWAP,141/3810MB,(cached,2MB),CPU,[0%@1344,0%@1344,9%@1344,10%@1344,25%@1344,0%@1344],GR3D_FREQ,0%,cpu@51.687C,soc2@49.687C,soc0@50.593C,gpu@51.656C,tj@51.687C,soc1@50.625C,VDD_IN,6001mW/5827mW,VDD_CPU_GPU_CV,1428mW/1397mW,VDD_SOC,2420mW/2412mW
07-27-2026,10:10:07,RAM,952/7620MB,(lfb,17x4MB),SWAP,141/3810MB,(cached,2MB),CPU,[9%@1344,8%@1344,0%@1344,0%@1344,0%@1344,0%@1344],GR3D_FREQ,0%,cpu@51.968C,soc2@49.75C,soc0@50.406C,gpu@51.468C,tj@51.968C,soc1@50.843C,VDD_IN,5961mW/5827mW,VDD_CPU_GPU_CV,1428mW/1397mW,VDD_SOC,2420mW/2412mW
07-27-2026,10:10:07,RAM,952/7620MB,(lfb,17x4MB),SWAP,141/3810MB,(cached,2MB),CPU,[10%@1344,9%@1344,0%@1344,0%@1344,10%@1344,0%@1344],GR3D_FREQ,0%,cpu@52.156C,soc2@49.593C,soc0@50.468C,gpu@51.687C,tj@52.156C,soc1@50.968C,VDD_IN,5921mW/5827mW,VDD_CPU_GPU_CV,1428mW/1397mW,VDD_SOC,2420mW/2412mW
07-27-2026,10:10:07,RAM,952/7620MB,(lfb,17x4MB),SWAP,141/3810MB,(cached,2MB),CPU,[9%@1344,0%@1344,0%@1344,0%@1344,9%@1344,0%@1344],GR3D_FREQ,0%,cpu@51.531C,soc2@49.656C,soc0@50.531C,gpu@51.625C,tj@51.625C,soc1@50.718C,VDD_IN,5921mW/5827mW,VDD_CPU_GPU_CV,1428mW/1397mW,VDD_SOC,2420mW/2412mW
07-27-2026,10:10:08,RAM,952/7620MB,(lfb,17x4MB),SWAP,141/3810MB,(cached,2MB),CPU,[0%@1344,0%@1344,0%@1344,0%@1344,9%@1344,0%@1344],GR3D_FREQ,0%,cpu@51.531C,soc2@49.625C,soc0@50.531C,gpu@51.437C,tj@51.843C,soc1@50.625C,VDD_IN,5882mW/5827mW,VDD_CPU_GPU_CV,1428mW/1397mW,VDD_SOC,2420mW/2412mW
07-27-2026,10:10:08,RAM,952/7620MB,(lfb,17x4MB),SWAP,141/3810MB,(cached,2MB),CPU,[9%@1344,9%@1344,0%@1344,0%@1344,10%@1344,0%@1344],GR3D_FREQ,0%,cpu@51.937C,soc2@49.75C,soc0@50.75C,gpu@51.468C,tj@51.937C,soc1@50.812C,VDD_IN,5882mW/5827mW,VDD_CPU_GPU_CV,1428mW/1398mW,VDD_SOC,2420mW/2412mW
07-27-2026,10:10:08,RAM,952/7620MB,(lfb,17x4MB),SWAP,141/3810MB,(cached,2MB),CPU,[18%@1344,0%@1344,9%@1344,0%@1344,0%@1344,0%@1344],GR3D_FREQ,0%,cpu@51.937C,soc2@49.656C,soc0@50.468C,gpu@51.593C,tj@51.937C,soc1@50.937C,VDD_IN,5842mW/5827mW,VDD_CPU_GPU_CV,1428mW/1398mW,VDD_SOC,2420mW/2412mW
07-27-2026,10:10:08,RAM,952/7620MB,(lfb,17x4MB),SWAP,141/3810MB,(cached,2MB),CPU,[23%@1344,0%@1344,9%@1344,9%@1344,16%@1344,0%@1344],GR3D_FREQ,0%,cpu@51.593C,soc2@49.625C,soc0@50.5C,gpu@51.437C,tj@51.593C,soc1@50.656C,VDD_IN,5842mW/5828mW,VDD_CPU_GPU_CV,1428mW/1398mW,VDD_SOC,2420mW/2412mW
07-27-2026,10:10:08,RAM,952/7620MB,(lfb,17x4MB),SWAP,141/3810MB,(cached,2MB),CPU,[9%@1344,0%@1344,0%@1344,0%@1344,0%@1344,0%@1344],GR3D_FREQ,0%,cpu@51.843C,soc2@49.656C,soc0@50.687C,gpu@51.375C,tj@51.843C,soc1@50.687C,VDD_IN,5842mW/5828mW,VDD_CPU_GPU_CV,1428mW/1398mW,VDD_SOC,2420mW/2412mW
07-27-2026,10:10:08,RAM,952/7620MB,(lfb,17x4MB),SWAP,141/3810MB,(cached,2MB),CPU,[0%@1344,9%@1344,0%@1344,0%@1344,16%@1344,0%@1344],GR3D_FREQ,0%,cpu@51.875C,soc2@49.625C,soc0@50.625C,gpu@51.343C,tj@51.875C,soc1@50.781C,VDD_IN,5842mW/5828mW,VDD_CPU_GPU_CV,1428mW/1398mW,VDD_SOC,2420mW/2412mW
07-27-2026,10:10:08,RAM,952/7620MB,(lfb,17x4MB),SWAP,141/3810MB,(cached,2MB),CPU,[9%@1344,0%@1344,0%@1344,9%@1344,0%@1344,9%@1344],GR3D_FREQ,0%,cpu@51.906C,soc2@49.812C,soc0@50.468C,gpu@51.468C,tj@51.906C,soc1@50.906C,VDD_IN,5842mW/5828mW,VDD_CPU_GPU_CV,1428mW/1398mW,VDD_SOC,2420mW/2412mW
07-27-2026,10:10:08,RAM,952/7620MB,(lfb,17x4MB),SWAP,141/3810MB,(cached,2MB),CPU,[9%@1344,0%@1344,0%@1344,0%@1344,0%@1344,0%@1344],GR3D_FREQ,0%,cpu@51.593C,soc2@49.656C,soc0@50.468C,gpu@51.406C,tj@51.656C,soc1@50.687C,VDD_IN,5842mW/5828mW,VDD_CPU_GPU_CV,1428mW/1398mW,VDD_SOC,2420mW/2412mW
07-27-2026,10:10:08,RAM,952/7620MB,(lfb,17x4MB),SWAP,141/3810MB,(cached,2MB),CPU,[10%@1344,0%@1344,0%@1344,0%@1344,16%@1344,0%@1344],GR3D_FREQ,0%,cpu@51.687C,soc2@49.718C,soc0@50.656C,gpu@51.312C,tj@51.687C,soc1@50.625C,VDD_IN,5842mW/5828mW,VDD_CPU_GPU_CV,1428mW/1398mW,VDD_SOC,2420mW/2412mW
07-27-2026,10:10:08,RAM,952/7620MB,(lfb,17x4MB),SWAP,141/3810MB,(cached,2MB),CPU,[9%@1344,0%@1344,9%@1344,0%@1344,0%@1344,0%@1344],GR3D_FREQ,0%,cpu@51.812C,soc2@49.75C,soc0@50.468C,gpu@51.343C,tj@51.812C,soc1@50.781C,VDD_IN,5842mW/5828mW,VDD_CPU_GPU_CV,1428mW/1398mW,VDD_SOC,2420mW/2412mW
07-27-2026,10:10:09,RAM,952/7620MB,(lfb,17x4MB),SWAP,141/3810MB,(cached,2MB),CPU,[0%@1344,0%@1344,0%@1344,0%@1344,16%@1344,0%@1344],GR3D_FREQ,0%,cpu@51.781C,soc2@49.781C,soc0@50.5C,gpu@51.312C,tj@51.781C,soc1@50.906C,VDD_IN,5842mW/5828mW,VDD_CPU_GPU_CV,1388mW/1398mW,VDD_SOC,2420mW/2412mW
07-27-2026,10:10:09,RAM,952/7620MB,(lfb,17x4MB),SWAP,141/3810MB,(cached,2MB),CPU,[18%@1344,8%@1344,0%@1344,0%@1344,0%@1344,0%@1344],GR3D_FREQ,0%,cpu@51.968C,soc2@49.781C,soc0@50.468C,gpu@51.312C,tj@51.718C,soc1@50.625C,VDD_IN,5802mW/5828mW,VDD_CPU_GPU_CV,1388mW/1398mW,VDD_SOC,2420mW/2412mW
07-27-2026,10:10:09,RAM,952/7620MB,(lfb,17x4MB),SWAP,141/3810MB,(cached,2MB),CPU,[9%@1344,9%@1344,0%@1344,8%@1344,0%@1344,0%@1344],GR3D_FREQ,0%,cpu@51.656C,soc2@49.718C,soc0@50.687C,gpu@51.687C,tj@51.687C,soc1@50.718C,VDD_IN,5842mW/5828mW,VDD_CPU_GPU_CV,1388mW/1398mW,VDD_SOC,2420mW/2412mW
07-27-2026,10:10:09,RAM,952/7620MB,(lfb,17x4MB),SWAP,141/3810MB,(cached,2MB),CPU,[18%@1344,8%@1344,0%@1344,0%@1344,18%@1344,8%@1344],GR3D_FREQ,0%,cpu@51.781C,soc2@49.656C,soc0@50.5C,gpu@51.281C,tj@51.781C,soc1@50.656C,VDD_IN,5802mW/5828mW,VDD_CPU_GPU_CV,1428mW/1398mW,VDD_SOC,2420mW/2412mW
07-27-2026,10:10:09,RAM,952/7620MB,(lfb,17x4MB),SWAP,141/3810MB,(cached,2MB),CPU,[16%@1344,0%@1344,0%@1344,0%@1344,16%@1344,0%@1344],GR3D_FREQ,0%,cpu@51.5C,soc2@49.562C,soc0@50.656C,gpu@51.812C,tj@51.812C,soc1@50.687C,VDD_IN,5842mW/5828mW,VDD_CPU_GPU_CV,1428mW/1398mW,VDD_SOC,2420mW/2412mW
07-27-2026,10:10:09,RAM,952/7620MB,(lfb,17x4MB),SWAP,141/3810MB,(cached,2MB),CPU,[10%@1344,0%@1344,0%@1344,9%@1344,0%@1344,0%@1344],GR3D_FREQ,0%,cpu@51.718C,soc2@49.687C,soc0@50.625C,gpu@51.281C,tj@51.718C,soc1@50.812C,VDD_IN,5842mW/5828mW,VDD_CPU_GPU_CV,1428mW/1398mW,VDD_SOC,2420mW/2412mW
07-27-2026,10:10:09,RAM,952/7620MB,(lfb,17x4MB),SWAP,141/3810MB,(cached,2MB),CPU,[9%@1344,0%@1344,0%@1344,0%@1344,0%@1344,0%@1344],GR3D_FREQ,0%,cpu@52.031C,soc2@49.75C,soc0@50.468C,gpu@51.218C,tj@52.031C,soc1@50.781C,VDD_IN,5842mW/5828mW,VDD_CPU_GPU_CV,1428mW/1398mW,VDD_SOC,2420mW/2412mW
07-27-2026,10:10:09,RAM,952/7620MB,(lfb,17x4MB),SWAP,141/3810MB,(cached,2MB),CPU,[9%@1344,0%@1344,0%@1344,0%@1344,16%@1344,0%@1344],GR3D_FREQ,0%,cpu@51.843C,soc2@49.656C,soc0@50.468C,gpu@51.781C,tj@51.843C,soc1@50.531C,VDD_IN,5842mW/5828mW,VDD_CPU_GPU_CV,1428mW/1398mW,VDD_SOC,2420mW/2412mW
07-27-2026,10:10:09,RAM,952/7620MB,(lfb,17x4MB),SWAP,141/3810MB,(cached,2MB),CPU,[10%@1344,9%@1344,0%@1344,0%@1344,0%@1344,0%@1344],GR3D_FREQ,0%,cpu@51.593C,soc2@49.593C,soc0@50.562C,gpu@51.343C,tj@51.593C,soc1@50.687C,VDD_IN,5842mW/5828mW,VDD_CPU_GPU_CV,1428mW/1398mW,VDD_SOC,2420mW/2412mW
07-27-2026,10:10:10,RAM,952/7620MB,(lfb,17x4MB),SWAP,141/3810MB,(cached,2MB),CPU,[9%@1344,0%@1344,9%@1344,0%@1344,9%@1344,0%@1344],GR3D_FREQ,0%,cpu@51.625C,soc2@49.718C,soc0@50.656C,gpu@51.281C,tj@51.843C,soc1@50.812C,VDD_IN,5842mW/5828mW,VDD_CPU_GPU_CV,1428mW/1398mW,VDD_SOC,2420mW/2412mW
07-27-2026,10:10:10,RAM,952/7620MB,(lfb,17x4MB),SWAP,141/3810MB,(cached,2MB),CPU,[10%@1344,8%@1344,0%@1344,0%@1344,16%@1344,0%@1344],GR3D_FREQ,0%,cpu@51.968C,soc2@49.687C,soc0@50.5C,gpu@51.687C,tj@51.968C,soc1@50.968C,VDD_IN,5842mW/5828mW,VDD_CPU_GPU_CV,1428mW/1398mW,VDD_SOC,2420mW/2412mW
07-27-2026,10:10:10,RAM,952/7620MB,(lfb,17x4MB),SWAP,141/3810MB,(cached,2MB),CPU,[9%@1344,0%@1344,0%@1344,0%@1344,0%@1344,0%@1344],GR3D_FREQ,0%,cpu@51.75C,soc2@49.625C,soc0@50.5C,gpu@51.562C,tj@51.75C,soc1@50.875C,VDD_IN,5842mW/5828mW,VDD_CPU_GPU_CV,1428mW/1398mW,VDD_SOC,2420mW/2412mW
07-27-2026,10:10:10,RAM,952/7620MB,(lfb,17x4MB),SWAP,141/3810MB,(cached,2MB),CPU,[0%@1344,0%@1344,0%@1344,0%@1344,9%@1344,0%@1344],GR3D_FREQ,0%,cpu@51.531C,soc2@49.718C,soc0@50.562C,gpu@51.312C,tj@51.531C,soc1@50.656C,VDD_IN,5802mW/5828mW,VDD_CPU_GPU_CV,1428mW/1398mW,VDD_SOC,2420mW/2412mW
07-27-2026,10:10:10,RAM,952/7620MB,(lfb,17x4MB),SWAP,141/3810MB,(cached,2MB),CPU,[9%@1344,0%@1344,0%@1344,0%@1344,16%@1344,0%@1344],GR3D_FREQ,0%,cpu@51.875C,soc2@49.687C,soc0@50.812C,gpu@51.687C,tj@51.875C,soc1@50.75C,VDD_IN,5802mW/5828mW,VDD_CPU_GPU_CV,1388mW/1398mW,VDD_SOC,2420mW/2412mW
07-27-2026,10:10:10,RAM,952/7620MB,(lfb,17x4MB),SWAP,141/3810MB,(cached,2MB),CPU,[10%@1344,0%@1344,0%@1344,0%@1344,10%@1344,0%@1344],GR3D_FREQ,0%,cpu@51.937C,soc2@49.781C,soc0@50.468C,gpu@51.625C,tj@51.937C,soc1@50.906C,VDD_IN,5802mW/5828mW,VDD_CPU_GPU_CV,1388mW/1398mW,VDD_SOC,2420mW/2412mW
07-27-2026,10:10:10,RAM,952/7620MB,(lfb,17x4MB),SWAP,141/3810MB,(cached,2MB),CPU,[16%@1344,9%@1344,0%@1344,0%@1344,9%@1344,0%@1344],GR3D_FREQ,0%,cpu@51.625C,soc2@49.531C,soc0@50.375C,gpu@51.437C,tj@51.625C,soc1@50.656C,VDD_IN,5842mW/5828mW,VDD_CPU_GPU_CV,1428mW/1398mW,VDD_SOC,2420mW/2412mW
07-27-2026,10:10:10,RAM,952/7620MB,(lfb,17x4MB),SWAP,141/3810MB,(cached,2MB),CPU,[18%@1344,9%@1344,0%@1344,0%@1344,9%@1344,0%@1344],GR3D_FREQ,0%,cpu@51.468C,soc2@49.781C,soc0@50.562C,gpu@51.687C,tj@51.687C,soc1@50.531C,VDD_IN,5842mW/5828mW,VDD_CPU_GPU_CV,1428mW/1398mW,VDD_SOC,2420mW/2412mW
07-27-2026,10:10:10,RAM,952/7620MB,(lfb,17x4MB),SWAP,141/3810MB,(cached,2MB),CPU,[0%@1344,0%@1344,0%@1344,0%@1344,0%@1344,8%@1344],GR3D_FREQ,0%,cpu@51.843C,soc2@49.625C,soc0@50.593C,gpu@51.5C,tj@51.843C,soc1@50.781C,VDD_IN,5802mW/5828mW,VDD_CPU_GPU_CV,1388mW/1398mW,VDD_SOC,2420mW/2412mW
07-27-2026,10:10:10,RAM,952/7620MB,(lfb,17x4MB),SWAP,141/3810MB,(cached,2MB),CPU,[9%@1344,8%@1344,0%@1344,0%@1344,9%@1344,0%@1344],GR3D_FREQ,0%,cpu@51.875C,soc2@49.718C,soc0@50.531C,gpu@51.468C,tj@51.875C,soc1@50.781C,VDD_IN,5802mW/5828mW,VDD_CPU_GPU_CV,1388mW/1398mW,VDD_SOC,2420mW/2412mW
07-27-2026,10:10:11,RAM,952/7620MB,(lfb,17x4MB),SWAP,141/3810MB,(cached,2MB),CPU,[10%@1344,9%@1344,0%@1344,0%@1344,16%@1344,0%@1344],GR3D_FREQ,0%,cpu@51.937C,soc2@49.625C,soc0@50.437C,gpu@51.687C,tj@51.937C,soc1@50.625C,VDD_IN,5802mW/5828mW,VDD_CPU_GPU_CV,1388mW/1398mW,VDD_SOC,2420mW/2412mW
07-27-2026,10:10:11,RAM,952/7620MB,(lfb,17x4MB),SWAP,141/3810MB,(cached,2MB),CPU,[9%@1344,0%@1344,0%@1344,0%@1344,0%@1344,0%@1344],GR3D_FREQ,0%,cpu@51.593C,soc2@49.625C,soc0@50.5C,gpu@51.437C,tj@51.656C,soc1@50.718C,VDD_IN,5802mW/5828mW,VDD_CPU_GPU_CV,1388mW/1398mW,VDD_SOC,2420mW/2412mW
07-27-2026,10:10:11,RAM,952/7620MB,(lfb,17x4MB),SWAP,141/3810MB,(cached,2MB),CPU,[10%@1344,0%@1344,0%@1344,0%@1344,16%@1344,18%@1344],GR3D_FREQ,0%,cpu@51.875C,soc2@49.75C,soc0@50.5C,gpu@51.812C,tj@51.875C,soc1@50.75C,VDD_IN,5882mW/5828mW,VDD_CPU_GPU_CV,1428mW/1398mW,VDD_SOC,2420mW/2412mW
07-27-2026,10:10:11,RAM,952/7620MB,(lfb,17x4MB),SWAP,141/3810MB,(cached,2MB),CPU,[9%@1344,0%@1344,0%@1344,0%@1344,0%@1344,0%@1344],GR3D_FREQ,0%,cpu@51.843C,soc2@49.531C,soc0@50.5C,gpu@51.562C,tj@51.843C,soc1@50.562C,VDD_IN,5961mW/5828mW,VDD_CPU_GPU_CV,1428mW/1398mW,VDD_SOC,2420mW/2412mW
07-27-2026,10:10:11,RAM,952/7620MB,(lfb,17x4MB),SWAP,141/3810MB,(cached,2MB),CPU,[16%@1344,0%@1344,0%@1344,0%@1344,16%@1344,0%@1344],GR3D_FREQ,0%,cpu@51.75C,soc2@49.656C,soc0@50.625C,gpu@51.468C,tj@51.75C,soc1@50.625C,VDD_IN,6001mW/5828mW,VDD_CPU_GPU_CV,1428mW/1398mW,VDD_SOC,2420mW/2412mW
07-27-2026,10:10:11,RAM,952/7620MB,(lfb,17x4MB),SWAP,141/3810MB,(cached,2MB),CPU,[10%@1344,0%@1344,16%@1344,9%@1344,0%@1344,9%@1344],GR3D_FREQ,0%,cpu@51.75C,soc2@49.593C,soc0@50.656C,gpu@51.687C,tj@51.75C,soc1@50.687C,VDD_IN,6080mW/5828mW,VDD_CPU_GPU_CV,1428mW/1398mW,VDD_SOC,2420mW/2413mW
07-27-2026,10:10:11,RAM,952/7620MB,(lfb,17x4MB),SWAP,141/3810MB,(cached,2MB),CPU,[0%@1344,0%@1344,0%@1344,0%@1344,10%@1344,0%@1344],GR3D_FREQ,0%,cpu@51.75C,soc2@49.781C,soc0@50.468C,gpu@51.593C,tj@51.75C,soc1@50.843C,VDD_IN,6080mW/5828mW,VDD_CPU_GPU_CV,1428mW/1398mW,VDD_SOC,2420mW/2413mW
07-27-2026,10:10:11,RAM,952/7620MB,(lfb,17x4MB),SWAP,141/3810MB,(cached,2MB),CPU,[23%@1344,0%@1344,0%@1344,0%@1344,9%@1344,0%@1344],GR3D_FREQ,0%,cpu@51.656C,soc2@49.625C,soc0@50.5C,gpu@51.437C,tj@51.656C,soc1@50.656C,VDD_IN,6120mW/5828mW,VDD_CPU_GPU_CV,1428mW/1398mW,VDD_SOC,2420mW/2413mW
07-27-2026,10:10:11,RAM,952/7620MB,(lfb,17x4MB),SWAP,141/3810MB,(cached,2MB),CPU,[10%@1344,0%@1344,0%@1344,0%@1344,9%@1344,0%@1344],GR3D_FREQ,0%,cpu@51.593C,soc2@49.593C,soc0@50.593C,gpu@51.687C,tj@51.687C,soc1@50.656C,VDD_IN,6120mW/5829mW,VDD_CPU_GPU_CV,1428mW/1398mW,VDD_SOC,2420mW/2413mW
07-27-2026,10:10:12,RAM,952/7620MB,(lfb,17x4MB),SWAP,141/3810MB,(cached,2MB),CPU,[10%@1344,0%@1344,0%@1344,9%@1344,0%@1344,9%@1344],GR3D_FREQ,0%,cpu@51.656C,soc2@49.687C,soc0@50.656C,gpu@51.5C,tj@51.656C,soc1@50.656C,VDD_IN,6120mW/5829mW,VDD_CPU_GPU_CV,1428mW/1398mW,VDD_SOC,2420mW/2413mW
07-27-2026,10:10:12,RAM,952/7620MB,(lfb,17x4MB),SWAP,141/3810MB,(cached,2MB),CPU,[0%@1344,0%@1344,0%@1344,0%@1344,9%@1344,0%@1344],GR3D_FREQ,0%,cpu@51.718C,soc2@49.687C,soc0@50.406C,gpu@51.468C,tj@51.718C,soc1@50.937C,VDD_IN,6160mW/5829mW,VDD_CPU_GPU_CV,1428mW/1398mW,VDD_SOC,2420mW/2413mW
07-27-2026,10:10:12,RAM,952/7620MB,(lfb,17x4MB),SWAP,141/3810MB,(cached,2MB),CPU,[18%@1344,0%@1344,0%@1344,0%@1344,9%@1344,0%@1344],GR3D_FREQ,0%,cpu@51.781C,soc2@49.625C,soc0@50.468C,gpu@51.343C,tj@51.781C,soc1@50.562C,VDD_IN,6160mW/5829mW,VDD_CPU_GPU_CV,1428mW/1398mW,VDD_SOC,2424mW/2413mW
07-27-2026,10:10:12,RAM,952/7620MB,(lfb,17x4MB),SWAP,141/3810MB,(cached,2MB),CPU,[9%@1344,0%@1344,0%@1344,0%@1344,10%@1344,0%@1344],GR3D_FREQ,0%,cpu@51.5C,soc2@49.781C,soc0@50.531C,gpu@51.5C,tj@51.5C,soc1@50.718C,VDD_IN,6120mW/5830mW,VDD_CPU_GPU_CV,1428mW/1398mW,VDD_SOC,2420mW/2413mW
07-27-2026,10:10:12,RAM,952/7620MB,(lfb,17x4MB),SWAP,141/3810MB,(cached,2MB),CPU,[10%@1344,0%@1344,0%@1344,0%@1344,9%@1344,0%@1344],GR3D_FREQ,0%,cpu@51.687C,soc2@49.75C,soc0@50.718C,gpu@51.468C,tj@51.812C,soc1@50.812C,VDD_IN,6041mW/5830mW,VDD_CPU_GPU_CV,1428mW/1398mW,VDD_SOC,2420mW/2413mW
07-27-2026,10:10:12,RAM,952/7620MB,(lfb,17x4MB),SWAP,141/3810MB,(cached,2MB),CPU,[0%@1344,0%@1344,0%@1344,0%@1344,9%@1344,0%@1344],GR3D_FREQ,0%,cpu@52.093C,soc2@49.718C,soc0@50.468C,gpu@51.25C,tj@52.093C,soc1@50.875C,VDD_IN,6001mW/5830mW,VDD_CPU_GPU_CV,1428mW/1398mW,VDD_SOC,2420mW/2413mW
07-27-2026,10:10:12,RAM,952/7620MB,(lfb,17x4MB),SWAP,141/3810MB,(cached,2MB),CPU,[10%@1344,0%@1344,0%@1344,0%@1344,10%@1344,0%@1344],GR3D_FREQ,0%,cpu@51.781C,soc2@49.593C,soc0@50.531C,gpu@51.218C,tj@51.781C,soc1@50.593C,VDD_IN,5961mW/5830mW,VDD_CPU_GPU_CV,1428mW/1398mW,VDD_SOC,2420mW/2413mW
07-27-2026,10:10:12,RAM,952/7620MB,(lfb,17x4MB),SWAP,141/3810MB,(cached,2MB),CPU,[9%@1344,0%@1344,0%@1344,0%@1344,9%@1344,9%@1344],GR3D_FREQ,0%,cpu@51.5C,soc2@49.656C,soc0@50.625C,gpu@51.375C,tj@51.5C,soc1@50.625C,VDD_IN,5921mW/5830mW,VDD_CPU_GPU_CV,1428mW/1398mW,VDD_SOC,2420mW/2413mW
07-27-2026,10:10:12,RAM,952/7620MB,(lfb,17x4MB),SWAP,141/3810MB,(cached,2MB),CPU,[9%@1344,0%@1344,0%@1344,9%@1344,0%@1344,0%@1344],GR3D_FREQ,0%,cpu@51.812C,soc2@49.687C,soc0@50.687C,gpu@51.406C,tj@51.812C,soc1@50.687C,VDD_IN,5921mW/5830mW,VDD_CPU_GPU_CV,1388mW/1398mW,VDD_SOC,2420mW/2413mW
07-27-2026,10:10:12,RAM,953/7620MB,(lfb,17x4MB),SWAP,141/3810MB,(cached,2MB),CPU,[25%@1344,9%@1344,0%@1344,0%@1344,18%@1344,0%@1344],GR3D_FREQ,0%,cpu@52.031C,soc2@49.718C,soc0@50.406C,gpu@51.312C,tj@52.031C,soc1@50.875C,VDD_IN,5882mW/5830mW,VDD_CPU_GPU_CV,1388mW/1398mW,VDD_SOC,2420mW/2413mW
07-27-2026,10:10:13,RAM,952/7620MB,(lfb,17x4MB),SWAP,141/3810MB,(cached,2MB),CPU,[16%@1344,8%@1344,8%@1344,0%@1344,0%@1344,0%@1344],GR3D_FREQ,0%,cpu@51.593C,soc2@49.687C,soc0@50.593C,gpu@51.375C,tj@51.593C,soc1@50.687C,VDD_IN,5842mW/5830mW,VDD_CPU_GPU_CV,1388mW/1398mW,VDD_SOC,2420mW/2413mW
07-27-2026,10:10:13,RAM,952/7620MB,(lfb,17x4MB),SWAP,141/3810MB,(cached,2MB),CPU,[10%@1344,0%@1344,0%@1344,0%@1344,18%@1344,0%@1344],GR3D_FREQ,0%,cpu@51.875C,soc2@49.656C,soc0@50.781C,gpu@51.281C,tj@51.875C,soc1@50.781C,VDD_IN,5842mW/5830mW,VDD_CPU_GPU_CV,1428mW/1398mW,VDD_SOC,2420mW/2413mW
07-27-2026,10:10:13,RAM,952/7620MB,(lfb,17x4MB),SWAP,141/3810MB,(cached,2MB),CPU,[0%@1344,0%@1344,0%@1344,0%@1344,0%@1344,8%@1344],GR3D_FREQ,0%,cpu@51.812C,soc2@49.593C,soc0@50.468C,gpu@51.375C,tj@51.812C,soc1@50.625C,VDD_IN,5842mW/5830mW,VDD_CPU_GPU_CV,1428mW/1398mW,VDD_SOC,2420mW/2413mW
07-27-2026,10:10:13,RAM,953/7620MB,(lfb,17x4MB),SWAP,141/3810MB,(cached,2MB),CPU,[9%@1344,0%@1344,0%@1344,0%@1344,16%@1344,0%@1344],GR3D_FREQ,0%,cpu@51.687C,soc2@49.593C,soc0@50.468C,gpu@51.343C,tj@51.687C,soc1@50.593C,VDD_IN,5842mW/5830mW,VDD_CPU_GPU_CV,1428mW/1398mW,VDD_SOC,2420mW/2413mW
07-27-2026,10:10:13,RAM,952/7620MB,(lfb,17x4MB),SWAP,141/3810MB,(cached,2MB),CPU,[18%@1344,0%@1344,0%@1344,0%@1344,0%@1344,0%@1344],GR3D_FREQ,0%,cpu@51.656C,soc2@49.656C,soc0@50.593C,gpu@51.25C,tj@51.656C,soc1@50.687C,VDD_IN,5842mW/5830mW,VDD_CPU_GPU_CV,1428mW/1398mW,VDD_SOC,2420mW/2413mW
07-27-2026,10:10:13,RAM,953/7620MB,(lfb,17x4MB),SWAP,141/3810MB,(cached,2MB),CPU,[9%@1344,0%@1344,9%@1344,9%@1344,9%@1344,0%@1344],GR3D_FREQ,0%,cpu@51.781C,soc2@49.75C,soc0@50.437C,gpu@51.781C,tj@51.781C,soc1@50.812C,VDD_IN,5842mW/5830mW,VDD_CPU_GPU_CV,1428mW/1398mW,VDD_SOC,2420mW/2413mW
07-27-2026,10:10:13,RAM,952/7620MB,(lfb,17x4MB),SWAP,141/3810MB,(cached,2MB),CPU,[0%@1344,0%@1344,9%@1344,0%@1344,9%@1344,0%@1344],GR3D_FREQ,0%,cpu@51.843C,soc2@49.687C,soc0@50.406C,gpu@51.343C,tj@51.843C,soc1@50.875C,VDD_IN,5842mW/5830mW,VDD_CPU_GPU_CV,1428mW/1398mW,VDD_SOC,2420mW/2413mW
07-27-2026,10:10:13,RAM,952/7620MB,(lfb,17x4MB),SWAP,141/3810MB,(cached,2MB),CPU,[10%@1344,8%@1344,0%@1344,0%@1344,0%@1344,0%@1344],GR3D_FREQ,0%,cpu@51.593C,soc2@49.656C,soc0@50.531C,gpu@51.281C,tj@51.593C,soc1@50.687C,VDD_IN,5842mW/5830mW,VDD_CPU_GPU_CV,1428mW/1398mW,VDD_SOC,2420mW/2413mW
07-27-2026,10:10:13,RAM,953/7620MB,(lfb,17x4MB),SWAP,141/3810MB,(cached,2MB),CPU,[16%@1344,0%@1344,0%@1344,0%@1344,16%@1344,0%@1344],GR3D_FREQ,0%,cpu@51.625C,soc2@49.781C,soc0@50.562C,gpu@51.687C,tj@51.687C,soc1@50.718C,VDD_IN,5842mW/5830mW,VDD_CPU_GPU_CV,1428mW/1398mW,VDD_SOC,2420mW/2413mW
07-27-2026,10:10:14,RAM,952/7620MB,(lfb,17x4MB),SWAP,141/3810MB,(cached,2MB),CPU,[9%@1344,0%@1344,0%@1344,0%@1344,0%@1344,0%@1344],GR3D_FREQ,0%,cpu@51.718C,soc2@49.718C,soc0@50.437C,gpu@51.343C,tj@51.718C,soc1@50.781C,VDD_IN,5842mW/5830mW,VDD_CPU_GPU_CV,1428mW/1398mW,VDD_SOC,2420mW/2413mW
07-27-2026,10:10:14,RAM,952/7620MB,(lfb,17x4MB),SWAP,141/3810MB,(cached,2MB),CPU,[10%@1344,0%@1344,0%@1344,0%@1344,10%@1344,0%@1344],GR3D_FREQ,0%,cpu@51.75C,soc2@49.593C,soc0@50.468C,gpu@51.25C,tj@51.75C,soc1@50.937C,VDD_IN,5842mW/5830mW,VDD_CPU_GPU_CV,1428mW/1398mW,VDD_SOC,2420mW/2413mW
07-27-2026,10:10:14,RAM,952/7620MB,(lfb,17x4MB),SWAP,141/3810MB,(cached,2MB),CPU,[9%@1344,9%@1344,0%@1344,0%@1344,9%@1344,0%@1344],GR3D_FREQ,0%,cpu@51.437C,soc2@49.75C,soc0@50.531C,gpu@51.625C,tj@51.625C,soc1@50.625C,VDD_IN,5842mW/5830mW,VDD_CPU_GPU_CV,1388mW/1398mW,VDD_SOC,2420mW/2413mW
07-27-2026,10:10:14,RAM,952/7620MB,(lfb,17x4MB),SWAP,141/3810MB,(cached,2MB),CPU,[9%@1344,0%@1344,0%@1344,0%@1344,0%@1344,0%@1344],GR3D_FREQ,0%,cpu@51.5C,soc2@49.718C,soc0@50.593C,gpu@51.531C,tj@51.531C,soc1@50.687C,VDD_IN,5802mW/5830mW,VDD_CPU_GPU_CV,1388mW/1398mW,VDD_SOC,2420mW/2413mW
07-27-2026,10:10:14,RAM,953/7620MB,(lfb,17x4MB),SWAP,141/3810MB,(cached,2MB),CPU,[10%@1344,0%@1344,0%@1344,0%@1344,16%@1344,0%@1344],GR3D_FREQ,0%,cpu@51.625C,soc2@49.843C,soc0@50.75C,gpu@51.906C,tj@52.062C,soc1@50.875C,VDD_IN,5802mW/5830mW,VDD_CPU_GPU_CV,1388mW/1398mW,VDD_SOC,2420mW/2413mW
07-27-2026,10:10:14,RAM,952/7620MB,(lfb,17x4MB),SWAP,141/3810MB,(cached,2MB),CPU,[9%@1344,0%@1344,0%@1344,0%@1344,0%@1344,0%@1344],GR3D_FREQ,0%,cpu@51.75C,soc2@49.812C,soc0@50.437C,gpu@51.687C,tj@51.75C,soc1@50.812C,VDD_IN,5802mW/5830mW,VDD_CPU_GPU_CV,1388mW/1398mW,VDD_SOC,2420mW/2413mW
07-27-2026,10:10:14,RAM,953/7620MB,(lfb,17x4MB),SWAP,141/3810MB,(cached,2MB),CPU,[0%@1344,0%@1344,0%@1344,9%@1344,25%@1344,0%@1344],GR3D_FREQ,0%,cpu@51.656C,soc2@49.656C,soc0@50.468C,gpu@51.531C,tj@51.593C,soc1@50.593C,VDD_IN,5842mW/5830mW,VDD_CPU_GPU_CV,1428mW/1398mW,VDD_SOC,2420mW/2413mW
07-27-2026,10:10:14,RAM,953/7620MB,(lfb,17x4MB),SWAP,141/3810MB,(cached,2MB),CPU,[18%@1344,0%@1344,0%@1344,0%@1344,9%@1344,0%@1344],GR3D_FREQ,0%,cpu@51.562C,soc2@49.656C,soc0@50.562C,gpu@51.906C,tj@51.906C,soc1@50.687C,VDD_IN,5842mW/5830mW,VDD_CPU_GPU_CV,1428mW/1398mW,VDD_SOC,2420mW/2413mW
07-27-2026,10:10:14,RAM,953/7620MB,(lfb,17x4MB),SWAP,141/3810MB,(cached,2MB),CPU,[9%@1344,9%@1344,0%@1344,9%@1344,10%@1344,0%@1344],GR3D_FREQ,0%,cpu@51.75C,soc2@49.687C,soc0@50.875C,gpu@51.656C,tj@51.906C,soc1@50.875C,VDD_IN,5842mW/5830mW,VDD_CPU_GPU_CV,1428mW/1398mW,VDD_SOC,2420mW/2413mW
07-27-2026,10:10:14,RAM,953/7620MB,(lfb,17x4MB),SWAP,141/3810MB,(cached,2MB),CPU,[16%@1344,0%@1344,0%@1344,0%@1344,9%@1344,0%@1344],GR3D_FREQ,0%,cpu@51.656C,soc2@49.593C,soc0@50.562C,gpu@51.218C,tj@51.656C,soc1@50.562C,VDD_IN,5842mW/5830mW,VDD_CPU_GPU_CV,1388mW/1398mW,VDD_SOC,2420mW/2413mW
07-27-2026,10:10:15,RAM,953/7620MB,(lfb,17x4MB),SWAP,141/3810MB,(cached,2MB),CPU,[0%@1344,0%@1344,0%@1344,0%@1344,16%@1344,0%@1344],GR3D_FREQ,0%,cpu@51.718C,soc2@49.687C,soc0@50.562C,gpu@51.687C,tj@51.718C,soc1@50.625C,VDD_IN,5842mW/5830mW,VDD_CPU_GPU_CV,1428mW/1398mW,VDD_SOC,2420mW/2413mW
07-27-2026,10:10:15,RAM,953/7620MB,(lfb,17x4MB),SWAP,141/3810MB,(cached,2MB),CPU,[10%@1344,0%@1344,0%@1344,0%@1344,10%@1344,0%@1344],GR3D_FREQ,0%,cpu@51.843C,soc2@49.656C,soc0@50.437C,gpu@51.531C,tj@51.843C,soc1@50.781C,VDD_IN,5842mW/5830mW,VDD_CPU_GPU_CV,1428mW/1399mW,VDD_SOC,2420mW/2413mW
07-27-2026,10:10:15,RAM,953/7620MB,(lfb,17x4MB),SWAP,141/3810MB,(cached,2MB),CPU,[9%@1344,0%@1344,0%@1344,0%@1344,9%@1344,0%@1344],GR3D_FREQ,0%,cpu@51.906C,soc2@49.531C,soc0@50.468C,gpu@51.218C,tj@51.906C,soc1@50.937C,VDD_IN,5842mW/5830mW,VDD_CPU_GPU_CV,1428mW/1399mW,VDD_SOC,2420mW/2413mW
07-27-2026,10:10:15,RAM,953/7620MB,(lfb,17x4MB),SWAP,141/3810MB,(cached,2MB),CPU,[9%@1344,0%@1344,0%@1344,0%@1344,0%@1344,0%@1344],GR3D_FREQ,0%,cpu@51.656C,soc2@49.656C,soc0@50.531C,gpu@51.687C,tj@51.687C,soc1@50.656C,VDD_IN,5842mW/5830mW,VDD_CPU_GPU_CV,1428mW/1399mW,VDD_SOC,2420mW/2413mW
07-27-2026,10:10:15,RAM,953/7620MB,(lfb,17x4MB),SWAP,141/3810MB,(cached,2MB),CPU,[0%@1344,0%@1344,0%@1344,0%@1344,16%@1344,0%@1344],GR3D_FREQ,0%,cpu@51.625C,soc2@49.656C,soc0@50.593C,gpu@51.562C,tj@51.625C,soc1@50.687C,VDD_IN,5842mW/5830mW,VDD_CPU_GPU_CV,1428mW/1399mW,VDD_SOC,2420mW/2413mW
07-27-2026,10:10:15,RAM,953/7620MB,(lfb,17x4MB),SWAP,141/3810MB,(cached,2MB),CPU,[16%@1344,0%@1344,0%@1344,0%@1344,9%@1344,0%@1344],GR3D_FREQ,0%,cpu@51.812C,soc2@49.687C,soc0@50.437C,gpu@51.812C,tj@51.812C,soc1@50.75C,VDD_IN,5842mW/5830mW,VDD_CPU_GPU_CV,1428mW/1399mW,VDD_SOC,2420mW/2413mW
07-27-2026,10:10:15,RAM,953/7620MB,(lfb,17x4MB),SWAP,141/3810MB,(cached,2MB),CPU,[16%@1344,0%@1344,9%@1344,0%@1344,10%@1344,0%@1344],GR3D_FREQ,0%,cpu@51.812C,soc2@49.781C,soc0@50.468C,gpu@51.687C,tj@51.812C,soc1@50.843C,VDD_IN,5842mW/5830mW,VDD_CPU_GPU_CV,1428mW/1399mW,VDD_SOC,2420mW/2413mW
07-27-2026,10:10:15,RAM,953/7620MB,(lfb,17x4MB),SWAP,141/3810MB,(cached,2MB),CPU,[9%@1344,0%@1344,0%@1344,0%@1344,0%@1344,0%@1344],GR3D_FREQ,0%,cpu@51.531C,soc2@49.718C,soc0@50.5C,gpu@51.468C,tj@51.531C,soc1@50.593C,VDD_IN,5842mW/5830mW,VDD_CPU_GPU_CV,1428mW/1399mW,VDD_SOC,2420mW/2413mW
07-27-2026,10:10:15,RAM,953/7620MB,(lfb,17x4MB),SWAP,141/3810MB,(cached,2MB),CPU,[10%@1344,0%@1344,0%@1344,0%@1344,18%@1344,0%@1344],GR3D_FREQ,0%,cpu@51.718C,soc2@49.687C,soc0@50.625C,gpu@51.375C,tj@51.718C,soc1@50.75C,VDD_IN,5842mW/5830mW,VDD_CPU_GPU_CV,1428mW/1399mW,VDD_SOC,2420mW/2413mW
07-27-2026,10:10:16,RAM,953/7620MB,(lfb,17x4MB),SWAP,141/3810MB,(cached,2MB),CPU,[0%@1344,0%@1344,0%@1344,0%@1344,16%@1344,0%@1344],GR3D_FREQ,0%,cpu@51.718C,soc2@49.687C,soc0@50.812C,gpu@51.687C,tj@51.718C,soc1@50.718C,VDD_IN,5802mW/5830mW,VDD_CPU_GPU_CV,1388mW/1399mW,VDD_SOC,2420mW/2413mW
07-27-2026,10:10:16,RAM,953/7620MB,(lfb,17x4MB),SWAP,141/3810MB,(cached,2MB),CPU,[16%@1344,8%@1344,0%@1344,9%@1344,0%@1344,0%@1344],GR3D_FREQ,0%,cpu@51.781C,soc2@49.75C,soc0@50.531C,gpu@51.593C,tj@51.781C,soc1@50.843C,VDD_IN,5802mW/5830mW,VDD_CPU_GPU_CV,1428mW/1399mW,VDD_SOC,2420mW/2413mW
07-27-2026,10:10:16,RAM,953/7620MB,(lfb,17x4MB),SWAP,141/3810MB,(cached,2MB),CPU,[10%@1344,0%@1344,0%@1344,0%@1344,10%@1344,0%@1344],GR3D_FREQ,0%,cpu@51.656C,soc2@49.593C,soc0@50.531C,gpu@51.5C,tj@51.562C,soc1@50.656C,VDD_IN,5802mW/5830mW,VDD_CPU_GPU_CV,1388mW/1399mW,VDD_SOC,2420mW/2413mW
07-27-2026,10:10:16,RAM,953/7620MB,(lfb,17x4MB),SWAP,141/3810MB,(cached,2MB),CPU,[9%@1344,0%@1344,0%@1344,0%@1344,9%@1344,0%@1344],GR3D_FREQ,0%,cpu@51.562C,soc2@49.812C,soc0@50.562C,gpu@51.562C,tj@51.562C,soc1@50.625C,VDD_IN,5802mW/5830mW,VDD_CPU_GPU_CV,1388mW/1399mW,VDD_SOC,2420mW/2413mW
07-27-2026,10:10:16,RAM,953/7620MB,(lfb,17x4MB),SWAP,141/3810MB,(cached,2MB),CPU,[0%@1344,0%@1344,16%@1344,0%@1344,9%@1344,10%@1344],GR3D_FREQ,0%,cpu@51.781C,soc2@49.687C,soc0@50.75C,gpu@51.531C,tj@51.781C,soc1@50.687C,VDD_IN,5882mW/5830mW,VDD_CPU_GPU_CV,1428mW/1399mW,VDD_SOC,2420mW/2413mW
07-27-2026,10:10:16,RAM,953/7620MB,(lfb,17x4MB),SWAP,141/3810MB,(cached,2MB),CPU,[18%@1344,0%@1344,0%@1344,0%@1344,10%@1344,8%@1344],GR3D_FREQ,0%,cpu@51.687C,soc2@49.687C,soc0@50.437C,gpu@51.437C,tj@51.687C,soc1@50.843C,VDD_IN,5961mW/5830mW,VDD_CPU_GPU_CV,1428mW/1399mW,VDD_SOC,2420mW/2413mW
07-27-2026,10:10:16,RAM,953/7620MB,(lfb,17x4MB),SWAP,141/3810MB,(cached,2MB),CPU,[9%@1344,0%@1344,0%@1344,0%@1344,9%@1344,0%@1344],GR3D_FREQ,0%,cpu@51.75C,soc2@49.656C,soc0@50.531C,gpu@51.625C,tj@51.75C,soc1@50.593C,VDD_IN,6001mW/5830mW,VDD_CPU_GPU_CV,1428mW/1399mW,VDD_SOC,2420mW/2413mW
07-27-2026,10:10:16,RAM,953/7620MB,(lfb,17x4MB),SWAP,141/3810MB,(cached,2MB),CPU,[9%@1344,8%@1344,0%@1344,16%@1344,0%@1344,0%@1344],GR3D_FREQ,0%,cpu@51.531C,soc2@49.5C,soc0@50.531C,gpu@51.531C,tj@51.531C,soc1@50.625C,VDD_IN,6041mW/5831mW,VDD_CPU_GPU_CV,1428mW/1399mW,VDD_SOC,2420mW/2413mW
07-27-2026,10:10:16,RAM,953/7620MB,(lfb,17x4MB),SWAP,141/3810MB,(cached,2MB),CPU,[9%@1344,0%@1344,0%@1344,0%@1344,16%@1344,0%@1344],GR3D_FREQ,0%,cpu@51.718C,soc2@49.5C,soc0@50.468C,gpu@51.656C,tj@51.718C,soc1@50.968C,VDD_IN,6080mW/5831mW,VDD_CPU_GPU_CV,1428mW/1399mW,VDD_SOC,2420mW/2413mW
07-27-2026,10:10:16,RAM,953/7620MB,(lfb,17x4MB),SWAP,141/3810MB,(cached,2MB),CPU,[18%@1344,9%@1344,0%@1344,0%@1344,10%@1344,8%@1344],GR3D_FREQ,0%,cpu@51.437C,soc2@49.625C,soc0@50.5C,gpu@51.5C,tj@51.5C,soc1@50.656C,VDD_IN,6120mW/5831mW,VDD_CPU_GPU_CV,1428mW/1399mW,VDD_SOC,2420mW/2413mW
07-27-2026,10:10:17,RAM,953/7620MB,(lfb,17x4MB),SWAP,141/3810MB,(cached,2MB),CPU,[9%@1344,0%@1344,0%@1344,0%@1344,9%@1344,0%@1344],GR3D_FREQ,0%,cpu@51.687C,soc2@49.625C,soc0@50.531C,gpu@51.531C,tj@51.687C,soc1@50.687C,VDD_IN,6120mW/5831mW,VDD_CPU_GPU_CV,1428mW/1399mW,VDD_SOC,2424mW/2413mW
07-27-2026,10:10:17,RAM,953/7620MB,(lfb,17x4MB),SWAP,141/3810MB,(cached,2MB),CPU,[10%@1344,0%@1344,0%@1344,0%@1344,10%@1344,0%@1344],GR3D_FREQ,0%,cpu@51.968C,soc2@49.687C,soc0@50.468C,gpu@51.593C,tj@51.968C,soc1@50.75C,VDD_IN,6160mW/5831mW,VDD_CPU_GPU_CV,1428mW/1399mW,VDD_SOC,2424mW/2413mW
07-27-2026,10:10:17,RAM,953/7620MB,(lfb,17x4MB),SWAP,141/3810MB,(cached,2MB),CPU,[9%@1344,0%@1344,0%@1344,0%@1344,16%@1344,0%@1344],GR3D_FREQ,0%,cpu@51.718C,soc2@49.593C,soc0@50.406C,gpu@51.562C,tj@51.718C,soc1@50.968C,VDD_IN,6160mW/5832mW,VDD_CPU_GPU_CV,1428mW/1399mW,VDD_SOC,2424mW/2413mW
07-27-2026,10:10:17,RAM,953/7620MB,(lfb,17x4MB),SWAP,141/3810MB,(cached,2MB),CPU,[10%@1344,0%@1344,0%@1344,0%@1344,0%@1344,0%@1344],GR3D_FREQ,0%,cpu@51.468C,soc2@49.593C,soc0@50.468C,gpu@51.468C,tj@51.468C,soc1@50.687C,VDD_IN,6120mW/5832mW,VDD_CPU_GPU_CV,1428mW/1399mW,VDD_SOC,2424mW/2413mW
07-27-2026,10:10:17,RAM,953/7620MB,(lfb,17x4MB),SWAP,141/3810MB,(cached,2MB),CPU,[9%@1344,9%@1344,0%@1344,0%@1344,10%@1344,0%@1344],GR3D_FREQ,0%,cpu@51.781C,soc2@49.687C,soc0@50.593C,gpu@51.562C,tj@51.781C,soc1@50.718C,VDD_IN,6041mW/5832mW,VDD_CPU_GPU_CV,1428mW/1399mW,VDD_SOC,2420mW/2413mW
07-27-2026,10:10:17,RAM,953/7620MB,(lfb,17x4MB),SWAP,141/3810MB,(cached,2MB),CPU,[9%@1344,0%@1344,0%@1344,0%@1344,9%@1344,0%@1344],GR3D_FREQ,0%,cpu@51.937C,soc2@49.687C,soc0@50.718C,gpu@51.468C,tj@51.937C,soc1@50.781C,VDD_IN,6001mW/5832mW,VDD_CPU_GPU_CV,1428mW/1399mW,VDD_SOC,2420mW/2413mW
07-27-2026,10:10:17,RAM,953/7620MB,(lfb,17x4MB),SWAP,141/3810MB,(cached,2MB),CPU,[10%@1344,0%@1344,9%@1344,0%@1344,10%@1344,0%@1344],GR3D_FREQ,0%,cpu@52C,soc2@49.531C,soc0@50.437C,gpu@51.343C,tj@52C,soc1@50.812C,VDD_IN,5961mW/5832mW,VDD_CPU_GPU_CV,1428mW/1399mW,VDD_SOC,2420mW/2413mW
07-27-2026,10:10:17,RAM,953/7620MB,(lfb,17x4MB),SWAP,141/3810MB,(cached,2MB),CPU,[0%@1344,0%@1344,0%@1344,0%@1344,9%@1344,0%@1344],GR3D_FREQ,0%,cpu@51.562C,soc2@49.656C,soc0@50.437C,gpu@51.343C,tj@51.562C,soc1@50.625C,VDD_IN,5921mW/5832mW,VDD_CPU_GPU_CV,1428mW/1399mW,VDD_SOC,2420mW/2413mW
07-27-2026,10:10:17,RAM,953/7620MB,(lfb,17x4MB),SWAP,141/3810MB,(cached,2MB),CPU,[9%@1344,0%@1344,0%@1344,0%@1344,0%@1344,0%@1344],GR3D_FREQ,0%,cpu@51.656C,soc2@49.687C,soc0@50.5C,gpu@51.468C,tj@51.656C,soc1@50.75C,VDD_IN,5921mW/5832mW,VDD_CPU_GPU_CV,1428mW/1399mW,VDD_SOC,2420mW/2413mW
07-27-2026,10:10:18,RAM,953/7620MB,(lfb,17x4MB),SWAP,141/3810MB,(cached,2MB),CPU,[9%@1344,8%@1344,0%@1344,0%@1344,18%@1344,0%@1344],GR3D_FREQ,0%,cpu@51.843C,soc2@49.718C,soc0@50.812C,gpu@51.343C,tj@51.843C,soc1@50.687C,VDD_IN,5882mW/5832mW,VDD_CPU_GPU_CV,1388mW/1399mW,VDD_SOC,2420mW/2413mW
07-27-2026,10:10:18,RAM,953/7620MB,(lfb,17x4MB),SWAP,141/3810MB,(cached,2MB),CPU,[18%@1344,0%@1344,0%@1344,0%@1344,0%@1344,0%@1344],GR3D_FREQ,0%,cpu@51.937C,soc2@49.718C,soc0@50.468C,gpu@51.312C,tj@51.937C,soc1@51.031C,VDD_IN,5842mW/5832mW,VDD_CPU_GPU_CV,1388mW/1399mW,VDD_SOC,2420mW/2413mW
07-27-2026,10:10:18,RAM,953/7620MB,(lfb,17x4MB),SWAP,141/3810MB,(cached,2MB),CPU,[0%@1344,9%@1344,0%@1344,0%@1344,9%@1344,0%@1344],GR3D_FREQ,0%,cpu@51.5C,soc2@49.625C,soc0@50.531C,gpu@51.875C,tj@51.875C,soc1@50.625C,VDD_IN,5842mW/5832mW,VDD_CPU_GPU_CV,1388mW/1399mW,VDD_SOC,2420mW/2413mW
07-27-2026,10:10:18,RAM,953/7620MB,(lfb,17x4MB),SWAP,141/3810MB,(cached,2MB),CPU,[16%@1344,0%@1344,0%@1344,0%@1344,10%@1344,0%@1344],GR3D_FREQ,0%,cpu@51.593C,soc2@49.718C,soc0@50.593C,gpu@51.406C,tj@51.593C,soc1@50.625C,VDD_IN,5842mW/5832mW,VDD_CPU_GPU_CV,1388mW/1399mW,VDD_SOC,2420mW/2413mW
07-27-2026,10:10:18,RAM,954/7620MB,(lfb,17x4MB),SWAP,141/3810MB,(cached,2MB),CPU,[10%@1344,0%@1344,0%@1344,0%@1344,0%@1344,0%@1344],GR3D_FREQ,0%,cpu@51.75C,soc2@49.593C,soc0@50.625C,gpu@51.281C,tj@51.75C,soc1@50.75C,VDD_IN,5842mW/5833mW,VDD_CPU_GPU_CV,1388mW/1399mW,VDD_SOC,2420mW/2413mW
07-27-2026,10:10:18,RAM,953/7620MB,(lfb,17x4MB),SWAP,141/3810MB,(cached,2MB),CPU,[9%@1344,0%@1344,0%@1344,0%@1344,16%@1344,0%@1344],GR3D_FREQ,0%,cpu@51.843C,soc2@49.75C,soc0@50.437C,gpu@51.75C,tj@51.843C,soc1@50.875C,VDD_IN,5802mW/5832mW,VDD_CPU_GPU_CV,1388mW/1399mW,VDD_SOC,2420mW/2413mW
07-27-2026,10:10:18,RAM,953/7620MB,(lfb,17x4MB),SWAP,141/3810MB,(cached,2MB),CPU,[9%@1344,0%@1344,9%@1344,9%@1344,10%@1344,0%@1344],GR3D_FREQ,0%,cpu@52.093C,soc2@49.656C,soc0@50.468C,gpu@51.25C,tj@51.75C,soc1@50.625C,VDD_IN,5842mW/5832mW,VDD_CPU_GPU_CV,1428mW/1399mW,VDD_SOC,2420mW/2413mW
07-27-2026,10:10:18,RAM,953/7620MB,(lfb,17x4MB),SWAP,141/3810MB,(cached,2MB),CPU,[10%@1344,0%@1344,0%@1344,8%@1344,0%@1344,8%@1344],GR3D_FREQ,0%,cpu@51.687C,soc2@49.75C,soc0@50.375C,gpu@51.562C,tj@51.687C,soc1@50.812C,VDD_IN,5842mW/5832mW,VDD_CPU_GPU_CV,1428mW/1399mW,VDD_SOC,2420mW/2413mW
07-27-2026,10:10:18,RAM,953/7620MB,(lfb,17x4MB),SWAP,141/3810MB,(cached,2MB),CPU,[9%@1344,9%@1344,0%@1344,0%@1344,18%@1344,0%@1344],GR3D_FREQ,0%,cpu@51.718C,soc2@49.531C,soc0@50.437C,gpu@51.406C,tj@51.718C,soc1@50.812C,VDD_IN,5842mW/5833mW,VDD_CPU_GPU_CV,1428mW/1399mW,VDD_SOC,2420mW/2413mW
07-27-2026,10:10:19,RAM,953/7620MB,(lfb,17x4MB),SWAP,141/3810MB,(cached,2MB),CPU,[9%@1344,0%@1344,0%@1344,0%@1344,16%@1344,0%@1344],GR3D_FREQ,0%,cpu@51.437C,soc2@49.656C,soc0@50.562C,gpu@51.312C,tj@51.437C,soc1@50.625C,VDD_IN,5842mW/5833mW,VDD_CPU_GPU_CV,1428mW/1399mW,VDD_SOC,2420mW/2413mW
07-27-2026,10:10:19,RAM,953/7620MB,(lfb,17x4MB),SWAP,141/3810MB,(cached,2MB),CPU,[9%@1344,0%@1344,0%@1344,0%@1344,0%@1344,0%@1344],GR3D_FREQ,0%,cpu@51.593C,soc2@49.593C,soc0@50.656C,gpu@51.312C,tj@51.593C,soc1@50.75C,VDD_IN,5842mW/5833mW,VDD_CPU_GPU_CV,1428mW/1399mW,VDD_SOC,2420mW/2413mW
07-27-2026,10:10:19,RAM,953/7620MB,(lfb,17x4MB),SWAP,141/3810MB,(cached,2MB),CPU,[18%@1344,0%@1344,0%@1344,0%@1344,0%@1344,0%@1344],GR3D_FREQ,0%,cpu@52C,soc2@49.625C,soc0@50.718C,gpu@51.343C,tj@52C,soc1@50.812C,VDD_IN,5842mW/5833mW,VDD_CPU_GPU_CV,1428mW/1399mW,VDD_SOC,2420mW/2413mW
07-27-2026,10:10:19,RAM,953/7620MB,(lfb,17x4MB),SWAP,141/3810MB,(cached,2MB),CPU,[9%@1344,0%@1344,0%@1344,0%@1344,9%@1344,0%@1344],GR3D_FREQ,0%,cpu@51.812C,soc2@49.531C,soc0@50.5C,gpu@51.343C,tj@51.812C,soc1@50.625C,VDD_IN,5842mW/5833mW,VDD_CPU_GPU_CV,1428mW/1399mW,VDD_SOC,2420mW/2413mW
07-27-2026,10:10:19,RAM,953/7620MB,(lfb,17x4MB),SWAP,141/3810MB,(cached,2MB),CPU,[10%@1344,0%@1344,0%@1344,0%@1344,10%@1344,0%@1344],GR3D_FREQ,0%,cpu@51.593C,soc2@49.593C,soc0@50.468C,gpu@51.843C,tj@51.843C,soc1@50.656C,VDD_IN,5842mW/5833mW,VDD_CPU_GPU_CV,1428mW/1399mW,VDD_SOC,2420mW/2413mW
07-27-2026,10:10:19,RAM,953/7620MB,(lfb,17x4MB),SWAP,141/3810MB,(cached,2MB),CPU,[9%@1344,0%@1344,0%@1344,0%@1344,9%@1344,0%@1344],GR3D_FREQ,0%,cpu@51.625C,soc2@49.562C,soc0@50.656C,gpu@51.687C,tj@51.687C,soc1@50.687C,VDD_IN,5842mW/5833mW,VDD_CPU_GPU_CV,1428mW/1399mW,VDD_SOC,2420mW/2413mW
07-27-2026,10:10:19,RAM,953/7620MB,(lfb,17x4MB),SWAP,141/3810MB,(cached,2MB),CPU,[10%@1344,0%@1344,8%@1344,0%@1344,9%@1344,0%@1344],GR3D_FREQ,0%,cpu@51.906C,soc2@49.687C,soc0@50.375C,gpu@51.25C,tj@51.906C,soc1@50.75C,VDD_IN,5842mW/5833mW,VDD_CPU_GPU_CV,1428mW/1399mW,VDD_SOC,2420mW/2413mW
07-27-2026,10:10:19,RAM,954/7620MB,(lfb,17x4MB),SWAP,141/3810MB,(cached,2MB),CPU,[9%@1344,8%@1344,0%@1344,0%@1344,0%@1344,0%@1344],GR3D_FREQ,0%,cpu@51.687C,soc2@49.656C,soc0@50.468C,gpu@51.843C,tj@51.843C,soc1@51C,VDD_IN,5842mW/5833mW,VDD_CPU_GPU_CV,1428mW/1399mW,VDD_SOC,2420mW/2413mW
07-27-2026,10:10:19,RAM,953/7620MB,(lfb,17x4MB),SWAP,141/3810MB,(cached,2MB),CPU,[10%@1344,0%@1344,9%@1344,0%@1344,16%@1344,0%@1344],GR3D_FREQ,0%,cpu@51.5C,soc2@49.656C,soc0@50.468C,gpu@51.687C,tj@51.687C,soc1@50.687C,VDD_IN,5842mW/5833mW,VDD_CPU_GPU_CV,1428mW/1399mW,VDD_SOC,2420mW/2413mW
07-27-2026,10:10:19,RAM,953/7620MB,(lfb,17x4MB),SWAP,141/3810MB,(cached,2MB),CPU,[16%@1344,0%@1344,0%@1344,0%@1344,0%@1344,0%@1344],GR3D_FREQ,0%,cpu@51.781C,soc2@49.687C,soc0@50.625C,gpu@51.312C,tj@51.781C,soc1@50.718C,VDD_IN,5842mW/5833mW,VDD_CPU_GPU_CV,1428mW/1399mW,VDD_SOC,2420mW/2413mW
07-27-2026,10:10:20,RAM,953/7620MB,(lfb,17x4MB),SWAP,141/3810MB,(cached,2MB),CPU,[0%@1344,0%@1344,0%@1344,0%@1344,16%@1344,0%@1344],GR3D_FREQ,0%,cpu@51.906C,soc2@49.812C,soc0@50.468C,gpu@51.812C,tj@51.906C,soc1@50.843C,VDD_IN,5802mW/5833mW,VDD_CPU_GPU_CV,1388mW/1399mW,VDD_SOC,2420mW/2413mW
07-27-2026,10:10:20,RAM,953/7620MB,(lfb,17x4MB),SWAP,141/3810MB,(cached,2MB),CPU,[9%@1344,0%@1344,0%@1344,0%@1344,0%@1344,0%@1344],GR3D_FREQ,0%,cpu@51.593C,soc2@49.593C,soc0@50.468C,gpu@51.562C,tj@51.593C,soc1@50.937C,VDD_IN,5802mW/5833mW,VDD_CPU_GPU_CV,1388mW/1399mW,VDD_SOC,2420mW/2413mW
07-27-2026,10:10:20,RAM,953/7620MB,(lfb,17x4MB),SWAP,141/3810MB,(cached,2MB),CPU,[9%@1344,0%@1344,0%@1344,0%@1344,10%@1344,0%@1344],GR3D_FREQ,0%,cpu@51.468C,soc2@49.5C,soc0@50.468C,gpu@51.468C,tj@51.468C,soc1@50.562C,VDD_IN,5802mW/5833mW,VDD_CPU_GPU_CV,1388mW/1399mW,VDD_SOC,2420mW/2413mW
07-27-2026,10:10:20,RAM,953/7620MB,(lfb,17x4MB),SWAP,141/3810MB,(cached,2MB),CPU,[10%@1344,0%@1344,0%@1344,0%@1344,9%@1344,0%@1344],GR3D_FREQ,0%,cpu@51.687C,soc2@49.687C,soc0@50.562C,gpu@51.781C,tj@51.781C,soc1@50.593C,VDD_IN,5802mW/5832mW,VDD_CPU_GPU_CV,1388mW/1399mW,VDD_SOC,2420mW/2413mW
07-27-2026,10:10:20,RAM,954/7620MB,(lfb,17x4MB),SWAP,141/3810MB,(cached,2MB),CPU,[0%@1344,0%@1344,0%@1344,0%@1344,9%@1344,0%@1344],GR3D_FREQ,0%,cpu@51.75C,soc2@49.718C,soc0@50.406C,gpu@51.531C,tj@51.75C,soc1@50.875C,VDD_IN,5802mW/5832mW,VDD_CPU_GPU_CV,1388mW/1399mW,VDD_SOC,2420mW/2413mW
07-27-2026,10:10:20,RAM,953/7620MB,(lfb,17x4MB),SWAP,141/3810MB,(cached,2MB),CPU,[9%@1344,9%@1344,0%@1344,0%@1344,0%@1344,0%@1344],GR3D_FREQ,0%,cpu@52C,soc2@49.781C,soc0@50.468C,gpu@51.437C,tj@52C,soc1@50.5C,VDD_IN,5802mW/5832mW,VDD_CPU_GPU_CV,1388mW/1399mW,VDD_SOC,2420mW/2413mW
07-27-2026,10:10:20,RAM,953/7620MB,(lfb,17x4MB),SWAP,141/3810MB,(cached,2MB),CPU,[16%@1344,8%@1344,9%@1344,8%@1344,16%@1344,0%@1344],GR3D_FREQ,0%,cpu@51.718C,soc2@49.656C,soc0@50.625C,gpu@51.656C,tj@51.718C,soc1@50.843C,VDD_IN,5802mW/5832mW,VDD_CPU_GPU_CV,1428mW/1399mW,VDD_SOC,2420mW/2413mW
07-27-2026,10:10:20,RAM,953/7620MB,(lfb,17x4MB),SWAP,141/3810MB,(cached,2MB),CPU,[18%@1344,0%@1344,0%@1344,0%@1344,10%@1344,0%@1344],GR3D_FREQ,0%,cpu@51.937C,soc2@49.75C,soc0@50.437C,gpu@51.531C,tj@51.937C,soc1@50.906C,VDD_IN,5842mW/5832mW,VDD_CPU_GPU_CV,1428mW/1399mW,VDD_SOC,2420mW/2413mW
07-27-2026,10:10:20,RAM,953/7620MB,(lfb,17x4MB),SWAP,141/3810MB,(cached,2MB),CPU,[9%@1344,0%@1344,0%@1344,0%@1344,9%@1344,0%@1344],GR3D_FREQ,0%,cpu@51.718C,soc2@49.718C,soc0@50.437C,gpu@51.781C,tj@51.781C,soc1@50.687C,VDD_IN,5842mW/5832mW,VDD_CPU_GPU_CV,1428mW/1399mW,VDD_SOC,2420mW/2413mW
07-27-2026,10:10:21,RAM,953/7620MB,(lfb,17x4MB),SWAP,141/3810MB,(cached,2MB),CPU,[9%@1344,9%@1344,0%@1344,0%@1344,0%@1344,0%@1344],GR3D_FREQ,0%,cpu@51.593C,soc2@49.718C,soc0@50.562C,gpu@51.687C,tj@51.687C,soc1@50.593C,VDD_IN,5842mW/5832mW,VDD_CPU_GPU_CV,1428mW/1399mW,VDD_SOC,2420mW/2413mW
07-27-2026,10:10:21,RAM,953/7620MB,(lfb,17x4MB),SWAP,141/3810MB,(cached,2MB),CPU,[10%@1344,0%@1344,0%@1344,0%@1344,18%@1344,0%@1344],GR3D_FREQ,0%,cpu@51.656C,soc2@49.656C,soc0@50.656C,gpu@51.5C,tj@51.656C,soc1@50.75C,VDD_IN,5802mW/5832mW,VDD_CPU_GPU_CV,1428mW/1399mW,VDD_SOC,2420mW/2413mW
07-27-2026,10:10:21,RAM,953/7620MB,(lfb,17x4MB),SWAP,141/3810MB,(cached,2MB),CPU,[9%@1344,0%@1344,0%@1344,0%@1344,0%@1344,0%@1344],GR3D_FREQ,0%,cpu@51.781C,soc2@49.75C,soc0@50.437C,gpu@51.343C,tj@51.781C,soc1@50.906C,VDD_IN,5802mW/5832mW,VDD_CPU_GPU_CV,1428mW/1399mW,VDD_SOC,2420mW/2413mW
07-27-2026,10:10:21,RAM,953/7620MB,(lfb,17x4MB),SWAP,141/3810MB,(cached,2MB),CPU,[10%@1344,0%@1344,0%@1344,0%@1344,9%@1344,0%@1344],GR3D_FREQ,0%,cpu@51.625C,soc2@49.531C,soc0@50.468C,gpu@51.562C,tj@51.625C,soc1@50.656C,VDD_IN,5802mW/5832mW,VDD_CPU_GPU_CV,1428mW/1399mW,VDD_SOC,2420mW/2413mW
07-27-2026,10:10:21,RAM,953/7620MB,(lfb,17x4MB),SWAP,141/3810MB,(cached,2MB),CPU,[9%@1344,0%@1344,0%@1344,0%@1344,10%@1344,0%@1344],GR3D_FREQ,0%,cpu@51.562C,soc2@49.562C,soc0@50.468C,gpu@51.5C,tj@51.562C,soc1@50.656C,VDD_IN,5802mW/5832mW,VDD_CPU_GPU_CV,1428mW/1399mW,VDD_SOC,2420mW/2413mW
07-27-2026,10:10:21,RAM,953/7620MB,(lfb,17x4MB),SWAP,141/3810MB,(cached,2MB),CPU,[9%@1344,0%@1344,0%@1344,0%@1344,0%@1344,16%@1344],GR3D_FREQ,0%,cpu@51.625C,soc2@49.593C,soc0@50.625C,gpu@51.312C,tj@51.625C,soc1@50.718C,VDD_IN,5882mW/5832mW,VDD_CPU_GPU_CV,1428mW/1399mW,VDD_SOC,2420mW/2413mW
07-27-2026,10:10:21,RAM,953/7620MB,(lfb,17x4MB),SWAP,141/3810MB,(cached,2MB),CPU,[18%@1344,0%@1344,9%@1344,0%@1344,16%@1344,0%@1344],GR3D_FREQ,0%,cpu@51.625C,soc2@49.687C,soc0@50.281C,gpu@51.531C,tj@51.625C,soc1@50.781C,VDD_IN,5921mW/5832mW,VDD_CPU_GPU_CV,1428mW/1399mW,VDD_SOC,2420mW/2413mW
07-27-2026,10:10:21,RAM,952/7620MB,(lfb,17x4MB),SWAP,141/3810MB,(cached,2MB),CPU,[0%@1344,9%@1344,0%@1344,9%@1344,0%@1344,16%@1344],GR3D_FREQ,0%,cpu@51.718C,soc2@49.656C,soc0@50.468C,gpu@51.5C,tj@51.718C,soc1@50.468C,VDD_IN,6001mW/5833mW,VDD_CPU_GPU_CV,1428mW/1399mW,VDD_SOC,2420mW/2413mW
07-27-2026,10:10:21,RAM,952/7620MB,(lfb,17x4MB),SWAP,141/3810MB,(cached,2MB),CPU,[9%@1344,9%@1344,0%@1344,0%@1344,16%@1344,0%@1344],GR3D_FREQ,0%,cpu@51.562C,soc2@49.593C,soc0@50.5C,gpu@51.343C,tj@51.562C,soc1@50.718C,VDD_IN,6041mW/5833mW,VDD_CPU_GPU_CV,1428mW/1399mW,VDD_SOC,2420mW/2413mW
07-27-2026,10:10:21,RAM,953/7620MB,(lfb,17x4MB),SWAP,141/3810MB,(cached,2MB),CPU,[10%@1344,0%@1344,0%@1344,0%@1344,0%@1344,9%@1344],GR3D_FREQ,0%,cpu@51.656C,soc2@49.593C,soc0@50.562C,gpu@51.25C,tj@51.875C,soc1@50.718C,VDD_IN,6080mW/5833mW,VDD_CPU_GPU_CV,1428mW/1399mW,VDD_SOC,2420mW/2413mW
07-27-2026,10:10:22,RAM,952/7620MB,(lfb,17x4MB),SWAP,141/3810MB,(cached,2MB),CPU,[9%@1344,8%@1344,9%@1344,0%@1344,10%@1344,0%@1344],GR3D_FREQ,0%,cpu@51.625C,soc2@49.625C,soc0@50.406C,gpu@51.375C,tj@51.625C,soc1@50.781C,VDD_IN,6080mW/5833mW,VDD_CPU_GPU_CV,1428mW/1399mW,VDD_SOC,2420mW/2413mW
07-27-2026,10:10:22,RAM,952/7620MB,(lfb,17x4MB),SWAP,141/3810MB,(cached,2MB),CPU,[10%@1344,9%@1344,0%@1344,0%@1344,9%@1344,0%@1344],GR3D_FREQ,0%,cpu@51.75C,soc2@49.531C,soc0@50.468C,gpu@51.375C,tj@51.687C,soc1@50.562C,VDD_IN,6080mW/5833mW,VDD_CPU_GPU_CV,1428mW/1399mW,VDD_SOC,2424mW/2413mW
07-27-2026,10:10:22,RAM,952/7620MB,(lfb,17x4MB),SWAP,141/3810MB,(cached,2MB),CPU,[30%@1344,0%@1344,0%@1344,0%@1344,9%@1344,0%@1344],GR3D_FREQ,0%,cpu@51.5C,soc2@49.656C,soc0@50.687C,gpu@51.312C,tj@51.5C,soc1@50.656C,VDD_IN,6120mW/5833mW,VDD_CPU_GPU_CV,1428mW/1399mW,VDD_SOC,2424mW/2413mW
07-27-2026,10:10:22,RAM,952/7620MB,(lfb,17x4MB),SWAP,141/3810MB,(cached,2MB),CPU,[0%@1344,0%@1344,0%@1344,0%@1344,10%@1344,0%@1344],GR3D_FREQ,0%,cpu@51.812C,soc2@49.687C,soc0@50.562C,gpu@51.781C,tj@51.812C,soc1@50.656C,VDD_IN,6120mW/5834mW,VDD_CPU_GPU_CV,1428mW/1400mW,VDD_SOC,2424mW/2413mW
07-27-2026,10:10:22,RAM,953/7620MB,(lfb,17x4MB),SWAP,141/3810MB,(cached,2MB),CPU,[18%@1344,9%@1344,0%@1344,0%@1344,0%@1344,9%@1344],GR3D_FREQ,0%,cpu@51.937C,soc2@49.812C,soc0@50.375C,gpu@51.312C,tj@51.937C,soc1@50.843C,VDD_IN,6120mW/5834mW,VDD_CPU_GPU_CV,1428mW/1400mW,VDD_SOC,2424mW/2413mW
07-27-2026,10:10:22,RAM,953/7620MB,(lfb,17x4MB),SWAP,141/3810MB,(cached,2MB),CPU,[9%@1344,0%@1344,0%@1344,0%@1344,16%@1344,0%@1344],GR3D_FREQ,0%,cpu@51.687C,soc2@49.656C,soc0@50.562C,gpu@51.406C,tj@51.687C,soc1@50.656C,VDD_IN,6120mW/5834mW,VDD_CPU_GPU_CV,1428mW/1400mW,VDD_SOC,2420mW/2413mW
07-27-2026,10:10:22,RAM,953/7620MB,(lfb,17x4MB),SWAP,141/3810MB,(cached,2MB),CPU,[10%@1344,0%@1344,0%@1344,0%@1344,10%@1344,0%@1344],GR3D_FREQ,0%,cpu@51.656C,soc2@49.625C,soc0@50.718C,gpu@51.343C,tj@51.656C,soc1@50.75C,VDD_IN,6120mW/5834mW,VDD_CPU_GPU_CV,1428mW/1400mW,VDD_SOC,2420mW/2413mW
07-27-2026,10:10:22,RAM,953/7620MB,(lfb,17x4MB),SWAP,141/3810MB,(cached,2MB),CPU,[9%@1344,0%@1344,0%@1344,9%@1344,9%@1344,9%@1344],GR3D_FREQ,0%,cpu@51.843C,soc2@49.781C,soc0@50.343C,gpu@51.25C,tj@51.843C,soc1@50.937C,VDD_IN,6120mW/5834mW,VDD_CPU_GPU_CV,1428mW/1400mW,VDD_SOC,2420mW/2413mW
07-27-2026,10:10:22,RAM,953/7620MB,(lfb,17x4MB),SWAP,141/3810MB,(cached,2MB),CPU,[0%@1344,8%@1344,8%@1344,0%@1344,18%@1344,0%@1344],GR3D_FREQ,0%,cpu@51.625C,soc2@49.625C,soc0@50.5C,gpu@51.437C,tj@51.625C,soc1@50.468C,VDD_IN,6080mW/5835mW,VDD_CPU_GPU_CV,1428mW/1400mW,VDD_SOC,2420mW/2413mW
07-27-2026,10:10:23,RAM,953/7620MB,(lfb,17x4MB),SWAP,141/3810MB,(cached,2MB),CPU,[18%@1344,0%@1344,0%@1344,0%@1344,0%@1344,0%@1344],GR3D_FREQ,0%,cpu@51.593C,soc2@49.718C,soc0@50.531C,gpu@51.343C,tj@51.593C,soc1@50.656C,VDD_IN,6080mW/5835mW,VDD_CPU_GPU_CV,1428mW/1400mW,VDD_SOC,2424mW/2413mW
07-27-2026,10:10:23,RAM,953/7620MB,(lfb,17x4MB),SWAP,141/3810MB,(cached,2MB),CPU,[9%@1344,0%@1344,0%@1344,0%@1344,9%@1344,0%@1344],GR3D_FREQ,0%,cpu@51.656C,soc2@49.687C,soc0@50.625C,gpu@51.218C,tj@51.656C,soc1@50.625C,VDD_IN,6080mW/5835mW,VDD_CPU_GPU_CV,1428mW/1400mW,VDD_SOC,2420mW/2413mW
07-27-2026,10:10:23,RAM,953/7620MB,(lfb,17x4MB),SWAP,141/3810MB,(cached,2MB),CPU,[10%@1344,0%@1344,0%@1344,9%@1344,10%@1344,0%@1344],GR3D_FREQ,0%,cpu@51.875C,soc2@49.718C,soc0@50.468C,gpu@51.406C,tj@51.875C,soc1@50.718C,VDD_IN,6080mW/5835mW,VDD_CPU_GPU_CV,1428mW/1400mW,VDD_SOC,2424mW/2413mW
07-27-2026,10:10:23,RAM,953/7620MB,(lfb,17x4MB),SWAP,141/3810MB,(cached,2MB),CPU,[16%@1344,0%@1344,0%@1344,0%@1344,0%@1344,0%@1344],GR3D_FREQ,0%,cpu@51.718C,soc2@49.625C,soc0@50.437C,gpu@51.281C,tj@51.718C,soc1@50.5C,VDD_IN,6041mW/5835mW,VDD_CPU_GPU_CV,1428mW/1400mW,VDD_SOC,2420mW/2413mW
07-27-2026,10:10:23,RAM,953/7620MB,(lfb,17x4MB),SWAP,141/3810MB,(cached,2MB),CPU,[10%@1344,0%@1344,0%@1344,0%@1344,16%@1344,0%@1344],GR3D_FREQ,0%,cpu@51.562C,soc2@49.718C,soc0@50.625C,gpu@51.218C,tj@51.562C,soc1@50.531C,VDD_IN,6080mW/5835mW,VDD_CPU_GPU_CV,1428mW/1400mW,VDD_SOC,2424mW/2413mW
07-27-2026,10:10:23,RAM,953/7620MB,(lfb,17x4MB),SWAP,141/3810MB,(cached,2MB),CPU,[0%@1344,8%@1344,0%@1344,9%@1344,0%@1344,0%@1344],GR3D_FREQ,0%,cpu@51.625C,soc2@49.593C,soc0@50.562C,gpu@51.75C,tj@51.75C,soc1@50.718C,VDD_IN,6080mW/5836mW,VDD_CPU_GPU_CV,1428mW/1400mW,VDD_SOC,2420mW/2413mW
07-27-2026,10:10:23,RAM,953/7620MB,(lfb,17x4MB),SWAP,141/3810MB,(cached,2MB),CPU,[10%@1344,0%@1344,0%@1344,0%@1344,9%@1344,0%@1344],GR3D_FREQ,0%,cpu@51.812C,soc2@49.718C,soc0@50.312C,gpu@51.312C,tj@51.75C,soc1@50.937C,VDD_IN,6080mW/5836mW,VDD_CPU_GPU_CV,1428mW/1400mW,VDD_SOC,2420mW/2413mW
07-27-2026,10:10:23,RAM,953/7620MB,(lfb,17x4MB),SWAP,141/3810MB,(cached,2MB),CPU,[16%@1344,0%@1344,0%@1344,0%@1344,9%@1344,9%@1344],GR3D_FREQ,0%,cpu@51.718C,soc2@49.625C,soc0@50.406C,gpu@51.281C,tj@51.718C,soc1@50.531C,VDD_IN,6041mW/5836mW,VDD_CPU_GPU_CV,1428mW/1400mW,VDD_SOC,2420mW/2413mW
07-27-2026,10:10:23,RAM,952/7620MB,(lfb,17x4MB),SWAP,141/3810MB,(cached,2MB),CPU,[10%@1344,9%@1344,0%@1344,0%@1344,0%@1344,0%@1344],GR3D_FREQ,0%,cpu@51.687C,soc2@49.593C,soc0@50.593C,gpu@51.781C,tj@51.781C,soc1@50.687C,VDD_IN,6001mW/5836mW,VDD_CPU_GPU_CV,1428mW/1400mW,VDD_SOC,2420mW/2413mW
07-27-2026,10:10:23,RAM,953/7620MB,(lfb,17x4MB),SWAP,141/3810MB,(cached,2MB),CPU,[9%@1344,0%@1344,8%@1344,0%@1344,16%@1344,0%@1344],GR3D_FREQ,0%,cpu@51.593C,soc2@49.781C,soc0@50.437C,gpu@51.5C,tj@51.593C,soc1@50.718C,VDD_IN,5961mW/5836mW,VDD_CPU_GPU_CV,1428mW/1400mW,VDD_SOC,2420mW/2413mW
07-27-2026,10:10:24,RAM,953/7620MB,(lfb,17x4MB),SWAP,141/3810MB,(cached,2MB),CPU,[9%@1344,8%@1344,0%@1344,0%@1344,0%@1344,0%@1344],GR3D_FREQ,0%,cpu@51.687C,soc2@49.718C,soc0@50.406C,gpu@51.218C,tj@51.687C,soc1@50.937C,VDD_IN,5921mW/5836mW,VDD_CPU_GPU_CV,1428mW/1400mW,VDD_SOC,2420mW/2413mW
07-27-2026,10:10:24,RAM,952/7620MB,(lfb,17x4MB),SWAP,141/3810MB,(cached,2MB),CPU,[9%@1344,0%@1344,0%@1344,0%@1344,10%@1344,0%@1344],GR3D_FREQ,0%,cpu@51.687C,soc2@49.593C,soc0@50.437C,gpu@51.687C,tj@51.687C,soc1@50.625C,VDD_IN,5882mW/5836mW,VDD_CPU_GPU_CV,1388mW/1400mW,VDD_SOC,2420mW/2413mW
07-27-2026,10:10:24,RAM,953/7620MB,(lfb,17x4MB),SWAP,141/3810MB,(cached,2MB),CPU,[10%@1344,9%@1344,0%@1344,0%@1344,9%@1344,0%@1344],GR3D_FREQ,0%,cpu@51.562C,soc2@49.562C,soc0@50.468C,gpu@51.5C,tj@51.562C,soc1@50.625C,VDD_IN,5882mW/5836mW,VDD_CPU_GPU_CV,1388mW/1400mW,VDD_SOC,2420mW/2413mW
07-27-2026,10:10:24,RAM,952/7620MB,(lfb,17x4MB),SWAP,141/3810MB,(cached,2MB),CPU,[16%@1344,0%@1344,0%@1344,0%@1344,9%@1344,0%@1344],GR3D_FREQ,0%,cpu@51.531C,soc2@49.593C,soc0@50.718C,gpu@51.218C,tj@51.531C,soc1@50.656C,VDD_IN,5882mW/5836mW,VDD_CPU_GPU_CV,1388mW/1400mW,VDD_SOC,2420mW/2413mW
07-27-2026,10:10:24,RAM,953/7620MB,(lfb,17x4MB),SWAP,141/3810MB,(cached,2MB),CPU,[18%@1344,8%@1344,0%@1344,0%@1344,10%@1344,0%@1344],GR3D_FREQ,0%,cpu@51.531C,soc2@49.593C,soc0@50.468C,gpu@51.343C,tj@51.531C,soc1@50.5C,VDD_IN,5842mW/5836mW,VDD_CPU_GPU_CV,1428mW/1400mW,VDD_SOC,2420mW/2413mW
07-27-2026,10:10:24,RAM,953/7620MB,(lfb,17x4MB),SWAP,141/3810MB,(cached,2MB),CPU,[9%@1344,0%@1344,0%@1344,0%@1344,9%@1344,0%@1344],GR3D_FREQ,0%,cpu@51.5C,soc2@49.593C,soc0@50.468C,gpu@51.281C,tj@51.593C,soc1@50.687C,VDD_IN,5842mW/5836mW,VDD_CPU_GPU_CV,1428mW/1400mW,VDD_SOC,2420mW/2413mW
07-27-2026,10:10:24,RAM,953/7620MB,(lfb,17x4MB),SWAP,141/3810MB,(cached,2MB),CPU,[10%@1344,0%@1344,0%@1344,0%@1344,10%@1344,0%@1344],GR3D_FREQ,0%,cpu@51.75C,soc2@49.718C,soc0@50.687C,gpu@51.812C,tj@51.812C,soc1@50.625C,VDD_IN,5842mW/5836mW,VDD_CPU_GPU_CV,1428mW/1400mW,VDD_SOC,2420mW/2413mW
07-27-2026,10:10:24,RAM,953/7620MB,(lfb,17x4MB),SWAP,141/3810MB,(cached,2MB),CPU,[9%@1344,0%@1344,16%@1344,0%@1344,9%@1344,0%@1344],GR3D_FREQ,0%,cpu@51.937C,soc2@49.812C,soc0@50.375C,gpu@51.375C,tj@51.937C,soc1@50.875C,VDD_IN,5882mW/5836mW,VDD_CPU_GPU_CV,1428mW/1400mW,VDD_SOC,2420mW/2413mW
07-27-2026,10:10:24,RAM,953/7620MB,(lfb,17x4MB),SWAP,141/3810MB,(cached,2MB),CPU,[0%@1344,9%@1344,0%@1344,0%@1344,9%@1344,0%@1344],GR3D_FREQ,0%,cpu@51.625C,soc2@49.625C,soc0@50.5C,gpu@51.218C,tj@51.625C,soc1@50.625C,VDD_IN,5842mW/5836mW,VDD_CPU_GPU_CV,1428mW/1400mW,VDD_SOC,2420mW/2413mW
07-27-2026,10:10:25,RAM,953/7620MB,(lfb,17x4MB),SWAP,141/3810MB,(cached,2MB),CPU,[9%@1344,0%@1344,0%@1344,0%@1344,10%@1344,0%@1344],GR3D_FREQ,0%,cpu@51.656C,soc2@49.687C,soc0@50.468C,gpu@51.75C,tj@51.75C,soc1@50.687C,VDD_IN,5842mW/5836mW,VDD_CPU_GPU_CV,1428mW/1400mW,VDD_SOC,2420mW/2413mW
07-27-2026,10:10:25,RAM,953/7620MB,(lfb,17x4MB),SWAP,141/3810MB,(cached,2MB),CPU,[9%@1344,0%@1344,0%@1344,0%@1344,0%@1344,0%@1344],GR3D_FREQ,0%,cpu@51.781C,soc2@49.718C,soc0@50.656C,gpu@51.531C,tj@51.781C,soc1@50.718C,VDD_IN,5842mW/5836mW,VDD_CPU_GPU_CV,1428mW/1400mW,VDD_SOC,2420mW/2413mW
07-27-2026,10:10:25,RAM,953/7620MB,(lfb,17x4MB),SWAP,141/3810MB,(cached,2MB),CPU,[10%@1344,8%@1344,0%@1344,8%@1344,9%@1344,0%@1344],GR3D_FREQ,0%,cpu@51.843C,soc2@49.687C,soc0@50.312C,gpu@51.25C,tj@51.843C,soc1@50.718C,VDD_IN,5842mW/5836mW,VDD_CPU_GPU_CV,1428mW/1400mW,VDD_SOC,2420mW/2413mW
07-27-2026,10:10:25,RAM,953/7620MB,(lfb,17x4MB),SWAP,141/3810MB,(cached,2MB),CPU,[9%@1344,0%@1344,0%@1344,0%@1344,10%@1344,0%@1344],GR3D_FREQ,0%,cpu@51.968C,soc2@49.625C,soc0@50.437C,gpu@51.718C,tj@51.718C,soc1@50.656C,VDD_IN,5842mW/5836mW,VDD_CPU_GPU_CV,1428mW/1400mW,VDD_SOC,2420mW/2413mW
07-27-2026,10:10:25,RAM,953/7620MB,(lfb,17x4MB),SWAP,141/3810MB,(cached,2MB),CPU,[10%@1344,9%@1344,0%@1344,8%@1344,9%@1344,0%@1344],GR3D_FREQ,0%,cpu@51.593C,soc2@49.656C,soc0@50.562C,gpu@51.625C,tj@51.625C,soc1@50.562C,VDD_IN,5842mW/5836mW,VDD_CPU_GPU_CV,1428mW/1400mW,VDD_SOC,2420mW/2413mW
07-27-2026,10:10:25,RAM,953/7620MB,(lfb,17x4MB),SWAP,141/3810MB,(cached,2MB),CPU,[16%@1344,0%@1344,9%@1344,0%@1344,9%@1344,0%@1344],GR3D_FREQ,0%,cpu@51.687C,soc2@49.562C,soc0@50.375C,gpu@51.437C,tj@51.718C,soc1@50.687C,VDD_IN,5842mW/5836mW,VDD_CPU_GPU_CV,1388mW/1400mW,VDD_SOC,2420mW/2413mW
07-27-2026,10:10:25,RAM,953/7620MB,(lfb,17x4MB),SWAP,141/3810MB,(cached,2MB),CPU,[18%@1344,0%@1344,0%@1344,0%@1344,0%@1344,0%@1344],GR3D_FREQ,0%,cpu@51.875C,soc2@49.781C,soc0@50.437C,gpu@51.718C,tj@51.875C,soc1@50.906C,VDD_IN,5802mW/5836mW,VDD_CPU_GPU_CV,1388mW/1400mW,VDD_SOC,2420mW/2413mW
07-27-2026,10:10:25,RAM,954/7620MB,(lfb,17x4MB),SWAP,141/3810MB,(cached,2MB),CPU,[9%@1344,9%@1344,9%@1344,0%@1344,9%@1344,9%@1344],GR3D_FREQ,0%,cpu@51.687C,soc2@49.625C,soc0@50.468C,gpu@51.562C,tj@51.687C,soc1@50.5C,VDD_IN,5842mW/5836mW,VDD_CPU_GPU_CV,1428mW/1400mW,VDD_SOC,2420mW/2413mW
07-27-2026,10:10:25,RAM,954/7620MB,(lfb,17x4MB),SWAP,141/3810MB,(cached,2MB),CPU,[0%@1344,9%@1344,0%@1344,0%@1344,9%@1344,0%@1344],GR3D_FREQ,0%,cpu@51.562C,soc2@49.593C,soc0@50.5C,gpu@51.406C,tj@51.562C,soc1@50.656C,VDD_IN,5842mW/5836mW,VDD_CPU_GPU_CV,1428mW/1400mW,VDD_SOC,2420mW/2413mW
07-27-2026,10:10:25,RAM,954/7620MB,(lfb,17x4MB),SWAP,141/3810MB,(cached,2MB),CPU,[10%@1344,0%@1344,0%@1344,0%@1344,10%@1344,0%@1344],GR3D_FREQ,0%,cpu@51.656C,soc2@49.687C,soc0@50.593C,gpu@51.656C,tj@51.656C,soc1@50.687C,VDD_IN,5842mW/5836mW,VDD_CPU_GPU_CV,1388mW/1400mW,VDD_SOC,2420mW/2413mW
07-27-2026,10:10:26,RAM,954/7620MB,(lfb,17x4MB),SWAP,141/3810MB,(cached,2MB),CPU,[9%@1344,9%@1344,0%@1344,0%@1344,9%@1344,0%@1344],GR3D_FREQ,0%,cpu@51.781C,soc2@49.718C,soc0@50.343C,gpu@51.406C,tj@51.781C,soc1@50.781C,VDD_IN,5802mW/5836mW,VDD_CPU_GPU_CV,1388mW/1400mW,VDD_SOC,2420mW/2413mW
07-27-2026,10:10:26,RAM,954/7620MB,(lfb,17x4MB),SWAP,141/3810MB,(cached,2MB),CPU,[16%@1344,0%@1344,0%@1344,0%@1344,9%@1344,0%@1344],GR3D_FREQ,0%,cpu@51.75C,soc2@49.468C,soc0@50.468C,gpu@51.437C,tj@51.75C,soc1@50.5C,VDD_IN,5802mW/5836mW,VDD_CPU_GPU_CV,1388mW/1400mW,VDD_SOC,2420mW/2413mW
07-27-2026,10:10:26,RAM,955/7620MB,(lfb,17x4MB),SWAP,141/3810MB,(cached,2MB),CPU,[10%@1344,8%@1344,8%@1344,0%@1344,0%@1344,0%@1344],GR3D_FREQ,0%,cpu@51.906C,soc2@49.781C,soc0@50.343C,gpu@51.625C,tj@51.906C,soc1@50.718C,VDD_IN,5802mW/5836mW,VDD_CPU_GPU_CV,1388mW/1400mW,VDD_SOC,2420mW/2413mW
07-27-2026,10:10:26,RAM,954/7620MB,(lfb,17x4MB),SWAP,141/3810MB,(cached,2MB),CPU,[9%@1344,9%@1344,0%@1344,0%@1344,18%@1344,0%@1344],GR3D_FREQ,0%,cpu@51.593C,soc2@49.5C,soc0@50.375C,gpu@51.468C,tj@51.593C,soc1@50.937C,VDD_IN,5842mW/5836mW,VDD_CPU_GPU_CV,1428mW/1400mW,VDD_SOC,2420mW/2413mW
07-27-2026,10:10:26,RAM,954/7620MB,(lfb,17x4MB),SWAP,141/3810MB,(cached,2MB),CPU,[10%@1344,0%@1344,8%@1344,0%@1344,10%@1344,0%@1344],GR3D_FREQ,0%,cpu@51.531C,soc2@49.593C,soc0@50.468C,gpu@51.75C,tj@51.75C,soc1@50.625C,VDD_IN,5842mW/5836mW,VDD_CPU_GPU_CV,1428mW/1400mW,VDD_SOC,2420mW/2413mW
07-27-2026,10:10:26,RAM,954/7620MB,(lfb,17x4MB),SWAP,141/3810MB,(cached,2MB),CPU,[16%@1344,0%@1344,0%@1344,0%@1344,9%@1344,0%@1344],GR3D_FREQ,0%,cpu@51.5C,soc2@49.656C,soc0@50.531C,gpu@51.531C,tj@51.781C,soc1@50.781C,VDD_IN,5842mW/5836mW,VDD_CPU_GPU_CV,1428mW/1400mW,VDD_SOC,2420mW/2413mW
07-27-2026,10:10:26,RAM,955/7620MB,(lfb,17x4MB),SWAP,141/3810MB,(cached,2MB),CPU,[0%@1344,0%@1344,0%@1344,0%@1344,0%@1344,0%@1344],GR3D_FREQ,0%,cpu@51.937C,soc2@49.656C,soc0@50.312C,gpu@51.437C,tj@51.937C,soc1@50.687C,VDD_IN,5842mW/5836mW,VDD_CPU_GPU_CV,1428mW/1400mW,VDD_SOC,2420mW/2413mW
07-27-2026,10:10:26,RAM,955/7620MB,(lfb,17x4MB),SWAP,141/3810MB,(cached,2MB),CPU,[9%@1344,8%@1344,0%@1344,9%@1344,18%@1344,16%@1344],GR3D_FREQ,0%,cpu@51.656C,soc2@49.5C,soc0@50.5C,gpu@51.406C,tj@51.656C,soc1@50.937C,VDD_IN,5842mW/5836mW,VDD_CPU_GPU_CV,1428mW/1400mW,VDD_SOC,2420mW/2413mW
07-27-2026,10:10:26,RAM,954/7620MB,(lfb,17x4MB),SWAP,141/3810MB,(cached,2MB),CPU,[18%@1344,0%@1344,0%@1344,18%@1344,9%@1344,0%@1344],GR3D_FREQ,0%,cpu@51.437C,soc2@49.562C,soc0@50.531C,gpu@51.593C,tj@51.437C,soc1@50.625C,VDD_IN,5921mW/5836mW,VDD_CPU_GPU_CV,1428mW/1400mW,VDD_SOC,2420mW/2413mW
07-27-2026,10:10:27,RAM,955/7620MB,(lfb,17x4MB),SWAP,141/3810MB,(cached,2MB),CPU,[9%@1344,0%@1344,0%@1344,0%@1344,10%@1344,0%@1344],GR3D_FREQ,0%,cpu@51.812C,soc2@49.656C,soc0@50.593C,gpu@51.468C,tj@51.812C,soc1@50.593C,VDD_IN,5961mW/5836mW,VDD_CPU_GPU_CV,1428mW/1400mW,VDD_SOC,2420mW/2413mW
07-27-2026,10:10:27,RAM,954/7620MB,(lfb,17x4MB),SWAP,141/3810MB,(cached,2MB),CPU,[0%@1344,9%@1344,0%@1344,9%@1344,9%@1344,0%@1344],GR3D_FREQ,0%,cpu@51.875C,soc2@49.656C,soc0@50.343C,gpu@51.312C,tj@51.875C,soc1@50.812C,VDD_IN,6001mW/5837mW,VDD_CPU_GPU_CV,1428mW/1400mW,VDD_SOC,2420mW/2413mW
07-27-2026,10:10:27,RAM,955/7620MB,(lfb,17x4MB),SWAP,141/3810MB,(cached,2MB),CPU,[16%@1344,0%@1344,0%@1344,9%@1344,0%@1344,0%@1344],GR3D_FREQ,0%,cpu@51.937C,soc2@49.5C,soc0@50.468C,gpu@51.281C,tj@51.937C,soc1@50.625C,VDD_IN,6041mW/5837mW,VDD_CPU_GPU_CV,1428mW/1400mW,VDD_SOC,2420mW/2413mW
07-27-2026,10:10:27,RAM,955/7620MB,(lfb,17x4MB),SWAP,141/3810MB,(cached,2MB),CPU,[9%@1344,9%@1344,0%@1344,9%@1344,18%@1344,0%@1344],GR3D_FREQ,0%,cpu@51.5C,soc2@49.562C,soc0@50.625C,gpu@51.406C,tj@51.5C,soc1@50.656C,VDD_IN,6080mW/5837mW,VDD_CPU_GPU_CV,1428mW/1400mW,VDD_SOC,2420mW/2413mW
07-27-2026,10:10:27,RAM,954/7620MB,(lfb,17x4MB),SWAP,141/3810MB,(cached,2MB),CPU,[10%@1344,0%@1344,0%@1344,0%@1344,0%@1344,0%@1344],GR3D_FREQ,0%,cpu@51.625C,soc2@49.718C,soc0@50.625C,gpu@51.281C,tj@51.625C,soc1@50.687C,VDD_IN,6120mW/5837mW,VDD_CPU_GPU_CV,1428mW/1400mW,VDD_SOC,2424mW/2413mW
07-27-2026,10:10:27,RAM,955/7620MB,(lfb,17x4MB),SWAP,141/3810MB,(cached,2MB),CPU,[16%@1344,0%@1344,9%@1344,0%@1344,16%@1344,0%@1344],GR3D_FREQ,0%,cpu@51.75C,soc2@49.812C,soc0@50.406C,gpu@51.281C,tj@51.75C,soc1@50.718C,VDD_IN,6120mW/5837mW,VDD_CPU_GPU_CV,1428mW/1400mW,VDD_SOC,2424mW/2413mW
07-27-2026,10:10:27,RAM,954/7620MB,(lfb,17x4MB),SWAP,141/3810MB,(cached,2MB),CPU,[0%@1344,0%@1344,0%@1344,0%@1344,0%@1344,0%@1344],GR3D_FREQ,0%,cpu@51.937C,soc2@49.562C,soc0@50.468C,gpu@51.437C,tj@51.937C,soc1@50.968C,VDD_IN,6160mW/5838mW,VDD_CPU_GPU_CV,1428mW/1400mW,VDD_SOC,2424mW/2413mW
07-27-2026,10:10:27,RAM,956/7620MB,(lfb,17x4MB),SWAP,141/3810MB,(cached,2MB),CPU,[16%@1344,0%@1344,0%@1344,9%@1344,9%@1344,0%@1344],GR3D_FREQ,0%,cpu@51.468C,soc2@49.687C,soc0@50.468C,gpu@51.312C,tj@51.687C,soc1@50.562C,VDD_IN,6160mW/5838mW,VDD_CPU_GPU_CV,1428mW/1400mW,VDD_SOC,2424mW/2413mW
07-27-2026,10:10:27,RAM,955/7620MB,(lfb,17x4MB),SWAP,141/3810MB,(cached,2MB),CPU,[9%@1344,9%@1344,0%@1344,0%@1344,18%@1344,0%@1344],GR3D_FREQ,0%,cpu@51.593C,soc2@49.531C,soc0@50.656C,gpu@51.312C,tj@51.593C,soc1@50.593C,VDD_IN,6160mW/5838mW,VDD_CPU_GPU_CV,1428mW/1400mW,VDD_SOC,2424mW/2413mW
07-27-2026,10:10:27,RAM,956/7620MB,(lfb,17x4MB),SWAP,141/3810MB,(cached,2MB),CPU,[10%@1344,0%@1344,0%@1344,0%@1344,0%@1344,9%@1344],GR3D_FREQ,0%,cpu@51.718C,soc2@49.687C,soc0@50.406C,gpu@51.75C,tj@51.75C,soc1@50.718C,VDD_IN,6080mW/5838mW,VDD_CPU_GPU_CV,1428mW/1400mW,VDD_SOC,2420mW/2413mW
07-27-2026,10:10:28,RAM,956/7620MB,(lfb,17x4MB),SWAP,141/3810MB,(cached,2MB),CPU,[9%@1344,0%@1344,0%@1344,0%@1344,16%@1344,0%@1344],GR3D_FREQ,0%,cpu@51.906C,soc2@49.593C,soc0@50.375C,gpu@51.375C,tj@51.906C,soc1@50.875C,VDD_IN,6001mW/5838mW,VDD_CPU_GPU_CV,1428mW/1400mW,VDD_SOC,2420mW/2413mW
07-27-2026,10:10:28,RAM,956/7620MB,(lfb,17x4MB),SWAP,141/3810MB,(cached,2MB),CPU,[16%@1344,0%@1344,8%@1344,0%@1344,0%@1344,0%@1344],GR3D_FREQ,0%,cpu@51.562C,soc2@49.593C,soc0@50.718C,gpu@51.5C,tj@51.562C,soc1@50.687C,VDD_IN,5961mW/5838mW,VDD_CPU_GPU_CV,1388mW/1400mW,VDD_SOC,2420mW/2413mW
07-27-2026,10:10:28,RAM,956/7620MB,(lfb,17x4MB),SWAP,141/3810MB,(cached,2MB),CPU,[10%@1344,8%@1344,0%@1344,8%@1344,18%@1344,0%@1344],GR3D_FREQ,0%,cpu@51.656C,soc2@49.75C,soc0@50.343C,gpu@51.375C,tj@51.656C,soc1@50.812C,VDD_IN,5921mW/5838mW,VDD_CPU_GPU_CV,1428mW/1400mW,VDD_SOC,2420mW/2413mW
07-27-2026,10:10:28,RAM,956/7620MB,(lfb,17x4MB),SWAP,141/3810MB,(cached,2MB),CPU,[16%@1344,0%@1344,0%@1344,0%@1344,0%@1344,0%@1344],GR3D_FREQ,0%,cpu@51.781C,soc2@49.531C,soc0@50.406C,gpu@51.312C,tj@51.781C,soc1@50.625C,VDD_IN,5921mW/5838mW,VDD_CPU_GPU_CV,1428mW/1400mW,VDD_SOC,2420mW/2413mW
07-27-2026,10:10:28,RAM,956/7620MB,(lfb,17x4MB),SWAP,141/3810MB,(cached,2MB),CPU,[0%@1344,0%@1344,0%@1344,0%@1344,10%@1344,0%@1344],GR3D_FREQ,0%,cpu@51.5C,soc2@49.593C,soc0@50.468C,gpu@51.812C,tj@51.812C,soc1@50.562C,VDD_IN,5882mW/5838mW,VDD_CPU_GPU_CV,1428mW/1400mW,VDD_SOC,2420mW/2413mW
07-27-2026,10:10:28,RAM,956/7620MB,(lfb,17x4MB),SWAP,141/3810MB,(cached,2MB),CPU,[9%@1344,0%@1344,0%@1344,0%@1344,9%@1344,0%@1344],GR3D_FREQ,0%,cpu@51.593C,soc2@49.593C,soc0@50.531C,gpu@51.343C,tj@51.593C,soc1@50.687C,VDD_IN,5882mW/5838mW,VDD_CPU_GPU_CV,1428mW/1400mW,VDD_SOC,2420mW/2413mW
07-27-2026,10:10:28,RAM,956/7620MB,(lfb,17x4MB),SWAP,141/3810MB,(cached,2MB),CPU,[9%@1344,0%@1344,0%@1344,0%@1344,10%@1344,0%@1344],GR3D_FREQ,0%,cpu@51.593C,soc2@49.75C,soc0@50.406C,gpu@51.281C,tj@51.593C,soc1@50.687C,VDD_IN,5882mW/5839mW,VDD_CPU_GPU_CV,1428mW/1400mW,VDD_SOC,2420mW/2413mW
07-27-2026,10:10:28,RAM,956/7620MB,(lfb,17x4MB),SWAP,141/3810MB,(cached,2MB),CPU,[10%@1344,0%@1344,0%@1344,9%@1344,9%@1344,8%@1344],GR3D_FREQ,0%,cpu@51.781C,soc2@49.593C,soc0@50.5C,gpu@51.812C,tj@51.812C,soc1@50.625C,VDD_IN,5882mW/5839mW,VDD_CPU_GPU_CV,1428mW/1400mW,VDD_SOC,2420mW/2413mW
07-27-2026,10:10:28,RAM,956/7620MB,(lfb,17x4MB),SWAP,141/3810MB,(cached,2MB),CPU,[9%@1344,0%@1344,0%@1344,0%@1344,0%@1344,0%@1344],GR3D_FREQ,0%,cpu@51.531C,soc2@49.593C,soc0@50.468C,gpu@51.375C,tj@51.531C,soc1@50.593C,VDD_IN,5882mW/5839mW,VDD_CPU_GPU_CV,1428mW/1400mW,VDD_SOC,2420mW/2413mW
07-27-2026,10:10:29,RAM,956/7620MB,(lfb,17x4MB),SWAP,141/3810MB,(cached,2MB),CPU,[18%@1344,0%@1344,0%@1344,0%@1344,18%@1344,0%@1344],GR3D_FREQ,0%,cpu@51.625C,soc2@49.593C,soc0@50.625C,gpu@51.312C,tj@51.875C,soc1@50.625C,VDD_IN,5842mW/5839mW,VDD_CPU_GPU_CV,1428mW/1400mW,VDD_SOC,2420mW/2413mW
07-27-2026,10:10:29,RAM,956/7620MB,(lfb,17x4MB),SWAP,141/3810MB,(cached,2MB),CPU,[16%@1344,0%@1344,0%@1344,0%@1344,9%@1344,0%@1344],GR3D_FREQ,0%,cpu@51.937C,soc2@49.625C,soc0@50.406C,gpu@51.75C,tj@51.937C,soc1@50.781C,VDD_IN,5842mW/5839mW,VDD_CPU_GPU_CV,1428mW/1400mW,VDD_SOC,2420mW/2413mW
07-27-2026,10:10:29,RAM,956/7620MB,(lfb,17x4MB),SWAP,141/3810MB,(cached,2MB),CPU,[10%@1344,0%@1344,0%@1344,9%@1344,0%@1344,0%@1344],GR3D_FREQ,0%,cpu@51.625C,soc2@49.687C,soc0@50.406C,gpu@51.656C,tj@51.656C,soc1@50.906C,VDD_IN,5842mW/5839mW,VDD_CPU_GPU_CV,1428mW/1400mW,VDD_SOC,2420mW/2413mW
07-27-2026,10:10:29,RAM,956/7620MB,(lfb,17x4MB),SWAP,141/3810MB,(cached,2MB),CPU,[9%@1344,0%@1344,0%@1344,0%@1344,16%@1344,0%@1344],GR3D_FREQ,0%,cpu@51.437C,soc2@49.625C,soc0@50.562C,gpu@51.187C,tj@51.437C,soc1@50.562C,VDD_IN,5842mW/5839mW,VDD_CPU_GPU_CV,1388mW/1400mW,VDD_SOC,2420mW/2413mW
07-27-2026,10:10:29,RAM,956/7620MB,(lfb,17x4MB),SWAP,141/3810MB,(cached,2MB),CPU,[10%@1344,0%@1344,0%@1344,0%@1344,0%@1344,0%@1344],GR3D_FREQ,0%,cpu@51.812C,soc2@49.718C,soc0@50.562C,gpu@51.718C,tj@51.812C,soc1@50.687C,VDD_IN,5842mW/5839mW,VDD_CPU_GPU_CV,1428mW/1401mW,VDD_SOC,2420mW/2413mW
07-27-2026,10:10:29,RAM,956/7620MB,(lfb,17x4MB),SWAP,141/3810MB,(cached,2MB),CPU,[9%@1344,9%@1344,0%@1344,0%@1344,10%@1344,0%@1344],GR3D_FREQ,0%,cpu@51.843C,soc2@49.593C,soc0@50.312C,gpu@51.562C,tj@51.843C,soc1@50.843C,VDD_IN,5842mW/5839mW,VDD_CPU_GPU_CV,1388mW/1401mW,VDD_SOC,2420mW/2413mW
07-27-2026,10:10:29,RAM,956/7620MB,(lfb,17x4MB),SWAP,141/3810MB,(cached,2MB),CPU,[0%@1344,0%@1344,0%@1344,0%@1344,9%@1344,0%@1344],GR3D_FREQ,0%,cpu@51.593C,soc2@49.593C,soc0@50.406C,gpu@51.218C,tj@51.593C,soc1@50.875C,VDD_IN,5842mW/5839mW,VDD_CPU_GPU_CV,1388mW/1400mW,VDD_SOC,2420mW/2413mW
07-27-2026,10:10:29,RAM,956/7620MB,(lfb,17x4MB),SWAP,141/3810MB,(cached,2MB),CPU,[9%@1344,8%@1344,0%@1344,0%@1344,9%@1344,0%@1344],GR3D_FREQ,0%,cpu@51.343C,soc2@49.531C,soc0@50.531C,gpu@51.687C,tj@51.687C,soc1@50.531C,VDD_IN,5802mW/5839mW,VDD_CPU_GPU_CV,1388mW/1400mW,VDD_SOC,2420mW/2413mW
07-27-2026,10:10:29,RAM,957/7620MB,(lfb,17x4MB),SWAP,141/3810MB,(cached,2MB),CPU,[10%@1344,0%@1344,8%@1344,0%@1344,18%@1344,0%@1344],GR3D_FREQ,0%,cpu@51.687C,soc2@49.593C,soc0@50.562C,gpu@51.468C,tj@51.687C,soc1@50.687C,VDD_IN,5842mW/5839mW,VDD_CPU_GPU_CV,1428mW/1401mW,VDD_SOC,2420mW/2413mW
07-27-2026,10:10:29,RAM,957/7620MB,(lfb,17x4MB),SWAP,141/3810MB,(cached,2MB),CPU,[16%@1344,0%@1344,0%@1344,0%@1344,0%@1344,0%@1344],GR3D_FREQ,0%,cpu@51.843C,soc2@49.593C,soc0@50.406C,gpu@51.437C,tj@51.843C,soc1@50.718C,VDD_IN,5802mW/5839mW,VDD_CPU_GPU_CV,1388mW/1400mW,VDD_SOC,2420mW/2413mW
07-27-2026,10:10:30,RAM,957/7620MB,(lfb,17x4MB),SWAP,141/3810MB,(cached,2MB),CPU,[9%@1344,0%@1344,0%@1344,0%@1344,9%@1344,0%@1344],GR3D_FREQ,0%,cpu@51.656C,soc2@49.593C,soc0@50.468C,gpu@51.593C,tj@51.656C,soc1@50.531C,VDD_IN,5802mW/5839mW,VDD_CPU_GPU_CV,1428mW/1401mW,VDD_SOC,2420mW/2413mW
07-27-2026,10:10:30,RAM,957/7620MB,(lfb,17x4MB),SWAP,141/3810MB,(cached,2MB),CPU,[10%@1344,9%@1344,0%@1344,0%@1344,18%@1344,0%@1344],GR3D_FREQ,0%,cpu@51.843C,soc2@49.656C,soc0@50.468C,gpu@51.312C,tj@51.843C,soc1@50.687C,VDD_IN,5842mW/5839mW,VDD_CPU_GPU_CV,1428mW/1401mW,VDD_SOC,2420mW/2413mW
07-27-2026,10:10:30,RAM,957/7620MB,(lfb,17x4MB),SWAP,141/3810MB,(cached,2MB),CPU,[16%@1344,0%@1344,0%@1344,0%@1344,0%@1344,0%@1344],GR3D_FREQ,0%,cpu@51.687C,soc2@49.625C,soc0@50.343C,gpu@51.718C,tj@51.718C,soc1@50.75C,VDD_IN,5842mW/5839mW,VDD_CPU_GPU_CV,1428mW/1401mW,VDD_SOC,2420mW/2413mW
07-27-2026,10:10:30,RAM,957/7620MB,(lfb,17x4MB),SWAP,141/3810MB,(cached,2MB),CPU,[10%@1344,0%@1344,0%@1344,0%@1344,16%@1344,0%@1344],GR3D_FREQ,0%,cpu@51.781C,soc2@49.5C,soc0@50.468C,gpu@51.625C,tj@51.781C,soc1@50.625C,VDD_IN,5842mW/5839mW,VDD_CPU_GPU_CV,1428mW/1401mW,VDD_SOC,2420mW/2413mW
07-27-2026,10:10:30,RAM,957/7620MB,(lfb,17x4MB),SWAP,141/3810MB,(cached,2MB),CPU,[0%@1344,9%@1344,0%@1344,0%@1344,0%@1344,0%@1344],GR3D_FREQ,0%,cpu@51.593C,soc2@49.593C,soc0@50.468C,gpu@51.375C,tj@51.593C,soc1@50.625C,VDD_IN,5842mW/5839mW,VDD_CPU_GPU_CV,1428mW/1401mW,VDD_SOC,2420mW/2413mW
07-27-2026,10:10:30,RAM,957/7620MB,(lfb,17x4MB),SWAP,141/3810MB,(cached,2MB),CPU,[9%@1344,0%@1344,0%@1344,0%@1344,10%@1344,0%@1344],GR3D_FREQ,0%,cpu@51.656C,soc2@49.593C,soc0@50.312C,gpu@51.718C,tj@51.718C,soc1@50.687C,VDD_IN,5842mW/5839mW,VDD_CPU_GPU_CV,1428mW/1401mW,VDD_SOC,2420mW/2413mW
07-27-2026,10:10:30,RAM,957/7620MB,(lfb,17x4MB),SWAP,141/3810MB,(cached,2MB),CPU,[10%@1344,0%@1344,0%@1344,0%@1344,9%@1344,0%@1344],GR3D_FREQ,0%,cpu@51.687C,soc2@49.781C,soc0@50.375C,gpu@51.562C,tj@51.687C,soc1@50.875C,VDD_IN,5802mW/5838mW,VDD_CPU_GPU_CV,1428mW/1401mW,VDD_SOC,2420mW/2413mW
07-27-2026,10:10:30,RAM,957/7620MB,(lfb,17x4MB),SWAP,141/3810MB,(cached,2MB),CPU,[16%@1344,0%@1344,9%@1344,9%@1344,0%@1344,16%@1344],GR3D_FREQ,0%,cpu@51.781C,soc2@49.531C,soc0@50.375C,gpu@51.468C,tj@51.593C,soc1@50.437C,VDD_IN,5842mW/5838mW,VDD_CPU_GPU_CV,1428mW/1401mW,VDD_SOC,2420mW/2413mW
07-27-2026,10:10:30,RAM,956/7620MB,(lfb,17x4MB),SWAP,141/3810MB,(cached,2MB),CPU,[9%@1344,0%@1344,0%@1344,0%@1344,0%@1344,0%@1344],GR3D_FREQ,0%,cpu@51.625C,soc2@49.5C,soc0@50.562C,gpu@51.625C,tj@51.625C,soc1@50.5C,VDD_IN,5842mW/5838mW,VDD_CPU_GPU_CV,1428mW/1401mW,VDD_SOC,2420mW/2413mW
07-27-2026,10:10:31,RAM,956/7620MB,(lfb,17x4MB),SWAP,141/3810MB,(cached,2MB),CPU,[0%@1344,0%@1344,0%@1344,9%@1344,0%@1344,0%@1344],GR3D_FREQ,0%,cpu@51.531C,soc2@49.562C,soc0@50.75C,gpu@51.5C,tj@51.531C,soc1@50.656C,VDD_IN,5842mW/5839mW,VDD_CPU_GPU_CV,1428mW/1401mW,VDD_SOC,2420mW/2413mW
07-27-2026,10:10:31,RAM,956/7620MB,(lfb,17x4MB),SWAP,141/3810MB,(cached,2MB),CPU,[9%@1344,9%@1344,0%@1344,9%@1344,0%@1344,0%@1344],GR3D_FREQ,0%,cpu@51.562C,soc2@49.75C,soc0@50.406C,gpu@51.406C,tj@51.562C,soc1@50.687C,VDD_IN,5802mW/5838mW,VDD_CPU_GPU_CV,1428mW/1401mW,VDD_SOC,2420mW/2413mW
07-27-2026,10:10:31,RAM,956/7620MB,(lfb,17x4MB),SWAP,141/3810MB,(cached,2MB),CPU,[9%@1344,0%@1344,0%@1344,10%@1344,0%@1344,0%@1344],GR3D_FREQ,0%,cpu@51.812C,soc2@49.625C,soc0@50.375C,gpu@51.25C,tj@51.812C,soc1@50.562C,VDD_IN,5802mW/5838mW,VDD_CPU_GPU_CV,1388mW/1401mW,VDD_SOC,2420mW/2413mW
07-27-2026,10:10:31,RAM,956/7620MB,(lfb,17x4MB),SWAP,141/3810MB,(cached,2MB),CPU,[10%@1344,0%@1344,0%@1344,9%@1344,0%@1344,0%@1344],GR3D_FREQ,0%,cpu@51.468C,soc2@49.593C,soc0@50.468C,gpu@51.531C,tj@51.531C,soc1@50.625C,VDD_IN,5802mW/5838mW,VDD_CPU_GPU_CV,1388mW/1401mW,VDD_SOC,2420mW/2413mW
07-27-2026,10:10:31,RAM,956/7620MB,(lfb,17x4MB),SWAP,141/3810MB,(cached,2MB),CPU,[9%@1344,0%@1344,0%@1344,0%@1344,0%@1344,0%@1344],GR3D_FREQ,0%,cpu@51.562C,soc2@49.593C,soc0@50.625C,gpu@51.343C,tj@51.718C,soc1@50.75C,VDD_IN,5802mW/5838mW,VDD_CPU_GPU_CV,1388mW/1401mW,VDD_SOC,2420mW/2413mW
07-27-2026,10:10:31,RAM,956/7620MB,(lfb,17x4MB),SWAP,141/3810MB,(cached,2MB),CPU,[18%@1344,0%@1344,0%@1344,9%@1344,0%@1344,0%@1344],GR3D_FREQ,0%,cpu@51.562C,soc2@49.718C,soc0@50.343C,gpu@51.375C,tj@51.562C,soc1@50.843C,VDD_IN,5802mW/5838mW,VDD_CPU_GPU_CV,1388mW/1401mW,VDD_SOC,2420mW/2413mW
07-27-2026,10:10:31,RAM,956/7620MB,(lfb,17x4MB),SWAP,141/3810MB,(cached,2MB),CPU,[16%@1344,0%@1344,0%@1344,18%@1344,0%@1344,0%@1344],GR3D_FREQ,0%,cpu@51.687C,soc2@49.656C,soc0@50.437C,gpu@51.281C,tj@51.687C,soc1@50.468C,VDD_IN,5802mW/5838mW,VDD_CPU_GPU_CV,1388mW/1401mW,VDD_SOC,2420mW/2413mW
07-27-2026,10:10:31,RAM,956/7620MB,(lfb,17x4MB),SWAP,141/3810MB,(cached,2MB),CPU,[9%@1344,0%@1344,0%@1344,9%@1344,0%@1344,0%@1344],GR3D_FREQ,0%,cpu@51.406C,soc2@49.562C,soc0@50.5C,gpu@51.312C,tj@51.406C,soc1@50.531C,VDD_IN,5802mW/5838mW,VDD_CPU_GPU_CV,1388mW/1401mW,VDD_SOC,2420mW/2414mW
07-27-2026,10:10:31,RAM,956/7620MB,(lfb,17x4MB),SWAP,141/3810MB,(cached,2MB),CPU,[10%@1344,0%@1344,16%@1344,10%@1344,0%@1344,0%@1344],GR3D_FREQ,0%,cpu@51.781C,soc2@49.656C,soc0@50.5C,gpu@51.25C,tj@51.781C,soc1@50.687C,VDD_IN,5802mW/5838mW,VDD_CPU_GPU_CV,1388mW/1401mW,VDD_SOC,2420mW/2414mW
07-27-2026,10:10:32,RAM,955/7620MB,(lfb,17x4MB),SWAP,141/3810MB,(cached,2MB),CPU,[9%@1344,0%@1344,0%@1344,16%@1344,0%@1344,0%@1344],GR3D_FREQ,0%,cpu@51.531C,soc2@49.593C,soc0@50.468C,gpu@51.375C,tj@51.531C,soc1@50.656C,VDD_IN,5802mW/5838mW,VDD_CPU_GPU_CV,1428mW/1401mW,VDD_SOC,2420mW/2414mW
07-27-2026,10:10:32,RAM,956/7620MB,(lfb,17x4MB),SWAP,141/3810MB,(cached,2MB),CPU,[9%@1344,0%@1344,0%@1344,18%@1344,0%@1344,10%@1344],GR3D_FREQ,0%,cpu@51.656C,soc2@49.562C,soc0@50.593C,gpu@51.343C,tj@51.656C,soc1@50.562C,VDD_IN,5921mW/5838mW,VDD_CPU_GPU_CV,1428mW/1401mW,VDD_SOC,2420mW/2414mW
07-27-2026,10:10:32,RAM,956/7620MB,(lfb,17x4MB),SWAP,141/3810MB,(cached,2MB),CPU,[10%@1344,0%@1344,0%@1344,9%@1344,9%@1344,0%@1344],GR3D_FREQ,0%,cpu@51.812C,soc2@49.656C,soc0@50.343C,gpu@51.281C,tj@51.812C,soc1@50.781C,VDD_IN,6001mW/5838mW,VDD_CPU_GPU_CV,1428mW/1401mW,VDD_SOC,2420mW/2414mW
07-27-2026,10:10:32,RAM,956/7620MB,(lfb,17x4MB),SWAP,141/3810MB,(cached,2MB),CPU,[0%@1344,0%@1344,0%@1344,9%@1344,0%@1344,0%@1344],GR3D_FREQ,0%,cpu@51.812C,soc2@49.562C,soc0@50.437C,gpu@51.406C,tj@51.812C,soc1@50.468C,VDD_IN,6041mW/5839mW,VDD_CPU_GPU_CV,1428mW/1401mW,VDD_SOC,2420mW/2414mW
07-27-2026,10:10:32,RAM,955/7620MB,(lfb,17x4MB),SWAP,141/3810MB,(cached,2MB),CPU,[16%@1344,0%@1344,0%@1344,0%@1344,0%@1344,0%@1344],GR3D_FREQ,0%,cpu@51.562C,soc2@49.625C,soc0@50.562C,gpu@51.312C,tj@51.562C,soc1@50.437C,VDD_IN,6080mW/5839mW,VDD_CPU_GPU_CV,1428mW/1401mW,VDD_SOC,2420mW/2414mW
07-27-2026,10:10:32,RAM,956/7620MB,(lfb,17x4MB),SWAP,141/3810MB,(cached,2MB),CPU,[10%@1344,0%@1344,0%@1344,18%@1344,0%@1344,0%@1344],GR3D_FREQ,0%,cpu@51.625C,soc2@49.687C,soc0@50.468C,gpu@51.218C,tj@51.625C,soc1@50.593C,VDD_IN,6080mW/5839mW,VDD_CPU_GPU_CV,1428mW/1401mW,VDD_SOC,2420mW/2414mW
07-27-2026,10:10:32,RAM,956/7620MB,(lfb,17x4MB),SWAP,141/3810MB,(cached,2MB),CPU,[10%@1344,0%@1344,0%@1344,0%@1344,9%@1344,0%@1344],GR3D_FREQ,0%,cpu@51.75C,soc2@49.625C,soc0@50.437C,gpu@51.687C,tj@51.75C,soc1@50.687C,VDD_IN,6120mW/5839mW,VDD_CPU_GPU_CV,1428mW/1401mW,VDD_SOC,2424mW/2414mW
07-27-2026,10:10:32,RAM,956/7620MB,(lfb,17x4MB),SWAP,141/3810MB,(cached,2MB),CPU,[0%@1344,0%@1344,0%@1344,9%@1344,0%@1344,9%@1344],GR3D_FREQ,0%,cpu@51.718C,soc2@49.656C,soc0@50.375C,gpu@51.343C,tj@51.718C,soc1@50.843C,VDD_IN,6120mW/5839mW,VDD_CPU_GPU_CV,1428mW/1401mW,VDD_SOC,2424mW/2414mW
07-27-2026,10:10:32,RAM,955/7620MB,(lfb,17x4MB),SWAP,141/3810MB,(cached,2MB),CPU,[16%@1344,9%@1344,0%@1344,10%@1344,9%@1344,0%@1344],GR3D_FREQ,0%,cpu@51.531C,soc2@49.718C,soc0@50.343C,gpu@51.218C,tj@51.531C,soc1@50.593C,VDD_IN,6160mW/5839mW,VDD_CPU_GPU_CV,1428mW/1401mW,VDD_SOC,2424mW/2414mW
07-27-2026,10:10:32,RAM,955/7620MB,(lfb,17x4MB),SWAP,141/3810MB,(cached,2MB),CPU,[9%@1344,0%@1344,8%@1344,16%@1344,0%@1344,0%@1344],GR3D_FREQ,0%,cpu@51.687C,soc2@49.593C,soc0@50.531C,gpu@51.687C,tj@51.687C,soc1@50.625C,VDD_IN,6160mW/5840mW,VDD_CPU_GPU_CV,1428mW/1401mW,VDD_SOC,2424mW/2414mW
07-27-2026,10:10:33,RAM,955/7620MB,(lfb,17x4MB),SWAP,141/3810MB,(cached,2MB),CPU,[10%@1344,0%@1344,0%@1344,0%@1344,0%@1344,9%@1344],GR3D_FREQ,0%,cpu@51.625C,soc2@49.75C,soc0@50.375C,gpu@51.375C,tj@51.625C,soc1@50.75C,VDD_IN,6120mW/5840mW,VDD_CPU_GPU_CV,1428mW/1401mW,VDD_SOC,2420mW/2414mW
07-27-2026,10:10:33,RAM,955/7620MB,(lfb,17x4MB),SWAP,141/3810MB,(cached,2MB),CPU,[16%@1344,0%@1344,0%@1344,9%@1344,0%@1344,8%@1344],GR3D_FREQ,0%,cpu@51.812C,soc2@49.562C,soc0@50.468C,gpu@51.218C,tj@51.812C,soc1@50.843C,VDD_IN,6041mW/5840mW,VDD_CPU_GPU_CV,1428mW/1401mW,VDD_SOC,2420mW/2414mW
07-27-2026,10:10:33,RAM,955/7620MB,(lfb,17x4MB),SWAP,141/3810MB,(cached,2MB),CPU,[0%@1344,0%@1344,0%@1344,9%@1344,0%@1344,0%@1344],GR3D_FREQ,0%,cpu@51.406C,soc2@49.625C,soc0@50.437C,gpu@51.718C,tj@51.718C,soc1@50.531C,VDD_IN,6001mW/5840mW,VDD_CPU_GPU_CV,1428mW/1401mW,VDD_SOC,2420mW/2414mW
07-27-2026,10:10:33,RAM,955/7620MB,(lfb,17x4MB),SWAP,141/3810MB,(cached,2MB),CPU,[10%@1344,9%@1344,0%@1344,0%@1344,0%@1344,0%@1344],GR3D_FREQ,0%,cpu@51.531C,soc2@49.562C,soc0@50.531C,gpu@51.531C,tj@51.531C,soc1@50.687C,VDD_IN,5961mW/5840mW,VDD_CPU_GPU_CV,1428mW/1401mW,VDD_SOC,2420mW/2414mW
07-27-2026,10:10:33,RAM,955/7620MB,(lfb,17x4MB),SWAP,141/3810MB,(cached,2MB),CPU,[9%@1344,0%@1344,0%@1344,18%@1344,0%@1344,0%@1344],GR3D_FREQ,0%,cpu@51.593C,soc2@49.687C,soc0@50.437C,gpu@51.25C,tj@51.593C,soc1@50.687C,VDD_IN,5921mW/5840mW,VDD_CPU_GPU_CV,1388mW/1401mW,VDD_SOC,2420mW/2414mW
07-27-2026,10:10:33,RAM,956/7620MB,(lfb,17x4MB),SWAP,141/3810MB,(cached,2MB),CPU,[10%@1344,0%@1344,0%@1344,0%@1344,0%@1344,0%@1344],GR3D_FREQ,0%,cpu@51.625C,soc2@49.718C,soc0@50.437C,gpu@51.687C,tj@51.687C,soc1@50.687C,VDD_IN,5882mW/5840mW,VDD_CPU_GPU_CV,1428mW/1401mW,VDD_SOC,2420mW/2414mW
07-27-2026,10:10:33,RAM,956/7620MB,(lfb,17x4MB),SWAP,141/3810MB,(cached,2MB),CPU,[0%@1344,0%@1344,0%@1344,0%@1344,0%@1344,0%@1344],GR3D_FREQ,0%,cpu@51.625C,soc2@49.5C,soc0@50.5C,gpu@51.468C,tj@51.468C,soc1@50.593C,VDD_IN,5882mW/5840mW,VDD_CPU_GPU_CV,1388mW/1401mW,VDD_SOC,2420mW/2414mW
07-27-2026,10:10:33,RAM,956/7620MB,(lfb,17x4MB),SWAP,141/3810MB,(cached,2MB),CPU,[16%@1344,9%@1344,0%@1344,18%@1344,0%@1344,0%@1344],GR3D_FREQ,0%,cpu@51.437C,soc2@49.656C,soc0@50.5C,gpu@51.968C,tj@51.968C,soc1@50.593C,VDD_IN,5842mW/5840mW,VDD_CPU_GPU_CV,1388mW/1401mW,VDD_SOC,2420mW/2414mW
07-27-2026,10:10:33,RAM,955/7620MB,(lfb,17x4MB),SWAP,141/3810MB,(cached,2MB),CPU,[10%@1344,0%@1344,9%@1344,16%@1344,9%@1344,0%@1344],GR3D_FREQ,0%,cpu@51.937C,soc2@49.625C,soc0@50.281C,gpu@51.25C,tj@51.937C,soc1@50.75C,VDD_IN,5882mW/5840mW,VDD_CPU_GPU_CV,1428mW/1401mW,VDD_SOC,2420mW/2414mW
07-27-2026,10:10:34,RAM,955/7620MB,(lfb,17x4MB),SWAP,141/3810MB,(cached,2MB),CPU,[16%@1344,0%@1344,0%@1344,0%@1344,0%@1344,0%@1344],GR3D_FREQ,0%,cpu@51.375C,soc2@49.562C,soc0@50.468C,gpu@51.218C,tj@51.375C,soc1@50.593C,VDD_IN,5882mW/5840mW,VDD_CPU_GPU_CV,1428mW/1401mW,VDD_SOC,2420mW/2414mW
07-27-2026,10:10:34,RAM,955/7620MB,(lfb,17x4MB),SWAP,141/3810MB,(cached,2MB),CPU,[18%@1344,0%@1344,0%@1344,9%@1344,0%@1344,0%@1344],GR3D_FREQ,0%,cpu@51.593C,soc2@49.625C,soc0@50.562C,gpu@51.812C,tj@51.812C,soc1@50.625C,VDD_IN,5882mW/5840mW,VDD_CPU_GPU_CV,1428mW/1401mW,VDD_SOC,2420mW/2414mW
07-27-2026,10:10:34,RAM,955/7620MB,(lfb,17x4MB),SWAP,141/3810MB,(cached,2MB),CPU,[9%@1344,0%@1344,0%@1344,10%@1344,0%@1344,0%@1344],GR3D_FREQ,0%,cpu@51.812C,soc2@49.625C,soc0@50.625C,gpu@51.406C,tj@51.812C,soc1@50.75C,VDD_IN,5842mW/5840mW,VDD_CPU_GPU_CV,1428mW/1401mW,VDD_SOC,2420mW/2414mW
07-27-2026,10:10:34,RAM,955/7620MB,(lfb,17x4MB),SWAP,141/3810MB,(cached,2MB),CPU,[9%@1344,0%@1344,0%@1344,9%@1344,0%@1344,0%@1344],GR3D_FREQ,0%,cpu@51.875C,soc2@49.75C,soc0@50.406C,gpu@51.25C,tj@51.875C,soc1@50.781C,VDD_IN,5842mW/5840mW,VDD_CPU_GPU_CV,1428mW/1401mW,VDD_SOC,2420mW/2414mW
07-27-2026,10:10:34,RAM,955/7620MB,(lfb,17x4MB),SWAP,141/3810MB,(cached,2MB),CPU,[9%@1344,9%@1344,0%@1344,9%@1344,0%@1344,0%@1344],GR3D_FREQ,0%,cpu@51.437C,soc2@49.625C,soc0@50.468C,gpu@51.687C,tj@51.687C,soc1@50.593C,VDD_IN,5842mW/5840mW,VDD_CPU_GPU_CV,1428mW/1401mW,VDD_SOC,2420mW/2414mW
07-27-2026,10:10:34,RAM,955/7620MB,(lfb,17x4MB),SWAP,141/3810MB,(cached,2MB),CPU,[0%@1344,0%@1344,0%@1344,10%@1344,0%@1344,0%@1344],GR3D_FREQ,0%,cpu@51.656C,soc2@49.625C,soc0@50.531C,gpu@51.531C,tj@51.656C,soc1@50.562C,VDD_IN,5842mW/5840mW,VDD_CPU_GPU_CV,1428mW/1401mW,VDD_SOC,2420mW/2414mW
07-27-2026,10:10:34,RAM,955/7620MB,(lfb,17x4MB),SWAP,141/3810MB,(cached,2MB),CPU,[9%@1344,9%@1344,0%@1344,0%@1344,0%@1344,0%@1344],GR3D_FREQ,0%,cpu@51.718C,soc2@49.656C,soc0@50.375C,gpu@51.218C,tj@51.718C,soc1@50.687C,VDD_IN,5842mW/5840mW,VDD_CPU_GPU_CV,1428mW/1401mW,VDD_SOC,2420mW/2414mW
07-27-2026,10:10:34,RAM,956/7620MB,(lfb,17x4MB),SWAP,141/3810MB,(cached,2MB),CPU,[10%@1344,9%@1344,0%@1344,9%@1344,0%@1344,0%@1344],GR3D_FREQ,0%,cpu@51.75C,soc2@49.625C,soc0@50.343C,gpu@51.656C,tj@51.75C,soc1@50.843C,VDD_IN,5842mW/5840mW,VDD_CPU_GPU_CV,1428mW/1401mW,VDD_SOC,2420mW/2414mW
07-27-2026,10:10:34,RAM,956/7620MB,(lfb,17x4MB),SWAP,141/3810MB,(cached,2MB),CPU,[16%@1344,8%@1344,0%@1344,10%@1344,0%@1344,0%@1344],GR3D_FREQ,0%,cpu@52.031C,soc2@49.625C,soc0@50.468C,gpu@51.406C,tj@51.531C,soc1@50.562C,VDD_IN,5842mW/5840mW,VDD_CPU_GPU_CV,1428mW/1401mW,VDD_SOC,2420mW/2414mW
07-27-2026,10:10:34,RAM,956/7620MB,(lfb,17x4MB),SWAP,141/3810MB,(cached,2MB),CPU,[9%@1344,0%@1344,0%@1344,0%@1344,0%@1344,0%@1344],GR3D_FREQ,0%,cpu@51.593C,soc2@49.562C,soc0@50.531C,gpu@51.281C,tj@51.593C,soc1@50.687C,VDD_IN,5842mW/5840mW,VDD_CPU_GPU_CV,1428mW/1401mW,VDD_SOC,2420mW/2414mW
07-27-2026,10:10:35,RAM,956/7620MB,(lfb,17x4MB),SWAP,141/3810MB,(cached,2MB),CPU,[0%@1344,0%@1344,0%@1344,16%@1344,0%@1344,0%@1344],GR3D_FREQ,0%,cpu@51.625C,soc2@49.718C,soc0@50.406C,gpu@51.593C,tj@51.687C,soc1@50.656C,VDD_IN,5842mW/5840mW,VDD_CPU_GPU_CV,1428mW/1401mW,VDD_SOC,2420mW/2414mW
07-27-2026,10:10:35,RAM,956/7620MB,(lfb,17x4MB),SWAP,141/3810MB,(cached,2MB),CPU,[9%@1344,0%@1344,0%@1344,0%@1344,0%@1344,0%@1344],GR3D_FREQ,0%,cpu@51.781C,soc2@49.718C,soc0@50.437C,gpu@51.531C,tj@51.781C,soc1@50.843C,VDD_IN,5802mW/5840mW,VDD_CPU_GPU_CV,1388mW/1401mW,VDD_SOC,2420mW/2414mW
07-27-2026,10:10:35,RAM,956/7620MB,(lfb,17x4MB),SWAP,141/3810MB,(cached,2MB),CPU,[9%@1344,0%@1344,0%@1344,16%@1344,0%@1344,0%@1344],GR3D_FREQ,0%,cpu@51.718C,soc2@49.5C,soc0@50.468C,gpu@51.437C,tj@51.531C,soc1@50.531C,VDD_IN,5802mW/5840mW,VDD_CPU_GPU_CV,1388mW/1401mW,VDD_SOC,2420mW/2414mW
07-27-2026,10:10:35,RAM,956/7620MB,(lfb,17x4MB),SWAP,141/3810MB,(cached,2MB),CPU,[18%@1344,0%@1344,0%@1344,0%@1344,0%@1344,0%@1344],GR3D_FREQ,0%,cpu@51.562C,soc2@49.5C,soc0@50.5C,gpu@51.656C,tj@51.656C,soc1@50.593C,VDD_IN,5802mW/5840mW,VDD_CPU_GPU_CV,1388mW/1401mW,VDD_SOC,2420mW/2414mW
07-27-2026,10:10:35,RAM,956/7620MB,(lfb,17x4MB),SWAP,141/3810MB,(cached,2MB),CPU,[9%@1344,0%@1344,0%@1344,10%@1344,0%@1344,0%@1344],GR3D_FREQ,0%,cpu@51.593C,soc2@49.718C,soc0@50.687C,gpu@51.5C,tj@51.593C,soc1@50.687C,VDD_IN,5802mW/5840mW,VDD_CPU_GPU_CV,1388mW/1401mW,VDD_SOC,2420mW/2414mW
07-27-2026,10:10:35,RAM,956/7620MB,(lfb,17x4MB),SWAP,141/3810MB,(cached,2MB),CPU,[10%@1344,8%@1344,0%@1344,9%@1344,9%@1344,0%@1344],GR3D_FREQ,0%,cpu@51.75C,soc2@49.781C,soc0@50.375C,gpu@51.343C,tj@51.75C,soc1@50.781C,VDD_IN,5802mW/5840mW,VDD_CPU_GPU_CV,1388mW/1401mW,VDD_SOC,2420mW/2414mW
07-27-2026,10:10:35,RAM,956/7620MB,(lfb,17x4MB),SWAP,141/3810MB,(cached,2MB),CPU,[9%@1344,0%@1344,0%@1344,9%@1344,0%@1344,0%@1344],GR3D_FREQ,0%,cpu@51.812C,soc2@49.5C,soc0@50.468C,gpu@51.562C,tj@51.812C,soc1@50.5C,VDD_IN,5802mW/5840mW,VDD_CPU_GPU_CV,1388mW/1401mW,VDD_SOC,2420mW/2414mW
07-27-2026,10:10:35,RAM,956/7620MB,(lfb,17x4MB),SWAP,141/3810MB,(cached,2MB),CPU,[16%@1344,0%@1344,0%@1344,0%@1344,0%@1344,0%@1344],GR3D_FREQ,0%,cpu@51.531C,soc2@49.593C,soc0@50.656C,gpu@51.187C,tj@51.937C,soc1@50.687C,VDD_IN,5802mW/5840mW,VDD_CPU_GPU_CV,1428mW/1401mW,VDD_SOC,2420mW/2414mW
07-27-2026,10:10:35,RAM,956/7620MB,(lfb,17x4MB),SWAP,141/3810MB,(cached,2MB),CPU,[10%@1344,8%@1344,0%@1344,16%@1344,0%@1344,16%@1344],GR3D_FREQ,0%,cpu@51.656C,soc2@49.718C,soc0@50.406C,gpu@51.718C,tj@51.718C,soc1@50.781C,VDD_IN,5842mW/5840mW,VDD_CPU_GPU_CV,1428mW/1401mW,VDD_SOC,2420mW/2414mW
07-27-2026,10:10:36,RAM,956/7620MB,(lfb,17x4MB),SWAP,141/3810MB,(cached,2MB),CPU,[0%@1344,0%@1344,0%@1344,10%@1344,0%@1344,0%@1344],GR3D_FREQ,0%,cpu@51.875C,soc2@49.656C,soc0@50.375C,gpu@51.531C,tj@51.875C,soc1@50.625C,VDD_IN,5842mW/5840mW,VDD_CPU_GPU_CV,1428mW/1401mW,VDD_SOC,2420mW/2414mW
07-27-2026,10:10:36,RAM,956/7620MB,(lfb,17x4MB),SWAP,141/3810MB,(cached,2MB),CPU,[9%@1344,0%@1344,0%@1344,9%@1344,0%@1344,0%@1344],GR3D_FREQ,0%,cpu@51.562C,soc2@49.593C,soc0@50.5C,gpu@51.125C,tj@51.562C,soc1@50.593C,VDD_IN,5842mW/5840mW,VDD_CPU_GPU_CV,1428mW/1401mW,VDD_SOC,2420mW/2414mW
07-27-2026,10:10:36,RAM,956/7620MB,(lfb,17x4MB),SWAP,141/3810MB,(cached,2MB),CPU,[10%@1344,0%@1344,0%@1344,10%@1344,0%@1344,0%@1344],GR3D_FREQ,0%,cpu@51.468C,soc2@49.687C,soc0@50.531C,gpu@51.625C,tj@51.906C,soc1@50.656C,VDD_IN,5842mW/5840mW,VDD_CPU_GPU_CV,1428mW/1401mW,VDD_SOC,2420mW/2414mW
07-27-2026,10:10:36,RAM,956/7620MB,(lfb,17x4MB),SWAP,141/3810MB,(cached,2MB),CPU,[9%@1344,0%@1344,0%@1344,0%@1344,0%@1344,0%@1344],GR3D_FREQ,0%,cpu@51.562C,soc2@49.625C,soc0@50.343C,gpu@51.468C,tj@51.562C,soc1@50.718C,VDD_IN,5802mW/5840mW,VDD_CPU_GPU_CV,1428mW/1401mW,VDD_SOC,2420mW/2414mW
07-27-2026,10:10:36,RAM,956/7620MB,(lfb,17x4MB),SWAP,141/3810MB,(cached,2MB),CPU,[9%@1344,0%@1344,0%@1344,16%@1344,8%@1344,0%@1344],GR3D_FREQ,0%,cpu@51.812C,soc2@49.562C,soc0@50.468C,gpu@51.875C,tj@51.875C,soc1@50.468C,VDD_IN,5802mW/5840mW,VDD_CPU_GPU_CV,1428mW/1401mW,VDD_SOC,2420mW/2414mW
07-27-2026,10:10:36,RAM,956/7620MB,(lfb,17x4MB),SWAP,141/3810MB,(cached,2MB),CPU,[9%@1344,0%@1344,0%@1344,10%@1344,0%@1344,0%@1344],GR3D_FREQ,0%,cpu@51.437C,soc2@49.5C,soc0@50.5C,gpu@51.531C,tj@51.531C,soc1@50.656C,VDD_IN,5802mW/5840mW,VDD_CPU_GPU_CV,1428mW/1401mW,VDD_SOC,2420mW/2414mW
07-27-2026,10:10:36,RAM,956/7620MB,(lfb,17x4MB),SWAP,141/3810MB,(cached,2MB),CPU,[18%@1344,0%@1344,0%@1344,0%@1344,9%@1344,0%@1344],GR3D_FREQ,0%,cpu@51.937C,soc2@49.562C,soc0@50.5C,gpu@51.5C,tj@51.937C,soc1@50.687C,VDD_IN,5802mW/5840mW,VDD_CPU_GPU_CV,1428mW/1401mW,VDD_SOC,2420mW/2414mW
07-27-2026,10:10:36,RAM,956/7620MB,(lfb,17x4MB),SWAP,141/3810MB,(cached,2MB),CPU,[9%@1344,0%@1344,0%@1344,0%@1344,0%@1344,0%@1344],GR3D_FREQ,0%,cpu@51.937C,soc2@49.687C,soc0@50.343C,gpu@51.781C,tj@51.937C,soc1@50.718C,VDD_IN,5802mW/5840mW,VDD_CPU_GPU_CV,1388mW/1401mW,VDD_SOC,2420mW/2414mW
07-27-2026,10:10:36,RAM,956/7620MB,(lfb,17x4MB),SWAP,141/3810MB,(cached,2MB),CPU,[9%@1344,9%@1344,0%@1344,18%@1344,0%@1344,0%@1344],GR3D_FREQ,0%,cpu@51.656C,soc2@49.531C,soc0@50.468C,gpu@51.593C,tj@51.625C,soc1@50.531C,VDD_IN,5802mW/5840mW,VDD_CPU_GPU_CV,1388mW/1401mW,VDD_SOC,2420mW/2414mW
07-27-2026,10:10:36,RAM,956/7620MB,(lfb,17x4MB),SWAP,141/3810MB,(cached,2MB),CPU,[0%@1344,0%@1344,9%@1344,9%@1344,0%@1344,9%@1344],GR3D_FREQ,0%,cpu@51.5C,soc2@49.562C,soc0@50.531C,gpu@51.437C,tj@51.5C,soc1@50.593C,VDD_IN,5842mW/5840mW,VDD_CPU_GPU_CV,1428mW/1401mW,VDD_SOC,2420mW/2414mW
07-27-2026,10:10:37,RAM,956/7620MB,(lfb,17x4MB),SWAP,141/3810MB,(cached,2MB),CPU,[9%@1344,0%@1344,0%@1344,10%@1344,0%@1344,0%@1344],GR3D_FREQ,0%,cpu@51.781C,soc2@49.625C,soc0@50.593C,gpu@51.687C,tj@51.781C,soc1@50.718C,VDD_IN,5842mW/5840mW,VDD_CPU_GPU_CV,1428mW/1401mW,VDD_SOC,2420mW/2414mW
07-27-2026,10:10:37,RAM,956/7620MB,(lfb,17x4MB),SWAP,141/3810MB,(cached,2MB),CPU,[16%@1344,0%@1344,0%@1344,0%@1344,25%@1344,9%@1344],GR3D_FREQ,0%,cpu@51.937C,soc2@49.718C,soc0@50.375C,gpu@51.562C,tj@51.937C,soc1@50.812C,VDD_IN,5882mW/5840mW,VDD_CPU_GPU_CV,1428mW/1401mW,VDD_SOC,2420mW/2414mW
07-27-2026,10:10:37,RAM,956/7620MB,(lfb,17x4MB),SWAP,141/3810MB,(cached,2MB),CPU,[10%@1344,0%@1344,0%@1344,16%@1344,0%@1344,0%@1344],GR3D_FREQ,0%,cpu@51.562C,soc2@49.5C,soc0@50.437C,gpu@51.437C,tj@51.562C,soc1@50.875C,VDD_IN,5961mW/5840mW,VDD_CPU_GPU_CV,1428mW/1401mW,VDD_SOC,2420mW/2414mW
07-27-2026,10:10:37,RAM,956/7620MB,(lfb,17x4MB),SWAP,141/3810MB,(cached,2MB),CPU,[16%@1344,0%@1344,0%@1344,10%@1344,9%@1344,0%@1344],GR3D_FREQ,0%,cpu@51.437C,soc2@49.593C,soc0@50.343C,gpu@51.312C,tj@51.437C,soc1@50.593C,VDD_IN,6001mW/5840mW,VDD_CPU_GPU_CV,1428mW/1401mW,VDD_SOC,2420mW/2414mW
07-27-2026,10:10:37,RAM,956/7620MB,(lfb,17x4MB),SWAP,141/3810MB,(cached,2MB),CPU,[0%@1344,0%@1344,0%@1344,9%@1344,0%@1344,0%@1344],GR3D_FREQ,0%,cpu@51.718C,soc2@49.718C,soc0@50.5C,gpu@51.531C,tj@51.718C,soc1@50.687C,VDD_IN,6041mW/5840mW,VDD_CPU_GPU_CV,1428mW/1401mW,VDD_SOC,2420mW/2414mW
07-27-2026,10:10:37,RAM,956/7620MB,(lfb,17x4MB),SWAP,141/3810MB,(cached,2MB),CPU,[10%@1344,0%@1344,9%@1344,0%@1344,8%@1344,9%@1344],GR3D_FREQ,0%,cpu@51.906C,soc2@49.625C,soc0@50.375C,gpu@51.375C,tj@51.906C,soc1@50.687C,VDD_IN,6041mW/5841mW,VDD_CPU_GPU_CV,1428mW/1401mW,VDD_SOC,2420mW/2414mW
07-27-2026,10:10:37,RAM,956/7620MB,(lfb,17x4MB),SWAP,141/3810MB,(cached,2MB),CPU,[16%@1344,0%@1344,8%@1344,9%@1344,9%@1344,0%@1344],GR3D_FREQ,0%,cpu@51.593C,soc2@49.562C,soc0@50.406C,gpu@51.625C,tj@51.625C,soc1@50.5C,VDD_IN,6080mW/5841mW,VDD_CPU_GPU_CV,1428mW/1401mW,VDD_SOC,2420mW/2414mW
07-27-2026,10:10:37,RAM,956/7620MB,(lfb,17x4MB),SWAP,141/3810MB,(cached,2MB),CPU,[0%@1344,0%@1344,0%@1344,18%@1344,0%@1344,0%@1344],GR3D_FREQ,0%,cpu@51.625C,soc2@49.593C,soc0@50.593C,gpu@51.437C,tj@51.625C,soc1@50.625C,VDD_IN,6120mW/5841mW,VDD_CPU_GPU_CV,1428mW/1401mW,VDD_SOC,2420mW/2414mW
07-27-2026,10:10:37,RAM,957/7620MB,(lfb,17x4MB),SWAP,141/3810MB,(cached,2MB),CPU,[10%@1344,0%@1344,9%@1344,9%@1344,16%@1344,0%@1344],GR3D_FREQ,0%,cpu@51.875C,soc2@49.781C,soc0@50.406C,gpu@51.781C,tj@51.875C,soc1@50.75C,VDD_IN,6160mW/5841mW,VDD_CPU_GPU_CV,1428mW/1401mW,VDD_SOC,2420mW/2414mW
07-27-2026,10:10:38,RAM,957/7620MB,(lfb,17x4MB),SWAP,141/3810MB,(cached,2MB),CPU,[16%@1344,0%@1344,0%@1344,0%@1344,0%@1344,9%@1344],GR3D_FREQ,0%,cpu@51.812C,soc2@49.593C,soc0@50.375C,gpu@51.593C,tj@51.812C,soc1@50.562C,VDD_IN,6160mW/5841mW,VDD_CPU_GPU_CV,1428mW/1401mW,VDD_SOC,2424mW/2414mW
07-27-2026,10:10:38,RAM,957/7620MB,(lfb,17x4MB),SWAP,141/3810MB,(cached,2MB),CPU,[16%@1344,8%@1344,0%@1344,9%@1344,0%@1344,0%@1344],GR3D_FREQ,0%,cpu@51.593C,soc2@49.562C,soc0@50.531C,gpu@51.5C,tj@51.593C,soc1@50.687C,VDD_IN,6160mW/5842mW,VDD_CPU_GPU_CV,1428mW/1401mW,VDD_SOC,2424mW/2414mW
07-27-2026,10:10:38,RAM,957/7620MB,(lfb,17x4MB),SWAP,141/3810MB,(cached,2MB),CPU,[10%@1344,0%@1344,0%@1344,9%@1344,0%@1344,0%@1344],GR3D_FREQ,0%,cpu@51.656C,soc2@49.656C,soc0@50.562C,gpu@51.718C,tj@51.656C,soc1@50.625C,VDD_IN,6160mW/5842mW,VDD_CPU_GPU_CV,1428mW/1401mW,VDD_SOC,2420mW/2414mW
07-27-2026,10:10:38,RAM,957/7620MB,(lfb,17x4MB),SWAP,141/3810MB,(cached,2MB),CPU,[0%@1344,0%@1344,0%@1344,10%@1344,0%@1344,0%@1344],GR3D_FREQ,0%,cpu@51.718C,soc2@49.625C,soc0@50.406C,gpu@51.531C,tj@51.718C,soc1@50.75C,VDD_IN,6080mW/5842mW,VDD_CPU_GPU_CV,1428mW/1401mW,VDD_SOC,2420mW/2414mW
07-27-2026,10:10:38,RAM,957/7620MB,(lfb,17x4MB),SWAP,141/3810MB,(cached,2MB),CPU,[9%@1344,0%@1344,0%@1344,9%@1344,0%@1344,0%@1344],GR3D_FREQ,0%,cpu@51.75C,soc2@49.593C,soc0@50.281C,gpu@51.437C,tj@51.75C,soc1@50.5C,VDD_IN,6001mW/5842mW,VDD_CPU_GPU_CV,1428mW/1401mW,VDD_SOC,2420mW/2414mW
07-27-2026,10:10:38,RAM,957/7620MB,(lfb,17x4MB),SWAP,141/3810MB,(cached,2MB),CPU,[10%@1344,0%@1344,0%@1344,10%@1344,0%@1344,0%@1344],GR3D_FREQ,0%,cpu@51.531C,soc2@49.531C,soc0@50.437C,gpu@51.25C,tj@51.531C,soc1@50.531C,VDD_IN,5961mW/5842mW,VDD_CPU_GPU_CV,1428mW/1401mW,VDD_SOC,2420mW/2414mW
07-27-2026,10:10:38,RAM,957/7620MB,(lfb,17x4MB),SWAP,141/3810MB,(cached,2MB),CPU,[9%@1344,0%@1344,0%@1344,9%@1344,0%@1344,0%@1344],GR3D_FREQ,0%,cpu@51.625C,soc2@49.531C,soc0@50.5C,gpu@51.5C,tj@51.625C,soc1@50.5C,VDD_IN,5921mW/5842mW,VDD_CPU_GPU_CV,1428mW/1401mW,VDD_SOC,2420mW/2414mW
07-27-2026,10:10:38,RAM,957/7620MB,(lfb,17x4MB),SWAP,141/3810MB,(cached,2MB),CPU,[0%@1344,9%@1344,0%@1344,9%@1344,0%@1344,8%@1344],GR3D_FREQ,0%,cpu@51.687C,soc2@49.531C,soc0@50.343C,gpu@51.468C,tj@51.687C,soc1@50.687C,VDD_IN,5921mW/5842mW,VDD_CPU_GPU_CV,1428mW/1401mW,VDD_SOC,2420mW/2414mW
07-27-2026,10:10:38,RAM,957/7620MB,(lfb,17x4MB),SWAP,141/3810MB,(cached,2MB),CPU,[18%@1344,0%@1344,0%@1344,10%@1344,0%@1344,0%@1344],GR3D_FREQ,0%,cpu@51.75C,soc2@49.687C,soc0@50.437C,gpu@51.343C,tj@51.75C,soc1@50.812C,VDD_IN,5882mW/5842mW,VDD_CPU_GPU_CV,1428mW/1402mW,VDD_SOC,2420mW/2414mW
07-27-2026,10:10:38,RAM,957/7620MB,(lfb,17x4MB),SWAP,141/3810MB,(cached,2MB),CPU,[9%@1344,0%@1344,9%@1344,0%@1344,9%@1344,0%@1344],GR3D_FREQ,0%,cpu@51.5C,soc2@49.593C,soc0@50.343C,gpu@51.468C,tj@51.5C,soc1@50.5C,VDD_IN,5882mW/5842mW,VDD_CPU_GPU_CV,1428mW/1402mW,VDD_SOC,2420mW/2414mW
07-27-2026,10:10:39,RAM,957/7620MB,(lfb,17x4MB),SWAP,141/3810MB,(cached,2MB),CPU,[9%@1344,0%@1344,0%@1344,16%@1344,9%@1344,0%@1344],GR3D_FREQ,0%,cpu@51.531C,soc2@49.5C,soc0@50.437C,gpu@51.343C,tj@51.531C,soc1@50.656C,VDD_IN,5882mW/5842mW,VDD_CPU_GPU_CV,1428mW/1402mW,VDD_SOC,2420mW/2414mW
07-27-2026,10:10:39,RAM,958/7620MB,(lfb,17x4MB),SWAP,141/3810MB,(cached,2MB),CPU,[10%@1344,0%@1344,0%@1344,9%@1344,0%@1344,0%@1344],GR3D_FREQ,0%,cpu@51.593C,soc2@49.75C,soc0@50.406C,gpu@51.25C,tj@51.593C,soc1@50.687C,VDD_IN,5842mW/5842mW,VDD_CPU_GPU_CV,1428mW/1402mW,VDD_SOC,2420mW/2414mW
07-27-2026,10:10:39,RAM,957/7620MB,(lfb,17x4MB),SWAP,141/3810MB,(cached,2MB),CPU,[9%@1344,0%@1344,0%@1344,0%@1344,0%@1344,0%@1344],GR3D_FREQ,0%,cpu@51.687C,soc2@49.781C,soc0@50.468C,gpu@51.468C,tj@51.687C,soc1@50.875C,VDD_IN,5842mW/5842mW,VDD_CPU_GPU_CV,1388mW/1402mW,VDD_SOC,2420mW/2414mW
07-27-2026,10:10:39,RAM,958/7620MB,(lfb,17x4MB),SWAP,141/3810MB,(cached,2MB),CPU,[9%@1344,0%@1344,0%@1344,18%@1344,0%@1344,0%@1344],GR3D_FREQ,0%,cpu@51.437C,soc2@49.687C,soc0@50.343C,gpu@51.375C,tj@51.437C,soc1@50.593C,VDD_IN,5842mW/5842mW,VDD_CPU_GPU_CV,1388mW/1402mW,VDD_SOC,2420mW/2414mW
07-27-2026,10:10:39,RAM,957/7620MB,(lfb,17x4MB),SWAP,141/3810MB,(cached,2MB),CPU,[9%@1344,0%@1344,0%@1344,0%@1344,9%@1344,0%@1344],GR3D_FREQ,0%,cpu@51.437C,soc2@49.5C,soc0@50.468C,gpu@51.281C,tj@51.437C,soc1@50.5C,VDD_IN,5842mW/5842mW,VDD_CPU_GPU_CV,1388mW/1402mW,VDD_SOC,2420mW/2414mW
07-27-2026,10:10:39,RAM,957/7620MB,(lfb,17x4MB),SWAP,141/3810MB,(cached,2MB),CPU,[10%@1344,0%@1344,0%@1344,9%@1344,8%@1344,0%@1344],GR3D_FREQ,0%,cpu@51.968C,soc2@49.5C,soc0@50.406C,gpu@51.406C,tj@51.968C,soc1@50.625C,VDD_IN,5802mW/5842mW,VDD_CPU_GPU_CV,1388mW/1402mW,VDD_SOC,2420mW/2414mW
07-27-2026,10:10:39,RAM,958/7620MB,(lfb,17x4MB),SWAP,141/3810MB,(cached,2MB),CPU,[16%@1344,9%@1344,0%@1344,10%@1344,0%@1344,0%@1344],GR3D_FREQ,0%,cpu@51.437C,soc2@49.5C,soc0@50.468C,gpu@51.281C,tj@51.593C,soc1@50.531C,VDD_IN,5842mW/5842mW,VDD_CPU_GPU_CV,1428mW/1402mW,VDD_SOC,2420mW/2414mW
07-27-2026,10:10:39,RAM,958/7620MB,(lfb,17x4MB),SWAP,141/3810MB,(cached,2MB),CPU,[9%@1344,0%@1344,0%@1344,9%@1344,0%@1344,0%@1344],GR3D_FREQ,0%,cpu@51.687C,soc2@49.531C,soc0@50.468C,gpu@51.562C,tj@51.687C,soc1@50.562C,VDD_IN,5842mW/5842mW,VDD_CPU_GPU_CV,1428mW/1402mW,VDD_SOC,2420mW/2414mW
07-27-2026,10:10:39,RAM,958/7620MB,(lfb,17x4MB),SWAP,141/3810MB,(cached,2MB),CPU,[10%@1344,9%@1344,9%@1344,10%@1344,9%@1344,0%@1344],GR3D_FREQ,0%,cpu@51.937C,soc2@49.656C,soc0@50.343C,gpu@51.375C,tj@51.937C,soc1@50.687C,VDD_IN,5842mW/5842mW,VDD_CPU_GPU_CV,1428mW/1402mW,VDD_SOC,2420mW/2414mW
07-27-2026,10:10:40,RAM,958/7620MB,(lfb,17x4MB),SWAP,141/3810MB,(cached,2MB),CPU,[9%@1344,0%@1344,0%@1344,16%@1344,0%@1344,0%@1344],GR3D_FREQ,0%,cpu@51.843C,soc2@49.562C,soc0@50.375C,gpu@51.343C,tj@51.843C,soc1@50.625C,VDD_IN,5842mW/5842mW,VDD_CPU_GPU_CV,1428mW/1402mW,VDD_SOC,2420mW/2414mW
07-27-2026,10:10:40,RAM,958/7620MB,(lfb,17x4MB),SWAP,141/3810MB,(cached,2MB),CPU,[0%@1344,8%@1344,0%@1344,0%@1344,0%@1344,0%@1344],GR3D_FREQ,0%,cpu@51.406C,soc2@49.562C,soc0@50.406C,gpu@51.468C,tj@51.468C,soc1@50.562C,VDD_IN,5842mW/5842mW,VDD_CPU_GPU_CV,1428mW/1402mW,VDD_SOC,2420mW/2414mW
07-27-2026,10:10:40,RAM,958/7620MB,(lfb,17x4MB),SWAP,141/3810MB,(cached,2MB),CPU,[9%@1344,0%@1344,0%@1344,0%@1344,0%@1344,0%@1344],GR3D_FREQ,0%,cpu@51.687C,soc2@49.562C,soc0@50.531C,gpu@51.312C,tj@51.687C,soc1@50.593C,VDD_IN,5842mW/5842mW,VDD_CPU_GPU_CV,1428mW/1402mW,VDD_SOC,2420mW/2414mW
07-27-2026,10:10:40,RAM,958/7620MB,(lfb,17x4MB),SWAP,141/3810MB,(cached,2MB),CPU,[10%@1344,9%@1344,0%@1344,16%@1344,0%@1344,0%@1344],GR3D_FREQ,0%,cpu@51.718C,soc2@49.812C,soc0@50.312C,gpu@51.375C,tj@51.718C,soc1@50.687C,VDD_IN,5842mW/5842mW,VDD_CPU_GPU_CV,1428mW/1402mW,VDD_SOC,2420mW/2414mW
07-27-2026,10:10:40,RAM,958/7620MB,(lfb,17x4MB),SWAP,141/3810MB,(cached,2MB),CPU,[9%@1344,0%@1344,0%@1344,0%@1344,0%@1344,0%@1344],GR3D_FREQ,0%,cpu@51.843C,soc2@49.5C,soc0@50.375C,gpu@51.218C,tj@51.843C,soc1@50.843C,VDD_IN,5802mW/5842mW,VDD_CPU_GPU_CV,1428mW/1402mW,VDD_SOC,2420mW/2414mW
07-27-2026,10:10:40,RAM,958/7620MB,(lfb,17x4MB),SWAP,141/3810MB,(cached,2MB),CPU,[16%@1344,9%@1344,0%@1344,18%@1344,0%@1344,0%@1344],GR3D_FREQ,0%,cpu@51.562C,soc2@49.656C,soc0@50.437C,gpu@51.312C,tj@51.562C,soc1@50.593C,VDD_IN,5802mW/5842mW,VDD_CPU_GPU_CV,1388mW/1402mW,VDD_SOC,2420mW/2414mW
07-27-2026,10:10:40,RAM,958/7620MB,(lfb,17x4MB),SWAP,141/3810MB,(cached,2MB),CPU,[10%@1344,0%@1344,0%@1344,0%@1344,0%@1344,0%@1344],GR3D_FREQ,0%,cpu@51.718C,soc2@49.625C,soc0@50.406C,gpu@51.281C,tj@51.718C,soc1@50.562C,VDD_IN,5802mW/5842mW,VDD_CPU_GPU_CV,1388mW/1402mW,VDD_SOC,2420mW/2414mW
07-27-2026,10:10:40,RAM,958/7620MB,(lfb,17x4MB),SWAP,141/3810MB,(cached,2MB),CPU,[10%@1344,0%@1344,0%@1344,0%@1344,0%@1344,0%@1344],GR3D_FREQ,0%,cpu@51.781C,soc2@49.562C,soc0@50.312C,gpu@51.187C,tj@51.781C,soc1@50.75C,VDD_IN,5802mW/5842mW,VDD_CPU_GPU_CV,1388mW/1402mW,VDD_SOC,2420mW/2414mW
07-27-2026,10:10:40,RAM,958/7620MB,(lfb,17x4MB),SWAP,141/3810MB,(cached,2MB),CPU,[9%@1344,0%@1344,9%@1344,16%@1344,0%@1344,0%@1344],GR3D_FREQ,0%,cpu@51.75C,soc2@49.562C,soc0@50.437C,gpu@51.781C,tj@51.781C,soc1@50.781C,VDD_IN,5802mW/5842mW,VDD_CPU_GPU_CV,1388mW/1402mW,VDD_SOC,2420mW/2414mW
07-27-2026,10:10:40,RAM,958/7620MB,(lfb,17x4MB),SWAP,141/3810MB,(cached,2MB),CPU,[18%@1344,0%@1344,16%@1344,0%@1344,0%@1344,23%@1344],GR3D_FREQ,0%,cpu@51.468C,soc2@49.5C,soc0@50.468C,gpu@51.218C,tj@51.468C,soc1@50.437C,VDD_IN,5842mW/5842mW,VDD_CPU_GPU_CV,1428mW/1402mW,VDD_SOC,2420mW/2414mW
07-27-2026,10:10:41,RAM,959/7620MB,(lfb,17x4MB),SWAP,141/3810MB,(cached,2MB),CPU,[0%@1344,8%@1344,0%@1344,16%@1344,0%@1344,0%@1344],GR3D_FREQ,0%,cpu@51.625C,soc2@49.5C,soc0@50.562C,gpu@51.187C,tj@51.625C,soc1@50.593C,VDD_IN,5842mW/5842mW,VDD_CPU_GPU_CV,1428mW/1402mW,VDD_SOC,2420mW/2414mW
07-27-2026,10:10:41,RAM,959/7620MB,(lfb,17x4MB),SWAP,141/3810MB,(cached,2MB),CPU,[10%@1344,0%@1344,0%@1344,0%@1344,0%@1344,0%@1344],GR3D_FREQ,0%,cpu@51.656C,soc2@49.656C,soc0@50.687C,gpu@51.687C,tj@51.687C,soc1@50.687C,VDD_IN,5802mW/5842mW,VDD_CPU_GPU_CV,1388mW/1402mW,VDD_SOC,2420mW/2414mW
07-27-2026,10:10:41,RAM,959/7620MB,(lfb,17x4MB),SWAP,141/3810MB,(cached,2MB),CPU,[9%@1344,0%@1344,0%@1344,0%@1344,0%@1344,0%@1344],GR3D_FREQ,0%,cpu@51.593C,soc2@49.531C,soc0@50.468C,gpu@51.218C,tj@51.593C,soc1@50.531C,VDD_IN,5802mW/5842mW,VDD_CPU_GPU_CV,1388mW/1402mW,VDD_SOC,2420mW/2414mW
07-27-2026,10:10:41,RAM,959/7620MB,(lfb,17x4MB),SWAP,141/3810MB,(cached,2MB),CPU,[23%@1344,0%@1344,0%@1344,16%@1344,0%@1344,0%@1344],GR3D_FREQ,0%,cpu@51.593C,soc2@49.5C,soc0@50.437C,gpu@51.187C,tj@51.593C,soc1@50.625C,VDD_IN,5802mW/5842mW,VDD_CPU_GPU_CV,1388mW/1402mW,VDD_SOC,2420mW/2414mW
07-27-2026,10:10:41,RAM,959/7620MB,(lfb,17x4MB),SWAP,141/3810MB,(cached,2MB),CPU,[18%@1344,0%@1344,0%@1344,9%@1344,0%@1344,0%@1344],GR3D_FREQ,0%,cpu@51.968C,soc2@49.656C,soc0@50.281C,gpu@51.25C,tj@51.968C,soc1@50.781C,VDD_IN,5802mW/5842mW,VDD_CPU_GPU_CV,1388mW/1402mW,VDD_SOC,2420mW/2414mW
07-27-2026,10:10:41,RAM,959/7620MB,(lfb,17x4MB),SWAP,141/3810MB,(cached,2MB),CPU,[0%@1344,0%@1344,0%@1344,10%@1344,0%@1344,0%@1344],GR3D_FREQ,0%,cpu@51.625C,soc2@49.531C,soc0@50.375C,gpu@51.156C,tj@51.437C,soc1@50.531C,VDD_IN,5802mW/5842mW,VDD_CPU_GPU_CV,1428mW/1402mW,VDD_SOC,2420mW/2414mW
07-27-2026,10:10:41,RAM,959/7620MB,(lfb,17x4MB),SWAP,141/3810MB,(cached,2MB),CPU,[18%@1344,9%@1344,0%@1344,9%@1344,0%@1344,0%@1344],GR3D_FREQ,0%,cpu@51.437C,soc2@49.562C,soc0@50.468C,gpu@51.687C,tj@51.687C,soc1@50.531C,VDD_IN,5802mW/5842mW,VDD_CPU_GPU_CV,1428mW/1402mW,VDD_SOC,2420mW/2414mW
07-27-2026,10:10:41,RAM,959/7620MB,(lfb,17x4MB),SWAP,141/3810MB,(cached,2MB),CPU,[9%@1344,0%@1344,9%@1344,10%@1344,0%@1344,0%@1344],GR3D_FREQ,0%,cpu@51.75C,soc2@49.656C,soc0@50.625C,gpu@51.593C,tj@51.75C,soc1@50.687C,VDD_IN,5802mW/5842mW,VDD_CPU_GPU_CV,1428mW/1402mW,VDD_SOC,2420mW/2414mW
07-27-2026,10:10:41,RAM,953/7620MB,(lfb,17x4MB),SWAP,130/3810MB,(cached,2MB),CPU,[10%@1344,10%@1344,0%@1344,0%@1344,0%@1344,9%@1344],GR3D_FREQ,0%,cpu@51.968C,soc2@49.593C,soc0@50.468C,gpu@51.156C,tj@51.968C,soc1@50.687C,VDD_IN,5842mW/5842mW,VDD_CPU_GPU_CV,1428mW/1402mW,VDD_SOC,2420mW/2414mW
07-27-2026,10:10:42,RAM,953/7620MB,(lfb,17x4MB),SWAP,130/3810MB,(cached,2MB),CPU,[0%@1344,0%@1344,0%@1344,16%@1344,0%@1344,0%@1344],GR3D_FREQ,0%,cpu@51.375C,soc2@49.468C,soc0@50.375C,gpu@51.687C,tj@51.687C,soc1@50.562C,VDD_IN,5842mW/5842mW,VDD_CPU_GPU_CV,1428mW/1402mW,VDD_SOC,2420mW/2414mW
07-27-2026,10:10:42,RAM,953/7620MB,(lfb,17x4MB),SWAP,130/3810MB,(cached,2MB),CPU,[18%@1344,0%@1344,0%@1344,0%@1344,0%@1344,0%@1344],GR3D_FREQ,0%,cpu@51.656C,soc2@49.468C,soc0@50.437C,gpu@51.5C,tj@51.656C,soc1@50.468C,VDD_IN,5842mW/5842mW,VDD_CPU_GPU_CV,1428mW/1402mW,VDD_SOC,2420mW/2414mW
07-27-2026,10:10:42,RAM,953/7620MB,(lfb,17x4MB),SWAP,130/3810MB,(cached,2MB),CPU,[9%@1344,9%@1344,0%@1344,16%@1344,0%@1344,0%@1344],GR3D_FREQ,0%,cpu@51.687C,soc2@49.562C,soc0@50.562C,gpu@51.406C,tj@51.687C,soc1@50.75C,VDD_IN,5842mW/5842mW,VDD_CPU_GPU_CV,1428mW/1402mW,VDD_SOC,2420mW/2414mW
07-27-2026,10:10:42,RAM,953/7620MB,(lfb,17x4MB),SWAP,130/3810MB,(cached,2MB),CPU,[18%@1344,0%@1344,0%@1344,0%@1344,0%@1344,0%@1344],GR3D_FREQ,0%,cpu@51.812C,soc2@49.593C,soc0@50.312C,gpu@51.687C,tj@51.812C,soc1@50.781C,VDD_IN,5842mW/5842mW,VDD_CPU_GPU_CV,1428mW/1402mW,VDD_SOC,2420mW/2414mW
07-27-2026,10:10:42,RAM,953/7620MB,(lfb,17x4MB),SWAP,130/3810MB,(cached,2MB),CPU,[9%@1344,0%@1344,0%@1344,0%@1344,0%@1344,0%@1344],GR3D_FREQ,0%,cpu@51.406C,soc2@49.468C,soc0@50.468C,gpu@51.531C,tj@51.531C,soc1@50.406C,VDD_IN,5802mW/5842mW,VDD_CPU_GPU_CV,1428mW/1402mW,VDD_SOC,2420mW/2414mW
07-27-2026,10:10:42,RAM,954/7620MB,(lfb,17x4MB),SWAP,130/3810MB,(cached,2MB),CPU,[0%@1344,0%@1344,0%@1344,18%@1344,9%@1344,0%@1344],GR3D_FREQ,0%,cpu@51.625C,soc2@49.531C,soc0@50.5C,gpu@51.375C,tj@51.625C,soc1@50.468C,VDD_IN,5882mW/5842mW,VDD_CPU_GPU_CV,1428mW/1402mW,VDD_SOC,2420mW/2414mW
07-27-2026,10:10:42,RAM,954/7620MB,(lfb,17x4MB),SWAP,130/3810MB,(cached,2MB),CPU,[18%@1344,0%@1344,0%@1344,0%@1344,9%@1344,8%@1344],GR3D_FREQ,0%,cpu@51.593C,soc2@49.5C,soc0@50.281C,gpu@51.218C,tj@51.593C,soc1@50.687C,VDD_IN,5961mW/5842mW,VDD_CPU_GPU_CV,1428mW/1402mW,VDD_SOC,2420mW/2414mW
07-27-2026,10:10:42,RAM,954/7620MB,(lfb,17x4MB),SWAP,130/3810MB,(cached,2MB),CPU,[9%@1344,0%@1344,0%@1344,0%@1344,10%@1344,0%@1344],GR3D_FREQ,0%,cpu@51.812C,soc2@49.5C,soc0@50.312C,gpu@51.468C,tj@51.812C,soc1@50.781C,VDD_IN,6001mW/5842mW,VDD_CPU_GPU_CV,1428mW/1402mW,VDD_SOC,2420mW/2414mW
07-27-2026,10:10:42,RAM,954/7620MB,(lfb,17x4MB),SWAP,130/3810MB,(cached,2MB),CPU,[25%@1344,8%@1344,9%@1344,0%@1344,0%@1344,0%@1344],GR3D_FREQ,0%,cpu@51.593C,soc2@49.593C,soc0@50.343C,gpu@51.312C,tj@51.593C,soc1@50.5C,VDD_IN,6041mW/5842mW,VDD_CPU_GPU_CV,1428mW/1402mW,VDD_SOC,2420mW/2414mW
07-27-2026,10:10:42,RAM,955/7620MB,(lfb,17x4MB),SWAP,130/3810MB,(cached,2MB),CPU,[0%@1344,0%@1344,9%@1344,0%@1344,18%@1344,0%@1344],GR3D_FREQ,0%,cpu@51.593C,soc2@49.5C,soc0@50.468C,gpu@51.281C,tj@51.593C,soc1@50.593C,VDD_IN,6080mW/5842mW,VDD_CPU_GPU_CV,1428mW/1402mW,VDD_SOC,2420mW/2414mW
07-27-2026,10:10:43,RAM,955/7620MB,(lfb,17x4MB),SWAP,130/3810MB,(cached,2MB),CPU,[10%@1344,0%@1344,0%@1344,0%@1344,0%@1344,0%@1344],GR3D_FREQ,0%,cpu@51.593C,soc2@49.468C,soc0@50.656C,gpu@51.437C,tj@51.593C,soc1@50.5C,VDD_IN,6080mW/5842mW,VDD_CPU_GPU_CV,1428mW/1402mW,VDD_SOC,2420mW/2414mW
07-27-2026,10:10:43,RAM,955/7620MB,(lfb,17x4MB),SWAP,130/3810MB,(cached,2MB),CPU,[9%@1344,0%@1344,0%@1344,0%@1344,18%@1344,0%@1344],GR3D_FREQ,0%,cpu@51.718C,soc2@49.562C,soc0@50.312C,gpu@51.343C,tj@51.718C,soc1@50.656C,VDD_IN,6080mW/5843mW,VDD_CPU_GPU_CV,1428mW/1402mW,VDD_SOC,2420mW/2414mW
07-27-2026,10:10:43,RAM,955/7620MB,(lfb,17x4MB),SWAP,130/3810MB,(cached,2MB),CPU,[9%@1344,9%@1344,0%@1344,0%@1344,0%@1344,0%@1344],GR3D_FREQ,0%,cpu@51.593C,soc2@49.5C,soc0@50.375C,gpu@51.25C,tj@51.437C,soc1@50.5C,VDD_IN,6080mW/5843mW,VDD_CPU_GPU_CV,1428mW/1402mW,VDD_SOC,2420mW/2414mW
07-27-2026,10:10:43,RAM,955/7620MB,(lfb,17x4MB),SWAP,130/3810MB,(cached,2MB),CPU,[10%@1344,0%@1344,0%@1344,0%@1344,9%@1344,0%@1344],GR3D_FREQ,0%,cpu@51.625C,soc2@49.593C,soc0@50.531C,gpu@51.218C,tj@51.625C,soc1@50.625C,VDD_IN,6120mW/5843mW,VDD_CPU_GPU_CV,1428mW/1402mW,VDD_SOC,2424mW/2414mW
07-27-2026,10:10:43,RAM,955/7620MB,(lfb,17x4MB),SWAP,130/3810MB,(cached,2MB),CPU,[16%@1344,0%@1344,0%@1344,9%@1344,18%@1344,0%@1344],GR3D_FREQ,0%,cpu@51.687C,soc2@49.562C,soc0@50.343C,gpu@51.687C,tj@51.687C,soc1@50.718C,VDD_IN,6120mW/5843mW,VDD_CPU_GPU_CV,1428mW/1402mW,VDD_SOC,2424mW/2414mW
07-27-2026,10:10:43,RAM,955/7620MB,(lfb,17x4MB),SWAP,130/3810MB,(cached,2MB),CPU,[10%@1344,0%@1344,0%@1344,0%@1344,9%@1344,0%@1344],GR3D_FREQ,0%,cpu@51.531C,soc2@49.562C,soc0@50.281C,gpu@51.5C,tj@51.531C,soc1@50.562C,VDD_IN,6120mW/5843mW,VDD_CPU_GPU_CV,1428mW/1402mW,VDD_SOC,2424mW/2414mW
07-27-2026,10:10:43,RAM,955/7620MB,(lfb,17x4MB),SWAP,130/3810MB,(cached,2MB),CPU,[9%@1344,8%@1344,0%@1344,0%@1344,0%@1344,0%@1344],GR3D_FREQ,0%,cpu@51.437C,soc2@49.625C,soc0@50.468C,gpu@51.343C,tj@51.437C,soc1@50.468C,VDD_IN,6120mW/5843mW,VDD_CPU_GPU_CV,1428mW/1402mW,VDD_SOC,2424mW/2414mW
07-27-2026,10:10:43,RAM,955/7620MB,(lfb,17x4MB),SWAP,130/3810MB,(cached,2MB),CPU,[10%@1344,9%@1344,0%@1344,9%@1344,9%@1344,0%@1344],GR3D_FREQ,0%,cpu@51.562C,soc2@49.562C,soc0@50.531C,gpu@51.656C,tj@51.656C,soc1@50.562C,VDD_IN,6120mW/5844mW,VDD_CPU_GPU_CV,1428mW/1402mW,VDD_SOC,2424mW/2414mW
07-27-2026,10:10:43,RAM,955/7620MB,(lfb,17x4MB),SWAP,130/3810MB,(cached,2MB),CPU,[0%@1344,0%@1344,0%@1344,9%@1344,9%@1344,0%@1344],GR3D_FREQ,0%,cpu@51.562C,soc2@49.625C,soc0@50.281C,gpu@51.437C,tj@51.562C,soc1@50.656C,VDD_IN,6160mW/5844mW,VDD_CPU_GPU_CV,1428mW/1402mW,VDD_SOC,2424mW/2414mW
07-27-2026,10:10:44,RAM,955/7620MB,(lfb,17x4MB),SWAP,130/3810MB,(cached,2MB),CPU,[18%@1344,9%@1344,0%@1344,0%@1344,0%@1344,8%@1344],GR3D_FREQ,0%,cpu@51.593C,soc2@49.593C,soc0@50.375C,gpu@51.343C,tj@51.593C,soc1@50.531C,VDD_IN,6170mW/5844mW,VDD_CPU_GPU_CV,1428mW/1402mW,VDD_SOC,2424mW/2414mW
07-27-2026,10:10:44,RAM,955/7620MB,(lfb,17x4MB),SWAP,130/3810MB,(cached,2MB),CPU,[16%@1344,0%@1344,0%@1344,8%@1344,0%@1344,0%@1344],GR3D_FREQ,0%,cpu@51.343C,soc2@49.5C,soc0@50.343C,gpu@51.593C,tj@51.593C,soc1@50.562C,VDD_IN,6120mW/5844mW,VDD_CPU_GPU_CV,1428mW/1402mW,VDD_SOC,2424mW/2414mW
07-27-2026,10:10:44,RAM,955/7620MB,(lfb,17x4MB),SWAP,130/3810MB,(cached,2MB),CPU,[10%@1344,0%@1344,0%@1344,0%@1344,25%@1344,0%@1344],GR3D_FREQ,0%,cpu@51.531C,soc2@49.5C,soc0@50.625C,gpu@51.375C,tj@51.531C,soc1@50.531C,VDD_IN,6080mW/5844mW,VDD_CPU_GPU_CV,1428mW/1402mW,VDD_SOC,2420mW/2414mW
07-27-2026,10:10:44,RAM,955/7620MB,(lfb,17x4MB),SWAP,130/3810MB,(cached,2MB),CPU,[0%@1344,0%@1344,0%@1344,0%@1344,0%@1344,9%@1344],GR3D_FREQ,0%,cpu@51.843C,soc2@49.656C,soc0@50.25C,gpu@51.312C,tj@51.843C,soc1@50.687C,VDD_IN,6041mW/5844mW,VDD_CPU_GPU_CV,1428mW/1402mW,VDD_SOC,2420mW/2414mW
07-27-2026,10:10:44,RAM,955/7620MB,(lfb,17x4MB),SWAP,130/3810MB,(cached,2MB),CPU,[9%@1344,0%@1344,0%@1344,0%@1344,10%@1344,0%@1344],GR3D_FREQ,0%,cpu@51.656C,soc2@49.5C,soc0@50.437C,gpu@51.562C,tj@51.656C,soc1@50.5C,VDD_IN,5961mW/5845mW,VDD_CPU_GPU_CV,1428mW/1402mW,VDD_SOC,2420mW/2414mW
07-27-2026,10:10:44,RAM,955/7620MB,(lfb,17x4MB),SWAP,130/3810MB,(cached,2MB),CPU,[10%@1344,0%@1344,0%@1344,0%@1344,9%@1344,0%@1344],GR3D_FREQ,0%,cpu@51.468C,soc2@49.468C,soc0@50.406C,gpu@51.468C,tj@51.468C,soc1@50.562C,VDD_IN,5961mW/5845mW,VDD_CPU_GPU_CV,1428mW/1402mW,VDD_SOC,2420mW/2414mW
07-27-2026,10:10:44,RAM,955/7620MB,(lfb,17x4MB),SWAP,130/3810MB,(cached,2MB),CPU,[9%@1344,0%@1344,0%@1344,0%@1344,0%@1344,0%@1344],GR3D_FREQ,0%,cpu@51.687C,soc2@49.593C,soc0@50.468C,gpu@51.343C,tj@51.687C,soc1@50.656C,VDD_IN,5921mW/5845mW,VDD_CPU_GPU_CV,1388mW/1402mW,VDD_SOC,2420mW/2414mW
07-27-2026,10:10:44,RAM,955/7620MB,(lfb,17x4MB),SWAP,130/3810MB,(cached,2MB),CPU,[9%@1344,9%@1344,0%@1344,0%@1344,18%@1344,0%@1344],GR3D_FREQ,0%,cpu@51.875C,soc2@49.593C,soc0@50.281C,gpu@51.156C,tj@51.875C,soc1@50.75C,VDD_IN,5882mW/5845mW,VDD_CPU_GPU_CV,1388mW/1402mW,VDD_SOC,2420mW/2414mW
07-27-2026,10:10:44,RAM,955/7620MB,(lfb,17x4MB),SWAP,130/3810MB,(cached,2MB),CPU,[18%@1344,0%@1344,0%@1344,0%@1344,0%@1344,0%@1344],GR3D_FREQ,0%,cpu@51.593C,soc2@49.437C,soc0@50.312C,gpu@51.281C,tj@51.593C,soc1@50.812C,VDD_IN,5882mW/5845mW,VDD_CPU_GPU_CV,1388mW/1402mW,VDD_SOC,2420mW/2414mW
07-27-2026,10:10:44,RAM,955/7620MB,(lfb,17x4MB),SWAP,130/3810MB,(cached,2MB),CPU,[9%@1344,0%@1344,9%@1344,9%@1344,9%@1344,0%@1344],GR3D_FREQ,0%,cpu@51.406C,soc2@49.562C,soc0@50.406C,gpu@51.312C,tj@51.406C,soc1@50.468C,VDD_IN,5882mW/5845mW,VDD_CPU_GPU_CV,1428mW/1402mW,VDD_SOC,2420mW/2414mW
07-27-2026,10:10:45,RAM,955/7620MB,(lfb,17x4MB),SWAP,130/3810MB,(cached,2MB),CPU,[0%@1344,9%@1344,0%@1344,0%@1344,10%@1344,0%@1344],GR3D_FREQ,0%,cpu@51.718C,soc2@49.468C,soc0@50.468C,gpu@51.25C,tj@51.718C,soc1@50.593C,VDD_IN,5842mW/5845mW,VDD_CPU_GPU_CV,1428mW/1402mW,VDD_SOC,2420mW/2414mW
07-27-2026,10:10:45,RAM,955/7620MB,(lfb,17x4MB),SWAP,130/3810MB,(cached,2MB),CPU,[16%@1344,0%@1344,0%@1344,0%@1344,0%@1344,0%@1344],GR3D_FREQ,0%,cpu@51.906C,soc2@49.593C,soc0@50.312C,gpu@51.031C,tj@51.906C,soc1@50.75C,VDD_IN,5842mW/5845mW,VDD_CPU_GPU_CV,1428mW/1402mW,VDD_SOC,2420mW/2414mW
07-27-2026,10:10:45,RAM,955/7620MB,(lfb,17x4MB),SWAP,130/3810MB,(cached,2MB),CPU,[18%@1344,16%@1344,8%@1344,0%@1344,16%@1344,0%@1344],GR3D_FREQ,0%,cpu@51.437C,soc2@49.593C,soc0@50.437C,gpu@51.562C,tj@51.437C,soc1@50.468C,VDD_IN,5842mW/5845mW,VDD_CPU_GPU_CV,1428mW/1402mW,VDD_SOC,2420mW/2414mW
07-27-2026,10:10:45,RAM,955/7620MB,(lfb,17x4MB),SWAP,130/3810MB,(cached,2MB),CPU,[9%@1344,0%@1344,0%@1344,0%@1344,10%@1344,0%@1344],GR3D_FREQ,0%,cpu@51.625C,soc2@49.593C,soc0@50.5C,gpu@51.375C,tj@51.625C,soc1@50.656C,VDD_IN,5842mW/5845mW,VDD_CPU_GPU_CV,1428mW/1402mW,VDD_SOC,2420mW/2414mW
07-27-2026,10:10:45,RAM,955/7620MB,(lfb,17x4MB),SWAP,130/3810MB,(cached,2MB),CPU,[0%@1344,0%@1344,0%@1344,0%@1344,9%@1344,9%@1344],GR3D_FREQ,0%,cpu@51.656C,soc2@49.687C,soc0@50.312C,gpu@51.25C,tj@51.656C,soc1@50.656C,VDD_IN,5842mW/5845mW,VDD_CPU_GPU_CV,1428mW/1402mW,VDD_SOC,2420mW/2414mW
07-27-2026,10:10:45,RAM,955/7620MB,(lfb,17x4MB),SWAP,130/3810MB,(cached,2MB),CPU,[18%@1344,0%@1344,0%@1344,0%@1344,0%@1344,0%@1344],GR3D_FREQ,0%,cpu@51.687C,soc2@49.5C,soc0@50.406C,gpu@51.187C,tj@51.687C,soc1@50.437C,VDD_IN,5842mW/5845mW,VDD_CPU_GPU_CV,1428mW/1402mW,VDD_SOC,2420mW/2414mW
07-27-2026,10:10:45,RAM,955/7620MB,(lfb,17x4MB),SWAP,130/3810MB,(cached,2MB),CPU,[9%@1344,0%@1344,0%@1344,0%@1344,16%@1344,0%@1344],GR3D_FREQ,0%,cpu@51.5C,soc2@49.531C,soc0@50.343C,gpu@51.406C,tj@51.5C,soc1@50.437C,VDD_IN,5842mW/5845mW,VDD_CPU_GPU_CV,1428mW/1402mW,VDD_SOC,2420mW/2414mW
07-27-2026,10:10:45,RAM,955/7620MB,(lfb,17x4MB),SWAP,130/3810MB,(cached,2MB),CPU,[10%@1344,0%@1344,0%@1344,0%@1344,0%@1344,0%@1344],GR3D_FREQ,0%,cpu@51.531C,soc2@49.5C,soc0@50.562C,gpu@51.375C,tj@51.562C,soc1@50.562C,VDD_IN,5842mW/5845mW,VDD_CPU_GPU_CV,1428mW/1402mW,VDD_SOC,2420mW/2414mW
07-27-2026,10:10:45,RAM,955/7620MB,(lfb,17x4MB),SWAP,130/3810MB,(cached,2MB),CPU,[9%@1344,9%@1344,0%@1344,8%@1344,10%@1344,0%@1344],GR3D_FREQ,0%,cpu@51.687C,soc2@49.625C,soc0@50.343C,gpu@51.218C,tj@51.687C,soc1@50.687C,VDD_IN,5802mW/5845mW,VDD_CPU_GPU_CV,1428mW/1402mW,VDD_SOC,2420mW/2414mW
07-27-2026,10:10:46,RAM,956/7620MB,(lfb,17x4MB),SWAP,130/3810MB,(cached,2MB),CPU,[9%@1344,0%@1344,0%@1344,0%@1344,0%@1344,0%@1344],GR3D_FREQ,0%,cpu@51.562C,soc2@49.437C,soc0@50.406C,gpu@51.343C,tj@51.562C,soc1@50.437C,VDD_IN,5842mW/5845mW,VDD_CPU_GPU_CV,1428mW/1402mW,VDD_SOC,2420mW/2414mW
07-27-2026,10:10:46,RAM,956/7620MB,(lfb,17x4MB),SWAP,130/3810MB,(cached,2MB),CPU,[10%@1344,0%@1344,0%@1344,0%@1344,16%@1344,0%@1344],GR3D_FREQ,0%,cpu@51.406C,soc2@49.468C,soc0@50.406C,gpu@51.281C,tj@51.406C,soc1@50.468C,VDD_IN,5842mW/5845mW,VDD_CPU_GPU_CV,1428mW/1402mW,VDD_SOC,2420mW/2414mW
07-27-2026,10:10:46,RAM,956/7620MB,(lfb,17x4MB),SWAP,130/3810MB,(cached,2MB),CPU,[9%@1344,0%@1344,9%@1344,0%@1344,0%@1344,0%@1344],GR3D_FREQ,0%,cpu@51.468C,soc2@49.5C,soc0@50.437C,gpu@51.218C,tj@51.468C,soc1@50.562C,VDD_IN,5802mW/5845mW,VDD_CPU_GPU_CV,1428mW/1402mW,VDD_SOC,2420mW/2414mW
07-27-2026,10:10:46,RAM,956/7620MB,(lfb,17x4MB),SWAP,130/3810MB,(cached,2MB),CPU,[16%@1344,0%@1344,0%@1344,0%@1344,16%@1344,0%@1344],GR3D_FREQ,0%,cpu@51.593C,soc2@49.562C,soc0@50.406C,gpu@51.125C,tj@51.562C,soc1@50.656C,VDD_IN,5802mW/5845mW,VDD_CPU_GPU_CV,1388mW/1402mW,VDD_SOC,2420mW/2414mW
07-27-2026,10:10:46,RAM,956/7620MB,(lfb,17x4MB),SWAP,130/3810MB,(cached,2MB),CPU,[10%@1344,0%@1344,0%@1344,0%@1344,0%@1344,0%@1344],GR3D_FREQ,0%,cpu@51.531C,soc2@49.5C,soc0@50.312C,gpu@51.25C,tj@51.531C,soc1@50.937C,VDD_IN,5802mW/5845mW,VDD_CPU_GPU_CV,1388mW/1402mW,VDD_SOC,2420mW/2414mW
07-27-2026,10:10:46,RAM,956/7620MB,(lfb,17x4MB),SWAP,130/3810MB,(cached,2MB),CPU,[9%@1344,0%@1344,0%@1344,0%@1344,0%@1344,0%@1344],GR3D_FREQ,0%,cpu@51.468C,soc2@49.5C,soc0@50.437C,gpu@51.218C,tj@51.468C,soc1@50.437C,VDD_IN,5802mW/5845mW,VDD_CPU_GPU_CV,1388mW/1402mW,VDD_SOC,2420mW/2414mW
07-27-2026,10:10:46,RAM,956/7620MB,(lfb,17x4MB),SWAP,130/3810MB,(cached,2MB),CPU,[9%@1344,0%@1344,0%@1344,0%@1344,16%@1344,0%@1344],GR3D_FREQ,0%,cpu@51.468C,soc2@49.5C,soc0@50.437C,gpu@51.125C,tj@51.468C,soc1@50.562C,VDD_IN,5802mW/5845mW,VDD_CPU_GPU_CV,1388mW/1402mW,VDD_SOC,2420mW/2414mW
07-27-2026,10:10:46,RAM,956/7620MB,(lfb,17x4MB),SWAP,130/3810MB,(cached,2MB),CPU,[0%@1344,0%@1344,0%@1344,0%@1344,9%@1344,0%@1344],GR3D_FREQ,0%,cpu@51.562C,soc2@49.531C,soc0@50.281C,gpu@51.281C,tj@51.468C,soc1@50.656C,VDD_IN,5802mW/5845mW,VDD_CPU_GPU_CV,1388mW/1402mW,VDD_SOC,2420mW/2414mW
07-27-2026,10:10:46,RAM,956/7620MB,(lfb,17x4MB),SWAP,130/3810MB,(cached,2MB),CPU,[9%@1344,9%@1344,0%@1344,0%@1344,10%@1344,0%@1344],GR3D_FREQ,0%,cpu@51.531C,soc2@49.5C,soc0@50.312C,gpu@51.187C,tj@51.531C,soc1@50.687C,VDD_IN,5802mW/5845mW,VDD_CPU_GPU_CV,1388mW/1402mW,VDD_SOC,2420mW/2414mW
07-27-2026,10:10:46,RAM,956/7620MB,(lfb,17x4MB),SWAP,130/3810MB,(cached,2MB),CPU,[9%@1344,9%@1344,0%@1344,0%@1344,9%@1344,9%@1344],GR3D_FREQ,0%,cpu@51.343C,soc2@49.5C,soc0@50.375C,gpu@51.75C,tj@51.75C,soc1@50.406C,VDD_IN,5842mW/5845mW,VDD_CPU_GPU_CV,1428mW/1402mW,VDD_SOC,2420mW/2414mW
07-27-2026,10:10:47,RAM,956/7620MB,(lfb,17x4MB),SWAP,130/3810MB,(cached,2MB),CPU,[10%@1344,0%@1344,0%@1344,0%@1344,0%@1344,0%@1344],GR3D_FREQ,0%,cpu@51.437C,soc2@49.593C,soc0@50.5C,gpu@51.5C,tj@51.5C,soc1@50.625C,VDD_IN,5802mW/5844mW,VDD_CPU_GPU_CV,1428mW/1402mW,VDD_SOC,2420mW/2414mW
07-27-2026,10:10:47,RAM,956/7620MB,(lfb,17x4MB),SWAP,130/3810MB,(cached,2MB),CPU,[9%@1344,0%@1344,8%@1344,8%@1344,18%@1344,0%@1344],GR3D_FREQ,0%,cpu@51.375C,soc2@49.5C,soc0@50.312C,gpu@51.218C,tj@51.375C,soc1@50.562C,VDD_IN,5802mW/5844mW,VDD_CPU_GPU_CV,1428mW/1402mW,VDD_SOC,2420mW/2414mW
07-27-2026,10:10:47,RAM,956/7620MB,(lfb,17x4MB),SWAP,130/3810MB,(cached,2MB),CPU,[18%@1344,0%@1344,0%@1344,0%@1344,9%@1344,0%@1344],GR3D_FREQ,0%,cpu@51.562C,soc2@49.5C,soc0@50.343C,gpu@51.312C,tj@51.562C,soc1@50.437C,VDD_IN,5842mW/5844mW,VDD_CPU_GPU_CV,1428mW/1402mW,VDD_SOC,2420mW/2414mW
07-27-2026,10:10:47,RAM,956/7620MB,(lfb,17x4MB),SWAP,130/3810MB,(cached,2MB),CPU,[9%@1344,0%@1344,0%@1344,0%@1344,10%@1344,0%@1344],GR3D_FREQ,0%,cpu@51.562C,soc2@49.5C,soc0@50.562C,gpu@51.218C,tj@51.562C,soc1@50.531C,VDD_IN,5842mW/5844mW,VDD_CPU_GPU_CV,1428mW/1402mW,VDD_SOC,2420mW/2414mW
07-27-2026,10:10:47,RAM,956/7620MB,(lfb,17x4MB),SWAP,130/3810MB,(cached,2MB),CPU,[16%@1344,0%@1344,0%@1344,0%@1344,0%@1344,0%@1344],GR3D_FREQ,0%,cpu@51.718C,soc2@49.593C,soc0@50.312C,gpu@51.093C,tj@51.718C,soc1@50.593C,VDD_IN,5842mW/5844mW,VDD_CPU_GPU_CV,1428mW/1402mW,VDD_SOC,2420mW/2414mW
07-27-2026,10:10:47,RAM,956/7620MB,(lfb,17x4MB),SWAP,130/3810MB,(cached,2MB),CPU,[0%@1344,0%@1344,0%@1344,0%@1344,16%@1344,0%@1344],GR3D_FREQ,0%,cpu@51.812C,soc2@49.406C,soc0@50.343C,gpu@51.312C,tj@51.812C,soc1@50.562C,VDD_IN,5802mW/5844mW,VDD_CPU_GPU_CV,1428mW/1402mW,VDD_SOC,2420mW/2414mW
07-27-2026,10:10:47,RAM,956/7620MB,(lfb,17x4MB),SWAP,130/3810MB,(cached,2MB),CPU,[9%@1344,0%@1344,0%@1344,0%@1344,0%@1344,0%@1344],GR3D_FREQ,0%,cpu@51.5C,soc2@49.437C,soc0@50.406C,gpu@51.25C,tj@51.5C,soc1@50.531C,VDD_IN,5802mW/5844mW,VDD_CPU_GPU_CV,1428mW/1402mW,VDD_SOC,2420mW/2414mW
07-27-2026,10:10:47,RAM,956/7620MB,(lfb,17x4MB),SWAP,130/3810MB,(cached,2MB),CPU,[18%@1344,0%@1344,0%@1344,0%@1344,9%@1344,0%@1344],GR3D_FREQ,0%,cpu@51.687C,soc2@49.5C,soc0@50.437C,gpu@51.093C,tj@51.687C,soc1@50.687C,VDD_IN,5802mW/5844mW,VDD_CPU_GPU_CV,1388mW/1402mW,VDD_SOC,2420mW/2414mW
07-27-2026,10:10:47,RAM,956/7620MB,(lfb,17x4MB),SWAP,130/3810MB,(cached,2MB),CPU,[9%@1344,0%@1344,0%@1344,0%@1344,9%@1344,0%@1344],GR3D_FREQ,0%,cpu@51.781C,soc2@49.593C,soc0@50.218C,gpu@51.625C,tj@51.781C,soc1@50.687C,VDD_IN,5802mW/5844mW,VDD_CPU_GPU_CV,1428mW/1402mW,VDD_SOC,2420mW/2414mW
07-27-2026,10:10:48,RAM,957/7620MB,(lfb,17x4MB),SWAP,130/3810MB,(cached,2MB),CPU,[0%@1344,0%@1344,0%@1344,0%@1344,10%@1344,0%@1344],GR3D_FREQ,0%,cpu@51.75C,soc2@49.406C,soc0@50.281C,gpu@51.187C,tj@51.437C,soc1@50.375C,VDD_IN,5842mW/5844mW,VDD_CPU_GPU_CV,1428mW/1402mW,VDD_SOC,2420mW/2414mW
07-27-2026,10:10:48,RAM,957/7620MB,(lfb,17x4MB),SWAP,130/3810MB,(cached,2MB),CPU,[16%@1344,0%@1344,0%@1344,9%@1344,0%@1344,0%@1344],GR3D_FREQ,0%,cpu@51.375C,soc2@49.468C,soc0@50.406C,gpu@51.656C,tj@51.656C,soc1@50.531C,VDD_IN,5842mW/5844mW,VDD_CPU_GPU_CV,1428mW/1402mW,VDD_SOC,2420mW/2414mW
07-27-2026,10:10:48,RAM,957/7620MB,(lfb,17x4MB),SWAP,130/3810MB,(cached,2MB),CPU,[9%@1344,0%@1344,8%@1344,0%@1344,18%@1344,0%@1344],GR3D_FREQ,0%,cpu@51.531C,soc2@49.531C,soc0@50.468C,gpu@51.437C,tj@51.531C,soc1@50.562C,VDD_IN,5802mW/5844mW,VDD_CPU_GPU_CV,1428mW/1402mW,VDD_SOC,2420mW/2414mW
07-27-2026,10:10:48,RAM,957/7620MB,(lfb,17x4MB),SWAP,130/3810MB,(cached,2MB),CPU,[10%@1344,9%@1344,0%@1344,0%@1344,0%@1344,0%@1344],GR3D_FREQ,0%,cpu@51.687C,soc2@49.593C,soc0@50.281C,gpu@51.375C,tj@51.687C,soc1@50.625C,VDD_IN,5802mW/5844mW,VDD_CPU_GPU_CV,1388mW/1402mW,VDD_SOC,2420mW/2414mW
07-27-2026,10:10:48,RAM,957/7620MB,(lfb,17x4MB),SWAP,130/3810MB,(cached,2MB),CPU,[16%@1344,0%@1344,10%@1344,0%@1344,9%@1344,9%@1344],GR3D_FREQ,0%,cpu@51.656C,soc2@49.5C,soc0@50.406C,gpu@51.625C,tj@51.656C,soc1@50.468C,VDD_IN,5921mW/5844mW,VDD_CPU_GPU_CV,1428mW/1402mW,VDD_SOC,2420mW/2414mW
07-27-2026,10:10:48,RAM,957/7620MB,(lfb,17x4MB),SWAP,130/3810MB,(cached,2MB),CPU,[0%@1344,0%@1344,0%@1344,0%@1344,10%@1344,0%@1344],GR3D_FREQ,0%,cpu@51.406C,soc2@49.562C,soc0@50.375C,gpu@51.468C,tj@51.468C,soc1@50.531C,VDD_IN,5961mW/5844mW,VDD_CPU_GPU_CV,1428mW/1402mW,VDD_SOC,2420mW/2414mW
07-27-2026,10:10:48,RAM,957/7620MB,(lfb,17x4MB),SWAP,130/3810MB,(cached,2MB),CPU,[18%@1344,16%@1344,0%@1344,0%@1344,9%@1344,0%@1344],GR3D_FREQ,0%,cpu@51.468C,soc2@49.531C,soc0@50.468C,gpu@51.312C,tj@51.468C,soc1@50.5C,VDD_IN,6001mW/5845mW,VDD_CPU_GPU_CV,1428mW/1402mW,VDD_SOC,2420mW/2414mW
07-27-2026,10:10:48,RAM,957/7620MB,(lfb,17x4MB),SWAP,130/3810MB,(cached,2MB),CPU,[9%@1344,0%@1344,9%@1344,0%@1344,0%@1344,8%@1344],GR3D_FREQ,0%,cpu@51.5C,soc2@49.625C,soc0@50.25C,gpu@51.218C,tj@51.5C,soc1@50.687C,VDD_IN,6041mW/5845mW,VDD_CPU_GPU_CV,1428mW/1402mW,VDD_SOC,2420mW/2414mW
07-27-2026,10:10:48,RAM,957/7620MB,(lfb,17x4MB),SWAP,130/3810MB,(cached,2MB),CPU,[18%@1344,0%@1344,0%@1344,0%@1344,16%@1344,0%@1344],GR3D_FREQ,0%,cpu@51.562C,soc2@49.437C,soc0@50.375C,gpu@51.5C,tj@51.562C,soc1@50.468C,VDD_IN,6041mW/5845mW,VDD_CPU_GPU_CV,1428mW/1402mW,VDD_SOC,2420mW/2414mW
07-27-2026,10:10:48,RAM,958/7620MB,(lfb,17x4MB),SWAP,130/3810MB,(cached,2MB),CPU,[10%@1344,9%@1344,8%@1344,0%@1344,0%@1344,8%@1344],GR3D_FREQ,0%,cpu@51.781C,soc2@49.5C,soc0@50.187C,gpu@51.093C,tj@51.781C,soc1@50.656C,VDD_IN,6120mW/5845mW,VDD_CPU_GPU_CV,1428mW/1402mW,VDD_SOC,2420mW/2414mW
07-27-2026,10:10:49,RAM,957/7620MB,(lfb,17x4MB),SWAP,130/3810MB,(cached,2MB),CPU,[9%@1344,0%@1344,0%@1344,0%@1344,9%@1344,0%@1344],GR3D_FREQ,0%,cpu@51.437C,soc2@49.5C,soc0@50.375C,gpu@51.593C,tj@51.593C,soc1@50.687C,VDD_IN,6120mW/5845mW,VDD_CPU_GPU_CV,1428mW/1403mW,VDD_SOC,2420mW/2414mW
07-27-2026,10:10:49,RAM,957/7620MB,(lfb,17x4MB),SWAP,130/3810MB,(cached,2MB),CPU,[9%@1344,0%@1344,0%@1344,0%@1344,0%@1344,0%@1344],GR3D_FREQ,0%,cpu@51.312C,soc2@49.5C,soc0@50.468C,gpu@51.343C,tj@51.343C,soc1@50.437C,VDD_IN,6120mW/5845mW,VDD_CPU_GPU_CV,1428mW/1403mW,VDD_SOC,2420mW/2414mW
07-27-2026,10:10:49,RAM,957/7620MB,(lfb,17x4MB),SWAP,130/3810MB,(cached,2MB),CPU,[10%@1344,0%@1344,9%@1344,0%@1344,0%@1344,0%@1344],GR3D_FREQ,0%,cpu@51.468C,soc2@49.437C,soc0@50.437C,gpu@51.312C,tj@51.468C,soc1@50.562C,VDD_IN,6120mW/5845mW,VDD_CPU_GPU_CV,1388mW/1403mW,VDD_SOC,2424mW/2414mW
07-27-2026,10:10:49,RAM,957/7620MB,(lfb,17x4MB),SWAP,130/3810MB,(cached,2MB),CPU,[0%@1344,0%@1344,0%@1344,0%@1344,0%@1344,0%@1344],GR3D_FREQ,0%,cpu@51.687C,soc2@49.531C,soc0@50.562C,gpu@51.531C,tj@51.687C,soc1@50.562C,VDD_IN,6080mW/5846mW,VDD_CPU_GPU_CV,1388mW/1402mW,VDD_SOC,2420mW/2414mW
07-27-2026,10:10:49,RAM,957/7620MB,(lfb,17x4MB),SWAP,130/3810MB,(cached,2MB),CPU,[25%@1344,8%@1344,0%@1344,0%@1344,0%@1344,0%@1344],GR3D_FREQ,0%,cpu@51.906C,soc2@49.406C,soc0@50.312C,gpu@51.312C,tj@51.906C,soc1@50.437C,VDD_IN,6080mW/5846mW,VDD_CPU_GPU_CV,1388mW/1402mW,VDD_SOC,2424mW/2414mW
07-27-2026,10:10:49,RAM,957/7620MB,(lfb,17x4MB),SWAP,130/3810MB,(cached,2MB),CPU,[9%@1344,0%@1344,0%@1344,0%@1344,0%@1344,0%@1344],GR3D_FREQ,0%,cpu@51.406C,soc2@49.437C,soc0@50.375C,gpu@51.218C,tj@51.406C,soc1@50.437C,VDD_IN,6080mW/5846mW,VDD_CPU_GPU_CV,1388mW/1402mW,VDD_SOC,2424mW/2414mW
07-27-2026,10:10:49,RAM,957/7620MB,(lfb,17x4MB),SWAP,130/3810MB,(cached,2MB),CPU,[9%@1344,0%@1344,0%@1344,0%@1344,10%@1344,0%@1344],GR3D_FREQ,0%,cpu@51.593C,soc2@49.468C,soc0@50.468C,gpu@51.218C,tj@51.593C,soc1@50.531C,VDD_IN,6080mW/5846mW,VDD_CPU_GPU_CV,1388mW/1402mW,VDD_SOC,2424mW/2414mW
07-27-2026,10:10:49,RAM,958/7620MB,(lfb,17x4MB),SWAP,130/3810MB,(cached,2MB),CPU,[0%@1344,0%@1344,0%@1344,0%@1344,50%@1344,0%@1344],GR3D_FREQ,0%,cpu@51.718C,soc2@49.5C,soc0@50.281C,gpu@51.25C,tj@51.718C,soc1@50.625C,VDD_IN,6120mW/5846mW,VDD_CPU_GPU_CV,1468mW/1403mW,VDD_SOC,2420mW/2414mW
07-27-2026,10:10:49,RAM,958/7620MB,(lfb,17x4MB),SWAP,130/3810MB,(cached,2MB),CPU,[9%@1344,9%@1344,0%@1344,0%@1344,0%@1344,0%@1344],GR3D_FREQ,0%,cpu@51.75C,soc2@49.468C,soc0@50.218C,gpu@51.281C,tj@51.75C,soc1@50.687C,VDD_IN,6041mW/5846mW,VDD_CPU_GPU_CV,1428mW/1403mW,VDD_SOC,2420mW/2414mW
07-27-2026,10:10:50,RAM,958/7620MB,(lfb,17x4MB),SWAP,130/3810MB,(cached,2MB),CPU,[10%@1344,0%@1344,9%@1344,0%@1344,10%@1344,9%@1344],GR3D_FREQ,0%,cpu@51.437C,soc2@49.406C,soc0@50.281C,gpu@51.187C,tj@51.437C,soc1@50.5C,VDD_IN,6001mW/5846mW,VDD_CPU_GPU_CV,1428mW/1403mW,VDD_SOC,2420mW/2414mW
07-27-2026,10:10:50,RAM,958/7620MB,(lfb,17x4MB),SWAP,130/3810MB,(cached,2MB),CPU,[23%@1344,0%@1344,0%@1344,0%@1344,9%@1344,0%@1344],GR3D_FREQ,0%,cpu@51.406C,soc2@49.468C,soc0@50.437C,gpu@51.25C,tj@51.406C,soc1@50.562C,VDD_IN,5961mW/5846mW,VDD_CPU_GPU_CV,1428mW/1403mW,VDD_SOC,2420mW/2414mW
07-27-2026,10:10:50,RAM,958/7620MB,(lfb,17x4MB),SWAP,130/3810MB,(cached,2MB),CPU,[9%@1344,0%@1344,0%@1344,0%@1344,9%@1344,0%@1344],GR3D_FREQ,0%,cpu@51.718C,soc2@49.625C,soc0@50.25C,gpu@51.25C,tj@51.718C,soc1@50.562C,VDD_IN,5921mW/5846mW,VDD_CPU_GPU_CV,1428mW/1403mW,VDD_SOC,2420mW/2414mW
07-27-2026,10:10:50,RAM,958/7620MB,(lfb,17x4MB),SWAP,130/3810MB,(cached,2MB),CPU,[9%@1344,0%@1344,0%@1344,0%@1344,10%@1344,0%@1344],GR3D_FREQ,0%,cpu@51.656C,soc2@49.468C,soc0@50.281C,gpu@51.125C,tj@51.656C,soc1@50.718C,VDD_IN,5882mW/5846mW,VDD_CPU_GPU_CV,1428mW/1403mW,VDD_SOC,2420mW/2414mW
07-27-2026,10:10:50,RAM,958/7620MB,(lfb,17x4MB),SWAP,130/3810MB,(cached,2MB),CPU,[10%@1344,9%@1344,0%@1344,0%@1344,0%@1344,0%@1344],GR3D_FREQ,0%,cpu@51.437C,soc2@49.5C,soc0@50.375C,gpu@51.031C,tj@51.437C,soc1@50.406C,VDD_IN,5882mW/5846mW,VDD_CPU_GPU_CV,1428mW/1403mW,VDD_SOC,2420mW/2414mW
07-27-2026,10:10:50,RAM,958/7620MB,(lfb,17x4MB),SWAP,130/3810MB,(cached,2MB),CPU,[9%@1344,0%@1344,0%@1344,0%@1344,9%@1344,0%@1344],GR3D_FREQ,0%,cpu@51.406C,soc2@49.5C,soc0@50.343C,gpu@51.156C,tj@51.406C,soc1@50.5C,VDD_IN,5842mW/5846mW,VDD_CPU_GPU_CV,1388mW/1403mW,VDD_SOC,2420mW/2414mW
07-27-2026,10:10:50,RAM,958/7620MB,(lfb,17x4MB),SWAP,130/3810MB,(cached,2MB),CPU,[9%@1344,0%@1344,8%@1344,0%@1344,10%@1344,0%@1344],GR3D_FREQ,0%,cpu@51.625C,soc2@49.468C,soc0@50.312C,gpu@51.156C,tj@51.625C,soc1@50.593C,VDD_IN,5842mW/5846mW,VDD_CPU_GPU_CV,1388mW/1403mW,VDD_SOC,2420mW/2414mW
07-27-2026,10:10:50,RAM,958/7620MB,(lfb,17x4MB),SWAP,130/3810MB,(cached,2MB),CPU,[0%@1344,0%@1344,0%@1344,0%@1344,16%@1344,0%@1344],GR3D_FREQ,0%,cpu@51.625C,soc2@49.406C,soc0@50.187C,gpu@51.656C,tj@51.656C,soc1@50.687C,VDD_IN,5842mW/5846mW,VDD_CPU_GPU_CV,1388mW/1403mW,VDD_SOC,2420mW/2414mW
07-27-2026,10:10:50,RAM,959/7620MB,(lfb,17x4MB),SWAP,130/3810MB,(cached,2MB),CPU,[18%@1344,0%@1344,0%@1344,0%@1344,9%@1344,0%@1344],GR3D_FREQ,0%,cpu@51.343C,soc2@49.5C,soc0@50.406C,gpu@51.125C,tj@51.687C,soc1@50.562C,VDD_IN,5802mW/5846mW,VDD_CPU_GPU_CV,1388mW/1403mW,VDD_SOC,2420mW/2414mW
07-27-2026,10:10:51,RAM,959/7620MB,(lfb,17x4MB),SWAP,130/3810MB,(cached,2MB),CPU,[9%@1344,0%@1344,9%@1344,9%@1344,10%@1344,0%@1344],GR3D_FREQ,0%,cpu@51.906C,soc2@49.562C,soc0@50.25C,gpu@51.093C,tj@51.906C,soc1@50.562C,VDD_IN,5842mW/5846mW,VDD_CPU_GPU_CV,1428mW/1403mW,VDD_SOC,2420mW/2414mW
07-27-2026,10:10:51,RAM,959/7620MB,(lfb,17x4MB),SWAP,130/3810MB,(cached,2MB),CPU,[9%@1344,0%@1344,0%@1344,0%@1344,9%@1344,0%@1344],GR3D_FREQ,0%,cpu@51.687C,soc2@49.343C,soc0@50.281C,gpu@51.218C,tj@51.687C,soc1@50.312C,VDD_IN,5842mW/5846mW,VDD_CPU_GPU_CV,1428mW/1403mW,VDD_SOC,2420mW/2414mW
07-27-2026,10:10:51,RAM,959/7620MB,(lfb,17x4MB),SWAP,130/3810MB,(cached,2MB),CPU,[10%@1344,0%@1344,0%@1344,0%@1344,10%@1344,0%@1344],GR3D_FREQ,0%,cpu@51.437C,soc2@49.437C,soc0@50.343C,gpu@51.187C,tj@51.437C,soc1@50.531C,VDD_IN,5842mW/5846mW,VDD_CPU_GPU_CV,1428mW/1403mW,VDD_SOC,2420mW/2414mW
07-27-2026,10:10:51,RAM,959/7620MB,(lfb,17x4MB),SWAP,130/3810MB,(cached,2MB),CPU,[9%@1344,0%@1344,0%@1344,0%@1344,9%@1344,0%@1344],GR3D_FREQ,0%,cpu@51.687C,soc2@49.5C,soc0@50.468C,gpu@51.093C,tj@51.687C,soc1@50.437C,VDD_IN,5842mW/5846mW,VDD_CPU_GPU_CV,1428mW/1403mW,VDD_SOC,2420mW/2414mW
07-27-2026,10:10:51,RAM,959/7620MB,(lfb,17x4MB),SWAP,130/3810MB,(cached,2MB),CPU,[16%@1344,0%@1344,0%@1344,0%@1344,0%@1344,0%@1344],GR3D_FREQ,0%,cpu@51.843C,soc2@49.5C,soc0@50.218C,gpu@51.562C,tj@51.843C,soc1@50.687C,VDD_IN,5842mW/5846mW,VDD_CPU_GPU_CV,1428mW/1403mW,VDD_SOC,2420mW/2414mW
07-27-2026,10:10:51,RAM,959/7620MB,(lfb,17x4MB),SWAP,130/3810MB,(cached,2MB),CPU,[18%@1344,0%@1344,0%@1344,0%@1344,10%@1344,9%@1344],GR3D_FREQ,0%,cpu@51.5C,soc2@49.437C,soc0@50.281C,gpu@51.156C,tj@51.5C,soc1@50.781C,VDD_IN,5842mW/5846mW,VDD_CPU_GPU_CV,1428mW/1403mW,VDD_SOC,2420mW/2414mW
07-27-2026,10:10:51,RAM,959/7620MB,(lfb,17x4MB),SWAP,130/3810MB,(cached,2MB),CPU,[0%@1344,0%@1344,0%@1344,0%@1344,9%@1344,0%@1344],GR3D_FREQ,0%,cpu@51.375C,soc2@49.343C,soc0@50.343C,gpu@51.062C,tj@51.375C,soc1@50.406C,VDD_IN,5802mW/5846mW,VDD_CPU_GPU_CV,1428mW/1403mW,VDD_SOC,2420mW/2414mW
07-27-2026,10:10:51,RAM,959/7620MB,(lfb,17x4MB),SWAP,130/3810MB,(cached,2MB),CPU,[9%@1344,0%@1344,0%@1344,0%@1344,16%@1344,0%@1344],GR3D_FREQ,0%,cpu@51.562C,soc2@49.468C,soc0@50.437C,gpu@51.468C,tj@51.562C,soc1@50.468C,VDD_IN,5802mW/5846mW,VDD_CPU_GPU_CV,1388mW/1403mW,VDD_SOC,2420mW/2414mW
07-27-2026,10:10:51,RAM,959/7620MB,(lfb,17x4MB),SWAP,130/3810MB,(cached,2MB),CPU,[10%@1344,0%@1344,0%@1344,0%@1344,0%@1344,0%@1344],GR3D_FREQ,0%,cpu@51.656C,soc2@49.468C,soc0@50.281C,gpu@51.125C,tj@51.656C,soc1@50.625C,VDD_IN,5802mW/5846mW,VDD_CPU_GPU_CV,1388mW/1403mW,VDD_SOC,2420mW/2414mW
07-27-2026,10:10:51,RAM,959/7620MB,(lfb,17x4MB),SWAP,130/3810MB,(cached,2MB),CPU,[9%@1344,0%@1344,0%@1344,0%@1344,9%@1344,0%@1344],GR3D_FREQ,0%,cpu@51.406C,soc2@49.375C,soc0@50.343C,gpu@51.625C,tj@51.625C,soc1@50.781C,VDD_IN,5802mW/5846mW,VDD_CPU_GPU_CV,1388mW/1403mW,VDD_SOC,2420mW/2414mW
07-27-2026,10:10:52,RAM,959/7620MB,(lfb,17x4MB),SWAP,130/3810MB,(cached,2MB),CPU,[18%@1344,0%@1344,0%@1344,0%@1344,9%@1344,9%@1344],GR3D_FREQ,0%,cpu@51.375C,soc2@49.375C,soc0@50.375C,gpu@51.468C,tj@51.468C,soc1@50.343C,VDD_IN,5842mW/5846mW,VDD_CPU_GPU_CV,1428mW/1403mW,VDD_SOC,2420mW/2414mW
07-27-2026,10:10:52,RAM,959/7620MB,(lfb,17x4MB),SWAP,130/3810MB,(cached,2MB),CPU,[0%@1344,0%@1344,0%@1344,0%@1344,10%@1344,0%@1344],GR3D_FREQ,0%,cpu@51.5C,soc2@49.5C,soc0@50.437C,gpu@51.062C,tj@51.5C,soc1@50.562C,VDD_IN,5842mW/5846mW,VDD_CPU_GPU_CV,1428mW/1403mW,VDD_SOC,2420mW/2414mW
07-27-2026,10:10:52,RAM,959/7620MB,(lfb,17x4MB),SWAP,130/3810MB,(cached,2MB),CPU,[9%@1344,0%@1344,0%@1344,0%@1344,9%@1344,0%@1344],GR3D_FREQ,0%,cpu@51.718C,soc2@49.562C,soc0@50.25C,gpu@51.593C,tj@51.718C,soc1@50.531C,VDD_IN,5802mW/5846mW,VDD_CPU_GPU_CV,1428mW/1403mW,VDD_SOC,2420mW/2414mW
07-27-2026,10:10:52,RAM,959/7620MB,(lfb,17x4MB),SWAP,130/3810MB,(cached,2MB),CPU,[9%@1344,8%@1344,0%@1344,0%@1344,0%@1344,0%@1344],GR3D_FREQ,0%,cpu@51.781C,soc2@49.562C,soc0@50.156C,gpu@51.375C,tj@51.781C,soc1@50.468C,VDD_IN,5802mW/5846mW,VDD_CPU_GPU_CV,1388mW/1403mW,VDD_SOC,2420mW/2414mW
07-27-2026,10:10:52,RAM,959/7620MB,(lfb,17x4MB),SWAP,130/3810MB,(cached,2MB),CPU,[10%@1344,0%@1344,0%@1344,0%@1344,10%@1344,0%@1344],GR3D_FREQ,0%,cpu@51.187C,soc2@49.406C,soc0@50.218C,gpu@51.25C,tj@51.25C,soc1@50.437C,VDD_IN,5802mW/5846mW,VDD_CPU_GPU_CV,1388mW/1403mW,VDD_SOC,2420mW/2414mW
07-27-2026,10:10:52,RAM,959/7620MB,(lfb,17x4MB),SWAP,130/3810MB,(cached,2MB),CPU,[0%@1344,9%@1344,0%@1344,0%@1344,9%@1344,0%@1344],GR3D_FREQ,0%,cpu@51.437C,soc2@49.406C,soc0@50.468C,gpu@51.656C,tj@51.656C,soc1@50.437C,VDD_IN,5802mW/5846mW,VDD_CPU_GPU_CV,1388mW/1403mW,VDD_SOC,2420mW/2414mW
07-27-2026,10:10:52,RAM,959/7620MB,(lfb,17x4MB),SWAP,130/3810MB,(cached,2MB),CPU,[18%@1344,0%@1344,0%@1344,0%@1344,9%@1344,0%@1344],GR3D_FREQ,0%,cpu@51.531C,soc2@49.468C,soc0@50.25C,gpu@51.343C,tj@51.531C,soc1@50.468C,VDD_IN,5802mW/5846mW,VDD_CPU_GPU_CV,1388mW/1403mW,VDD_SOC,2420mW/2414mW
07-27-2026,10:10:52,RAM,959/7620MB,(lfb,17x4MB),SWAP,130/3810MB,(cached,2MB),CPU,[23%@1344,0%@1344,0%@1344,0%@1344,10%@1344,0%@1344],GR3D_FREQ,0%,cpu@51.281C,soc2@49.437C,soc0@50.343C,gpu@51.125C,tj@51.281C,soc1@50.5C,VDD_IN,5802mW/5846mW,VDD_CPU_GPU_CV,1388mW/1403mW,VDD_SOC,2420mW/2414mW
07-27-2026,10:10:52,RAM,959/7620MB,(lfb,17x4MB),SWAP,130/3810MB,(cached,2MB),CPU,[9%@1344,0%@1344,0%@1344,9%@1344,9%@1344,0%@1344],GR3D_FREQ,0%,cpu@51.437C,soc2@49.5C,soc0@50.437C,gpu@51.468C,tj@51.468C,soc1@50.593C,VDD_IN,5802mW/5846mW,VDD_CPU_GPU_CV,1428mW/1403mW,VDD_SOC,2420mW/2414mW
07-27-2026,10:10:53,RAM,960/7620MB,(lfb,17x4MB),SWAP,130/3810MB,(cached,2MB),CPU,[10%@1344,0%@1344,0%@1344,0%@1344,18%@1344,0%@1344],GR3D_FREQ,0%,cpu@51.687C,soc2@49.531C,soc0@50.125C,gpu@51.343C,tj@51.687C,soc1@50.625C,VDD_IN,5842mW/5846mW,VDD_CPU_GPU_CV,1428mW/1403mW,VDD_SOC,2420mW/2414mW
07-27-2026,10:10:53,RAM,959/7620MB,(lfb,17x4MB),SWAP,130/3810MB,(cached,2MB),CPU,[9%@1344,0%@1344,0%@1344,9%@1344,0%@1344,9%@1344],GR3D_FREQ,0%,cpu@51.468C,soc2@49.375C,soc0@50.187C,gpu@51.062C,tj@51.468C,soc1@50.218C,VDD_IN,5842mW/5846mW,VDD_CPU_GPU_CV,1428mW/1403mW,VDD_SOC,2420mW/2414mW
07-27-2026,10:10:53,RAM,959/7620MB,(lfb,17x4MB),SWAP,130/3810MB,(cached,2MB),CPU,[9%@1344,9%@1344,0%@1344,0%@1344,9%@1344,9%@1344],GR3D_FREQ,0%,cpu@51.375C,soc2@49.437C,soc0@50.343C,gpu@51.437C,tj@51.437C,soc1@50.312C,VDD_IN,5842mW/5846mW,VDD_CPU_GPU_CV,1428mW/1403mW,VDD_SOC,2420mW/2414mW
07-27-2026,10:10:53,RAM,959/7620MB,(lfb,17x4MB),SWAP,130/3810MB,(cached,2MB),CPU,[10%@1344,0%@1344,0%@1344,0%@1344,10%@1344,0%@1344],GR3D_FREQ,0%,cpu@51.437C,soc2@49.5C,soc0@50.468C,gpu@51.25C,tj@51.437C,soc1@50.5C,VDD_IN,5842mW/5846mW,VDD_CPU_GPU_CV,1428mW/1403mW,VDD_SOC,2420mW/2414mW
07-27-2026,10:10:53,RAM,960/7620MB,(lfb,17x4MB),SWAP,130/3810MB,(cached,2MB),CPU,[0%@1344,0%@1344,0%@1344,0%@1344,9%@1344,0%@1344],GR3D_FREQ,0%,cpu@51.468C,soc2@49.531C,soc0@50.187C,gpu@51.562C,tj@51.562C,soc1@50.656C,VDD_IN,5842mW/5846mW,VDD_CPU_GPU_CV,1428mW/1403mW,VDD_SOC,2420mW/2414mW
07-27-2026,10:10:53,RAM,959/7620MB,(lfb,17x4MB),SWAP,130/3810MB,(cached,2MB),CPU,[9%@1344,0%@1344,0%@1344,0%@1344,10%@1344,0%@1344],GR3D_FREQ,0%,cpu@51.562C,soc2@49.406C,soc0@50.281C,gpu@51.343C,tj@51.562C,soc1@50.406C,VDD_IN,5802mW/5846mW,VDD_CPU_GPU_CV,1428mW/1403mW,VDD_SOC,2420mW/2414mW
07-27-2026,10:10:53,RAM,960/7620MB,(lfb,17x4MB),SWAP,130/3810MB,(cached,2MB),CPU,[9%@1344,0%@1344,0%@1344,0%@1344,0%@1344,0%@1344],GR3D_FREQ,0%,cpu@51.437C,soc2@49.406C,soc0@50.281C,gpu@51.25C,tj@51.437C,soc1@50.312C,VDD_IN,5802mW/5846mW,VDD_CPU_GPU_CV,1388mW/1403mW,VDD_SOC,2420mW/2414mW
07-27-2026,10:10:53,RAM,960/7620MB,(lfb,17x4MB),SWAP,130/3810MB,(cached,2MB),CPU,[10%@1344,0%@1344,0%@1344,0%@1344,16%@1344,0%@1344],GR3D_FREQ,0%,cpu@51.437C,soc2@49.5C,soc0@50.406C,gpu@51.625C,tj@51.625C,soc1@50.531C,VDD_IN,5802mW/5846mW,VDD_CPU_GPU_CV,1388mW/1403mW,VDD_SOC,2420mW/2414mW
07-27-2026,10:10:53,RAM,960/7620MB,(lfb,17x4MB),SWAP,130/3810MB,(cached,2MB),CPU,[16%@1344,0%@1344,0%@1344,0%@1344,0%@1344,0%@1344],GR3D_FREQ,0%,cpu@51.312C,soc2@49.406C,soc0@50.093C,gpu@51.375C,tj@51.375C,soc1@50.437C,VDD_IN,5802mW/5846mW,VDD_CPU_GPU_CV,1388mW/1403mW,VDD_SOC,2420mW/2414mW
07-27-2026,10:10:53,RAM,960/7620MB,(lfb,17x4MB),SWAP,130/3810MB,(cached,2MB),CPU,[9%@1344,0%@1344,9%@1344,0%@1344,16%@1344,0%@1344],GR3D_FREQ,0%,cpu@51.437C,soc2@49.406C,soc0@50.25C,gpu@51.312C,tj@51.437C,soc1@50.25C,VDD_IN,5802mW/5846mW,VDD_CPU_GPU_CV,1388mW/1403mW,VDD_SOC,2420mW/2414mW
07-27-2026,10:10:54,RAM,960/7620MB,(lfb,17x4MB),SWAP,130/3810MB,(cached,2MB),CPU,[10%@1344,0%@1344,20%@1344,0%@1344,0%@1344,9%@1344],GR3D_FREQ,0%,cpu@51.437C,soc2@49.437C,soc0@50.281C,gpu@51.593C,tj@51.593C,soc1@50.375C,VDD_IN,5921mW/5846mW,VDD_CPU_GPU_CV,1428mW/1403mW,VDD_SOC,2420mW/2414mW
07-27-2026,10:10:54,RAM,960/7620MB,(lfb,17x4MB),SWAP,130/3810MB,(cached,2MB),CPU,[9%@1344,0%@1344,0%@1344,0%@1344,16%@1344,0%@1344],GR3D_FREQ,0%,cpu@51.343C,soc2@49.406C,soc0@50.375C,gpu@51.375C,tj@51.375C,soc1@50.5C,VDD_IN,5961mW/5846mW,VDD_CPU_GPU_CV,1428mW/1403mW,VDD_SOC,2420mW/2414mW
07-27-2026,10:10:54,RAM,960/7620MB,(lfb,17x4MB),SWAP,130/3810MB,(cached,2MB),CPU,[10%@1344,9%@1344,0%@1344,0%@1344,0%@1344,9%@1344],GR3D_FREQ,0%,cpu@51.718C,soc2@49.5C,soc0@50.218C,gpu@51.218C,tj@51.718C,soc1@50.625C,VDD_IN,6001mW/5846mW,VDD_CPU_GPU_CV,1428mW/1403mW,VDD_SOC,2420mW/2414mW
07-27-2026,10:10:54,RAM,960/7620MB,(lfb,17x4MB),SWAP,130/3810MB,(cached,2MB),CPU,[9%@1344,8%@1344,0%@1344,8%@1344,10%@1344,0%@1344],GR3D_FREQ,0%,cpu@51.468C,soc2@49.406C,soc0@50.312C,gpu@51.093C,tj@51.468C,soc1@50.343C,VDD_IN,6041mW/5846mW,VDD_CPU_GPU_CV,1428mW/1403mW,VDD_SOC,2420mW/2414mW
07-27-2026,10:10:54,RAM,960/7620MB,(lfb,17x4MB),SWAP,130/3810MB,(cached,2MB),CPU,[9%@1344,0%@1344,9%@1344,0%@1344,9%@1344,0%@1344],GR3D_FREQ,0%,cpu@51.375C,soc2@49.406C,soc0@50.281C,gpu@51.375C,tj@51.375C,soc1@50.406C,VDD_IN,6041mW/5846mW,VDD_CPU_GPU_CV,1428mW/1403mW,VDD_SOC,2424mW/2414mW
07-27-2026,10:10:54,RAM,960/7620MB,(lfb,17x4MB),SWAP,130/3810MB,(cached,2MB),CPU,[10%@1344,9%@1344,0%@1344,0%@1344,9%@1344,8%@1344],GR3D_FREQ,0%,cpu@51.218C,soc2@49.375C,soc0@50.281C,gpu@51.281C,tj@51.281C,soc1@50.406C,VDD_IN,6041mW/5847mW,VDD_CPU_GPU_CV,1428mW/1403mW,VDD_SOC,2424mW/2414mW
07-27-2026,10:10:54,RAM,960/7620MB,(lfb,17x4MB),SWAP,130/3810MB,(cached,2MB),CPU,[16%@1344,8%@1344,9%@1344,0%@1344,0%@1344,0%@1344],GR3D_FREQ,0%,cpu@51.468C,soc2@49.437C,soc0@50.218C,gpu@51.437C,tj@51.468C,soc1@50.375C,VDD_IN,6080mW/5847mW,VDD_CPU_GPU_CV,1428mW/1403mW,VDD_SOC,2424mW/2414mW
07-27-2026,10:10:54,RAM,960/7620MB,(lfb,17x4MB),SWAP,130/3810MB,(cached,2MB),CPU,[10%@1344,9%@1344,8%@1344,9%@1344,18%@1344,0%@1344],GR3D_FREQ,0%,cpu@51.406C,soc2@49.375C,soc0@50.406C,gpu@51.218C,tj@51.406C,soc1@50.375C,VDD_IN,6120mW/5847mW,VDD_CPU_GPU_CV,1428mW/1403mW,VDD_SOC,2424mW/2414mW
07-27-2026,10:10:54,RAM,960/7620MB,(lfb,17x4MB),SWAP,130/3810MB,(cached,2MB),CPU,[9%@1344,0%@1344,0%@1344,0%@1344,9%@1344,0%@1344],GR3D_FREQ,0%,cpu@51.437C,soc2@49.437C,soc0@50.437C,gpu@51.187C,tj@51.437C,soc1@50.406C,VDD_IN,6120mW/5847mW,VDD_CPU_GPU_CV,1428mW/1403mW,VDD_SOC,2424mW/2414mW
07-27-2026,10:10:55,RAM,960/7620MB,(lfb,17x4MB),SWAP,130/3810MB,(cached,2MB),CPU,[9%@1344,0%@1344,9%@1344,0%@1344,0%@1344,0%@1344],GR3D_FREQ,0%,cpu@51.468C,soc2@49.437C,soc0@50.187C,gpu@51.375C,tj@51.468C,soc1@50.5C,VDD_IN,6120mW/5847mW,VDD_CPU_GPU_CV,1388mW/1403mW,VDD_SOC,2424mW/2414mW
07-27-2026,10:10:55,RAM,960/7620MB,(lfb,17x4MB),SWAP,130/3810MB,(cached,2MB),CPU,[10%@1344,0%@1344,0%@1344,0%@1344,9%@1344,0%@1344],GR3D_FREQ,0%,cpu@51.5C,soc2@49.375C,soc0@50.218C,gpu@51.218C,tj@51.5C,soc1@50.343C,VDD_IN,6120mW/5847mW,VDD_CPU_GPU_CV,1428mW/1403mW,VDD_SOC,2420mW/2414mW
07-27-2026,10:10:55,RAM,960/7620MB,(lfb,17x4MB),SWAP,130/3810MB,(cached,2MB),CPU,[16%@1344,0%@1344,0%@1344,0%@1344,0%@1344,0%@1344],GR3D_FREQ,0%,cpu@51.375C,soc2@49.375C,soc0@50.312C,gpu@51.156C,tj@51.375C,soc1@50.25C,VDD_IN,6130mW/5847mW,VDD_CPU_GPU_CV,1388mW/1403mW,VDD_SOC,2424mW/2414mW
07-27-2026,10:10:55,RAM,960/7620MB,(lfb,17x4MB),SWAP,130/3810MB,(cached,2MB),CPU,[10%@1344,0%@1344,0%@1344,0%@1344,0%@1344,0%@1344],GR3D_FREQ,0%,cpu@51.437C,soc2@49.406C,soc0@50.406C,gpu@51.125C,tj@51.437C,soc1@50.5C,VDD_IN,6120mW/5848mW,VDD_CPU_GPU_CV,1388mW/1403mW,VDD_SOC,2420mW/2414mW
07-27-2026,10:10:55,RAM,960/7620MB,(lfb,17x4MB),SWAP,130/3810MB,(cached,2MB),CPU,[0%@1344,0%@1344,0%@1344,0%@1344,0%@1344,0%@1344],GR3D_FREQ,0%,cpu@51.5C,soc2@49.468C,soc0@50.218C,gpu@51.218C,tj@51.5C,soc1@50.656C,VDD_IN,6080mW/5848mW,VDD_CPU_GPU_CV,1388mW/1403mW,VDD_SOC,2420mW/2414mW
07-27-2026,10:10:55,RAM,960/7620MB,(lfb,17x4MB),SWAP,130/3810MB,(cached,2MB),CPU,[18%@1344,8%@1344,0%@1344,0%@1344,40%@1344,10%@1344],GR3D_FREQ,0%,cpu@51.593C,soc2@49.343C,soc0@50.312C,gpu@51.093C,tj@51.593C,soc1@50.281C,VDD_IN,6120mW/5848mW,VDD_CPU_GPU_CV,1428mW/1403mW,VDD_SOC,2420mW/2414mW
07-27-2026,10:10:55,RAM,960/7620MB,(lfb,17x4MB),SWAP,130/3810MB,(cached,2MB),CPU,[9%@1344,0%@1344,0%@1344,0%@1344,9%@1344,9%@1344],GR3D_FREQ,0%,cpu@51.343C,soc2@49.343C,soc0@50.343C,gpu@50.968C,tj@51.343C,soc1@50.406C,VDD_IN,6041mW/5848mW,VDD_CPU_GPU_CV,1428mW/1403mW,VDD_SOC,2420mW/2414mW
07-27-2026,10:10:55,RAM,960/7620MB,(lfb,17x4MB),SWAP,130/3810MB,(cached,2MB),CPU,[10%@1344,0%@1344,0%@1344,0%@1344,0%@1344,0%@1344],GR3D_FREQ,0%,cpu@51.437C,soc2@49.437C,soc0@50.125C,gpu@51.593C,tj@51.593C,soc1@50.468C,VDD_IN,6001mW/5848mW,VDD_CPU_GPU_CV,1428mW/1403mW,VDD_SOC,2420mW/2414mW
07-27-2026,10:10:55,RAM,961/7620MB,(lfb,17x4MB),SWAP,130/3810MB,(cached,2MB),CPU,[9%@1344,0%@1344,0%@1344,0%@1344,16%@1344,0%@1344],GR3D_FREQ,0%,cpu@51.437C,soc2@49.5C,soc0@50.156C,gpu@51.156C,tj@51.437C,soc1@50.593C,VDD_IN,5961mW/5848mW,VDD_CPU_GPU_CV,1428mW/1403mW,VDD_SOC,2420mW/2414mW
07-27-2026,10:10:55,RAM,960/7620MB,(lfb,17x4MB),SWAP,130/3810MB,(cached,2MB),CPU,[0%@1344,0%@1344,0%@1344,0%@1344,0%@1344,0%@1344],GR3D_FREQ,0%,cpu@51.437C,soc2@49.375C,soc0@50.218C,gpu@51.093C,tj@51.312C,soc1@50.437C,VDD_IN,5921mW/5848mW,VDD_CPU_GPU_CV,1428mW/1403mW,VDD_SOC,2420mW/2414mW
07-27-2026,10:10:56,RAM,961/7620MB,(lfb,17x4MB),SWAP,130/3810MB,(cached,2MB),CPU,[18%@1344,9%@1344,9%@1344,9%@1344,18%@1344,0%@1344],GR3D_FREQ,0%,cpu@51.406C,soc2@49.406C,soc0@50.218C,gpu@51.562C,tj@51.562C,soc1@50.375C,VDD_IN,5921mW/5848mW,VDD_CPU_GPU_CV,1428mW/1403mW,VDD_SOC,2420mW/2414mW
07-27-2026,10:10:56,RAM,961/7620MB,(lfb,17x4MB),SWAP,130/3810MB,(cached,2MB),CPU,[9%@1344,0%@1344,0%@1344,0%@1344,9%@1344,0%@1344],GR3D_FREQ,0%,cpu@51.406C,soc2@49.406C,soc0@50.468C,gpu@51.406C,tj@51.406C,soc1@50.531C,VDD_IN,5882mW/5848mW,VDD_CPU_GPU_CV,1428mW/1403mW,VDD_SOC,2420mW/2414mW
07-27-2026,10:10:56,RAM,961/7620MB,(lfb,17x4MB),SWAP,130/3810MB,(cached,2MB),CPU,[9%@1344,9%@1344,0%@1344,0%@1344,9%@1344,0%@1344],GR3D_FREQ,0%,cpu@51.437C,soc2@49.5C,soc0@50.156C,gpu@51.093C,tj@51.437C,soc1@50.5C,VDD_IN,5882mW/5848mW,VDD_CPU_GPU_CV,1428mW/1403mW,VDD_SOC,2420mW/2414mW
07-27-2026,10:10:56,RAM,961/7620MB,(lfb,17x4MB),SWAP,130/3810MB,(cached,2MB),CPU,[0%@1344,0%@1344,0%@1344,0%@1344,0%@1344,0%@1344],GR3D_FREQ,0%,cpu@51.5C,soc2@49.406C,soc0@50.281C,gpu@51.531C,tj@51.531C,soc1@50.375C,VDD_IN,5842mW/5848mW,VDD_CPU_GPU_CV,1388mW/1403mW,VDD_SOC,2420mW/2414mW
07-27-2026,10:10:56,RAM,961/7620MB,(lfb,17x4MB),SWAP,130/3810MB,(cached,2MB),CPU,[9%@1344,0%@1344,0%@1344,0%@1344,9%@1344,0%@1344],GR3D_FREQ,0%,cpu@51.343C,soc2@49.406C,soc0@50.281C,gpu@51.375C,tj@51.375C,soc1@50.375C,VDD_IN,5842mW/5848mW,VDD_CPU_GPU_CV,1388mW/1403mW,VDD_SOC,2420mW/2414mW
07-27-2026,10:10:56,RAM,961/7620MB,(lfb,17x4MB),SWAP,130/3810MB,(cached,2MB),CPU,[16%@1344,0%@1344,0%@1344,0%@1344,18%@1344,8%@1344],GR3D_FREQ,0%,cpu@51.718C,soc2@49.593C,soc0@50.25C,gpu@51.218C,tj@51.718C,soc1@50.5C,VDD_IN,5842mW/5848mW,VDD_CPU_GPU_CV,1428mW/1403mW,VDD_SOC,2420mW/2414mW
07-27-2026,10:10:56,RAM,961/7620MB,(lfb,17x4MB),SWAP,130/3810MB,(cached,2MB),CPU,[9%@1344,0%@1344,0%@1344,0%@1344,9%@1344,0%@1344],GR3D_FREQ,0%,cpu@51.218C,soc2@49.375C,soc0@50.218C,gpu@51.156C,tj@51.218C,soc1@50.281C,VDD_IN,5842mW/5848mW,VDD_CPU_GPU_CV,1428mW/1403mW,VDD_SOC,2420mW/2414mW
07-27-2026,10:10:56,RAM,961/7620MB,(lfb,17x4MB),SWAP,130/3810MB,(cached,2MB),CPU,[10%@1344,0%@1344,8%@1344,0%@1344,10%@1344,0%@1344],GR3D_FREQ,0%,cpu@51.437C,soc2@49.5C,soc0@50.406C,gpu@51.156C,tj@51.437C,soc1@50.343C,VDD_IN,5842mW/5848mW,VDD_CPU_GPU_CV,1428mW/1403mW,VDD_SOC,2420mW/2414mW
07-27-2026,10:10:56,RAM,961/7620MB,(lfb,17x4MB),SWAP,130/3810MB,(cached,2MB),CPU,[9%@1344,0%@1344,0%@1344,8%@1344,9%@1344,0%@1344],GR3D_FREQ,0%,cpu@51.468C,soc2@49.5C,soc0@50.406C,gpu@51.687C,tj@51.687C,soc1@50.468C,VDD_IN,5842mW/5848mW,VDD_CPU_GPU_CV,1428mW/1403mW,VDD_SOC,2420mW/2414mW
07-27-2026,10:10:57,RAM,961/7620MB,(lfb,17x4MB),SWAP,130/3810MB,(cached,2MB),CPU,[16%@1344,0%@1344,0%@1344,0%@1344,9%@1344,0%@1344],GR3D_FREQ,0%,cpu@51.687C,soc2@49.562C,soc0@50.125C,gpu@51.125C,tj@51.687C,soc1@50.656C,VDD_IN,5842mW/5848mW,VDD_CPU_GPU_CV,1428mW/1403mW,VDD_SOC,2420mW/2414mW
07-27-2026,10:10:57,RAM,961/7620MB,(lfb,17x4MB),SWAP,130/3810MB,(cached,2MB),CPU,[10%@1344,9%@1344,0%@1344,9%@1344,10%@1344,0%@1344],GR3D_FREQ,0%,cpu@51.781C,soc2@49.375C,soc0@50.187C,gpu@51.093C,tj@51.437C,soc1@50.375C,VDD_IN,5842mW/5848mW,VDD_CPU_GPU_CV,1428mW/1403mW,VDD_SOC,2420mW/2414mW
07-27-2026,10:10:57,RAM,961/7620MB,(lfb,17x4MB),SWAP,130/3810MB,(cached,2MB),CPU,[0%@1344,0%@1344,0%@1344,0%@1344,9%@1344,0%@1344],GR3D_FREQ,0%,cpu@51.468C,soc2@49.375C,soc0@50.25C,gpu@51.531C,tj@51.531C,soc1@50.406C,VDD_IN,5842mW/5848mW,VDD_CPU_GPU_CV,1428mW/1403mW,VDD_SOC,2420mW/2414mW
07-27-2026,10:10:57,RAM,961/7620MB,(lfb,17x4MB),SWAP,130/3810MB,(cached,2MB),CPU,[9%@1344,0%@1344,0%@1344,0%@1344,9%@1344,0%@1344],GR3D_FREQ,0%,cpu@51.437C,soc2@49.406C,soc0@50.187C,gpu@51.375C,tj@51.593C,soc1@50.406C,VDD_IN,5842mW/5848mW,VDD_CPU_GPU_CV,1428mW/1403mW,VDD_SOC,2420mW/2414mW
07-27-2026,10:10:57,RAM,961/7620MB,(lfb,17x4MB),SWAP,130/3810MB,(cached,2MB),CPU,[10%@1344,8%@1344,0%@1344,0%@1344,10%@1344,0%@1344],GR3D_FREQ,0%,cpu@51.562C,soc2@49.531C,soc0@50.218C,gpu@51.062C,tj@51.562C,soc1@50.531C,VDD_IN,5842mW/5848mW,VDD_CPU_GPU_CV,1428mW/1403mW,VDD_SOC,2420mW/2414mW
07-27-2026,10:10:57,RAM,961/7620MB,(lfb,17x4MB),SWAP,130/3810MB,(cached,2MB),CPU,[9%@1344,0%@1344,0%@1344,0%@1344,9%@1344,0%@1344],GR3D_FREQ,0%,cpu@51.406C,soc2@49.343C,soc0@50.187C,gpu@51.5C,tj@51.5C,soc1@50.343C,VDD_IN,5802mW/5848mW,VDD_CPU_GPU_CV,1428mW/1403mW,VDD_SOC,2420mW/2414mW
07-27-2026,10:10:57,RAM,961/7620MB,(lfb,17x4MB),SWAP,130/3810MB,(cached,2MB),CPU,[9%@1344,0%@1344,0%@1344,0%@1344,0%@1344,0%@1344],GR3D_FREQ,0%,cpu@51.343C,soc2@49.437C,soc0@50.281C,gpu@51.312C,tj@51.343C,soc1@50.375C,VDD_IN,5802mW/5848mW,VDD_CPU_GPU_CV,1388mW/1403mW,VDD_SOC,2420mW/2414mW
07-27-2026,10:10:57,RAM,961/7620MB,(lfb,17x4MB),SWAP,130/3810MB,(cached,2MB),CPU,[10%@1344,0%@1344,0%@1344,0%@1344,10%@1344,0%@1344],GR3D_FREQ,0%,cpu@51.437C,soc2@49.437C,soc0@50.468C,gpu@51.187C,tj@51.5C,soc1@50.406C,VDD_IN,5802mW/5848mW,VDD_CPU_GPU_CV,1388mW/1403mW,VDD_SOC,2420mW/2414mW
07-27-2026,10:10:57,RAM,961/7620MB,(lfb,17x4MB),SWAP,130/3810MB,(cached,2MB),CPU,[9%@1344,0%@1344,0%@1344,0%@1344,9%@1344,0%@1344],GR3D_FREQ,0%,cpu@51.531C,soc2@49.5C,soc0@50.187C,gpu@51.593C,tj@51.593C,soc1@50.593C,VDD_IN,5802mW/5848mW,VDD_CPU_GPU_CV,1388mW/1403mW,VDD_SOC,2420mW/2414mW
07-27-2026,10:10:57,RAM,961/7620MB,(lfb,17x4MB),SWAP,130/3810MB,(cached,2MB),CPU,[18%@1344,0%@1344,0%@1344,0%@1344,9%@1344,0%@1344],GR3D_FREQ,0%,cpu@51.5C,soc2@49.312C,soc0@50.25C,gpu@51.375C,tj@51.375C,soc1@50.281C,VDD_IN,5802mW/5848mW,VDD_CPU_GPU_CV,1388mW/1403mW,VDD_SOC,2420mW/2414mW
07-27-2026,10:10:58,RAM,962/7620MB,(lfb,17x4MB),SWAP,130/3810MB,(cached,2MB),CPU,[16%@1344,9%@1344,0%@1344,9%@1344,10%@1344,8%@1344],GR3D_FREQ,0%,cpu@51.375C,soc2@49.406C,soc0@50.468C,gpu@51.218C,tj@51.375C,soc1@50.375C,VDD_IN,5802mW/5848mW,VDD_CPU_GPU_CV,1428mW/1403mW,VDD_SOC,2420mW/2414mW
07-27-2026,10:10:58,RAM,962/7620MB,(lfb,17x4MB),SWAP,130/3810MB,(cached,2MB),CPU,[0%@1344,8%@1344,0%@1344,0%@1344,0%@1344,0%@1344],GR3D_FREQ,0%,cpu@51.406C,soc2@49.5C,soc0@50.156C,gpu@51.093C,tj@51.406C,soc1@50.375C,VDD_IN,5842mW/5848mW,VDD_CPU_GPU_CV,1428mW/1403mW,VDD_SOC,2420mW/2414mW
07-27-2026,10:10:58,RAM,962/7620MB,(lfb,17x4MB),SWAP,130/3810MB,(cached,2MB),CPU,[9%@1344,0%@1344,0%@1344,0%@1344,9%@1344,0%@1344],GR3D_FREQ,0%,cpu@51.437C,soc2@49.468C,soc0@50.156C,gpu@51.25C,tj@51.437C,soc1@50.75C,VDD_IN,5802mW/5848mW,VDD_CPU_GPU_CV,1388mW/1403mW,VDD_SOC,2420mW/2414mW
07-27-2026,10:10:58,RAM,962/7620MB,(lfb,17x4MB),SWAP,130/3810MB,(cached,2MB),CPU,[18%@1344,8%@1344,8%@1344,0%@1344,9%@1344,0%@1344],GR3D_FREQ,0%,cpu@51.5C,soc2@49.437C,soc0@50.468C,gpu@51.562C,tj@51.562C,soc1@50.468C,VDD_IN,5802mW/5848mW,VDD_CPU_GPU_CV,1388mW/1403mW,VDD_SOC,2420mW/2414mW
07-27-2026,10:10:58,RAM,962/7620MB,(lfb,17x4MB),SWAP,130/3810MB,(cached,2MB),CPU,[9%@1344,0%@1344,0%@1344,0%@1344,18%@1344,0%@1344],GR3D_FREQ,0%,cpu@51.593C,soc2@49.531C,soc0@50.187C,gpu@51.406C,tj@51.593C,soc1@50.531C,VDD_IN,5802mW/5848mW,VDD_CPU_GPU_CV,1428mW/1403mW,VDD_SOC,2420mW/2414mW
07-27-2026,10:10:58,RAM,962/7620MB,(lfb,17x4MB),SWAP,130/3810MB,(cached,2MB),CPU,[9%@1344,0%@1344,0%@1344,0%@1344,0%@1344,0%@1344],GR3D_FREQ,0%,cpu@51.25C,soc2@49.312C,soc0@50.187C,gpu@51.218C,tj@51.25C,soc1@50.343C,VDD_IN,5802mW/5848mW,VDD_CPU_GPU_CV,1428mW/1403mW,VDD_SOC,2420mW/2414mW
07-27-2026,10:10:58,RAM,962/7620MB,(lfb,17x4MB),SWAP,130/3810MB,(cached,2MB),CPU,[10%@1344,9%@1344,0%@1344,0%@1344,10%@1344,0%@1344],GR3D_FREQ,0%,cpu@51.343C,soc2@49.343C,soc0@50.281C,gpu@51.093C,tj@51.406C,soc1@50.375C,VDD_IN,5802mW/5848mW,VDD_CPU_GPU_CV,1428mW/1403mW,VDD_SOC,2420mW/2415mW
07-27-2026,10:10:58,RAM,962/7620MB,(lfb,17x4MB),SWAP,130/3810MB,(cached,2MB),CPU,[9%@1344,8%@1344,0%@1344,0%@1344,9%@1344,0%@1344],GR3D_FREQ,0%,cpu@51.5C,soc2@49.375C,soc0@50.375C,gpu@51.312C,tj@51.5C,soc1@50.343C,VDD_IN,5802mW/5848mW,VDD_CPU_GPU_CV,1428mW/1403mW,VDD_SOC,2420mW/2415mW
07-27-2026,10:10:58,RAM,962/7620MB,(lfb,17x4MB),SWAP,130/3810MB,(cached,2MB),CPU,[10%@1344,9%@1344,0%@1344,0%@1344,9%@1344,0%@1344],GR3D_FREQ,0%,cpu@51.5C,soc2@49.343C,soc0@50.156C,gpu@51.25C,tj@51.5C,soc1@50.375C,VDD_IN,5802mW/5848mW,VDD_CPU_GPU_CV,1428mW/1403mW,VDD_SOC,2420mW/2415mW
07-27-2026,10:10:59,RAM,962/7620MB,(lfb,17x4MB),SWAP,130/3810MB,(cached,2MB),CPU,[0%@1344,0%@1344,0%@1344,0%@1344,9%@1344,0%@1344],GR3D_FREQ,0%,cpu@51.718C,soc2@49.312C,soc0@50.218C,gpu@51.125C,tj@51.718C,soc1@50.281C,VDD_IN,5842mW/5848mW,VDD_CPU_GPU_CV,1428mW/1403mW,VDD_SOC,2420mW/2415mW
07-27-2026,10:10:59,RAM,962/7620MB,(lfb,17x4MB),SWAP,130/3810MB,(cached,2MB),CPU,[16%@1344,0%@1344,0%@1344,0%@1344,0%@1344,0%@1344],GR3D_FREQ,0%,cpu@51.312C,soc2@49.437C,soc0@50.218C,gpu@51.312C,tj@51.312C,soc1@50.343C,VDD_IN,5842mW/5848mW,VDD_CPU_GPU_CV,1428mW/1403mW,VDD_SOC,2420mW/2415mW
07-27-2026,10:10:59,RAM,962/7620MB,(lfb,17x4MB),SWAP,130/3810MB,(cached,2MB),CPU,[10%@1344,9%@1344,0%@1344,0%@1344,9%@1344,0%@1344],GR3D_FREQ,0%,cpu@51.437C,soc2@49.468C,soc0@50.312C,gpu@51.218C,tj@51.437C,soc1@50.437C,VDD_IN,5842mW/5848mW,VDD_CPU_GPU_CV,1428mW/1403mW,VDD_SOC,2420mW/2415mW
07-27-2026,10:10:59,RAM,962/7620MB,(lfb,17x4MB),SWAP,130/3810MB,(cached,2MB),CPU,[16%@1344,0%@1344,0%@1344,0%@1344,10%@1344,0%@1344],GR3D_FREQ,0%,cpu@51.531C,soc2@49.375C,soc0@50.125C,gpu@51.218C,tj@51.531C,soc1@50.5C,VDD_IN,5842mW/5848mW,VDD_CPU_GPU_CV,1428mW/1403mW,VDD_SOC,2420mW/2415mW
07-27-2026,10:10:59,RAM,962/7620MB,(lfb,17x4MB),SWAP,130/3810MB,(cached,2MB),CPU,[10%@1344,0%@1344,0%@1344,0%@1344,9%@1344,0%@1344],GR3D_FREQ,0%,cpu@51.687C,soc2@49.343C,soc0@50.218C,gpu@51C,tj@51.687C,soc1@50.781C,VDD_IN,5802mW/5848mW,VDD_CPU_GPU_CV,1428mW/1403mW,VDD_SOC,2420mW/2415mW
07-27-2026,10:10:59,RAM,962/7620MB,(lfb,17x4MB),SWAP,130/3810MB,(cached,2MB),CPU,[0%@1344,0%@1344,0%@1344,0%@1344,9%@1344,0%@1344],GR3D_FREQ,0%,cpu@51.375C,soc2@49.343C,soc0@50.156C,gpu@51.187C,tj@51.375C,soc1@50.281C,VDD_IN,5802mW/5848mW,VDD_CPU_GPU_CV,1388mW/1403mW,VDD_SOC,2420mW/2415mW
07-27-2026,10:10:59,RAM,962/7620MB,(lfb,17x4MB),SWAP,130/3810MB,(cached,2MB),CPU,[9%@1344,0%@1344,0%@1344,18%@1344,0%@1344,0%@1344],GR3D_FREQ,0%,cpu@51.343C,soc2@49.406C,soc0@50.218C,gpu@51.093C,tj@51.343C,soc1@50.437C,VDD_IN,5842mW/5848mW,VDD_CPU_GPU_CV,1428mW/1403mW,VDD_SOC,2420mW/2415mW
07-27-2026,10:10:59,RAM,962/7620MB,(lfb,17x4MB),SWAP,130/3810MB,(cached,2MB),CPU,[10%@1344,0%@1344,0%@1344,0%@1344,9%@1344,0%@1344],GR3D_FREQ,0%,cpu@51.531C,soc2@49.468C,soc0@50.187C,gpu@51C,tj@51.531C,soc1@50.625C,VDD_IN,5921mW/5848mW,VDD_CPU_GPU_CV,1428mW/1403mW,VDD_SOC,2420mW/2415mW
07-27-2026,10:10:59,RAM,962/7620MB,(lfb,17x4MB),SWAP,130/3810MB,(cached,2MB),CPU,[9%@1344,8%@1344,0%@1344,0%@1344,9%@1344,9%@1344],GR3D_FREQ,0%,cpu@51.625C,soc2@49.312C,soc0@50.156C,gpu@51.562C,tj@51.562C,soc1@50.625C,VDD_IN,5961mW/5848mW,VDD_CPU_GPU_CV,1428mW/1403mW,VDD_SOC,2420mW/2415mW
07-27-2026,10:10:59,RAM,962/7620MB,(lfb,17x4MB),SWAP,130/3810MB,(cached,2MB),CPU,[0%@1344,0%@1344,0%@1344,0%@1344,9%@1344,0%@1344],GR3D_FREQ,0%,cpu@51.437C,soc2@49.437C,soc0@50.281C,gpu@51.062C,tj@51.437C,soc1@50.281C,VDD_IN,6001mW/5848mW,VDD_CPU_GPU_CV,1428mW/1403mW,VDD_SOC,2420mW/2415mW
07-27-2026,10:11:00,RAM,962/7620MB,(lfb,17x4MB),SWAP,130/3810MB,(cached,2MB),CPU,[16%@1344,0%@1344,0%@1344,0%@1344,10%@1344,0%@1344],GR3D_FREQ,0%,cpu@51.468C,soc2@49.281C,soc0@50.468C,gpu@51.031C,tj@51.468C,soc1@50.343C,VDD_IN,6041mW/5848mW,VDD_CPU_GPU_CV,1428mW/1403mW,VDD_SOC,2420mW/2415mW
07-27-2026,10:11:00,RAM,962/7620MB,(lfb,17x4MB),SWAP,130/3810MB,(cached,2MB),CPU,[18%@1344,9%@1344,0%@1344,9%@1344,0%@1344,0%@1344],GR3D_FREQ,0%,cpu@51.437C,soc2@49.468C,soc0@50.218C,gpu@51.5C,tj@51.5C,soc1@50.593C,VDD_IN,6080mW/5848mW,VDD_CPU_GPU_CV,1428mW/1403mW,VDD_SOC,2420mW/2415mW
07-27-2026,10:11:00,RAM,963/7620MB,(lfb,17x4MB),SWAP,130/3810MB,(cached,2MB),CPU,[18%@1344,8%@1344,0%@1344,0%@1344,16%@1344,0%@1344],GR3D_FREQ,0%,cpu@51.312C,soc2@49.312C,soc0@50.343C,gpu@51.031C,tj@51.312C,soc1@50.343C,VDD_IN,6080mW/5848mW,VDD_CPU_GPU_CV,1428mW/1403mW,VDD_SOC,2424mW/2415mW
07-27-2026,10:11:00,RAM,963/7620MB,(lfb,17x4MB),SWAP,130/3810MB,(cached,2MB),CPU,[9%@1344,0%@1344,0%@1344,9%@1344,10%@1344,0%@1344],GR3D_FREQ,0%,cpu@51.593C,soc2@49.375C,soc0@50.093C,gpu@51C,tj@51.593C,soc1@50.375C,VDD_IN,6120mW/5849mW,VDD_CPU_GPU_CV,1428mW/1403mW,VDD_SOC,2424mW/2415mW
07-27-2026,10:11:00,RAM,963/7620MB,(lfb,17x4MB),SWAP,130/3810MB,(cached,2MB),CPU,[0%@1344,0%@1344,0%@1344,0%@1344,9%@1344,0%@1344],GR3D_FREQ,0%,cpu@51.468C,soc2@49.25C,soc0@50.156C,gpu@51.156C,tj@51.468C,soc1@50.656C,VDD_IN,6160mW/5849mW,VDD_CPU_GPU_CV,1428mW/1403mW,VDD_SOC,2420mW/2415mW
07-27-2026,10:11:00,RAM,962/7620MB,(lfb,17x4MB),SWAP,130/3810MB,(cached,2MB),CPU,[9%@1344,0%@1344,0%@1344,0%@1344,10%@1344,0%@1344],GR3D_FREQ,0%,cpu@51.281C,soc2@49.343C,soc0@50.156C,gpu@51.031C,tj@51.281C,soc1@50.375C,VDD_IN,6160mW/5849mW,VDD_CPU_GPU_CV,1428mW/1403mW,VDD_SOC,2420mW/2415mW
07-27-2026,10:11:00,RAM,962/7620MB,(lfb,17x4MB),SWAP,130/3810MB,(cached,2MB),CPU,[16%@1344,0%@1344,0%@1344,0%@1344,0%@1344,0%@1344],GR3D_FREQ,0%,cpu@51.343C,soc2@49.343C,soc0@50.312C,gpu@51.687C,tj@51.687C,soc1@50.437C,VDD_IN,6160mW/5849mW,VDD_CPU_GPU_CV,1428mW/1403mW,VDD_SOC,2420mW/2415mW
07-27-2026,10:11:00,RAM,962/7620MB,(lfb,17x4MB),SWAP,130/3810MB,(cached,2MB),CPU,[10%@1344,0%@1344,0%@1344,0%@1344,9%@1344,0%@1344],GR3D_FREQ,0%,cpu@51.593C,soc2@49.468C,soc0@50.031C,gpu@51.468C,tj@51.593C,soc1@50.468C,VDD_IN,6160mW/5849mW,VDD_CPU_GPU_CV,1428mW/1403mW,VDD_SOC,2424mW/2415mW
07-27-2026,10:11:00,RAM,962/7620MB,(lfb,17x4MB),SWAP,130/3810MB,(cached,2MB),CPU,[16%@1344,8%@1344,0%@1344,0%@1344,10%@1344,0%@1344],GR3D_FREQ,0%,cpu@51.718C,soc2@49.312C,soc0@50.125C,gpu@51C,tj@51.718C,soc1@50.562C,VDD_IN,6160mW/5849mW,VDD_CPU_GPU_CV,1428mW/1403mW,VDD_SOC,2420mW/2415mW
07-27-2026,10:11:01,RAM,962/7620MB,(lfb,17x4MB),SWAP,130/3810MB,(cached,2MB),CPU,[0%@1344,0%@1344,0%@1344,0%@1344,9%@1344,9%@1344],GR3D_FREQ,0%,cpu@51.218C,soc2@49.406C,soc0@50.187C,gpu@51.562C,tj@51.562C,soc1@50.343C,VDD_IN,6080mW/5850mW,VDD_CPU_GPU_CV,1428mW/1403mW,VDD_SOC,2420mW/2415mW
07-27-2026,10:11:01,RAM,963/7620MB,(lfb,17x4MB),SWAP,130/3810MB,(cached,2MB),CPU,[9%@1344,0%@1344,9%@1344,9%@1344,9%@1344,0%@1344],GR3D_FREQ,0%,cpu@51.468C,soc2@49.343C,soc0@50.406C,gpu@51.343C,tj@51.468C,soc1@50.375C,VDD_IN,6041mW/5850mW,VDD_CPU_GPU_CV,1428mW/1403mW,VDD_SOC,2420mW/2415mW
07-27-2026,10:11:01,RAM,962/7620MB,(lfb,17x4MB),SWAP,130/3810MB,(cached,2MB),CPU,[10%@1344,0%@1344,0%@1344,8%@1344,10%@1344,0%@1344],GR3D_FREQ,0%,cpu@51.531C,soc2@49.406C,soc0@50.437C,gpu@51.218C,tj@51.531C,soc1@50.406C,VDD_IN,6001mW/5850mW,VDD_CPU_GPU_CV,1428mW/1403mW,VDD_SOC,2420mW/2415mW
07-27-2026,10:11:01,RAM,962/7620MB,(lfb,17x4MB),SWAP,130/3810MB,(cached,2MB),CPU,[9%@1344,0%@1344,0%@1344,0%@1344,0%@1344,0%@1344],GR3D_FREQ,0%,cpu@51.593C,soc2@49.437C,soc0@50.187C,gpu@51.531C,tj@51.593C,soc1@50.625C,VDD_IN,5961mW/5850mW,VDD_CPU_GPU_CV,1428mW/1403mW,VDD_SOC,2420mW/2415mW
07-27-2026,10:11:01,RAM,962/7620MB,(lfb,17x4MB),SWAP,130/3810MB,(cached,2MB),CPU,[23%@1344,0%@1344,0%@1344,0%@1344,10%@1344,0%@1344],GR3D_FREQ,0%,cpu@51.343C,soc2@49.281C,soc0@50.187C,gpu@51.281C,tj@51.343C,soc1@50.343C,VDD_IN,5921mW/5850mW,VDD_CPU_GPU_CV,1428mW/1403mW,VDD_SOC,2420mW/2415mW
07-27-2026,10:11:01,RAM,962/7620MB,(lfb,17x4MB),SWAP,130/3810MB,(cached,2MB),CPU,[0%@1344,0%@1344,0%@1344,0%@1344,23%@1344,0%@1344],GR3D_FREQ,0%,cpu@51.375C,soc2@49.312C,soc0@50.281C,gpu@51.218C,tj@51.375C,soc1@50.343C,VDD_IN,5882mW/5850mW,VDD_CPU_GPU_CV,1428mW/1403mW,VDD_SOC,2420mW/2415mW
07-27-2026,10:11:01,RAM,962/7620MB,(lfb,17x4MB),SWAP,130/3810MB,(cached,2MB),CPU,[10%@1344,0%@1344,0%@1344,0%@1344,0%@1344,0%@1344],GR3D_FREQ,0%,cpu@51.468C,soc2@49.437C,soc0@50.031C,gpu@51.375C,tj@51.468C,soc1@50.468C,VDD_IN,5882mW/5850mW,VDD_CPU_GPU_CV,1388mW/1403mW,VDD_SOC,2420mW/2415mW
07-27-2026,10:11:01,RAM,962/7620MB,(lfb,17x4MB),SWAP,130/3810MB,(cached,2MB),CPU,[9%@1344,0%@1344,0%@1344,0%@1344,10%@1344,0%@1344],GR3D_FREQ,0%,cpu@51.593C,soc2@49.343C,soc0@50.187C,gpu@51.312C,tj@51.593C,soc1@50.625C,VDD_IN,5842mW/5850mW,VDD_CPU_GPU_CV,1388mW/1403mW,VDD_SOC,2420mW/2415mW
07-27-2026,10:11:01,RAM,962/7620MB,(lfb,17x4MB),SWAP,130/3810MB,(cached,2MB),CPU,[9%@1344,0%@1344,0%@1344,0%@1344,0%@1344,0%@1344],GR3D_FREQ,0%,cpu@51.781C,soc2@49.312C,soc0@50.218C,gpu@51.187C,tj@51.281C,soc1@50.218C,VDD_IN,5842mW/5850mW,VDD_CPU_GPU_CV,1388mW/1403mW,VDD_SOC,2420mW/2415mW
07-27-2026,10:11:01,RAM,962/7620MB,(lfb,17x4MB),SWAP,130/3810MB,(cached,2MB),CPU,[0%@1344,8%@1344,0%@1344,0%@1344,18%@1344,0%@1344],GR3D_FREQ,0%,cpu@51.281C,soc2@49.281C,soc0@50.406C,gpu@51.062C,tj@51.281C,soc1@50.343C,VDD_IN,5842mW/5850mW,VDD_CPU_GPU_CV,1388mW/1403mW,VDD_SOC,2420mW/2415mW
07-27-2026,10:11:02,RAM,962/7620MB,(lfb,17x4MB),SWAP,130/3810MB,(cached,2MB),CPU,[9%@1344,0%@1344,0%@1344,0%@1344,9%@1344,0%@1344],GR3D_FREQ,0%,cpu@51.562C,soc2@49.375C,soc0@50.093C,gpu@51.218C,tj@51.562C,soc1@50.406C,VDD_IN,5802mW/5850mW,VDD_CPU_GPU_CV,1388mW/1403mW,VDD_SOC,2420mW/2415mW
07-27-2026,10:11:02,RAM,961/7620MB,(lfb,17x4MB),SWAP,130/3810MB,(cached,2MB),CPU,[18%@1344,0%@1344,9%@1344,8%@1344,10%@1344,0%@1344],GR3D_FREQ,0%,cpu@51.281C,soc2@49.281C,soc0@50.125C,gpu@51.562C,tj@51.562C,soc1@50.25C,VDD_IN,5842mW/5850mW,VDD_CPU_GPU_CV,1428mW/1403mW,VDD_SOC,2420mW/2415mW
07-27-2026,10:11:02,RAM,962/7620MB,(lfb,17x4MB),SWAP,130/3810MB,(cached,2MB),CPU,[16%@1344,0%@1344,0%@1344,0%@1344,9%@1344,0%@1344],GR3D_FREQ,0%,cpu@51.375C,soc2@49.343C,soc0@50.406C,gpu@51.375C,tj@51.375C,soc1@50.375C,VDD_IN,5842mW/5850mW,VDD_CPU_GPU_CV,1428mW/1403mW,VDD_SOC,2420mW/2415mW
07-27-2026,10:11:02,RAM,962/7620MB,(lfb,17x4MB),SWAP,130/3810MB,(cached,2MB),CPU,[10%@1344,9%@1344,0%@1344,0%@1344,10%@1344,9%@1344],GR3D_FREQ,0%,cpu@51.687C,soc2@49.5C,soc0@50.156C,gpu@51.187C,tj@51.687C,soc1@50.562C,VDD_IN,5842mW/5850mW,VDD_CPU_GPU_CV,1428mW/1403mW,VDD_SOC,2420mW/2415mW
07-27-2026,10:11:02,RAM,962/7620MB,(lfb,17x4MB),SWAP,130/3810MB,(cached,2MB),CPU,[9%@1344,0%@1344,0%@1344,0%@1344,0%@1344,0%@1344],GR3D_FREQ,0%,cpu@51.468C,soc2@49.375C,soc0@50.093C,gpu@51.187C,tj@51.468C,soc1@50.25C,VDD_IN,5842mW/5850mW,VDD_CPU_GPU_CV,1428mW/1403mW,VDD_SOC,2420mW/2415mW
07-27-2026,10:11:02,RAM,962/7620MB,(lfb,17x4MB),SWAP,130/3810MB,(cached,2MB),CPU,[16%@1344,0%@1344,0%@1344,0%@1344,16%@1344,0%@1344],GR3D_FREQ,0%,cpu@51.25C,soc2@49.25C,soc0@50.218C,gpu@51.312C,tj@51.312C,soc1@50.312C,VDD_IN,5842mW/5850mW,VDD_CPU_GPU_CV,1428mW/1403mW,VDD_SOC,2420mW/2415mW
07-27-2026,10:11:02,RAM,962/7620MB,(lfb,17x4MB),SWAP,130/3810MB,(cached,2MB),CPU,[10%@1344,0%@1344,0%@1344,0%@1344,0%@1344,0%@1344],GR3D_FREQ,0%,cpu@51.281C,soc2@49.343C,soc0@50.312C,gpu@51.125C,tj@51.281C,soc1@50.312C,VDD_IN,5842mW/5850mW,VDD_CPU_GPU_CV,1428mW/1403mW,VDD_SOC,2420mW/2415mW
07-27-2026,10:11:02,RAM,962/7620MB,(lfb,17x4MB),SWAP,130/3810MB,(cached,2MB),CPU,[0%@1344,0%@1344,0%@1344,0%@1344,9%@1344,0%@1344],GR3D_FREQ,0%,cpu@51.687C,soc2@49.375C,soc0@50.187C,gpu@51.156C,tj@51.687C,soc1@50.343C,VDD_IN,5802mW/5850mW,VDD_CPU_GPU_CV,1428mW/1404mW,VDD_SOC,2420mW/2415mW
07-27-2026,10:11:02,RAM,962/7620MB,(lfb,17x4MB),SWAP,130/3810MB,(cached,2MB),CPU,[10%@1344,8%@1344,0%@1344,0%@1344,9%@1344,0%@1344],GR3D_FREQ,0%,cpu@51.343C,soc2@49.281C,soc0@50.093C,gpu@51C,tj@51.343C,soc1@50.687C,VDD_IN,5802mW/5850mW,VDD_CPU_GPU_CV,1388mW/1403mW,VDD_SOC,2420mW/2415mW
07-27-2026,10:11:03,RAM,962/7620MB,(lfb,17x4MB),SWAP,130/3810MB,(cached,2MB),CPU,[9%@1344,0%@1344,0%@1344,0%@1344,0%@1344,0%@1344],GR3D_FREQ,0%,cpu@51.281C,soc2@49.312C,soc0@50.125C,gpu@51.218C,tj@51.281C,soc1@50.343C,VDD_IN,5842mW/5850mW,VDD_CPU_GPU_CV,1428mW/1404mW,VDD_SOC,2420mW/2415mW
07-27-2026,10:11:03,RAM,961/7620MB,(lfb,17x4MB),SWAP,130/3810MB,(cached,2MB),CPU,[18%@1344,0%@1344,9%@1344,0%@1344,10%@1344,9%@1344],GR3D_FREQ,0%,cpu@51.562C,soc2@49.312C,soc0@50.281C,gpu@51C,tj@51.562C,soc1@50.281C,VDD_IN,5842mW/5850mW,VDD_CPU_GPU_CV,1428mW/1404mW,VDD_SOC,2420mW/2415mW
07-27-2026,10:11:03,RAM,961/7620MB,(lfb,17x4MB),SWAP,130/3810MB,(cached,2MB),CPU,[9%@1344,0%@1344,0%@1344,0%@1344,9%@1344,0%@1344],GR3D_FREQ,0%,cpu@51.593C,soc2@49.343C,soc0@50.062C,gpu@51.031C,tj@51.593C,soc1@50.375C,VDD_IN,5842mW/5850mW,VDD_CPU_GPU_CV,1428mW/1404mW,VDD_SOC,2420mW/2415mW
07-27-2026,10:11:03,RAM,961/7620MB,(lfb,17x4MB),SWAP,130/3810MB,(cached,2MB),CPU,[0%@1344,0%@1344,0%@1344,0%@1344,9%@1344,0%@1344],GR3D_FREQ,0%,cpu@51.281C,soc2@49.343C,soc0@50.062C,gpu@51.156C,tj@51.281C,soc1@50.531C,VDD_IN,5842mW/5850mW,VDD_CPU_GPU_CV,1428mW/1404mW,VDD_SOC,2420mW/2415mW
07-27-2026,10:11:03,RAM,962/7620MB,(lfb,17x4MB),SWAP,130/3810MB,(cached,2MB),CPU,[9%@1344,0%@1344,0%@1344,0%@1344,10%@1344,0%@1344],GR3D_FREQ,0%,cpu@51.25C,soc2@49.437C,soc0@50.156C,gpu@51.062C,tj@51.25C,soc1@50.25C,VDD_IN,5842mW/5850mW,VDD_CPU_GPU_CV,1428mW/1404mW,VDD_SOC,2420mW/2415mW
07-27-2026,10:11:03,RAM,961/7620MB,(lfb,17x4MB),SWAP,130/3810MB,(cached,2MB),CPU,[10%@1344,8%@1344,0%@1344,0%@1344,0%@1344,0%@1344],GR3D_FREQ,0%,cpu@51.343C,soc2@49.468C,soc0@50.468C,gpu@50.968C,tj@51.343C,soc1@50.343C,VDD_IN,5842mW/5850mW,VDD_CPU_GPU_CV,1388mW/1404mW,VDD_SOC,2420mW/2415mW
07-27-2026,10:11:03,RAM,962/7620MB,(lfb,17x4MB),SWAP,130/3810MB,(cached,2MB),CPU,[16%@1344,0%@1344,0%@1344,0%@1344,9%@1344,0%@1344],GR3D_FREQ,0%,cpu@51.5C,soc2@49.406C,soc0@50.062C,gpu@51.468C,tj@51.5C,soc1@50.5C,VDD_IN,5802mW/5850mW,VDD_CPU_GPU_CV,1388mW/1404mW,VDD_SOC,2420mW/2415mW
07-27-2026,10:11:03,RAM,961/7620MB,(lfb,17x4MB),SWAP,130/3810MB,(cached,2MB),CPU,[18%@1344,0%@1344,0%@1344,0%@1344,9%@1344,0%@1344],GR3D_FREQ,0%,cpu@51.562C,soc2@49.25C,soc0@50C,gpu@51.062C,tj@51.562C,soc1@50.187C,VDD_IN,5802mW/5850mW,VDD_CPU_GPU_CV,1388mW/1404mW,VDD_SOC,2420mW/2415mW
07-27-2026,10:11:03,RAM,961/7620MB,(lfb,17x4MB),SWAP,130/3810MB,(cached,2MB),CPU,[16%@1344,8%@1344,0%@1344,0%@1344,10%@1344,0%@1344],GR3D_FREQ,0%,cpu@51.125C,soc2@49.312C,soc0@50.25C,gpu@51C,tj@51.281C,soc1@50.343C,VDD_IN,5802mW/5850mW,VDD_CPU_GPU_CV,1388mW/1404mW,VDD_SOC,2420mW/2415mW
07-27-2026,10:11:03,RAM,961/7620MB,(lfb,17x4MB),SWAP,130/3810MB,(cached,2MB),CPU,[10%@1344,0%@1344,0%@1344,0%@1344,9%@1344,15%@1344],GR3D_FREQ,0%,cpu@51.468C,soc2@49.5C,soc0@50.093C,gpu@51.093C,tj@51.468C,soc1@50.562C,VDD_IN,5802mW/5850mW,VDD_CPU_GPU_CV,1388mW/1404mW,VDD_SOC,2420mW/2415mW
07-27-2026,10:11:04,RAM,962/7620MB,(lfb,17x4MB),SWAP,130/3810MB,(cached,2MB),CPU,[9%@1344,0%@1344,0%@1344,0%@1344,10%@1344,0%@1344],GR3D_FREQ,0%,cpu@51.375C,soc2@49.343C,soc0@50.125C,gpu@51C,tj@51.25C,soc1@50.281C,VDD_IN,5802mW/5850mW,VDD_CPU_GPU_CV,1388mW/1404mW,VDD_SOC,2420mW/2415mW
07-27-2026,10:11:04,RAM,961/7620MB,(lfb,17x4MB),SWAP,130/3810MB,(cached,2MB),CPU,[10%@1344,0%@1344,9%@1344,9%@1344,16%@1344,0%@1344],GR3D_FREQ,0%,cpu@51.187C,soc2@49.343C,soc0@50.25C,gpu@50.906C,tj@51.187C,soc1@50.25C,VDD_IN,5842mW/5850mW,VDD_CPU_GPU_CV,1428mW/1404mW,VDD_SOC,2420mW/2415mW
07-27-2026,10:11:04,RAM,962/7620MB,(lfb,17x4MB),SWAP,130/3810MB,(cached,2MB),CPU,[9%@1344,0%@1344,9%@1344,0%@1344,18%@1344,0%@1344],GR3D_FREQ,0%,cpu@51.406C,soc2@49.375C,soc0@50.375C,gpu@51.062C,tj@51.406C,soc1@50.468C,VDD_IN,5842mW/5850mW,VDD_CPU_GPU_CV,1428mW/1404mW,VDD_SOC,2420mW/2415mW
07-27-2026,10:11:04,RAM,962/7620MB,(lfb,17x4MB),SWAP,130/3810MB,(cached,2MB),CPU,[9%@1344,0%@1344,0%@1344,0%@1344,0%@1344,0%@1344],GR3D_FREQ,0%,cpu@51.437C,soc2@49.437C,soc0@50.125C,gpu@51C,tj@51.437C,soc1@50.562C,VDD_IN,5842mW/5850mW,VDD_CPU_GPU_CV,1428mW/1404mW,VDD_SOC,2420mW/2415mW
07-27-2026,10:11:04,RAM,962/7620MB,(lfb,17x4MB),SWAP,130/3810MB,(cached,2MB),CPU,[0%@1344,0%@1344,0%@1344,0%@1344,9%@1344,0%@1344],GR3D_FREQ,0%,cpu@51.343C,soc2@49.281C,soc0@50.187C,gpu@51.593C,tj@51.593C,soc1@50.218C,VDD_IN,5842mW/5850mW,VDD_CPU_GPU_CV,1428mW/1404mW,VDD_SOC,2420mW/2415mW
07-27-2026,10:11:04,RAM,962/7620MB,(lfb,17x4MB),SWAP,130/3810MB,(cached,2MB),CPU,[9%@1344,0%@1344,0%@1344,0%@1344,10%@1344,0%@1344],GR3D_FREQ,0%,cpu@51.312C,soc2@49.25C,soc0@50.218C,gpu@51.312C,tj@51.312C,soc1@50.25C,VDD_IN,5842mW/5850mW,VDD_CPU_GPU_CV,1428mW/1404mW,VDD_SOC,2420mW/2415mW
07-27-2026,10:11:04,RAM,962/7620MB,(lfb,17x4MB),SWAP,130/3810MB,(cached,2MB),CPU,[16%@1344,0%@1344,0%@1344,0%@1344,9%@1344,0%@1344],GR3D_FREQ,0%,cpu@51.281C,soc2@49.406C,soc0@50.406C,gpu@50.968C,tj@51.781C,soc1@50.343C,VDD_IN,5842mW/5850mW,VDD_CPU_GPU_CV,1428mW/1404mW,VDD_SOC,2420mW/2415mW
07-27-2026,10:11:04,RAM,962/7620MB,(lfb,17x4MB),SWAP,130/3810MB,(cached,2MB),CPU,[10%@1344,9%@1344,0%@1344,8%@1344,0%@1344,0%@1344],GR3D_FREQ,0%,cpu@51.406C,soc2@49.343C,soc0@50.093C,gpu@51.593C,tj@51.593C,soc1@50.437C,VDD_IN,5802mW/5850mW,VDD_CPU_GPU_CV,1388mW/1404mW,VDD_SOC,2420mW/2415mW
07-27-2026,10:11:04,RAM,962/7620MB,(lfb,17x4MB),SWAP,130/3810MB,(cached,2MB),CPU,[0%@1344,0%@1344,0%@1344,0%@1344,18%@1344,0%@1344],GR3D_FREQ,0%,cpu@51.437C,soc2@49.281C,soc0@50.156C,gpu@51.312C,tj@51.437C,soc1@50.218C,VDD_IN,5802mW/5850mW,VDD_CPU_GPU_CV,1388mW/1404mW,VDD_SOC,2420mW/2415mW
07-27-2026,10:11:05,RAM,962/7620MB,(lfb,17x4MB),SWAP,130/3810MB,(cached,2MB),CPU,[16%@1344,0%@1344,10%@1344,0%@1344,0%@1344,9%@1344],GR3D_FREQ,0%,cpu@51.375C,soc2@49.281C,soc0@50.218C,gpu@50.968C,tj@51.375C,soc1@50.281C,VDD_IN,5842mW/5850mW,VDD_CPU_GPU_CV,1428mW/1404mW,VDD_SOC,2420mW/2415mW
07-27-2026,10:11:05,RAM,961/7620MB,(lfb,17x4MB),SWAP,130/3810MB,(cached,2MB),CPU,[10%@1344,9%@1344,10%@1344,0%@1344,16%@1344,0%@1344],GR3D_FREQ,0%,cpu@51.281C,soc2@49.375C,soc0@50.281C,gpu@51.5C,tj@51.562C,soc1@50.406C,VDD_IN,5961mW/5850mW,VDD_CPU_GPU_CV,1428mW/1404mW,VDD_SOC,2420mW/2415mW
07-27-2026,10:11:05,RAM,961/7620MB,(lfb,17x4MB),SWAP,130/3810MB,(cached,2MB),CPU,[9%@1344,0%@1344,0%@1344,0%@1344,0%@1344,9%@1344],GR3D_FREQ,0%,cpu@51.25C,soc2@49.406C,soc0@50.062C,gpu@51.312C,tj@51.312C,soc1@50.437C,VDD_IN,6001mW/5850mW,VDD_CPU_GPU_CV,1428mW/1404mW,VDD_SOC,2420mW/2415mW
07-27-2026,10:11:05,RAM,961/7620MB,(lfb,17x4MB),SWAP,130/3810MB,(cached,2MB),CPU,[18%@1344,9%@1344,0%@1344,0%@1344,9%@1344,0%@1344],GR3D_FREQ,0%,cpu@51.406C,soc2@49.281C,soc0@50.156C,gpu@51.125C,tj@51.343C,soc1@50.218C,VDD_IN,6041mW/5850mW,VDD_CPU_GPU_CV,1428mW/1404mW,VDD_SOC,2420mW/2415mW
07-27-2026,10:11:05,RAM,962/7620MB,(lfb,17x4MB),SWAP,130/3810MB,(cached,2MB),CPU,[0%@1344,9%@1344,0%@1344,0%@1344,9%@1344,0%@1344],GR3D_FREQ,0%,cpu@51.187C,soc2@49.25C,soc0@50.312C,gpu@51.437C,tj@51.437C,soc1@50.281C,VDD_IN,6080mW/5850mW,VDD_CPU_GPU_CV,1428mW/1404mW,VDD_SOC,2420mW/2415mW
07-27-2026,10:11:05,RAM,962/7620MB,(lfb,17x4MB),SWAP,130/3810MB,(cached,2MB),CPU,[10%@1344,0%@1344,0%@1344,0%@1344,10%@1344,0%@1344],GR3D_FREQ,0%,cpu@51.531C,soc2@49.343C,soc0@50.343C,gpu@51.218C,tj@51.531C,soc1@50.312C,VDD_IN,6080mW/5850mW,VDD_CPU_GPU_CV,1428mW/1404mW,VDD_SOC,2420mW/2415mW
07-27-2026,10:11:05,RAM,962/7620MB,(lfb,17x4MB),SWAP,130/3810MB,(cached,2MB),CPU,[9%@1344,0%@1344,0%@1344,9%@1344,9%@1344,0%@1344],GR3D_FREQ,0%,cpu@51.562C,soc2@49.406C,soc0@50.125C,gpu@51.093C,tj@51.562C,soc1@50.5C,VDD_IN,6120mW/5850mW,VDD_CPU_GPU_CV,1428mW/1404mW,VDD_SOC,2420mW/2415mW
07-27-2026,10:11:05,RAM,962/7620MB,(lfb,17x4MB),SWAP,130/3810MB,(cached,2MB),CPU,[9%@1344,8%@1344,0%@1344,0%@1344,0%@1344,0%@1344],GR3D_FREQ,0%,cpu@51.406C,soc2@49.25C,soc0@50.062C,gpu@51.406C,tj@51.406C,soc1@50.218C,VDD_IN,6120mW/5850mW,VDD_CPU_GPU_CV,1428mW/1404mW,VDD_SOC,2420mW/2415mW
07-27-2026,10:11:05,RAM,961/7620MB,(lfb,17x4MB),SWAP,130/3810MB,(cached,2MB),CPU,[10%@1344,9%@1344,0%@1344,0%@1344,16%@1344,0%@1344],GR3D_FREQ,0%,cpu@51.406C,soc2@49.406C,soc0@50.406C,gpu@51.218C,tj@51.406C,soc1@50.5C,VDD_IN,6120mW/5851mW,VDD_CPU_GPU_CV,1428mW/1404mW,VDD_SOC,2424mW/2415mW
07-27-2026,10:11:06,RAM,961/7620MB,(lfb,17x4MB),SWAP,130/3810MB,(cached,2MB),CPU,[16%@1344,0%@1344,0%@1344,0%@1344,10%@1344,0%@1344],GR3D_FREQ,0%,cpu@51.437C,soc2@49.25C,soc0@50.093C,gpu@51.468C,tj@51.468C,soc1@50.5C,VDD_IN,6160mW/5851mW,VDD_CPU_GPU_CV,1428mW/1404mW,VDD_SOC,2420mW/2415mW
07-27-2026,10:11:06,RAM,961/7620MB,(lfb,17x4MB),SWAP,130/3810MB,(cached,2MB),CPU,[18%@1344,0%@1344,0%@1344,0%@1344,9%@1344,0%@1344],GR3D_FREQ,0%,cpu@51.187C,soc2@49.406C,soc0@50.187C,gpu@51.281C,tj@51.281C,soc1@50.281C,VDD_IN,6160mW/5851mW,VDD_CPU_GPU_CV,1428mW/1404mW,VDD_SOC,2420mW/2415mW
07-27-2026,10:11:06,RAM,962/7620MB,(lfb,17x4MB),SWAP,130/3810MB,(cached,2MB),CPU,[16%@1344,0%@1344,0%@1344,0%@1344,10%@1344,0%@1344],GR3D_FREQ,0%,cpu@51.406C,soc2@49.312C,soc0@50.187C,gpu@51.218C,tj@51.406C,soc1@50.343C,VDD_IN,6160mW/5851mW,VDD_CPU_GPU_CV,1428mW/1404mW,VDD_SOC,2420mW/2415mW
07-27-2026,10:11:06,RAM,962/7620MB,(lfb,17x4MB),SWAP,130/3810MB,(cached,2MB),CPU,[0%@1344,9%@1344,0%@1344,0%@1344,10%@1344,0%@1344],GR3D_FREQ,0%,cpu@51.468C,soc2@49.343C,soc0@50.406C,gpu@51.437C,tj@51.468C,soc1@50.531C,VDD_IN,6120mW/5851mW,VDD_CPU_GPU_CV,1428mW/1404mW,VDD_SOC,2420mW/2415mW
07-27-2026,10:11:06,RAM,962/7620MB,(lfb,17x4MB),SWAP,130/3810MB,(cached,2MB),CPU,[10%@1344,0%@1344,0%@1344,0%@1344,9%@1344,0%@1344],GR3D_FREQ,0%,cpu@51.312C,soc2@49.312C,soc0@50.031C,gpu@51.343C,tj@51.343C,soc1@50.5C,VDD_IN,6080mW/5851mW,VDD_CPU_GPU_CV,1428mW/1404mW,VDD_SOC,2420mW/2415mW
07-27-2026,10:11:06,RAM,962/7620MB,(lfb,17x4MB),SWAP,130/3810MB,(cached,2MB),CPU,[9%@1344,0%@1344,0%@1344,0%@1344,0%@1344,8%@1344],GR3D_FREQ,0%,cpu@51.281C,soc2@49.25C,soc0@50.093C,gpu@51.125C,tj@51.281C,soc1@50.187C,VDD_IN,6001mW/5851mW,VDD_CPU_GPU_CV,1428mW/1404mW,VDD_SOC,2420mW/2415mW
07-27-2026,10:11:06,RAM,962/7620MB,(lfb,17x4MB),SWAP,130/3810MB,(cached,2MB),CPU,[10%@1344,0%@1344,0%@1344,0%@1344,10%@1344,0%@1344],GR3D_FREQ,0%,cpu@51.343C,soc2@49.468C,soc0@50.218C,gpu@51.062C,tj@51.343C,soc1@50.25C,VDD_IN,5961mW/5851mW,VDD_CPU_GPU_CV,1428mW/1404mW,VDD_SOC,2420mW/2415mW
07-27-2026,10:11:06,RAM,962/7620MB,(lfb,17x4MB),SWAP,130/3810MB,(cached,2MB),CPU,[0%@1344,0%@1344,8%@1344,0%@1344,9%@1344,0%@1344],GR3D_FREQ,0%,cpu@51.343C,soc2@49.343C,soc0@50C,gpu@51.25C,tj@51.343C,soc1@50.375C,VDD_IN,5921mW/5851mW,VDD_CPU_GPU_CV,1428mW/1404mW,VDD_SOC,2420mW/2415mW
07-27-2026,10:11:06,RAM,962/7620MB,(lfb,17x4MB),SWAP,130/3810MB,(cached,2MB),CPU,[16%@1344,0%@1344,9%@1344,0%@1344,9%@1344,0%@1344],GR3D_FREQ,0%,cpu@51.437C,soc2@49.218C,soc0@50.031C,gpu@51.156C,tj@51.437C,soc1@50.625C,VDD_IN,5882mW/5851mW,VDD_CPU_GPU_CV,1428mW/1404mW,VDD_SOC,2420mW/2415mW
07-27-2026,10:11:06,RAM,962/7620MB,(lfb,17x4MB),SWAP,130/3810MB,(cached,2MB),CPU,[10%@1344,8%@1344,0%@1344,9%@1344,10%@1344,0%@1344],GR3D_FREQ,0%,cpu@51.187C,soc2@49.218C,soc0@50.093C,gpu@51.093C,tj@51.187C,soc1@50.312C,VDD_IN,5882mW/5852mW,VDD_CPU_GPU_CV,1388mW/1404mW,VDD_SOC,2420mW/2415mW
07-27-2026,10:11:07,RAM,962/7620MB,(lfb,17x4MB),SWAP,130/3810MB,(cached,2MB),CPU,[9%@1344,0%@1344,0%@1344,0%@1344,0%@1344,8%@1344],GR3D_FREQ,0%,cpu@51.25C,soc2@49.218C,soc0@50.187C,gpu@50.843C,tj@51.25C,soc1@50.312C,VDD_IN,5842mW/5852mW,VDD_CPU_GPU_CV,1388mW/1404mW,VDD_SOC,2420mW/2415mW
07-27-2026,10:11:07,RAM,963/7620MB,(lfb,17x4MB),SWAP,130/3810MB,(cached,2MB),CPU,[18%@1344,9%@1344,0%@1344,0%@1344,9%@1344,9%@1344],GR3D_FREQ,0%,cpu@51.312C,soc2@49.343C,soc0@50.062C,gpu@51.125C,tj@51.312C,soc1@50.468C,VDD_IN,5842mW/5851mW,VDD_CPU_GPU_CV,1428mW/1404mW,VDD_SOC,2420mW/2415mW
07-27-2026,10:11:07,RAM,963/7620MB,(lfb,17x4MB),SWAP,130/3810MB,(cached,2MB),CPU,[0%@1344,0%@1344,8%@1344,0%@1344,10%@1344,0%@1344],GR3D_FREQ,0%,cpu@51.375C,soc2@49.281C,soc0@50.125C,gpu@51C,tj@51.375C,soc1@50.562C,VDD_IN,5842mW/5851mW,VDD_CPU_GPU_CV,1428mW/1404mW,VDD_SOC,2420mW/2415mW
07-27-2026,10:11:07,RAM,963/7620MB,(lfb,17x4MB),SWAP,130/3810MB,(cached,2MB),CPU,[18%@1344,9%@1344,0%@1344,0%@1344,9%@1344,0%@1344],GR3D_FREQ,0%,cpu@51.281C,soc2@49.343C,soc0@50.125C,gpu@50.937C,tj@51.281C,soc1@50.281C,VDD_IN,5842mW/5851mW,VDD_CPU_GPU_CV,1428mW/1404mW,VDD_SOC,2420mW/2415mW
07-27-2026,10:11:07,RAM,963/7620MB,(lfb,17x4MB),SWAP,130/3810MB,(cached,2MB),CPU,[9%@1344,9%@1344,0%@1344,0%@1344,9%@1344,0%@1344],GR3D_FREQ,0%,cpu@51.25C,soc2@49.281C,soc0@50.187C,gpu@51.437C,tj@51.437C,soc1@50.375C,VDD_IN,5842mW/5851mW,VDD_CPU_GPU_CV,1388mW/1404mW,VDD_SOC,2420mW/2415mW
07-27-2026,10:11:07,RAM,963/7620MB,(lfb,17x4MB),SWAP,130/3810MB,(cached,2MB),CPU,[9%@1344,9%@1344,0%@1344,0%@1344,9%@1344,8%@1344],GR3D_FREQ,0%,cpu@51.468C,soc2@49.406C,soc0@50.375C,gpu@50.968C,tj@51.468C,soc1@50.406C,VDD_IN,5802mW/5851mW,VDD_CPU_GPU_CV,1388mW/1404mW,VDD_SOC,2420mW/2415mW
07-27-2026,10:11:07,RAM,963/7620MB,(lfb,17x4MB),SWAP,130/3810MB,(cached,2MB),CPU,[10%@1344,0%@1344,0%@1344,0%@1344,0%@1344,0%@1344],GR3D_FREQ,0%,cpu@51.312C,soc2@49.375C,soc0@50.093C,gpu@50.937C,tj@51.312C,soc1@50.531C,VDD_IN,5802mW/5851mW,VDD_CPU_GPU_CV,1388mW/1404mW,VDD_SOC,2420mW/2415mW
07-27-2026,10:11:07,RAM,963/7620MB,(lfb,17x4MB),SWAP,130/3810MB,(cached,2MB),CPU,[16%@1344,8%@1344,0%@1344,0%@1344,9%@1344,0%@1344],GR3D_FREQ,0%,cpu@51.375C,soc2@49.25C,soc0@50.312C,gpu@51.062C,tj@51.375C,soc1@50.25C,VDD_IN,5802mW/5851mW,VDD_CPU_GPU_CV,1388mW/1404mW,VDD_SOC,2420mW/2415mW
07-27-2026,10:11:07,RAM,963/7620MB,(lfb,17x4MB),SWAP,130/3810MB,(cached,2MB),CPU,[9%@1344,0%@1344,0%@1344,0%@1344,10%@1344,0%@1344],GR3D_FREQ,0%,cpu@51.437C,soc2@49.406C,soc0@50.031C,gpu@50.968C,tj@51.437C,soc1@50.5C,VDD_IN,5842mW/5851mW,VDD_CPU_GPU_CV,1428mW/1404mW,VDD_SOC,2420mW/2415mW
07-27-2026,10:11:08,RAM,963/7620MB,(lfb,17x4MB),SWAP,130/3810MB,(cached,2MB),CPU,[10%@1344,9%@1344,0%@1344,0%@1344,16%@1344,0%@1344],GR3D_FREQ,0%,cpu@51.562C,soc2@49.218C,soc0@50.062C,gpu@50.875C,tj@51.406C,soc1@50.187C,VDD_IN,5842mW/5851mW,VDD_CPU_GPU_CV,1428mW/1404mW,VDD_SOC,2420mW/2415mW
07-27-2026,10:11:08,RAM,963/7620MB,(lfb,17x4MB),SWAP,130/3810MB,(cached,2MB),CPU,[0%@1344,0%@1344,0%@1344,0%@1344,0%@1344,0%@1344],GR3D_FREQ,0%,cpu@51.25C,soc2@49.343C,soc0@50.187C,gpu@51.031C,tj@51.25C,soc1@50.187C,VDD_IN,5802mW/5851mW,VDD_CPU_GPU_CV,1388mW/1404mW,VDD_SOC,2420mW/2415mW
07-27-2026,10:11:08,RAM,963/7620MB,(lfb,17x4MB),SWAP,130/3810MB,(cached,2MB),CPU,[9%@1344,0%@1344,0%@1344,0%@1344,10%@1344,9%@1344],GR3D_FREQ,0%,cpu@51.437C,soc2@49.343C,soc0@50.343C,gpu@50.875C,tj@51.437C,soc1@50.218C,VDD_IN,5842mW/5851mW,VDD_CPU_GPU_CV,1428mW/1404mW,VDD_SOC,2420mW/2415mW
07-27-2026,10:11:08,RAM,963/7620MB,(lfb,17x4MB),SWAP,130/3810MB,(cached,2MB),CPU,[18%@1344,0%@1344,0%@1344,0%@1344,16%@1344,0%@1344],GR3D_FREQ,0%,cpu@51.437C,soc2@49.281C,soc0@50.031C,gpu@51.531C,tj@51.531C,soc1@50.406C,VDD_IN,5842mW/5851mW,VDD_CPU_GPU_CV,1428mW/1404mW,VDD_SOC,2420mW/2415mW
07-27-2026,10:11:08,RAM,964/7620MB,(lfb,17x4MB),SWAP,130/3810MB,(cached,2MB),CPU,[16%@1344,0%@1344,0%@1344,0%@1344,0%@1344,0%@1344],GR3D_FREQ,0%,cpu@51.375C,soc2@49.25C,soc0@50.125C,gpu@51.25C,tj@51.375C,soc1@50.187C,VDD_IN,5842mW/5851mW,VDD_CPU_GPU_CV,1428mW/1404mW,VDD_SOC,2420mW/2415mW
07-27-2026,10:11:08,RAM,964/7620MB,(lfb,17x4MB),SWAP,130/3810MB,(cached,2MB),CPU,[10%@1344,0%@1344,0%@1344,0%@1344,18%@1344,0%@1344],GR3D_FREQ,0%,cpu@51.281C,soc2@49.281C,soc0@50.125C,gpu@50.875C,tj@51.281C,soc1@50.281C,VDD_IN,5842mW/5851mW,VDD_CPU_GPU_CV,1428mW/1404mW,VDD_SOC,2420mW/2415mW
07-27-2026,10:11:08,RAM,964/7620MB,(lfb,17x4MB),SWAP,130/3810MB,(cached,2MB),CPU,[16%@1344,0%@1344,0%@1344,8%@1344,0%@1344,0%@1344],GR3D_FREQ,0%,cpu@51.25C,soc2@49.343C,soc0@50.187C,gpu@51.406C,tj@51.406C,soc1@50.375C,VDD_IN,5802mW/5851mW,VDD_CPU_GPU_CV,1428mW/1404mW,VDD_SOC,2420mW/2415mW
07-27-2026,10:11:08,RAM,964/7620MB,(lfb,17x4MB),SWAP,130/3810MB,(cached,2MB),CPU,[0%@1344,0%@1344,0%@1344,0%@1344,0%@1344,0%@1344],GR3D_FREQ,0%,cpu@51.437C,soc2@49.406C,soc0@50C,gpu@51.281C,tj@51.437C,soc1@50.375C,VDD_IN,5802mW/5851mW,VDD_CPU_GPU_CV,1388mW/1404mW,VDD_SOC,2420mW/2415mW
07-27-2026,10:11:08,RAM,964/7620MB,(lfb,17x4MB),SWAP,130/3810MB,(cached,2MB),CPU,[10%@1344,0%@1344,0%@1344,0%@1344,18%@1344,0%@1344],GR3D_FREQ,0%,cpu@51.437C,soc2@49.312C,soc0@50.093C,gpu@51.125C,tj@51.437C,soc1@50.281C,VDD_IN,5802mW/5851mW,VDD_CPU_GPU_CV,1388mW/1404mW,VDD_SOC,2420mW/2415mW
07-27-2026,10:11:08,RAM,964/7620MB,(lfb,17x4MB),SWAP,130/3810MB,(cached,2MB),CPU,[16%@1344,0%@1344,0%@1344,0%@1344,16%@1344,0%@1344],GR3D_FREQ,0%,cpu@51.187C,soc2@49.281C,soc0@50.156C,gpu@51.468C,tj@51.468C,soc1@50.312C,VDD_IN,5802mW/5851mW,VDD_CPU_GPU_CV,1388mW/1404mW,VDD_SOC,2420mW/2415mW
07-27-2026,10:11:09,RAM,964/7620MB,(lfb,17x4MB),SWAP,130/3810MB,(cached,2MB),CPU,[10%@1344,0%@1344,0%@1344,0%@1344,0%@1344,9%@1344],GR3D_FREQ,0%,cpu@51.281C,soc2@49.343C,soc0@50.031C,gpu@51.187C,tj@51.281C,soc1@50.375C,VDD_IN,5842mW/5851mW,VDD_CPU_GPU_CV,1388mW/1404mW,VDD_SOC,2420mW/2415mW
07-27-2026,10:11:09,RAM,964/7620MB,(lfb,17x4MB),SWAP,130/3810MB,(cached,2MB),CPU,[16%@1344,0%@1344,0%@1344,0%@1344,10%@1344,0%@1344],GR3D_FREQ,0%,cpu@51.375C,soc2@49.406C,soc0@50C,gpu@51.093C,tj@51.375C,soc1@50.562C,VDD_IN,5802mW/5851mW,VDD_CPU_GPU_CV,1388mW/1404mW,VDD_SOC,2420mW/2415mW
07-27-2026,10:11:09,RAM,964/7620MB,(lfb,17x4MB),SWAP,130/3810MB,(cached,2MB),CPU,[10%@1344,0%@1344,0%@1344,0%@1344,16%@1344,0%@1344],GR3D_FREQ,0%,cpu@51.218C,soc2@49.156C,soc0@50.062C,gpu@51.031C,tj@51.218C,soc1@50.187C,VDD_IN,5842mW/5851mW,VDD_CPU_GPU_CV,1428mW/1404mW,VDD_SOC,2420mW/2415mW
07-27-2026,10:11:09,RAM,964/7620MB,(lfb,17x4MB),SWAP,130/3810MB,(cached,2MB),CPU,[9%@1344,9%@1344,0%@1344,0%@1344,10%@1344,0%@1344],GR3D_FREQ,0%,cpu@51.156C,soc2@49.281C,soc0@50.125C,gpu@51.218C,tj@51.218C,soc1@50.375C,VDD_IN,5842mW/5851mW,VDD_CPU_GPU_CV,1428mW/1404mW,VDD_SOC,2420mW/2415mW
07-27-2026,10:11:09,RAM,964/7620MB,(lfb,17x4MB),SWAP,130/3810MB,(cached,2MB),CPU,[18%@1344,0%@1344,0%@1344,0%@1344,9%@1344,8%@1344],GR3D_FREQ,0%,cpu@51.125C,soc2@49.281C,soc0@50.312C,gpu@51.156C,tj@51.593C,soc1@50.437C,VDD_IN,5802mW/5851mW,VDD_CPU_GPU_CV,1388mW/1404mW,VDD_SOC,2420mW/2415mW
07-27-2026,10:11:09,RAM,964/7620MB,(lfb,17x4MB),SWAP,130/3810MB,(cached,2MB),CPU,[16%@1344,0%@1344,0%@1344,0%@1344,9%@1344,0%@1344],GR3D_FREQ,0%,cpu@51.406C,soc2@49.125C,soc0@50.093C,gpu@51.25C,tj@51.406C,soc1@50.218C,VDD_IN,5802mW/5851mW,VDD_CPU_GPU_CV,1388mW/1404mW,VDD_SOC,2420mW/2415mW
07-27-2026,10:11:09,RAM,964/7620MB,(lfb,17x4MB),SWAP,130/3810MB,(cached,2MB),CPU,[0%@1344,0%@1344,9%@1344,0%@1344,18%@1344,0%@1344],GR3D_FREQ,0%,cpu@51.25C,soc2@49.25C,soc0@50.25C,gpu@51.187C,tj@51.312C,soc1@50.25C,VDD_IN,5842mW/5851mW,VDD_CPU_GPU_CV,1428mW/1404mW,VDD_SOC,2420mW/2415mW
07-27-2026,10:11:09,RAM,964/7620MB,(lfb,17x4MB),SWAP,130/3810MB,(cached,2MB),CPU,[18%@1344,0%@1344,0%@1344,0%@1344,0%@1344,0%@1344],GR3D_FREQ,0%,cpu@51.531C,soc2@49.375C,soc0@50C,gpu@51C,tj@51.531C,soc1@50.468C,VDD_IN,5842mW/5851mW,VDD_CPU_GPU_CV,1428mW/1404mW,VDD_SOC,2420mW/2415mW
07-27-2026,10:11:09,RAM,964/7620MB,(lfb,17x4MB),SWAP,130/3810MB,(cached,2MB),CPU,[9%@1344,0%@1344,0%@1344,9%@1344,10%@1344,0%@1344],GR3D_FREQ,0%,cpu@51.437C,soc2@49.312C,soc0@49.937C,gpu@51.25C,tj@51.437C,soc1@50.593C,VDD_IN,5842mW/5851mW,VDD_CPU_GPU_CV,1428mW/1404mW,VDD_SOC,2420mW/2415mW
07-27-2026,10:11:10,RAM,964/7620MB,(lfb,17x4MB),SWAP,130/3810MB,(cached,2MB),CPU,[9%@1344,8%@1344,0%@1344,0%@1344,16%@1344,0%@1344],GR3D_FREQ,0%,cpu@51.187C,soc2@49.218C,soc0@50.125C,gpu@51.156C,tj@51.187C,soc1@50.25C,VDD_IN,5842mW/5851mW,VDD_CPU_GPU_CV,1388mW/1404mW,VDD_SOC,2420mW/2415mW
07-27-2026,10:11:10,RAM,964/7620MB,(lfb,17x4MB),SWAP,130/3810MB,(cached,2MB),CPU,[10%@1344,0%@1344,0%@1344,0%@1344,0%@1344,0%@1344],GR3D_FREQ,0%,cpu@51.281C,soc2@49.218C,soc0@50.156C,gpu@51C,tj@51.281C,soc1@50.218C,VDD_IN,5842mW/5851mW,VDD_CPU_GPU_CV,1388mW/1404mW,VDD_SOC,2420mW/2415mW
07-27-2026,10:11:10,RAM,964/7620MB,(lfb,17x4MB),SWAP,130/3810MB,(cached,2MB),CPU,[9%@1344,0%@1344,8%@1344,0%@1344,18%@1344,9%@1344],GR3D_FREQ,0%,cpu@51.5C,soc2@49.281C,soc0@50.031C,gpu@50.906C,tj@51.5C,soc1@50.437C,VDD_IN,5842mW/5851mW,VDD_CPU_GPU_CV,1428mW/1404mW,VDD_SOC,2420mW/2415mW
07-27-2026,10:11:10,RAM,964/7620MB,(lfb,17x4MB),SWAP,130/3810MB,(cached,2MB),CPU,[10%@1344,8%@1344,0%@1344,0%@1344,0%@1344,0%@1344],GR3D_FREQ,0%,cpu@51.468C,soc2@49.187C,soc0@50.031C,gpu@51.062C,tj@51.406C,soc1@50.187C,VDD_IN,5842mW/5851mW,VDD_CPU_GPU_CV,1428mW/1404mW,VDD_SOC,2420mW/2415mW
07-27-2026,10:11:10,RAM,964/7620MB,(lfb,17x4MB),SWAP,130/3810MB,(cached,2MB),CPU,[9%@1344,0%@1344,18%@1344,0%@1344,9%@1344,0%@1344],GR3D_FREQ,0%,cpu@51.25C,soc2@49.218C,soc0@50.062C,gpu@51C,tj@51.25C,soc1@50.312C,VDD_IN,5882mW/5851mW,VDD_CPU_GPU_CV,1428mW/1404mW,VDD_SOC,2420mW/2415mW
07-27-2026,10:11:10,RAM,964/7620MB,(lfb,17x4MB),SWAP,130/3810MB,(cached,2MB),CPU,[10%@1344,9%@1344,0%@1344,0%@1344,0%@1344,0%@1344],GR3D_FREQ,0%,cpu@51.281C,soc2@49.187C,soc0@50.25C,gpu@50.875C,tj@51.281C,soc1@50.25C,VDD_IN,5961mW/5851mW,VDD_CPU_GPU_CV,1428mW/1404mW,VDD_SOC,2420mW/2415mW
07-27-2026,10:11:10,RAM,964/7620MB,(lfb,17x4MB),SWAP,130/3810MB,(cached,2MB),CPU,[9%@1344,0%@1344,9%@1344,0%@1344,16%@1344,0%@1344],GR3D_FREQ,0%,cpu@51.406C,soc2@49.312C,soc0@50C,gpu@50.75C,tj@51.406C,soc1@50.25C,VDD_IN,6001mW/5851mW,VDD_CPU_GPU_CV,1428mW/1404mW,VDD_SOC,2420mW/2415mW
07-27-2026,10:11:10,RAM,964/7620MB,(lfb,17x4MB),SWAP,130/3810MB,(cached,2MB),CPU,[10%@1344,0%@1344,0%@1344,0%@1344,9%@1344,9%@1344],GR3D_FREQ,0%,cpu@51.312C,soc2@49.125C,soc0@49.937C,gpu@50.937C,tj@51.312C,soc1@50.187C,VDD_IN,6041mW/5851mW,VDD_CPU_GPU_CV,1428mW/1404mW,VDD_SOC,2424mW/2415mW
07-27-2026,10:11:10,RAM,964/7620MB,(lfb,17x4MB),SWAP,130/3810MB,(cached,2MB),CPU,[16%@1344,0%@1344,0%@1344,0%@1344,10%@1344,0%@1344],GR3D_FREQ,0%,cpu@51.187C,soc2@49.156C,soc0@50.156C,gpu@50.937C,tj@51.187C,soc1@50.125C,VDD_IN,6080mW/5851mW,VDD_CPU_GPU_CV,1428mW/1404mW,VDD_SOC,2424mW/2415mW
07-27-2026,10:11:10,RAM,965/7620MB,(lfb,17x4MB),SWAP,130/3810MB,(cached,2MB),CPU,[18%@1344,8%@1344,0%@1344,0%@1344,0%@1344,0%@1344],GR3D_FREQ,0%,cpu@51.187C,soc2@49.156C,soc0@50.312C,gpu@51.468C,tj@51.468C,soc1@50.312C,VDD_IN,6090mW/5852mW,VDD_CPU_GPU_CV,1428mW/1404mW,VDD_SOC,2424mW/2415mW
07-27-2026,10:11:11,RAM,965/7620MB,(lfb,17x4MB),SWAP,130/3810MB,(cached,2MB),CPU,[0%@1344,0%@1344,0%@1344,0%@1344,9%@1344,0%@1344],GR3D_FREQ,0%,cpu@51.25C,soc2@49.218C,soc0@50.062C,gpu@51.25C,tj@51.25C,soc1@50.5C,VDD_IN,6130mW/5852mW,VDD_CPU_GPU_CV,1428mW/1404mW,VDD_SOC,2424mW/2415mW
07-27-2026,10:11:11,RAM,964/7620MB,(lfb,17x4MB),SWAP,130/3810MB,(cached,2MB),CPU,[10%@1344,0%@1344,8%@1344,0%@1344,18%@1344,0%@1344],GR3D_FREQ,0%,cpu@51.437C,soc2@49.25C,soc0@50.031C,gpu@50.906C,tj@51.437C,soc1@50.625C,VDD_IN,6130mW/5852mW,VDD_CPU_GPU_CV,1428mW/1404mW,VDD_SOC,2424mW/2415mW
07-27-2026,10:11:11,RAM,964/7620MB,(lfb,17x4MB),SWAP,130/3810MB,(cached,2MB),CPU,[9%@1344,0%@1344,0%@1344,16%@1344,9%@1344,9%@1344],GR3D_FREQ,0%,cpu@51.156C,soc2@49.25C,soc0@50.062C,gpu@51.343C,tj@51.343C,soc1@50.218C,VDD_IN,6170mW/5852mW,VDD_CPU_GPU_CV,1428mW/1404mW,VDD_SOC,2424mW/2415mW
07-27-2026,10:11:11,RAM,963/7620MB,(lfb,16x4MB),SWAP,130/3810MB,(cached,2MB),CPU,[9%@1344,9%@1344,0%@1344,0%@1344,0%@1344,10%@1344],GR3D_FREQ,0%,cpu@51.156C,soc2@49.281C,soc0@50.156C,gpu@51.312C,tj@51.312C,soc1@50.375C,VDD_IN,6170mW/5852mW,VDD_CPU_GPU_CV,1428mW/1404mW,VDD_SOC,2424mW/2415mW
07-27-2026,10:11:11,RAM,962/7620MB,(lfb,16x4MB),SWAP,130/3810MB,(cached,2MB),CPU,[18%@1344,8%@1344,8%@1344,0%@1344,0%@1344,16%@1344],GR3D_FREQ,0%,cpu@51.062C,soc2@49.218C,soc0@50.031C,gpu@50.906C,tj@51.062C,soc1@50.156C,VDD_IN,6120mW/5852mW,VDD_CPU_GPU_CV,1428mW/1404mW,VDD_SOC,2424mW/2415mW
07-27-2026,10:11:11,RAM,962/7620MB,(lfb,16x4MB),SWAP,130/3810MB,(cached,2MB),CPU,[9%@1344,9%@1344,0%@1344,0%@1344,0%@1344,10%@1344],GR3D_FREQ,0%,cpu@51.343C,soc2@49.156C,soc0@50.093C,gpu@51.312C,tj@51.343C,soc1@50.25C,VDD_IN,6041mW/5852mW,VDD_CPU_GPU_CV,1428mW/1404mW,VDD_SOC,2424mW/2415mW
07-27-2026,10:11:11,RAM,962/7620MB,(lfb,16x4MB),SWAP,130/3810MB,(cached,2MB),CPU,[10%@1344,0%@1344,0%@1344,9%@1344,0%@1344,0%@1344],GR3D_FREQ,0%,cpu@51.406C,soc2@49.343C,soc0@50.25C,gpu@50.906C,tj@51.406C,soc1@50.187C,VDD_IN,6001mW/5853mW,VDD_CPU_GPU_CV,1428mW/1404mW,VDD_SOC,2420mW/2415mW
07-27-2026,10:11:11,RAM,962/7620MB,(lfb,16x4MB),SWAP,130/3810MB,(cached,2MB),CPU,[9%@1344,0%@1344,0%@1344,0%@1344,0%@1344,16%@1344],GR3D_FREQ,0%,cpu@51.593C,soc2@49.281C,soc0@50C,gpu@50.812C,tj@51.593C,soc1@50.5C,VDD_IN,5961mW/5853mW,VDD_CPU_GPU_CV,1428mW/1404mW,VDD_SOC,2420mW/2415mW
07-27-2026,10:11:11,RAM,962/7620MB,(lfb,16x4MB),SWAP,130/3810MB,(cached,2MB),CPU,[0%@1344,8%@1344,0%@1344,0%@1344,0%@1344,10%@1344],GR3D_FREQ,0%,cpu@51.187C,soc2@49.218C,soc0@50.093C,gpu@51.218C,tj@51.218C,soc1@50.125C,VDD_IN,5921mW/5853mW,VDD_CPU_GPU_CV,1428mW/1404mW,VDD_SOC,2420mW/2415mW
07-27-2026,10:11:12,RAM,962/7620MB,(lfb,16x4MB),SWAP,130/3810MB,(cached,2MB),CPU,[10%@1344,0%@1344,0%@1344,0%@1344,8%@1344,0%@1344],GR3D_FREQ,0%,cpu@51.312C,soc2@49.187C,soc0@50.218C,gpu@51.093C,tj@51.312C,soc1@50.125C,VDD_IN,5921mW/5853mW,VDD_CPU_GPU_CV,1428mW/1404mW,VDD_SOC,2420mW/2415mW
07-27-2026,10:11:12,RAM,962/7620MB,(lfb,16x4MB),SWAP,130/3810MB,(cached,2MB),CPU,[16%@1344,0%@1344,0%@1344,0%@1344,0%@1344,9%@1344],GR3D_FREQ,0%,cpu@51.343C,soc2@49.281C,soc0@50C,gpu@51.468C,tj@51.468C,soc1@50.312C,VDD_IN,5882mW/5853mW,VDD_CPU_GPU_CV,1428mW/1404mW,VDD_SOC,2420mW/2415mW
07-27-2026,10:11:12,RAM,963/7620MB,(lfb,16x4MB),SWAP,130/3810MB,(cached,2MB),CPU,[18%@1344,0%@1344,16%@1344,8%@1344,0%@1344,18%@1344],GR3D_FREQ,0%,cpu@51.468C,soc2@49.5C,soc0@50.031C,gpu@51.218C,tj@51.468C,soc1@50.468C,VDD_IN,5882mW/5853mW,VDD_CPU_GPU_CV,1428mW/1404mW,VDD_SOC,2420mW/2415mW
07-27-2026,10:11:12,RAM,962/7620MB,(lfb,16x4MB),SWAP,130/3810MB,(cached,2MB),CPU,[0%@1344,0%@1344,0%@1344,0%@1344,0%@1344,0%@1344],GR3D_FREQ,0%,cpu@51.125C,soc2@49.218C,soc0@50.093C,gpu@51.093C,tj@51.125C,soc1@50.187C,VDD_IN,5882mW/5853mW,VDD_CPU_GPU_CV,1428mW/1404mW,VDD_SOC,2420mW/2415mW
07-27-2026,10:11:12,RAM,963/7620MB,(lfb,16x4MB),SWAP,130/3810MB,(cached,2MB),CPU,[18%@1344,9%@1344,0%@1344,0%@1344,0%@1344,16%@1344],GR3D_FREQ,0%,cpu@51.125C,soc2@49.125C,soc0@50.281C,gpu@50.906C,tj@51.187C,soc1@50.187C,VDD_IN,5842mW/5853mW,VDD_CPU_GPU_CV,1428mW/1404mW,VDD_SOC,2420mW/2415mW
07-27-2026,10:11:12,RAM,963/7620MB,(lfb,16x4MB),SWAP,130/3810MB,(cached,2MB),CPU,[9%@1344,15%@1344,0%@1344,9%@1344,0%@1344,9%@1344],GR3D_FREQ,0%,cpu@51.375C,soc2@49.218C,soc0@50C,gpu@50.906C,tj@51.375C,soc1@50.281C,VDD_IN,5842mW/5853mW,VDD_CPU_GPU_CV,1428mW/1404mW,VDD_SOC,2420mW/2415mW
07-27-2026,10:11:12,RAM,963/7620MB,(lfb,16x4MB),SWAP,130/3810MB,(cached,2MB),CPU,[10%@1344,0%@1344,0%@1344,0%@1344,0%@1344,0%@1344],GR3D_FREQ,0%,cpu@51.343C,soc2@49.093C,soc0@50.031C,gpu@51.093C,tj@51.343C,soc1@50.125C,VDD_IN,5842mW/5853mW,VDD_CPU_GPU_CV,1388mW/1404mW,VDD_SOC,2420mW/2415mW
07-27-2026,10:11:12,RAM,963/7620MB,(lfb,16x4MB),SWAP,130/3810MB,(cached,2MB),CPU,[9%@1344,0%@1344,0%@1344,0%@1344,0%@1344,9%@1344],GR3D_FREQ,0%,cpu@51.187C,soc2@49.312C,soc0@50C,gpu@51C,tj@51.187C,soc1@50.218C,VDD_IN,5842mW/5853mW,VDD_CPU_GPU_CV,1388mW/1404mW,VDD_SOC,2420mW/2415mW
07-27-2026,10:11:12,RAM,963/7620MB,(lfb,16x4MB),SWAP,130/3810MB,(cached,2MB),CPU,[0%@1344,0%@1344,0%@1344,0%@1344,0%@1344,0%@1344],GR3D_FREQ,0%,cpu@51.156C,soc2@49.25C,soc0@50.25C,gpu@50.937C,tj@51.156C,soc1@50.281C,VDD_IN,5842mW/5853mW,VDD_CPU_GPU_CV,1388mW/1404mW,VDD_SOC,2420mW/2415mW
07-27-2026,10:11:12,RAM,963/7620MB,(lfb,16x4MB),SWAP,130/3810MB,(cached,2MB),CPU,[18%@1344,9%@1344,0%@1344,0%@1344,0%@1344,18%@1344],GR3D_FREQ,0%,cpu@51.312C,soc2@49.281C,soc0@50C,gpu@50.781C,tj@51.312C,soc1@50.343C,VDD_IN,5802mW/5853mW,VDD_CPU_GPU_CV,1388mW/1404mW,VDD_SOC,2420mW/2415mW
07-27-2026,10:11:13,RAM,963/7620MB,(lfb,16x4MB),SWAP,130/3810MB,(cached,2MB),CPU,[9%@1344,0%@1344,0%@1344,9%@1344,0%@1344,0%@1344],GR3D_FREQ,0%,cpu@51.25C,soc2@49.125C,soc0@50C,gpu@51C,tj@51.25C,soc1@50.5C,VDD_IN,5802mW/5853mW,VDD_CPU_GPU_CV,1388mW/1404mW,VDD_SOC,2420mW/2415mW
07-27-2026,10:11:13,RAM,963/7620MB,(lfb,16x4MB),SWAP,130/3810MB,(cached,2MB),CPU,[16%@1344,9%@1344,0%@1344,0%@1344,0%@1344,9%@1344],GR3D_FREQ,0%,cpu@51.187C,soc2@49.156C,soc0@50.125C,gpu@50.812C,tj@51.187C,soc1@50.187C,VDD_IN,5802mW/5853mW,VDD_CPU_GPU_CV,1388mW/1404mW,VDD_SOC,2420mW/2415mW
07-27-2026,10:11:13,RAM,963/7620MB,(lfb,16x4MB),SWAP,130/3810MB,(cached,2MB),CPU,[10%@1344,8%@1344,9%@1344,0%@1344,0%@1344,9%@1344],GR3D_FREQ,0%,cpu@51.562C,soc2@49.218C,soc0@50C,gpu@51.062C,tj@51.562C,soc1@50.562C,VDD_IN,5802mW/5853mW,VDD_CPU_GPU_CV,1388mW/1404mW,VDD_SOC,2420mW/2415mW
07-27-2026,10:11:13,RAM,963/7620MB,(lfb,16x4MB),SWAP,130/3810MB,(cached,2MB),CPU,[9%@1344,0%@1344,0%@1344,0%@1344,0%@1344,10%@1344],GR3D_FREQ,0%,cpu@51.125C,soc2@49.187C,soc0@50.093C,gpu@50.937C,tj@51.125C,soc1@50.187C,VDD_IN,5842mW/5853mW,VDD_CPU_GPU_CV,1428mW/1404mW,VDD_SOC,2420mW/2415mW
07-27-2026,10:11:13,RAM,963/7620MB,(lfb,16x4MB),SWAP,130/3810MB,(cached,2MB),CPU,[10%@1344,9%@1344,0%@1344,0%@1344,0%@1344,10%@1344],GR3D_FREQ,0%,cpu@51.343C,soc2@49.218C,soc0@50C,gpu@50.812C,tj@51.343C,soc1@50.156C,VDD_IN,5842mW/5853mW,VDD_CPU_GPU_CV,1428mW/1404mW,VDD_SOC,2420mW/2415mW
07-27-2026,10:11:13,RAM,963/7620MB,(lfb,16x4MB),SWAP,130/3810MB,(cached,2MB),CPU,[9%@1344,0%@1344,0%@1344,0%@1344,0%@1344,9%@1344],GR3D_FREQ,0%,cpu@51.375C,soc2@49.25C,soc0@50.218C,gpu@50.906C,tj@51.375C,soc1@50.218C,VDD_IN,5842mW/5853mW,VDD_CPU_GPU_CV,1428mW/1404mW,VDD_SOC,2420mW/2415mW
07-27-2026,10:11:13,RAM,963/7620MB,(lfb,16x4MB),SWAP,130/3810MB,(cached,2MB),CPU,[9%@1344,9%@1344,9%@1344,0%@1344,0%@1344,9%@1344],GR3D_FREQ,0%,cpu@51.5C,soc2@49.281C,soc0@50C,gpu@50.843C,tj@51.5C,soc1@50.343C,VDD_IN,5842mW/5853mW,VDD_CPU_GPU_CV,1428mW/1404mW,VDD_SOC,2420mW/2415mW
07-27-2026,10:11:13,RAM,963/7620MB,(lfb,16x4MB),SWAP,130/3810MB,(cached,2MB),CPU,[10%@1344,0%@1344,0%@1344,0%@1344,0%@1344,9%@1344],GR3D_FREQ,0%,cpu@51C,soc2@49.25C,soc0@50.031C,gpu@50.812C,tj@51C,soc1@50.187C,VDD_IN,5802mW/5853mW,VDD_CPU_GPU_CV,1428mW/1404mW,VDD_SOC,2420mW/2415mW
07-27-2026,10:11:13,RAM,963/7620MB,(lfb,16x4MB),SWAP,130/3810MB,(cached,2MB),CPU,[9%@1344,0%@1344,0%@1344,0%@1344,0%@1344,18%@1344],GR3D_FREQ,0%,cpu@51.25C,soc2@49.093C,soc0@50.062C,gpu@50.937C,tj@51.25C,soc1@50.187C,VDD_IN,5802mW/5853mW,VDD_CPU_GPU_CV,1428mW/1404mW,VDD_SOC,2420mW/2415mW
07-27-2026,10:11:14,RAM,963/7620MB,(lfb,16x4MB),SWAP,130/3810MB,(cached,2MB),CPU,[9%@1344,9%@1344,0%@1344,0%@1344,0%@1344,0%@1344],GR3D_FREQ,0%,cpu@51.406C,soc2@49.312C,soc0@50.281C,gpu@50.968C,tj@51.406C,soc1@50.281C,VDD_IN,5802mW/5853mW,VDD_CPU_GPU_CV,1428mW/1404mW,VDD_SOC,2420mW/2415mW
07-27-2026,10:11:14,RAM,963/7620MB,(lfb,16x4MB),SWAP,130/3810MB,(cached,2MB),CPU,[0%@1344,0%@1344,0%@1344,9%@1344,0%@1344,9%@1344],GR3D_FREQ,0%,cpu@51.375C,soc2@49.281C,soc0@49.937C,gpu@50.75C,tj@51.375C,soc1@50.375C,VDD_IN,5802mW/5852mW,VDD_CPU_GPU_CV,1388mW/1404mW,VDD_SOC,2420mW/2415mW
07-27-2026,10:11:14,RAM,963/7620MB,(lfb,16x4MB),SWAP,130/3810MB,(cached,2MB),CPU,[10%@1344,0%@1344,0%@1344,0%@1344,16%@1344,10%@1344],GR3D_FREQ,0%,cpu@51.562C,soc2@49.156C,soc0@49.968C,gpu@51.343C,tj@51.562C,soc1@50.218C,VDD_IN,5842mW/5852mW,VDD_CPU_GPU_CV,1428mW/1404mW,VDD_SOC,2420mW/2415mW
07-27-2026,10:11:14,RAM,963/7620MB,(lfb,16x4MB),SWAP,130/3810MB,(cached,2MB),CPU,[16%@1344,0%@1344,0%@1344,0%@1344,0%@1344,9%@1344],GR3D_FREQ,0%,cpu@51.187C,soc2@49.156C,soc0@50.156C,gpu@50.968C,tj@51.187C,soc1@50.125C,VDD_IN,5842mW/5852mW,VDD_CPU_GPU_CV,1428mW/1404mW,VDD_SOC,2420mW/2415mW
07-27-2026,10:11:14,RAM,963/7620MB,(lfb,16x4MB),SWAP,130/3810MB,(cached,2MB),CPU,[9%@1344,0%@1344,0%@1344,0%@1344,0%@1344,9%@1344],GR3D_FREQ,0%,cpu@51.281C,soc2@49.218C,soc0@50.187C,gpu@50.781C,tj@51.281C,soc1@50.281C,VDD_IN,5842mW/5852mW,VDD_CPU_GPU_CV,1428mW/1404mW,VDD_SOC,2420mW/2415mW
07-27-2026,10:11:14,RAM,963/7620MB,(lfb,16x4MB),SWAP,130/3810MB,(cached,2MB),CPU,[18%@1344,0%@1344,0%@1344,0%@1344,0%@1344,0%@1344],GR3D_FREQ,0%,cpu@51.406C,soc2@49.125C,soc0@49.968C,gpu@51.218C,tj@51.406C,soc1@50.437C,VDD_IN,5842mW/5852mW,VDD_CPU_GPU_CV,1428mW/1404mW,VDD_SOC,2420mW/2415mW
07-27-2026,10:11:14,RAM,963/7620MB,(lfb,16x4MB),SWAP,130/3810MB,(cached,2MB),CPU,[0%@1344,0%@1344,0%@1344,0%@1344,0%@1344,9%@1344],GR3D_FREQ,0%,cpu@51.437C,soc2@49.156C,soc0@50C,gpu@50.906C,tj@51.218C,soc1@50.093C,VDD_IN,5802mW/5852mW,VDD_CPU_GPU_CV,1388mW/1404mW,VDD_SOC,2420mW/2415mW
07-27-2026,10:11:14,RAM,963/7620MB,(lfb,16x4MB),SWAP,130/3810MB,(cached,2MB),CPU,[10%@1344,0%@1344,9%@1344,0%@1344,0%@1344,10%@1344],GR3D_FREQ,0%,cpu@51.125C,soc2@49.156C,soc0@50.093C,gpu@51.406C,tj@51.406C,soc1@50.25C,VDD_IN,5802mW/5852mW,VDD_CPU_GPU_CV,1388mW/1404mW,VDD_SOC,2420mW/2415mW
07-27-2026,10:11:14,RAM,963/7620MB,(lfb,16x4MB),SWAP,130/3810MB,(cached,2MB),CPU,[9%@1344,0%@1344,0%@1344,0%@1344,0%@1344,9%@1344],GR3D_FREQ,0%,cpu@51.25C,soc2@49.125C,soc0@50.281C,gpu@51.187C,tj@51.25C,soc1@50.25C,VDD_IN,5802mW/5852mW,VDD_CPU_GPU_CV,1388mW/1404mW,VDD_SOC,2420mW/2415mW
07-27-2026,10:11:14,RAM,963/7620MB,(lfb,16x4MB),SWAP,130/3810MB,(cached,2MB),CPU,[9%@1344,9%@1344,0%@1344,0%@1344,0%@1344,9%@1344],GR3D_FREQ,0%,cpu@51.437C,soc2@49.218C,soc0@49.968C,gpu@50.968C,tj@51.437C,soc1@50.25C,VDD_IN,5802mW/5852mW,VDD_CPU_GPU_CV,1388mW/1404mW,VDD_SOC,2420mW/2415mW
07-27-2026,10:11:15,RAM,963/7620MB,(lfb,16x4MB),SWAP,130/3810MB,(cached,2MB),CPU,[10%@1344,9%@1344,0%@1344,0%@1344,0%@1344,0%@1344],GR3D_FREQ,0%,cpu@51.25C,soc2@49.156C,soc0@50C,gpu@51.343C,tj@51.343C,soc1@50.187C,VDD_IN,5802mW/5852mW,VDD_CPU_GPU_CV,1388mW/1404mW,VDD_SOC,2420mW/2415mW
07-27-2026,10:11:15,RAM,963/7620MB,(lfb,16x4MB),SWAP,130/3810MB,(cached,2MB),CPU,[9%@1344,8%@1344,0%@1344,0%@1344,0%@1344,9%@1344],GR3D_FREQ,0%,cpu@51.437C,soc2@49.218C,soc0@50.156C,gpu@50.875C,tj@51.437C,soc1@50.312C,VDD_IN,5802mW/5852mW,VDD_CPU_GPU_CV,1388mW/1404mW,VDD_SOC,2420mW/2415mW
07-27-2026,10:11:15,RAM,963/7620MB,(lfb,16x4MB),SWAP,130/3810MB,(cached,2MB),CPU,[18%@1344,8%@1344,9%@1344,0%@1344,0%@1344,16%@1344],GR3D_FREQ,0%,cpu@51.218C,soc2@49.218C,soc0@49.968C,gpu@50.875C,tj@51.218C,soc1@50.406C,VDD_IN,5842mW/5852mW,VDD_CPU_GPU_CV,1428mW/1404mW,VDD_SOC,2420mW/2415mW
07-27-2026,10:11:15,RAM,964/7620MB,(lfb,16x4MB),SWAP,130/3810MB,(cached,2MB),CPU,[9%@1344,9%@1344,0%@1344,0%@1344,9%@1344,0%@1344],GR3D_FREQ,0%,cpu@51.156C,soc2@49.093C,soc0@50C,gpu@51.281C,tj@51.281C,soc1@50.156C,VDD_IN,5842mW/5852mW,VDD_CPU_GPU_CV,1428mW/1404mW,VDD_SOC,2420mW/2415mW
07-27-2026,10:11:15,RAM,963/7620MB,(lfb,16x4MB),SWAP,130/3810MB,(cached,2MB),CPU,[25%@1344,9%@1344,0%@1344,0%@1344,0%@1344,9%@1344],GR3D_FREQ,0%,cpu@51.156C,soc2@49.218C,soc0@50.031C,gpu@51.062C,tj@51.156C,soc1@50.156C,VDD_IN,5842mW/5852mW,VDD_CPU_GPU_CV,1428mW/1404mW,VDD_SOC,2420mW/2415mW
07-27-2026,10:11:15,RAM,963/7620MB,(lfb,16x4MB),SWAP,130/3810MB,(cached,2MB),CPU,[0%@1344,0%@1344,0%@1344,0%@1344,18%@1344,9%@1344],GR3D_FREQ,0%,cpu@51.468C,soc2@49.218C,soc0@49.937C,gpu@50.781C,tj@51.468C,soc1@50.218C,VDD_IN,5921mW/5852mW,VDD_CPU_GPU_CV,1428mW/1404mW,VDD_SOC,2420mW/2415mW
07-27-2026,10:11:15,RAM,964/7620MB,(lfb,16x4MB),SWAP,130/3810MB,(cached,2MB),CPU,[10%@1344,0%@1344,9%@1344,0%@1344,9%@1344,10%@1344],GR3D_FREQ,0%,cpu@51.593C,soc2@49.125C,soc0@49.968C,gpu@51.25C,tj@51.593C,soc1@50.468C,VDD_IN,6001mW/5852mW,VDD_CPU_GPU_CV,1428mW/1404mW,VDD_SOC,2420mW/2415mW
07-27-2026,10:11:15,RAM,964/7620MB,(lfb,16x4MB),SWAP,130/3810MB,(cached,2MB),CPU,[16%@1344,0%@1344,0%@1344,0%@1344,0%@1344,9%@1344],GR3D_FREQ,0%,cpu@51.093C,soc2@49.125C,soc0@49.968C,gpu@51.031C,tj@51.093C,soc1@50.187C,VDD_IN,6041mW/5853mW,VDD_CPU_GPU_CV,1428mW/1404mW,VDD_SOC,2420mW/2415mW
07-27-2026,10:11:15,RAM,964/7620MB,(lfb,16x4MB),SWAP,130/3810MB,(cached,2MB),CPU,[10%@1344,0%@1344,0%@1344,0%@1344,9%@1344,9%@1344],GR3D_FREQ,0%,cpu@51.312C,soc2@49.125C,soc0@50.156C,gpu@50.968C,tj@51.312C,soc1@50.125C,VDD_IN,6080mW/5853mW,VDD_CPU_GPU_CV,1428mW/1404mW,VDD_SOC,2424mW/2415mW
07-27-2026,10:11:16,RAM,964/7620MB,(lfb,16x4MB),SWAP,130/3810MB,(cached,2MB),CPU,[16%@1344,0%@1344,0%@1344,15%@1344,0%@1344,0%@1344],GR3D_FREQ,0%,cpu@51.406C,soc2@49.187C,soc0@50.25C,gpu@51.25C,tj@51.406C,soc1@50.312C,VDD_IN,6080mW/5853mW,VDD_CPU_GPU_CV,1428mW/1404mW,VDD_SOC,2420mW/2415mW
07-27-2026,10:11:16,RAM,964/7620MB,(lfb,16x4MB),SWAP,130/3810MB,(cached,2MB),CPU,[0%@1344,0%@1344,0%@1344,0%@1344,0%@1344,16%@1344],GR3D_FREQ,0%,cpu@51.437C,soc2@49.156C,soc0@50C,gpu@51C,tj@51.437C,soc1@50.031C,VDD_IN,6130mW/5853mW,VDD_CPU_GPU_CV,1428mW/1404mW,VDD_SOC,2424mW/2415mW
07-27-2026,10:11:16,RAM,964/7620MB,(lfb,16x4MB),SWAP,130/3810MB,(cached,2MB),CPU,[9%@1344,8%@1344,0%@1344,0%@1344,9%@1344,9%@1344],GR3D_FREQ,0%,cpu@51.062C,soc2@49.187C,soc0@50.156C,gpu@50.937C,tj@51.062C,soc1@50.187C,VDD_IN,6130mW/5853mW,VDD_CPU_GPU_CV,1428mW/1404mW,VDD_SOC,2424mW/2415mW
07-27-2026,10:11:16,RAM,964/7620MB,(lfb,16x4MB),SWAP,130/3810MB,(cached,2MB),CPU,[10%@1344,0%@1344,0%@1344,0%@1344,0%@1344,10%@1344],GR3D_FREQ,0%,cpu@51.218C,soc2@49.187C,soc0@50.187C,gpu@50.843C,tj@51.218C,soc1@50.25C,VDD_IN,6130mW/5853mW,VDD_CPU_GPU_CV,1428mW/1404mW,VDD_SOC,2424mW/2415mW
07-27-2026,10:11:16,RAM,963/7620MB,(lfb,16x4MB),SWAP,130/3810MB,(cached,2MB),CPU,[9%@1344,0%@1344,0%@1344,0%@1344,0%@1344,0%@1344],GR3D_FREQ,0%,cpu@51.281C,soc2@49.156C,soc0@49.968C,gpu@51.062C,tj@51.281C,soc1@50.343C,VDD_IN,6170mW/5853mW,VDD_CPU_GPU_CV,1428mW/1404mW,VDD_SOC,2424mW/2415mW
07-27-2026,10:11:16,RAM,964/7620MB,(lfb,16x4MB),SWAP,130/3810MB,(cached,2MB),CPU,[0%@1344,0%@1344,0%@1344,9%@1344,9%@1344,16%@1344],GR3D_FREQ,0%,cpu@51.468C,soc2@49.156C,soc0@49.968C,gpu@50.875C,tj@51.468C,soc1@50.437C,VDD_IN,6080mW/5853mW,VDD_CPU_GPU_CV,1428mW/1404mW,VDD_SOC,2424mW/2415mW
07-27-2026,10:11:16,RAM,964/7620MB,(lfb,16x4MB),SWAP,130/3810MB,(cached,2MB),CPU,[16%@1344,9%@1344,0%@1344,0%@1344,0%@1344,0%@1344],GR3D_FREQ,0%,cpu@51.062C,soc2@49.218C,soc0@50.031C,gpu@50.781C,tj@51.093C,soc1@50.187C,VDD_IN,6001mW/5854mW,VDD_CPU_GPU_CV,1428mW/1404mW,VDD_SOC,2420mW/2415mW
07-27-2026,10:11:16,RAM,964/7620MB,(lfb,16x4MB),SWAP,130/3810MB,(cached,2MB),CPU,[16%@1344,0%@1344,0%@1344,0%@1344,0%@1344,16%@1344],GR3D_FREQ,0%,cpu@51.25C,soc2@49.156C,soc0@50.031C,gpu@50.968C,tj@51.25C,soc1@50.093C,VDD_IN,5961mW/5854mW,VDD_CPU_GPU_CV,1388mW/1404mW,VDD_SOC,2420mW/2415mW
07-27-2026,10:11:16,RAM,964/7620MB,(lfb,16x4MB),SWAP,130/3810MB,(cached,2MB),CPU,[9%@1344,0%@1344,0%@1344,0%@1344,0%@1344,0%@1344],GR3D_FREQ,0%,cpu@51.281C,soc2@49.156C,soc0@49.906C,gpu@50.875C,tj@51.281C,soc1@50.343C,VDD_IN,5921mW/5854mW,VDD_CPU_GPU_CV,1388mW/1404mW,VDD_SOC,2420mW/2415mW
07-27-2026,10:11:16,RAM,962/7620MB,(lfb,16x4MB),SWAP,130/3810MB,(cached,2MB),CPU,[10%@1344,0%@1344,0%@1344,0%@1344,0%@1344,0%@1344],GR3D_FREQ,0%,cpu@51.375C,soc2@49.187C,soc0@50C,gpu@50.781C,tj@51.375C,soc1@50.437C,VDD_IN,5882mW/5854mW,VDD_CPU_GPU_CV,1388mW/1404mW,VDD_SOC,2420mW/2415mW
07-27-2026,10:11:17,RAM,962/7620MB,(lfb,16x4MB),SWAP,130/3810MB,(cached,2MB),CPU,[0%@1344,0%@1344,0%@1344,0%@1344,0%@1344,0%@1344],GR3D_FREQ,0%,cpu@51.437C,soc2@49.187C,soc0@50C,gpu@51C,tj@51.125C,soc1@50.156C,VDD_IN,5842mW/5854mW,VDD_CPU_GPU_CV,1388mW/1404mW,VDD_SOC,2420mW/2415mW
07-27-2026,10:11:17,RAM,902/7620MB,(lfb,16x4MB),SWAP,130/3810MB,(cached,2MB),CPU,[0%@1344,0%@1344,9%@1344,20%@1344,0%@1344,16%@1344],GR3D_FREQ,0%,cpu@51.25C,soc2@49.187C,soc0@50.125C,gpu@50.906C,tj@51.25C,soc1@50.187C,VDD_IN,5842mW/5854mW,VDD_CPU_GPU_CV,1388mW/1404mW,VDD_SOC,2420mW/2415mW
07-27-2026,10:11:17,RAM,902/7620MB,(lfb,16x4MB),SWAP,130/3810MB,(cached,2MB),CPU,[0%@1344,0%@1344,8%@1344,9%@1344,9%@1344,9%@1344],GR3D_FREQ,0%,cpu@51.218C,soc2@49.125C,soc0@49.906C,gpu@50.906C,tj@51.218C,soc1@50.187C,VDD_IN,5802mW/5854mW,VDD_CPU_GPU_CV,1388mW/1404mW,VDD_SOC,2420mW/2415mW
07-27-2026,10:11:17,RAM,902/7620MB,(lfb,16x4MB),SWAP,130/3810MB,(cached,2MB),CPU,[0%@1344,0%@1344,0%@1344,0%@1344,0%@1344,0%@1344],GR3D_FREQ,0%,cpu@51.312C,soc2@49.218C,soc0@49.968C,gpu@50.937C,tj@51.312C,soc1@50.406C,VDD_IN,5753mW/5854mW,VDD_CPU_GPU_CV,1346mW/1404mW,VDD_SOC,2380mW/2415mW
07-27-2026,10:11:17,RAM,902/7620MB,(lfb,16x4MB),SWAP,130/3810MB,(cached,2MB),CPU,[0%@1344,0%@1344,0%@1344,0%@1344,0%@1344,0%@1344],GR3D_FREQ,0%,cpu@51.312C,soc2@49.156C,soc0@50.031C,gpu@50.875C,tj@51.312C,soc1@50.531C,VDD_IN,5713mW/5853mW,VDD_CPU_GPU_CV,1346mW/1404mW,VDD_SOC,2376mW/2415mW
07-27-2026,10:11:17,RAM,902/7620MB,(lfb,16x4MB),SWAP,130/3810MB,(cached,2MB),CPU,[0%@1344,0%@1344,0%@1344,0%@1344,0%@1344,0%@1344],GR3D_FREQ,0%,cpu@51.125C,soc2@49.031C,soc0@50.062C,gpu@50.812C,tj@51.125C,soc1@50.187C,VDD_IN,5713mW/5853mW,VDD_CPU_GPU_CV,1346mW/1404mW,VDD_SOC,2376mW/2415mW
07-27-2026,10:11:17,RAM,902/7620MB,(lfb,16x4MB),SWAP,130/3810MB,(cached,2MB),CPU,[0%@1344,0%@1344,0%@1344,0%@1344,0%@1344,0%@1344],GR3D_FREQ,0%,cpu@51.156C,soc2@49.218C,soc0@50.125C,gpu@50.906C,tj@51.156C,soc1@50.187C,VDD_IN,5674mW/5853mW,VDD_CPU_GPU_CV,1346mW/1404mW,VDD_SOC,2376mW/2415mW
07-27-2026,10:11:17,RAM,902/7620MB,(lfb,16x4MB),SWAP,130/3810MB,(cached,2MB),CPU,[0%@1344,0%@1344,0%@1344,0%@1344,0%@1344,0%@1344],GR3D_FREQ,0%,cpu@51.187C,soc2@49.187C,soc0@50C,gpu@50.875C,tj@51.187C,soc1@50.375C,VDD_IN,5674mW/5853mW,VDD_CPU_GPU_CV,1307mW/1404mW,VDD_SOC,2376mW/2415mW
07-27-2026,10:11:17,RAM,902/7620MB,(lfb,16x4MB),SWAP,130/3810MB,(cached,2MB),CPU,[0%@1344,9%@1344,0%@1344,0%@1344,0%@1344,0%@1344],GR3D_FREQ,0%,cpu@51.406C,soc2@49.312C,soc0@50C,gpu@50.812C,tj@51.406C,soc1@50.437C,VDD_IN,5634mW/5853mW,VDD_CPU_GPU_CV,1307mW/1404mW,VDD_SOC,2376mW/2415mW
07-27-2026,10:11:18,RAM,902/7620MB,(lfb,16x4MB),SWAP,130/3810MB,(cached,2MB),CPU,[0%@1344,0%@1344,0%@1344,0%@1344,0%@1344,0%@1344],GR3D_FREQ,0%,cpu@51.125C,soc2@49.093C,soc0@50.125C,gpu@50.937C,tj@51.125C,soc1@50.218C,VDD_IN,5634mW/5853mW,VDD_CPU_GPU_CV,1307mW/1404mW,VDD_SOC,2376mW/2415mW
07-27-2026,10:11:18,RAM,902/7620MB,(lfb,16x4MB),SWAP,130/3810MB,(cached,2MB),CPU,[0%@1344,0%@1344,0%@1344,0%@1344,0%@1344,0%@1344],GR3D_FREQ,0%,cpu@51.156C,soc2@49.125C,soc0@50.125C,gpu@50.781C,tj@51.156C,soc1@50.156C,VDD_IN,5634mW/5853mW,VDD_CPU_GPU_CV,1307mW/1404mW,VDD_SOC,2376mW/2415mW
07-27-2026,10:11:18,RAM,902/7620MB,(lfb,16x4MB),SWAP,130/3810MB,(cached,2MB),CPU,[0%@1344,0%@1344,0%@1344,0%@1344,0%@1344,0%@1344],GR3D_FREQ,0%,cpu@51.218C,soc2@49.187C,soc0@50.031C,gpu@51C,tj@51.218C,soc1@50.187C,VDD_IN,5634mW/5853mW,VDD_CPU_GPU_CV,1307mW/1404mW,VDD_SOC,2376mW/2415mW
07-27-2026,10:11:18,RAM,901/7620MB,(lfb,16x4MB),SWAP,130/3810MB,(cached,2MB),CPU,[0%@1344,0%@1344,0%@1344,0%@1344,0%@1344,0%@1344],GR3D_FREQ,0%,cpu@51.406C,soc2@49.218C,soc0@49.968C,gpu@50.937C,tj@51.406C,soc1@50.375C,VDD_IN,5634mW/5853mW,VDD_CPU_GPU_CV,1307mW/1404mW,VDD_SOC,2376mW/2415mW
07-27-2026,10:11:18,RAM,901/7620MB,(lfb,16x4MB),SWAP,130/3810MB,(cached,2MB),CPU,[9%@1344,0%@1344,0%@1344,0%@1344,0%@1344,0%@1344],GR3D_FREQ,0%,cpu@51.437C,soc2@49.093C,soc0@50C,gpu@50.875C,tj@51.437C,soc1@50.156C,VDD_IN,5634mW/5853mW,VDD_CPU_GPU_CV,1307mW/1404mW,VDD_SOC,2376mW/2415mW
07-27-2026,10:11:18,RAM,901/7620MB,(lfb,16x4MB),SWAP,130/3810MB,(cached,2MB),CPU,[0%@1344,0%@1344,0%@1344,0%@1344,0%@1344,0%@1344],GR3D_FREQ,0%,cpu@51.156C,soc2@49.062C,soc0@50.062C,gpu@50.968C,tj@51.156C,soc1@50.156C,VDD_IN,5634mW/5852mW,VDD_CPU_GPU_CV,1307mW/1404mW,VDD_SOC,2376mW/2415mW
07-27-2026,10:11:18,RAM,901/7620MB,(lfb,16x4MB),SWAP,130/3810MB,(cached,2MB),CPU,[0%@1344,0%@1344,0%@1344,0%@1344,0%@1344,0%@1344],GR3D_FREQ,0%,cpu@51.093C,soc2@49.125C,soc0@50.187C,gpu@50.937C,tj@51.093C,soc1@50.187C,VDD_IN,5634mW/5852mW,VDD_CPU_GPU_CV,1307mW/1404mW,VDD_SOC,2376mW/2415mW
07-27-2026,10:11:18,RAM,901/7620MB,(lfb,16x4MB),SWAP,130/3810MB,(cached,2MB),CPU,[0%@1344,0%@1344,0%@1344,0%@1344,0%@1344,0%@1344],GR3D_FREQ,0%,cpu@51.343C,soc2@49.187C,soc0@50.062C,gpu@50.843C,tj@51.343C,soc1@50.343C,VDD_IN,5634mW/5852mW,VDD_CPU_GPU_CV,1307mW/1404mW,VDD_SOC,2376mW/2415mW
07-27-2026,10:11:18,RAM,901/7620MB,(lfb,16x4MB),SWAP,130/3810MB,(cached,2MB),CPU,[0%@1344,0%@1344,0%@1344,0%@1344,0%@1344,0%@1344],GR3D_FREQ,0%,cpu@51.437C,soc2@49.156C,soc0@49.968C,gpu@50.875C,tj@51.437C,soc1@50.437C,VDD_IN,5594mW/5852mW,VDD_CPU_GPU_CV,1307mW/1404mW,VDD_SOC,2376mW/2415mW
07-27-2026,10:11:18,RAM,901/7620MB,(lfb,16x4MB),SWAP,130/3810MB,(cached,2MB),CPU,[0%@1344,0%@1344,0%@1344,0%@1344,0%@1344,0%@1344],GR3D_FREQ,0%,cpu@51.125C,soc2@49.031C,soc0@50.031C,gpu@50.812C,tj@51.125C,soc1@50.125C,VDD_IN,5594mW/5852mW,VDD_CPU_GPU_CV,1307mW/1404mW,VDD_SOC,2376mW/2415mW
07-27-2026,10:11:19,RAM,901/7620MB,(lfb,16x4MB),SWAP,130/3810MB,(cached,2MB),CPU,[0%@1344,0%@1344,0%@1344,0%@1344,0%@1344,0%@1344],GR3D_FREQ,0%,cpu@51.187C,soc2@49.187C,soc0@50.156C,gpu@50.718C,tj@51.187C,soc1@50.125C,VDD_IN,5594mW/5852mW,VDD_CPU_GPU_CV,1307mW/1404mW,VDD_SOC,2376mW/2415mW
07-27-2026,10:11:19,RAM,901/7620MB,(lfb,16x4MB),SWAP,130/3810MB,(cached,2MB),CPU,[0%@1344,0%@1344,0%@1344,0%@1344,0%@1344,0%@1344],GR3D_FREQ,0%,cpu@51.156C,soc2@49.218C,soc0@49.875C,gpu@51C,tj@51.156C,soc1@50.187C,VDD_IN,5594mW/5852mW,VDD_CPU_GPU_CV,1307mW/1403mW,VDD_SOC,2376mW/2415mW
07-27-2026,10:11:19,RAM,901/7620MB,(lfb,16x4MB),SWAP,130/3810MB,(cached,2MB),CPU,[8%@1344,0%@1344,0%@1344,9%@1344,0%@1344,9%@1344],GR3D_FREQ,0%,cpu@51.406C,soc2@49.25C,soc0@49.937C,gpu@50.875C,tj@51.406C,soc1@50.343C,VDD_IN,5634mW/5852mW,VDD_CPU_GPU_CV,1307mW/1403mW,VDD_SOC,2376mW/2415mW
07-27-2026,10:11:19,RAM,901/7620MB,(lfb,16x4MB),SWAP,130/3810MB,(cached,2MB),CPU,[0%@1344,0%@1344,0%@1344,0%@1344,0%@1344,0%@1344],GR3D_FREQ,0%,cpu@51.406C,soc2@49.156C,soc0@50C,gpu@51.062C,tj@51.406C,soc1@50.156C,VDD_IN,5634mW/5851mW,VDD_CPU_GPU_CV,1307mW/1403mW,VDD_SOC,2376mW/2415mW
07-27-2026,10:11:19,RAM,901/7620MB,(lfb,16x4MB),SWAP,130/3810MB,(cached,2MB),CPU,[0%@1344,0%@1344,0%@1344,0%@1344,0%@1344,0%@1344],GR3D_FREQ,0%,cpu@51.093C,soc2@49.093C,soc0@50C,gpu@50.937C,tj@51.093C,soc1@50.156C,VDD_IN,5634mW/5851mW,VDD_CPU_GPU_CV,1307mW/1403mW,VDD_SOC,2376mW/2415mW
07-27-2026,10:11:19,RAM,901/7620MB,(lfb,16x4MB),SWAP,130/3810MB,(cached,2MB),CPU,[0%@1344,0%@1344,0%@1344,0%@1344,0%@1344,0%@1344],GR3D_FREQ,0%,cpu@51.25C,soc2@49.218C,soc0@50.281C,gpu@50.75C,tj@51.25C,soc1@50.187C,VDD_IN,5594mW/5851mW,VDD_CPU_GPU_CV,1307mW/1403mW,VDD_SOC,2376mW/2415mW
07-27-2026,10:11:19,RAM,901/7620MB,(lfb,16x4MB),SWAP,130/3810MB,(cached,2MB),CPU,[0%@1344,0%@1344,0%@1344,0%@1344,0%@1344,0%@1344],GR3D_FREQ,0%,cpu@51.25C,soc2@49.281C,soc0@49.968C,gpu@50.718C,tj@51.25C,soc1@50.343C,VDD_IN,5594mW/5851mW,VDD_CPU_GPU_CV,1307mW/1403mW,VDD_SOC,2376mW/2415mW
07-27-2026,10:11:19,RAM,901/7620MB,(lfb,16x4MB),SWAP,130/3810MB,(cached,2MB),CPU,[0%@1344,0%@1344,0%@1344,0%@1344,0%@1344,0%@1344],GR3D_FREQ,0%,cpu@51.281C,soc2@49.062C,soc0@50.031C,gpu@50.937C,tj@51.281C,soc1@50.312C,VDD_IN,5594mW/5851mW,VDD_CPU_GPU_CV,1307mW/1403mW,VDD_SOC,2376mW/2415mW
07-27-2026,10:11:19,RAM,901/7620MB,(lfb,16x4MB),SWAP,130/3810MB,(cached,2MB),CPU,[0%@1344,0%@1344,0%@1344,0%@1344,0%@1344,0%@1344],GR3D_FREQ,0%,cpu@51.062C,soc2@49.093C,soc0@50C,gpu@50.812C,tj@51.062C,soc1@50.156C,VDD_IN,5594mW/5851mW,VDD_CPU_GPU_CV,1307mW/1403mW,VDD_SOC,2376mW/2415mW
07-27-2026,10:11:20,RAM,901/7620MB,(lfb,16x4MB),SWAP,130/3810MB,(cached,2MB),CPU,[0%@1344,9%@1344,0%@1344,0%@1344,0%@1344,0%@1344],GR3D_FREQ,0%,cpu@51.156C,soc2@49.125C,soc0@50C,gpu@51C,tj@51.156C,soc1@50.187C,VDD_IN,5594mW/5851mW,VDD_CPU_GPU_CV,1307mW/1403mW,VDD_SOC,2376mW/2415mW
07-27-2026,10:11:20,RAM,901/7620MB,(lfb,16x4MB),SWAP,130/3810MB,(cached,2MB),CPU,[8%@1344,0%@1344,0%@1344,0%@1344,0%@1344,0%@1344],GR3D_FREQ,0%,cpu@51.218C,soc2@49.093C,soc0@49.875C,gpu@50.906C,tj@51.218C,soc1@50.187C,VDD_IN,5594mW/5851mW,VDD_CPU_GPU_CV,1307mW/1403mW,VDD_SOC,2376mW/2415mW
07-27-2026,10:11:20,RAM,901/7620MB,(lfb,16x4MB),SWAP,130/3810MB,(cached,2MB),CPU,[0%@1344,0%@1344,0%@1344,0%@1344,0%@1344,0%@1344],GR3D_FREQ,0%,cpu@51.343C,soc2@49.25C,soc0@49.937C,gpu@50.75C,tj@51.343C,soc1@50.437C,VDD_IN,5555mW/5850mW,VDD_CPU_GPU_CV,1307mW/1403mW,VDD_SOC,2376mW/2414mW
07-27-2026,10:11:20,RAM,901/7620MB,(lfb,16x4MB),SWAP,130/3810MB,(cached,2MB),CPU,[0%@1344,0%@1344,0%@1344,8%@1344,9%@1344,0%@1344],GR3D_FREQ,0%,cpu@51.437C,soc2@49.125C,soc0@49.937C,gpu@51C,tj@51.031C,soc1@50.187C,VDD_IN,5594mW/5850mW,VDD_CPU_GPU_CV,1307mW/1403mW,VDD_SOC,2376mW/2414mW
07-27-2026,10:11:20,RAM,901/7620MB,(lfb,16x4MB),SWAP,130/3810MB,(cached,2MB),CPU,[0%@1344,0%@1344,0%@1344,0%@1344,0%@1344,0%@1344],GR3D_FREQ,0%,cpu@51.093C,soc2@49.125C,soc0@50.218C,gpu@50.812C,tj@51.093C,soc1@50.031C,VDD_IN,5594mW/5850mW,VDD_CPU_GPU_CV,1307mW/1403mW,VDD_SOC,2376mW/2414mW
07-27-2026,10:11:20,RAM,901/7620MB,(lfb,16x4MB),SWAP,130/3810MB,(cached,2MB),CPU,[0%@1344,0%@1344,0%@1344,0%@1344,0%@1344,0%@1344],GR3D_FREQ,0%,cpu@51.156C,soc2@49.25C,soc0@50.187C,gpu@50.812C,tj@51.156C,soc1@50.187C,VDD_IN,5594mW/5850mW,VDD_CPU_GPU_CV,1307mW/1403mW,VDD_SOC,2376mW/2414mW
07-27-2026,10:11:20,RAM,901/7620MB,(lfb,16x4MB),SWAP,130/3810MB,(cached,2MB),CPU,[0%@1344,0%@1344,10%@1344,0%@1344,0%@1344,0%@1344],GR3D_FREQ,0%,cpu@51.312C,soc2@49.125C,soc0@49.875C,gpu@51.031C,tj@51.312C,soc1@50.375C,VDD_IN,5634mW/5850mW,VDD_CPU_GPU_CV,1307mW/1403mW,VDD_SOC,2376mW/2414mW
07-27-2026,10:11:20,RAM,901/7620MB,(lfb,16x4MB),SWAP,130/3810MB,(cached,2MB),CPU,[0%@1344,0%@1344,9%@1344,0%@1344,0%@1344,0%@1344],GR3D_FREQ,0%,cpu@51.437C,soc2@49.125C,soc0@49.968C,gpu@50.781C,tj@51.437C,soc1@49.968C,VDD_IN,5674mW/5850mW,VDD_CPU_GPU_CV,1307mW/1403mW,VDD_SOC,2376mW/2414mW
07-27-2026,10:11:20,RAM,901/7620MB,(lfb,16x4MB),SWAP,130/3810MB,(cached,2MB),CPU,[0%@1344,8%@1344,0%@1344,0%@1344,0%@1344,0%@1344],GR3D_FREQ,0%,cpu@51C,soc2@49.125C,soc0@50C,gpu@50.875C,tj@51C,soc1@50.187C,VDD_IN,5753mW/5850mW,VDD_CPU_GPU_CV,1307mW/1403mW,VDD_SOC,2376mW/2414mW
07-27-2026,10:11:20,RAM,901/7620MB,(lfb,16x4MB),SWAP,130/3810MB,(cached,2MB),CPU,[0%@1344,0%@1344,0%@1344,0%@1344,0%@1344,0%@1344],GR3D_FREQ,0%,cpu@51.156C,soc2@49.187C,soc0@50C,gpu@50.906C,tj@51.156C,soc1@50.187C,VDD_IN,5793mW/5850mW,VDD_CPU_GPU_CV,1307mW/1403mW,VDD_SOC,2376mW/2414mW
07-27-2026,10:11:21,RAM,901/7620MB,(lfb,16x4MB),SWAP,130/3810MB,(cached,2MB),CPU,[0%@1344,0%@1344,0%@1344,0%@1344,0%@1344,0%@1344],GR3D_FREQ,0%,cpu@51.25C,soc2@49.156C,soc0@49.937C,gpu@50.843C,tj@51.25C,soc1@50.187C,VDD_IN,5832mW/5850mW,VDD_CPU_GPU_CV,1305mW/1403mW,VDD_SOC,2376mW/2414mW
07-27-2026,10:11:21,RAM,901/7620MB,(lfb,16x4MB),SWAP,130/3810MB,(cached,2MB),CPU,[8%@1344,0%@1344,0%@1344,0%@1344,0%@1344,0%@1344],GR3D_FREQ,0%,cpu@51.312C,soc2@49.031C,soc0@50C,gpu@50.75C,tj@51.312C,soc1@50.406C,VDD_IN,5832mW/5850mW,VDD_CPU_GPU_CV,1307mW/1403mW,VDD_SOC,2376mW/2414mW
07-27-2026,10:11:21,RAM,902/7620MB,(lfb,16x4MB),SWAP,130/3810MB,(cached,2MB),CPU,[0%@1344,9%@1344,0%@1344,0%@1344,8%@1344,0%@1344],GR3D_FREQ,0%,cpu@50.906C,soc2@49.125C,soc0@50.031C,gpu@50.906C,tj@51.062C,soc1@50.125C,VDD_IN,5832mW/5850mW,VDD_CPU_GPU_CV,1305mW/1403mW,VDD_SOC,2376mW/2414mW
07-27-2026,10:11:21,RAM,901/7620MB,(lfb,16x4MB),SWAP,130/3810MB,(cached,2MB),CPU,[0%@1344,0%@1344,0%@1344,0%@1344,0%@1344,0%@1344],GR3D_FREQ,0%,cpu@51.156C,soc2@49.156C,soc0@50.125C,gpu@50.875C,tj@51.156C,soc1@50.156C,VDD_IN,5872mW/5850mW,VDD_CPU_GPU_CV,1307mW/1402mW,VDD_SOC,2376mW/2414mW
07-27-2026,10:11:21,RAM,901/7620MB,(lfb,16x4MB),SWAP,130/3810MB,(cached,2MB),CPU,[0%@1344,0%@1344,0%@1344,8%@1344,0%@1344,0%@1344],GR3D_FREQ,0%,cpu@51.281C,soc2@49.218C,soc0@50.062C,gpu@51.062C,tj@51.281C,soc1@50.093C,VDD_IN,5872mW/5850mW,VDD_CPU_GPU_CV,1305mW/1402mW,VDD_SOC,2376mW/2414mW
07-27-2026,10:11:21,RAM,901/7620MB,(lfb,16x4MB),SWAP,130/3810MB,(cached,2MB),CPU,[0%@1344,0%@1344,9%@1344,0%@1344,0%@1344,0%@1344],GR3D_FREQ,0%,cpu@51.343C,soc2@49.312C,soc0@49.906C,gpu@51C,tj@51.343C,soc1@50.312C,VDD_IN,5872mW/5850mW,VDD_CPU_GPU_CV,1307mW/1402mW,VDD_SOC,2376mW/2414mW
07-27-2026,10:11:21,RAM,901/7620MB,(lfb,16x4MB),SWAP,130/3810MB,(cached,2MB),CPU,[0%@1344,0%@1344,0%@1344,0%@1344,0%@1344,0%@1344],GR3D_FREQ,0%,cpu@51.343C,soc2@49.125C,soc0@50C,gpu@50.781C,tj@51.343C,soc1@50.125C,VDD_IN,5912mW/5850mW,VDD_CPU_GPU_CV,1307mW/1402mW,VDD_SOC,2376mW/2414mW
07-27-2026,10:11:21,RAM,901/7620MB,(lfb,16x4MB),SWAP,130/3810MB,(cached,2MB),CPU,[0%@1344,0%@1344,0%@1344,0%@1344,0%@1344,0%@1344],GR3D_FREQ,0%,cpu@51.125C,soc2@49.125C,soc0@50C,gpu@51C,tj@51.125C,soc1@50.187C,VDD_IN,5912mW/5850mW,VDD_CPU_GPU_CV,1307mW/1402mW,VDD_SOC,2416mW/2414mW
07-27-2026,10:11:21,RAM,901/7620MB,(lfb,16x4MB),SWAP,130/3810MB,(cached,2MB),CPU,[0%@1344,0%@1344,0%@1344,0%@1344,0%@1344,0%@1344],GR3D_FREQ,0%,cpu@51.125C,soc2@49.187C,soc0@50.093C,gpu@50.875C,tj@51.125C,soc1@50.187C,VDD_IN,5912mW/5850mW,VDD_CPU_GPU_CV,1307mW/1402mW,VDD_SOC,2376mW/2414mW
07-27-2026,10:11:22,RAM,901/7620MB,(lfb,16x4MB),SWAP,130/3810MB,(cached,2MB),CPU,[0%@1344,0%@1344,0%@1344,0%@1344,0%@1344,0%@1344],GR3D_FREQ,0%,cpu@51.312C,soc2@49.156C,soc0@50C,gpu@50.812C,tj@51.312C,soc1@50.218C,VDD_IN,5912mW/5850mW,VDD_CPU_GPU_CV,1307mW/1402mW,VDD_SOC,2376mW/2414mW
07-27-2026,10:11:22,RAM,901/7620MB,(lfb,16x4MB),SWAP,130/3810MB,(cached,2MB),CPU,[0%@1344,9%@1344,0%@1344,0%@1344,0%@1344,0%@1344],GR3D_FREQ,0%,cpu@51.281C,soc2@49.25C,soc0@49.875C,gpu@50.968C,tj@51.281C,soc1@50.312C,VDD_IN,5832mW/5850mW,VDD_CPU_GPU_CV,1307mW/1402mW,VDD_SOC,2376mW/2414mW
07-27-2026,10:11:22,RAM,901/7620MB,(lfb,16x4MB),SWAP,130/3810MB,(cached,2MB),CPU,[0%@1344,0%@1344,0%@1344,0%@1344,0%@1344,0%@1344],GR3D_FREQ,0%,cpu@50.968C,soc2@49.125C,soc0@50.031C,gpu@50.843C,tj@51.062C,soc1@50.062C,VDD_IN,5793mW/5850mW,VDD_CPU_GPU_CV,1307mW/1402mW,VDD_SOC,2376mW/2414mW
07-27-2026,10:11:22,RAM,902/7620MB,(lfb,16x4MB),SWAP,130/3810MB,(cached,2MB),CPU,[0%@1344,0%@1344,0%@1344,16%@1344,0%@1344,0%@1344],GR3D_FREQ,0%,cpu@51.093C,soc2@49.125C,soc0@50.093C,gpu@51.031C,tj@51.093C,soc1@50.062C,VDD_IN,5753mW/5850mW,VDD_CPU_GPU_CV,1307mW/1402mW,VDD_SOC,2376mW/2414mW
07-27-2026,10:11:22,RAM,902/7620MB,(lfb,16x4MB),SWAP,130/3810MB,(cached,2MB),CPU,[0%@1344,0%@1344,0%@1344,0%@1344,0%@1344,0%@1344],GR3D_FREQ,0%,cpu@51.187C,soc2@49.218C,soc0@50.062C,gpu@50.937C,tj@51.187C,soc1@50.156C,VDD_IN,5713mW/5850mW,VDD_CPU_GPU_CV,1307mW/1402mW,VDD_SOC,2376mW/2414mW
07-27-2026,10:11:22,RAM,902/7620MB,(lfb,16x4MB),SWAP,130/3810MB,(cached,2MB),CPU,[0%@1344,8%@1344,0%@1344,0%@1344,0%@1344,0%@1344],GR3D_FREQ,0%,cpu@51.312C,soc2@49.218C,soc0@49.937C,gpu@50.875C,tj@51.312C,soc1@50.281C,VDD_IN,5674mW/5850mW,VDD_CPU_GPU_CV,1307mW/1402mW,VDD_SOC,2376mW/2414mW
07-27-2026,10:11:22,RAM,902/7620MB,(lfb,16x4MB),SWAP,130/3810MB,(cached,2MB),CPU,[0%@1344,0%@1344,0%@1344,0%@1344,0%@1344,0%@1344],GR3D_FREQ,0%,cpu@51.406C,soc2@49C,soc0@49.937C,gpu@51.062C,tj@51.406C,soc1@49.968C,VDD_IN,5634mW/5850mW,VDD_CPU_GPU_CV,1307mW/1402mW,VDD_SOC,2376mW/2414mW
07-27-2026,10:11:22,RAM,902/7620MB,(lfb,16x4MB),SWAP,130/3810MB,(cached,2MB),CPU,[0%@1344,0%@1344,0%@1344,0%@1344,0%@1344,0%@1344],GR3D_FREQ,0%,cpu@51.093C,soc2@49.093C,soc0@50C,gpu@50.875C,tj@51.093C,soc1@50.125C,VDD_IN,5634mW/5849mW,VDD_CPU_GPU_CV,1307mW/1402mW,VDD_SOC,2376mW/2414mW
07-27-2026,10:11:22,RAM,902/7620MB,(lfb,16x4MB),SWAP,130/3810MB,(cached,2MB),CPU,[8%@1344,0%@1344,0%@1344,0%@1344,0%@1344,0%@1344],GR3D_FREQ,0%,cpu@51.187C,soc2@49.218C,soc0@50.125C,gpu@50.875C,tj@51.187C,soc1@50.062C,VDD_IN,5634mW/5849mW,VDD_CPU_GPU_CV,1307mW/1402mW,VDD_SOC,2376mW/2414mW
07-27-2026,10:11:22,RAM,902/7620MB,(lfb,16x4MB),SWAP,130/3810MB,(cached,2MB),CPU,[0%@1344,0%@1344,0%@1344,0%@1344,0%@1344,0%@1344],GR3D_FREQ,0%,cpu@51.375C,soc2@49.156C,soc0@49.968C,gpu@51C,tj@51.375C,soc1@50.125C,VDD_IN,5594mW/5849mW,VDD_CPU_GPU_CV,1307mW/1402mW,VDD_SOC,2376mW/2414mW
07-27-2026,10:11:23,RAM,902/7620MB,(lfb,16x4MB),SWAP,130/3810MB,(cached,2MB),CPU,[0%@1344,0%@1344,0%@1344,0%@1344,0%@1344,0%@1344],GR3D_FREQ,0%,cpu@51.375C,soc2@49.187C,soc0@49.937C,gpu@50.875C,tj@51.375C,soc1@49.968C,VDD_IN,5594mW/5849mW,VDD_CPU_GPU_CV,1307mW/1402mW,VDD_SOC,2376mW/2414mW
07-27-2026,10:11:23,RAM,902/7620MB,(lfb,16x4MB),SWAP,130/3810MB,(cached,2MB),CPU,[0%@1344,0%@1344,0%@1344,0%@1344,0%@1344,0%@1344],GR3D_FREQ,0%,cpu@50.937C,soc2@49.062C,soc0@50.031C,gpu@50.812C,tj@50.937C,soc1@50.031C,VDD_IN,5594mW/5849mW,VDD_CPU_GPU_CV,1307mW/1402mW,VDD_SOC,2376mW/2414mW
07-27-2026,10:11:23,RAM,902/7620MB,(lfb,16x4MB),SWAP,130/3810MB,(cached,2MB),CPU,[0%@1344,0%@1344,0%@1344,0%@1344,0%@1344,0%@1344],GR3D_FREQ,0%,cpu@51.156C,soc2@49.031C,soc0@50.062C,gpu@51C,tj@51.156C,soc1@50.093C,VDD_IN,5594mW/5849mW,VDD_CPU_GPU_CV,1307mW/1402mW,VDD_SOC,2376mW/2414mW
07-27-2026,10:11:23,RAM,902/7620MB,(lfb,16x4MB),SWAP,130/3810MB,(cached,2MB),CPU,[0%@1344,0%@1344,0%@1344,0%@1344,0%@1344,0%@1344],GR3D_FREQ,0%,cpu@51.156C,soc2@49.187C,soc0@50.093C,gpu@50.843C,tj@51.156C,soc1@50.156C,VDD_IN,5594mW/5849mW,VDD_CPU_GPU_CV,1307mW/1402mW,VDD_SOC,2376mW/2414mW
07-27-2026,10:11:23,RAM,902/7620MB,(lfb,16x4MB),SWAP,130/3810MB,(cached,2MB),CPU,[0%@1344,0%@1344,0%@1344,0%@1344,0%@1344,0%@1344],GR3D_FREQ,0%,cpu@51.343C,soc2@49.187C,soc0@49.937C,gpu@51.093C,tj@51.343C,soc1@50.218C,VDD_IN,5594mW/5849mW,VDD_CPU_GPU_CV,1307mW/1401mW,VDD_SOC,2376mW/2414mW
07-27-2026,10:11:23,RAM,902/7620MB,(lfb,16x4MB),SWAP,130/3810MB,(cached,2MB),CPU,[0%@1344,0%@1344,0%@1344,0%@1344,0%@1344,0%@1344],GR3D_FREQ,0%,cpu@51.437C,soc2@49C,soc0@49.968C,gpu@50.968C,tj@51.437C,soc1@49.937C,VDD_IN,5594mW/5848mW,VDD_CPU_GPU_CV,1307mW/1401mW,VDD_SOC,2376mW/2414mW
07-27-2026,10:11:23,RAM,902/7620MB,(lfb,16x4MB),SWAP,130/3810MB,(cached,2MB),CPU,[0%@1344,0%@1344,0%@1344,0%@1344,0%@1344,0%@1344],GR3D_FREQ,0%,cpu@51.093C,soc2@49.125C,soc0@50C,gpu@50.875C,tj@51.093C,soc1@50.156C,VDD_IN,5594mW/5848mW,VDD_CPU_GPU_CV,1307mW/1401mW,VDD_SOC,2376mW/2414mW
07-27-2026,10:11:23,RAM,901/7620MB,(lfb,16x4MB),SWAP,130/3810MB,(cached,2MB),CPU,[0%@1344,0%@1344,0%@1344,0%@1344,0%@1344,0%@1344],GR3D_FREQ,0%,cpu@51.156C,soc2@49.125C,soc0@50.125C,gpu@50.812C,tj@51.156C,soc1@50.125C,VDD_IN,5594mW/5848mW,VDD_CPU_GPU_CV,1305mW/1401mW,VDD_SOC,2376mW/2414mW
07-27-2026,10:11:23,RAM,901/7620MB,(lfb,16x4MB),SWAP,130/3810MB,(cached,2MB),CPU,[0%@1344,0%@1344,0%@1344,0%@1344,0%@1344,0%@1344],GR3D_FREQ,0%,cpu@51.281C,soc2@49.156C,soc0@49.937C,gpu@50.968C,tj@51.281C,soc1@50.312C,VDD_IN,5555mW/5848mW,VDD_CPU_GPU_CV,1305mW/1401mW,VDD_SOC,2376mW/2414mW
07-27-2026,10:11:24,RAM,901/7620MB,(lfb,16x4MB),SWAP,130/3810MB,(cached,2MB),CPU,[0%@1344,0%@1344,0%@1344,0%@1344,0%@1344,0%@1344],GR3D_FREQ,0%,cpu@51.5C,soc2@49.156C,soc0@49.937C,gpu@50.843C,tj@51.5C,soc1@49.875C,VDD_IN,5555mW/5848mW,VDD_CPU_GPU_CV,1305mW/1401mW,VDD_SOC,2376mW/2414mW
07-27-2026,10:11:24,RAM,901/7620MB,(lfb,16x4MB),SWAP,130/3810MB,(cached,2MB),CPU,[0%@1344,0%@1344,0%@1344,0%@1344,0%@1344,0%@1344],GR3D_FREQ,0%,cpu@50.937C,soc2@49.093C,soc0@50.031C,gpu@51.125C,tj@51.125C,soc1@50.093C,VDD_IN,5555mW/5848mW,VDD_CPU_GPU_CV,1307mW/1401mW,VDD_SOC,2376mW/2414mW
07-27-2026,10:11:24,RAM,901/7620MB,(lfb,16x4MB),SWAP,130/3810MB,(cached,2MB),CPU,[0%@1344,0%@1344,0%@1344,0%@1344,0%@1344,0%@1344],GR3D_FREQ,0%,cpu@51.156C,soc2@49.093C,soc0@50.062C,gpu@50.875C,tj@51.156C,soc1@50.156C,VDD_IN,5555mW/5848mW,VDD_CPU_GPU_CV,1307mW/1401mW,VDD_SOC,2376mW/2414mW
07-27-2026,10:11:24,RAM,902/7620MB,(lfb,16x4MB),SWAP,130/3810MB,(cached,2MB),CPU,[0%@1344,0%@1344,0%@1344,9%@1344,0%@1344,0%@1344],GR3D_FREQ,0%,cpu@51.281C,soc2@49.156C,soc0@50.125C,gpu@50.781C,tj@51.281C,soc1@50.218C,VDD_IN,5594mW/5847mW,VDD_CPU_GPU_CV,1307mW/1401mW,VDD_SOC,2376mW/2414mW
07-27-2026,10:11:24,RAM,902/7620MB,(lfb,16x4MB),SWAP,130/3810MB,(cached,2MB),CPU,[0%@1344,0%@1344,0%@1344,0%@1344,0%@1344,0%@1344],GR3D_FREQ,0%,cpu@51.281C,soc2@49.125C,soc0@49.875C,gpu@50.968C,tj@51.281C,soc1@50.437C,VDD_IN,5594mW/5847mW,VDD_CPU_GPU_CV,1307mW/1401mW,VDD_SOC,2376mW/2414mW
07-27-2026,10:11:24,RAM,902/7620MB,(lfb,16x4MB),SWAP,130/3810MB,(cached,2MB),CPU,[0%@1344,0%@1344,0%@1344,0%@1344,0%@1344,0%@1344],GR3D_FREQ,0%,cpu@50.968C,soc2@49.125C,soc0@50C,gpu@50.875C,tj@50.968C,soc1@50.031C,VDD_IN,5594mW/5847mW,VDD_CPU_GPU_CV,1307mW/1401mW,VDD_SOC,2376mW/2414mW
07-27-2026,10:11:24,RAM,902/7620MB,(lfb,16x4MB),SWAP,130/3810MB,(cached,2MB),CPU,[0%@1344,0%@1344,0%@1344,0%@1344,0%@1344,0%@1344],GR3D_FREQ,0%,cpu@51.031C,soc2@49.156C,soc0@49.937C,gpu@50.781C,tj@51.031C,soc1@50.062C,VDD_IN,5585mW/5847mW,VDD_CPU_GPU_CV,1305mW/1401mW,VDD_SOC,2376mW/2414mW
07-27-2026,10:11:24,RAM,902/7620MB,(lfb,16x4MB),SWAP,130/3810MB,(cached,2MB),CPU,[0%@1344,0%@1344,0%@1344,0%@1344,0%@1344,0%@1344],GR3D_FREQ,0%,cpu@51.218C,soc2@49C,soc0@50.031C,gpu@50.937C,tj@51.218C,soc1@50.187C,VDD_IN,5594mW/5847mW,VDD_CPU_GPU_CV,1305mW/1401mW,VDD_SOC,2376mW/2414mW
07-27-2026,10:11:24,RAM,902/7620MB,(lfb,16x4MB),SWAP,130/3810MB,(cached,2MB),CPU,[0%@1344,0%@1344,0%@1344,0%@1344,0%@1344,0%@1344],GR3D_FREQ,0%,cpu@51.343C,soc2@49.156C,soc0@49.937C,gpu@50.812C,tj@51.343C,soc1@50.281C,VDD_IN,5585mW/5847mW,VDD_CPU_GPU_CV,1305mW/1401mW,VDD_SOC,2376mW/2414mW
07-27-2026,10:11:24,RAM,902/7620MB,(lfb,16x4MB),SWAP,130/3810MB,(cached,2MB),CPU,[0%@1344,0%@1344,0%@1344,0%@1344,0%@1344,0%@1344],GR3D_FREQ,0%,cpu@51.343C,soc2@49.093C,soc0@50C,gpu@51.125C,tj@51.343C,soc1@50.031C,VDD_IN,5585mW/5847mW,VDD_CPU_GPU_CV,1305mW/1401mW,VDD_SOC,2376mW/2414mW
07-27-2026,10:11:25,RAM,902/7620MB,(lfb,16x4MB),SWAP,130/3810MB,(cached,2MB),CPU,[0%@1344,0%@1344,0%@1344,0%@1344,0%@1344,0%@1344],GR3D_FREQ,0%,cpu@50.937C,soc2@49.093C,soc0@49.937C,gpu@51C,tj@51C,soc1@50.062C,VDD_IN,5546mW/5846mW,VDD_CPU_GPU_CV,1305mW/1401mW,VDD_SOC,2376mW/2414mW
07-27-2026,10:11:25,RAM,902/7620MB,(lfb,16x4MB),SWAP,130/3810MB,(cached,2MB),CPU,[9%@1344,0%@1344,0%@1344,0%@1344,0%@1344,0%@1344],GR3D_FREQ,0%,cpu@51.125C,soc2@49.031C,soc0@50.125C,gpu@50.906C,tj@51.125C,soc1@50.125C,VDD_IN,5546mW/5846mW,VDD_CPU_GPU_CV,1305mW/1401mW,VDD_SOC,2376mW/2414mW
07-27-2026,10:11:25,RAM,902/7620MB,(lfb,16x4MB),SWAP,130/3810MB,(cached,2MB),CPU,[0%@1344,0%@1344,0%@1344,0%@1344,0%@1344,0%@1344],GR3D_FREQ,0%,cpu@51.25C,soc2@49.093C,soc0@50.187C,gpu@51.156C,tj@51.25C,soc1@50.156C,VDD_IN,5555mW/5846mW,VDD_CPU_GPU_CV,1305mW/1401mW,VDD_SOC,2376mW/2414mW
07-27-2026,10:11:25,RAM,902/7620MB,(lfb,16x4MB),SWAP,130/3810MB,(cached,2MB),CPU,[0%@1344,9%@1344,0%@1344,9%@1344,0%@1344,0%@1344],GR3D_FREQ,0%,cpu@51.343C,soc2@49.156C,soc0@50C,gpu@50.937C,tj@51.343C,soc1@50.343C,VDD_IN,5594mW/5846mW,VDD_CPU_GPU_CV,1307mW/1401mW,VDD_SOC,2376mW/2414mW
07-27-2026,10:11:25,RAM,902/7620MB,(lfb,16x4MB),SWAP,130/3810MB,(cached,2MB),CPU,[0%@1344,0%@1344,0%@1344,0%@1344,0%@1344,9%@1344],GR3D_FREQ,0%,cpu@50.937C,soc2@49C,soc0@49.906C,gpu@50.906C,tj@50.937C,soc1@49.968C,VDD_IN,5594mW/5846mW,VDD_CPU_GPU_CV,1307mW/1401mW,VDD_SOC,2376mW/2414mW
07-27-2026,10:11:25,RAM,902/7620MB,(lfb,16x4MB),SWAP,130/3810MB,(cached,2MB),CPU,[0%@1344,0%@1344,0%@1344,0%@1344,0%@1344,0%@1344],GR3D_FREQ,0%,cpu@51.125C,soc2@49.031C,soc0@50.062C,gpu@51.062C,tj@51.125C,soc1@50.031C,VDD_IN,5555mW/5846mW,VDD_CPU_GPU_CV,1307mW/1401mW,VDD_SOC,2376mW/2414mW
07-27-2026,10:11:25,RAM,902/7620MB,(lfb,16x4MB),SWAP,130/3810MB,(cached,2MB),CPU,[0%@1344,0%@1344,0%@1344,0%@1344,0%@1344,0%@1344],GR3D_FREQ,0%,cpu@51.187C,soc2@49.093C,soc0@50.062C,gpu@50.968C,tj@51.187C,soc1@50.031C,VDD_IN,5555mW/5846mW,VDD_CPU_GPU_CV,1307mW/1400mW,VDD_SOC,2376mW/2414mW
07-27-2026,10:11:25,RAM,902/7620MB,(lfb,16x4MB),SWAP,130/3810MB,(cached,2MB),CPU,[0%@1344,0%@1344,0%@1344,0%@1344,0%@1344,0%@1344],GR3D_FREQ,0%,cpu@51.343C,soc2@49.156C,soc0@49.875C,gpu@50.812C,tj@51.343C,soc1@50.281C,VDD_IN,5555mW/5846mW,VDD_CPU_GPU_CV,1307mW/1400mW,VDD_SOC,2376mW/2413mW
07-27-2026,10:11:25,RAM,902/7620MB,(lfb,16x4MB),SWAP,130/3810MB,(cached,2MB),CPU,[0%@1344,0%@1344,0%@1344,0%@1344,0%@1344,0%@1344],GR3D_FREQ,0%,cpu@51.406C,soc2@49.031C,soc0@49.906C,gpu@51.125C,tj@51.406C,soc1@49.937C,VDD_IN,5555mW/5845mW,VDD_CPU_GPU_CV,1307mW/1400mW,VDD_SOC,2376mW/2413mW
07-27-2026,10:11:26,RAM,902/7620MB,(lfb,16x4MB),SWAP,130/3810MB,(cached,2MB),CPU,[0%@1344,0%@1344,0%@1344,0%@1344,0%@1344,0%@1344],GR3D_FREQ,0%,cpu@50.937C,soc2@49.093C,soc0@49.906C,gpu@50.875C,tj@50.937C,soc1@49.906C,VDD_IN,5555mW/5845mW,VDD_CPU_GPU_CV,1307mW/1400mW,VDD_SOC,2376mW/2413mW
07-27-2026,10:11:26,RAM,902/7620MB,(lfb,16x4MB),SWAP,130/3810MB,(cached,2MB),CPU,[0%@1344,0%@1344,0%@1344,0%@1344,0%@1344,0%@1344],GR3D_FREQ,0%,cpu@51.125C,soc2@49.093C,soc0@50.031C,gpu@51.218C,tj@51.218C,soc1@50.062C,VDD_IN,5555mW/5845mW,VDD_CPU_GPU_CV,1307mW/1400mW,VDD_SOC,2376mW/2413mW
07-27-2026,10:11:26,RAM,902/7620MB,(lfb,16x4MB),SWAP,130/3810MB,(cached,2MB),CPU,[0%@1344,0%@1344,0%@1344,0%@1344,0%@1344,0%@1344],GR3D_FREQ,0%,cpu@51.218C,soc2@49.125C,soc0@50.187C,gpu@50.968C,tj@51.218C,soc1@50.125C,VDD_IN,5555mW/5845mW,VDD_CPU_GPU_CV,1307mW/1400mW,VDD_SOC,2376mW/2413mW
07-27-2026,10:11:26,RAM,902/7620MB,(lfb,16x4MB),SWAP,130/3810MB,(cached,2MB),CPU,[0%@1344,20%@1344,0%@1344,0%@1344,0%@1344,0%@1344],GR3D_FREQ,0%,cpu@51.375C,soc2@49.156C,soc0@49.906C,gpu@50.875C,tj@51.375C,soc1@50.187C,VDD_IN,5634mW/5845mW,VDD_CPU_GPU_CV,1307mW/1400mW,VDD_SOC,2376mW/2413mW
07-27-2026,10:11:26,RAM,902/7620MB,(lfb,16x4MB),SWAP,130/3810MB,(cached,2MB),CPU,[10%@1344,0%@1344,9%@1344,0%@1344,0%@1344,0%@1344],GR3D_FREQ,0%,cpu@50.937C,soc2@49.031C,soc0@49.875C,gpu@51.125C,tj@51.125C,soc1@50.093C,VDD_IN,5713mW/5845mW,VDD_CPU_GPU_CV,1307mW/1400mW,VDD_SOC,2376mW/2413mW
07-27-2026,10:11:26,RAM,902/7620MB,(lfb,16x4MB),SWAP,130/3810MB,(cached,2MB),CPU,[0%@1344,0%@1344,0%@1344,0%@1344,0%@1344,0%@1344],GR3D_FREQ,0%,cpu@51.156C,soc2@49.093C,soc0@50C,gpu@51C,tj@51.156C,soc1@50.093C,VDD_IN,5793mW/5845mW,VDD_CPU_GPU_CV,1307mW/1400mW,VDD_SOC,2376mW/2413mW
07-27-2026,10:11:26,RAM,902/7620MB,(lfb,16x4MB),SWAP,130/3810MB,(cached,2MB),CPU,[0%@1344,0%@1344,0%@1344,0%@1344,0%@1344,0%@1344],GR3D_FREQ,0%,cpu@51.218C,soc2@49.062C,soc0@50.25C,gpu@50.906C,tj@51.218C,soc1@50.125C,VDD_IN,5793mW/5845mW,VDD_CPU_GPU_CV,1307mW/1400mW,VDD_SOC,2376mW/2413mW
07-27-2026,10:11:26,RAM,902/7620MB,(lfb,16x4MB),SWAP,130/3810MB,(cached,2MB),CPU,[9%@1344,9%@1344,0%@1344,0%@1344,0%@1344,0%@1344],GR3D_FREQ,0%,cpu@51.281C,soc2@49.187C,soc0@49.875C,gpu@51.125C,tj@51.281C,soc1@50.187C,VDD_IN,5832mW/5845mW,VDD_CPU_GPU_CV,1305mW/1400mW,VDD_SOC,2376mW/2413mW
07-27-2026,10:11:26,RAM,902/7620MB,(lfb,16x4MB),SWAP,130/3810MB,(cached,2MB),CPU,[15%@1344,0%@1344,0%@1344,0%@1344,0%@1344,0%@1344],GR3D_FREQ,0%,cpu@50.906C,soc2@49C,soc0@49.843C,gpu@50.937C,tj@50.937C,soc1@50.031C,VDD_IN,5872mW/5845mW,VDD_CPU_GPU_CV,1305mW/1400mW,VDD_SOC,2416mW/2413mW
07-27-2026,10:11:26,RAM,902/7620MB,(lfb,16x4MB),SWAP,130/3810MB,(cached,2MB),CPU,[0%@1344,0%@1344,0%@1344,0%@1344,0%@1344,0%@1344],GR3D_FREQ,0%,cpu@51.031C,soc2@49.031C,soc0@50.031C,gpu@50.781C,tj@51.031C,soc1@50C,VDD_IN,5872mW/5845mW,VDD_CPU_GPU_CV,1305mW/1400mW,VDD_SOC,2416mW/2413mW
07-27-2026,10:11:27,RAM,902/7620MB,(lfb,16x4MB),SWAP,130/3810MB,(cached,2MB),CPU,[0%@1344,9%@1344,0%@1344,0%@1344,0%@1344,0%@1344],GR3D_FREQ,0%,cpu@51.187C,soc2@49.062C,soc0@50.093C,gpu@51.125C,tj@51.187C,soc1@49.968C,VDD_IN,5912mW/5845mW,VDD_CPU_GPU_CV,1305mW/1400mW,VDD_SOC,2416mW/2413mW
07-27-2026,10:11:27,RAM,902/7620MB,(lfb,16x4MB),SWAP,130/3810MB,(cached,2MB),CPU,[9%@1344,0%@1344,0%@1344,9%@1344,0%@1344,0%@1344],GR3D_FREQ,0%,cpu@51.25C,soc2@49.125C,soc0@49.875C,gpu@50.937C,tj@51.25C,soc1@50.25C,VDD_IN,5912mW/5845mW,VDD_CPU_GPU_CV,1305mW/1400mW,VDD_SOC,2416mW/2413mW
07-27-2026,10:11:27,RAM,902/7620MB,(lfb,16x4MB),SWAP,130/3810MB,(cached,2MB),CPU,[0%@1344,0%@1344,0%@1344,0%@1344,0%@1344,0%@1344],GR3D_FREQ,0%,cpu@51.375C,soc2@49C,soc0@49.875C,gpu@50.812C,tj@51.375C,soc1@49.906C,VDD_IN,5912mW/5845mW,VDD_CPU_GPU_CV,1305mW/1400mW,VDD_SOC,2416mW/2413mW
07-27-2026,10:11:27,RAM,902/7620MB,(lfb,16x4MB),SWAP,130/3810MB,(cached,2MB),CPU,[0%@1344,0%@1344,0%@1344,0%@1344,9%@1344,9%@1344],GR3D_FREQ,0%,cpu@50.968C,soc2@49.093C,soc0@49.937C,gpu@51C,tj@51C,soc1@50.062C,VDD_IN,5912mW/5845mW,VDD_CPU_GPU_CV,1307mW/1400mW,VDD_SOC,2416mW/2413mW
07-27-2026,10:11:27,RAM,901/7620MB,(lfb,16x4MB),SWAP,130/3810MB,(cached,2MB),CPU,[0%@1344,0%@1344,0%@1344,0%@1344,0%@1344,0%@1344],GR3D_FREQ,0%,cpu@51.125C,soc2@49.031C,soc0@50C,gpu@50.968C,tj@51.125C,soc1@50.093C,VDD_IN,5872mW/5845mW,VDD_CPU_GPU_CV,1307mW/1400mW,VDD_SOC,2376mW/2413mW
07-27-2026,10:11:27,RAM,901/7620MB,(lfb,16x4MB),SWAP,130/3810MB,(cached,2MB),CPU,[9%@1344,0%@1344,0%@1344,0%@1344,0%@1344,0%@1344],GR3D_FREQ,0%,cpu@51.187C,soc2@49.062C,soc0@50.062C,gpu@50.843C,tj@51.187C,soc1@50.156C,VDD_IN,5793mW/5845mW,VDD_CPU_GPU_CV,1307mW/1400mW,VDD_SOC,2376mW/2413mW
07-27-2026,10:11:27,RAM,901/7620MB,(lfb,16x4MB),SWAP,130/3810MB,(cached,2MB),CPU,[0%@1344,0%@1344,0%@1344,0%@1344,0%@1344,0%@1344],GR3D_FREQ,0%,cpu@51.312C,soc2@49.125C,soc0@49.843C,gpu@51.062C,tj@51.312C,soc1@50.156C,VDD_IN,5753mW/5845mW,VDD_CPU_GPU_CV,1307mW/1400mW,VDD_SOC,2376mW/2413mW
07-27-2026,10:11:27,RAM,901/7620MB,(lfb,16x4MB),SWAP,130/3810MB,(cached,2MB),CPU,[0%@1344,0%@1344,0%@1344,0%@1344,0%@1344,0%@1344],GR3D_FREQ,0%,cpu@50.843C,soc2@49.031C,soc0@49.968C,gpu@50.843C,tj@50.843C,soc1@49.937C,VDD_IN,5713mW/5845mW,VDD_CPU_GPU_CV,1305mW/1400mW,VDD_SOC,2376mW/2413mW
07-27-2026,10:11:27,RAM,901/7620MB,(lfb,16x4MB),SWAP,130/3810MB,(cached,2MB),CPU,[0%@1344,0%@1344,0%@1344,0%@1344,0%@1344,0%@1344],GR3D_FREQ,0%,cpu@51.093C,soc2@49.093C,soc0@49.875C,gpu@50.75C,tj@51.093C,soc1@50.062C,VDD_IN,5674mW/5845mW,VDD_CPU_GPU_CV,1305mW/1400mW,VDD_SOC,2376mW/2413mW
07-27-2026,10:11:28,RAM,901/7620MB,(lfb,16x4MB),SWAP,130/3810MB,(cached,2MB),CPU,[0%@1344,8%@1344,0%@1344,0%@1344,0%@1344,0%@1344],GR3D_FREQ,0%,cpu@51.125C,soc2@49.125C,soc0@49.968C,gpu@50.937C,tj@51.156C,soc1@50.031C,VDD_IN,5674mW/5845mW,VDD_CPU_GPU_CV,1305mW/1399mW,VDD_SOC,2376mW/2413mW
07-27-2026,10:11:28,RAM,901/7620MB,(lfb,16x4MB),SWAP,130/3810MB,(cached,2MB),CPU,[0%@1344,0%@1344,0%@1344,0%@1344,0%@1344,0%@1344],GR3D_FREQ,0%,cpu@51.187C,soc2@49.156C,soc0@49.875C,gpu@50.906C,tj@51.187C,soc1@50.156C,VDD_IN,5634mW/5844mW,VDD_CPU_GPU_CV,1305mW/1399mW,VDD_SOC,2376mW/2413mW
07-27-2026,10:11:28,RAM,901/7620MB,(lfb,16x4MB),SWAP,130/3810MB,(cached,2MB),CPU,[0%@1344,0%@1344,0%@1344,0%@1344,0%@1344,0%@1344],GR3D_FREQ,0%,cpu@51.437C,soc2@49C,soc0@49.843C,gpu@51.125C,tj@51.437C,soc1@49.937C,VDD_IN,5634mW/5844mW,VDD_CPU_GPU_CV,1305mW/1399mW,VDD_SOC,2376mW/2413mW
07-27-2026,10:11:28,RAM,901/7620MB,(lfb,16x4MB),SWAP,130/3810MB,(cached,2MB),CPU,[0%@1344,0%@1344,0%@1344,0%@1344,0%@1344,0%@1344],GR3D_FREQ,0%,cpu@50.937C,soc2@49C,soc0@50C,gpu@50.968C,tj@50.968C,soc1@50.093C,VDD_IN,5594mW/5844mW,VDD_CPU_GPU_CV,1305mW/1399mW,VDD_SOC,2376mW/2413mW
07-27-2026,10:11:28,RAM,902/7620MB,(lfb,16x4MB),SWAP,130/3810MB,(cached,2MB),CPU,[0%@1344,0%@1344,0%@1344,0%@1344,9%@1344,8%@1344],GR3D_FREQ,0%,cpu@51.125C,soc2@49.062C,soc0@49.968C,gpu@50.843C,tj@51.125C,soc1@50.031C,VDD_IN,5594mW/5844mW,VDD_CPU_GPU_CV,1305mW/1399mW,VDD_SOC,2376mW/2413mW
07-27-2026,10:11:28,RAM,902/7620MB,(lfb,16x4MB),SWAP,130/3810MB,(cached,2MB),CPU,[0%@1344,0%@1344,0%@1344,0%@1344,0%@1344,0%@1344],GR3D_FREQ,0%,cpu@51.187C,soc2@49.125C,soc0@50.093C,gpu@51.093C,tj@51.187C,soc1@50.25C,VDD_IN,5594mW/5844mW,VDD_CPU_GPU_CV,1307mW/1399mW,VDD_SOC,2376mW/2413mW
07-27-2026,10:11:28,RAM,902/7620MB,(lfb,16x4MB),SWAP,130/3810MB,(cached,2MB),CPU,[0%@1344,0%@1344,0%@1344,0%@1344,0%@1344,0%@1344],GR3D_FREQ,0%,cpu@51.343C,soc2@48.937C,soc0@49.781C,gpu@51C,tj@51.343C,soc1@50.25C,VDD_IN,5594mW/5844mW,VDD_CPU_GPU_CV,1305mW/1399mW,VDD_SOC,2376mW/2413mW
07-27-2026,10:11:28,RAM,902/7620MB,(lfb,16x4MB),SWAP,130/3810MB,(cached,2MB),CPU,[0%@1344,0%@1344,0%@1344,0%@1344,0%@1344,0%@1344],GR3D_FREQ,0%,cpu@50.906C,soc2@49C,soc0@49.968C,gpu@50.812C,tj@50.906C,soc1@49.937C,VDD_IN,5594mW/5844mW,VDD_CPU_GPU_CV,1307mW/1399mW,VDD_SOC,2376mW/2413mW
07-27-2026,10:11:28,RAM,901/7620MB,(lfb,16x4MB),SWAP,130/3810MB,(cached,2MB),CPU,[0%@1344,0%@1344,0%@1344,0%@1344,0%@1344,0%@1344],GR3D_FREQ,0%,cpu@51.031C,soc2@49.093C,soc0@49.875C,gpu@51.062C,tj@51.062C,soc1@50.031C,VDD_IN,5594mW/5844mW,VDD_CPU_GPU_CV,1307mW/1399mW,VDD_SOC,2376mW/2413mW
07-27-2026,10:11:28,RAM,901/7620MB,(lfb,16x4MB),SWAP,130/3810MB,(cached,2MB),CPU,[0%@1344,0%@1344,0%@1344,0%@1344,0%@1344,0%@1344],GR3D_FREQ,0%,cpu@51.156C,soc2@49.093C,soc0@50.031C,gpu@50.843C,tj@51.156C,soc1@50.062C,VDD_IN,5594mW/5844mW,VDD_CPU_GPU_CV,1307mW/1399mW,VDD_SOC,2376mW/2413mW
07-27-2026,10:11:29,RAM,901/7620MB,(lfb,16x4MB),SWAP,130/3810MB,(cached,2MB),CPU,[0%@1344,0%@1344,0%@1344,0%@1344,0%@1344,0%@1344],GR3D_FREQ,0%,cpu@51.187C,soc2@49.156C,soc0@49.843C,gpu@51.25C,tj@51.187C,soc1@50.25C,VDD_IN,5594mW/5843mW,VDD_CPU_GPU_CV,1307mW/1399mW,VDD_SOC,2376mW/2413mW
07-27-2026,10:11:29,RAM,901/7620MB,(lfb,16x4MB),SWAP,130/3810MB,(cached,2MB),CPU,[0%@1344,0%@1344,0%@1344,0%@1344,0%@1344,0%@1344],GR3D_FREQ,0%,cpu@50.937C,soc2@49C,soc0@49.875C,gpu@51.062C,tj@51.062C,soc1@50C,VDD_IN,5555mW/5843mW,VDD_CPU_GPU_CV,1307mW/1399mW,VDD_SOC,2376mW/2413mW
07-27-2026,10:11:29,RAM,901/7620MB,(lfb,16x4MB),SWAP,130/3810MB,(cached,2MB),CPU,[0%@1344,0%@1344,0%@1344,0%@1344,0%@1344,0%@1344],GR3D_FREQ,0%,cpu@50.843C,soc2@49C,soc0@50C,gpu@50.875C,tj@50.875C,soc1@49.937C,VDD_IN,5555mW/5843mW,VDD_CPU_GPU_CV,1307mW/1399mW,VDD_SOC,2376mW/2413mW
07-27-2026,10:11:29,RAM,902/7620MB,(lfb,16x4MB),SWAP,130/3810MB,(cached,2MB),CPU,[0%@1344,0%@1344,0%@1344,0%@1344,0%@1344,0%@1344],GR3D_FREQ,0%,cpu@51.187C,soc2@48.968C,soc0@50.031C,gpu@51.125C,tj@51.187C,soc1@50.125C,VDD_IN,5594mW/5843mW,VDD_CPU_GPU_CV,1305mW/1399mW,VDD_SOC,2376mW/2413mW
07-27-2026,10:11:29,RAM,901/7620MB,(lfb,16x4MB),SWAP,130/3810MB,(cached,2MB),CPU,[0%@1344,0%@1344,0%@1344,0%@1344,0%@1344,0%@1344],GR3D_FREQ,0%,cpu@51.281C,soc2@49.031C,soc0@49.875C,gpu@51C,tj@51.281C,soc1@50.093C,VDD_IN,5594mW/5843mW,VDD_CPU_GPU_CV,1307mW/1399mW,VDD_SOC,2376mW/2413mW
07-27-2026,10:11:29,RAM,901/7620MB,(lfb,16x4MB),SWAP,130/3810MB,(cached,2MB),CPU,[0%@1344,0%@1344,0%@1344,0%@1344,0%@1344,0%@1344],GR3D_FREQ,0%,cpu@51.281C,soc2@49.218C,soc0@49.875C,gpu@50.875C,tj@51.281C,soc1@50.187C,VDD_IN,5594mW/5843mW,VDD_CPU_GPU_CV,1307mW/1399mW,VDD_SOC,2376mW/2413mW
07-27-2026,10:11:29,RAM,901/7620MB,(lfb,16x4MB),SWAP,130/3810MB,(cached,2MB),CPU,[0%@1344,0%@1344,0%@1344,0%@1344,0%@1344,0%@1344],GR3D_FREQ,0%,cpu@50.781C,soc2@49C,soc0@49.906C,gpu@51.218C,tj@51.218C,soc1@50C,VDD_IN,5555mW/5843mW,VDD_CPU_GPU_CV,1305mW/1399mW,VDD_SOC,2376mW/2413mW
07-27-2026,10:11:29,RAM,901/7620MB,(lfb,16x4MB),SWAP,130/3810MB,(cached,2MB),CPU,[9%@1344,0%@1344,0%@1344,0%@1344,0%@1344,0%@1344],GR3D_FREQ,0%,cpu@50.906C,soc2@49.062C,soc0@50C,gpu@50.812C,tj@51.031C,soc1@50.093C,VDD_IN,5546mW/5842mW,VDD_CPU_GPU_CV,1305mW/1399mW,VDD_SOC,2376mW/2413mW
07-27-2026,10:11:29,RAM,901/7620MB,(lfb,16x4MB),SWAP,130/3810MB,(cached,2MB),CPU,[0%@1344,0%@1344,0%@1344,0%@1344,0%@1344,0%@1344],GR3D_FREQ,0%,cpu@51.187C,soc2@48.968C,soc0@50.062C,gpu@50.812C,tj@51.187C,soc1@50.062C,VDD_IN,5585mW/5842mW,VDD_CPU_GPU_CV,1305mW/1399mW,VDD_SOC,2376mW/2413mW
07-27-2026,10:11:30,RAM,901/7620MB,(lfb,16x4MB),SWAP,130/3810MB,(cached,2MB),CPU,[0%@1344,0%@1344,0%@1344,0%@1344,0%@1344,0%@1344],GR3D_FREQ,0%,cpu@51.312C,soc2@49.156C,soc0@49.812C,gpu@51.062C,tj@51.312C,soc1@50.187C,VDD_IN,5546mW/5842mW,VDD_CPU_GPU_CV,1305mW/1399mW,VDD_SOC,2376mW/2413mW
07-27-2026,10:11:30,RAM,901/7620MB,(lfb,16x4MB),SWAP,130/3810MB,(cached,2MB),CPU,[0%@1344,0%@1344,0%@1344,0%@1344,0%@1344,0%@1344],GR3D_FREQ,0%,cpu@50.906C,soc2@49C,soc0@49.812C,gpu@50.875C,tj@50.875C,soc1@49.875C,VDD_IN,5546mW/5842mW,VDD_CPU_GPU_CV,1305mW/1399mW,VDD_SOC,2376mW/2413mW
07-27-2026,10:11:30,RAM,901/7620MB,(lfb,16x4MB),SWAP,130/3810MB,(cached,2MB),CPU,[0%@1344,0%@1344,0%@1344,0%@1344,0%@1344,0%@1344],GR3D_FREQ,0%,cpu@50.906C,soc2@49.031C,soc0@50C,gpu@51.218C,tj@51.218C,soc1@49.875C,VDD_IN,5546mW/5842mW,VDD_CPU_GPU_CV,1305mW/1399mW,VDD_SOC,2376mW/2413mW
07-27-2026,10:11:30,RAM,901/7620MB,(lfb,16x4MB),SWAP,130/3810MB,(cached,2MB),CPU,[8%@1344,0%@1344,0%@1344,0%@1344,0%@1344,0%@1344],GR3D_FREQ,0%,cpu@51.093C,soc2@49.031C,soc0@49.968C,gpu@51.093C,tj@51.093C,soc1@50.062C,VDD_IN,5546mW/5842mW,VDD_CPU_GPU_CV,1305mW/1398mW,VDD_SOC,2376mW/2413mW
07-27-2026,10:11:30,RAM,901/7620MB,(lfb,16x4MB),SWAP,130/3810MB,(cached,2MB),CPU,[0%@1344,0%@1344,9%@1344,0%@1344,0%@1344,0%@1344],GR3D_FREQ,0%,cpu@51.187C,soc2@49.156C,soc0@49.812C,gpu@50.843C,tj@51.187C,soc1@50.093C,VDD_IN,5585mW/5842mW,VDD_CPU_GPU_CV,1305mW/1398mW,VDD_SOC,2376mW/2413mW
07-27-2026,10:11:30,RAM,901/7620MB,(lfb,16x4MB),SWAP,130/3810MB,(cached,2MB),CPU,[0%@1344,0%@1344,0%@1344,0%@1344,0%@1344,0%@1344],GR3D_FREQ,0%,cpu@51.343C,soc2@49.093C,soc0@49.937C,gpu@51.218C,tj@51.343C,soc1@50.187C,VDD_IN,5594mW/5842mW,VDD_CPU_GPU_CV,1305mW/1398mW,VDD_SOC,2376mW/2413mW
07-27-2026,10:11:30,RAM,901/7620MB,(lfb,16x4MB),SWAP,130/3810MB,(cached,2MB),CPU,[0%@1344,0%@1344,0%@1344,0%@1344,0%@1344,0%@1344],GR3D_FREQ,0%,cpu@50.75C,soc2@48.968C,soc0@49.906C,gpu@51.031C,tj@51.031C,soc1@49.812C,VDD_IN,5555mW/5841mW,VDD_CPU_GPU_CV,1305mW/1398mW,VDD_SOC,2376mW/2413mW
07-27-2026,10:11:30,RAM,901/7620MB,(lfb,16x4MB),SWAP,130/3810MB,(cached,2MB),CPU,[0%@1344,0%@1344,0%@1344,0%@1344,0%@1344,0%@1344],GR3D_FREQ,0%,cpu@50.906C,soc2@48.968C,soc0@50C,gpu@50.843C,tj@50.906C,soc1@50.031C,VDD_IN,5546mW/5841mW,VDD_CPU_GPU_CV,1305mW/1398mW,VDD_SOC,2376mW/2413mW
07-27-2026,10:11:30,RAM,901/7620MB,(lfb,16x4MB),SWAP,130/3810MB,(cached,2MB),CPU,[0%@1344,0%@1344,0%@1344,0%@1344,0%@1344,0%@1344],GR3D_FREQ,0%,cpu@51.062C,soc2@49.093C,soc0@50.156C,gpu@51.218C,tj@51.218C,soc1@50.156C,VDD_IN,5546mW/5841mW,VDD_CPU_GPU_CV,1305mW/1398mW,VDD_SOC,2376mW/2413mW
07-27-2026,10:11:30,RAM,901/7620MB,(lfb,16x4MB),SWAP,130/3810MB,(cached,2MB),CPU,[0%@1344,0%@1344,0%@1344,0%@1344,0%@1344,0%@1344],GR3D_FREQ,0%,cpu@51.25C,soc2@49.218C,soc0@49.875C,gpu@50.937C,tj@51.25C,soc1@50.218C,VDD_IN,5555mW/5841mW,VDD_CPU_GPU_CV,1305mW/1398mW,VDD_SOC,2376mW/2413mW
07-27-2026,10:11:31,RAM,901/7620MB,(lfb,16x4MB),SWAP,130/3810MB,(cached,2MB),CPU,[0%@1344,0%@1344,0%@1344,0%@1344,0%@1344,0%@1344],GR3D_FREQ,0%,cpu@50.968C,soc2@49C,soc0@49.812C,gpu@50.625C,tj@50.968C,soc1@50.25C,VDD_IN,5555mW/5841mW,VDD_CPU_GPU_CV,1305mW/1398mW,VDD_SOC,2376mW/2413mW
07-27-2026,10:11:31,RAM,901/7620MB,(lfb,16x4MB),SWAP,130/3810MB,(cached,2MB),CPU,[0%@1344,0%@1344,0%@1344,0%@1344,0%@1344,0%@1344],GR3D_FREQ,0%,cpu@50.906C,soc2@48.968C,soc0@49.937C,gpu@51.187C,tj@51.187C,soc1@49.906C,VDD_IN,5546mW/5841mW,VDD_CPU_GPU_CV,1305mW/1398mW,VDD_SOC,2376mW/2413mW
07-27-2026,10:11:31,RAM,901/7620MB,(lfb,16x4MB),SWAP,130/3810MB,(cached,2MB),CPU,[0%@1344,0%@1344,0%@1344,0%@1344,0%@1344,0%@1344],GR3D_FREQ,0%,cpu@50.843C,soc2@49C,soc0@50C,gpu@50.937C,tj@51.187C,soc1@49.906C,VDD_IN,5546mW/5841mW,VDD_CPU_GPU_CV,1305mW/1398mW,VDD_SOC,2376mW/2413mW
07-27-2026,10:11:31,RAM,901/7620MB,(lfb,16x4MB),SWAP,130/3810MB,(cached,2MB),CPU,[0%@1344,9%@1344,0%@1344,0%@1344,0%@1344,0%@1344],GR3D_FREQ,0%,cpu@51.125C,soc2@49.031C,soc0@49.812C,gpu@50.687C,tj@51.218C,soc1@50.093C,VDD_IN,5546mW/5840mW,VDD_CPU_GPU_CV,1305mW/1398mW,VDD_SOC,2376mW/2413mW
07-27-2026,10:11:31,RAM,901/7620MB,(lfb,16x4MB),SWAP,130/3810MB,(cached,2MB),CPU,[0%@1344,0%@1344,0%@1344,8%@1344,0%@1344,0%@1344],GR3D_FREQ,0%,cpu@50.937C,soc2@48.937C,soc0@49.843C,gpu@51.093C,tj@51.093C,soc1@50.187C,VDD_IN,5585mW/5840mW,VDD_CPU_GPU_CV,1305mW/1398mW,VDD_SOC,2376mW/2413mW
07-27-2026,10:11:31,RAM,901/7620MB,(lfb,16x4MB),SWAP,130/3810MB,(cached,2MB),CPU,[0%@1344,0%@1344,0%@1344,0%@1344,0%@1344,0%@1344],GR3D_FREQ,0%,cpu@51.062C,soc2@49.031C,soc0@49.843C,gpu@50.906C,tj@50.906C,soc1@49.968C,VDD_IN,5594mW/5840mW,VDD_CPU_GPU_CV,1305mW/1398mW,VDD_SOC,2376mW/2413mW
07-27-2026,10:11:31,RAM,902/7620MB,(lfb,16x4MB),SWAP,130/3810MB,(cached,2MB),CPU,[18%@1344,0%@1344,0%@1344,0%@1344,0%@1344,0%@1344],GR3D_FREQ,0%,cpu@50.937C,soc2@49.031C,soc0@49.937C,gpu@50.656C,tj@50.937C,soc1@50.062C,VDD_IN,5634mW/5840mW,VDD_CPU_GPU_CV,1305mW/1398mW,VDD_SOC,2376mW/2413mW
07-27-2026,10:11:31,RAM,902/7620MB,(lfb,16x4MB),SWAP,130/3810MB,(cached,2MB),CPU,[0%@1344,0%@1344,0%@1344,0%@1344,0%@1344,0%@1344],GR3D_FREQ,0%,cpu@51.218C,soc2@48.968C,soc0@50.156C,gpu@51.093C,tj@51.218C,soc1@50.093C,VDD_IN,5713mW/5840mW,VDD_CPU_GPU_CV,1305mW/1398mW,VDD_SOC,2376mW/2413mW
07-27-2026,10:11:31,RAM,902/7620MB,(lfb,16x4MB),SWAP,130/3810MB,(cached,2MB),CPU,[0%@1344,9%@1344,0%@1344,0%@1344,0%@1344,0%@1344],GR3D_FREQ,0%,cpu@51.312C,soc2@49.031C,soc0@49.781C,gpu@50.781C,tj@51.312C,soc1@50.312C,VDD_IN,5753mW/5840mW,VDD_CPU_GPU_CV,1305mW/1398mW,VDD_SOC,2376mW/2413mW
07-27-2026,10:11:32,RAM,902/7620MB,(lfb,16x4MB),SWAP,130/3810MB,(cached,2MB),CPU,[0%@1344,0%@1344,0%@1344,0%@1344,0%@1344,0%@1344],GR3D_FREQ,0%,cpu@51C,soc2@48.968C,soc0@49.875C,gpu@51.218C,tj@51.218C,soc1@50.312C,VDD_IN,5793mW/5840mW,VDD_CPU_GPU_CV,1305mW/1398mW,VDD_SOC,2376mW/2413mW
07-27-2026,10:11:32,RAM,902/7620MB,(lfb,16x4MB),SWAP,130/3810MB,(cached,2MB),CPU,[0%@1344,0%@1344,0%@1344,0%@1344,0%@1344,0%@1344],GR3D_FREQ,0%,cpu@50.843C,soc2@49.031C,soc0@49.906C,gpu@51.062C,tj@51.062C,soc1@49.906C,VDD_IN,5832mW/5840mW,VDD_CPU_GPU_CV,1305mW/1398mW,VDD_SOC,2376mW/2413mW
07-27-2026,10:11:32,RAM,902/7620MB,(lfb,16x4MB),SWAP,130/3810MB,(cached,2MB),CPU,[0%@1344,0%@1344,0%@1344,0%@1344,0%@1344,0%@1344],GR3D_FREQ,0%,cpu@51.218C,soc2@48.968C,soc0@50C,gpu@50.937C,tj@51.218C,soc1@50.093C,VDD_IN,5872mW/5840mW,VDD_CPU_GPU_CV,1305mW/1398mW,VDD_SOC,2376mW/2413mW
07-27-2026,10:11:32,RAM,902/7620MB,(lfb,16x4MB),SWAP,130/3810MB,(cached,2MB),CPU,[9%@1344,0%@1344,0%@1344,0%@1344,0%@1344,0%@1344],GR3D_FREQ,0%,cpu@51.187C,soc2@49.062C,soc0@49.812C,gpu@51.218C,tj@51.218C,soc1@50.125C,VDD_IN,5872mW/5840mW,VDD_CPU_GPU_CV,1305mW/1398mW,VDD_SOC,2376mW/2412mW
07-27-2026,10:11:32,RAM,902/7620MB,(lfb,16x4MB),SWAP,130/3810MB,(cached,2MB),CPU,[0%@1344,9%@1344,9%@1344,16%@1344,0%@1344,0%@1344],GR3D_FREQ,0%,cpu@51.031C,soc2@49.093C,soc0@49.875C,gpu@51.031C,tj@51.031C,soc1@50.281C,VDD_IN,5912mW/5840mW,VDD_CPU_GPU_CV,1305mW/1398mW,VDD_SOC,2416mW/2412mW
07-27-2026,10:11:32,RAM,901/7620MB,(lfb,16x4MB),SWAP,130/3810MB,(cached,2MB),CPU,[0%@1344,0%@1344,0%@1344,0%@1344,0%@1344,0%@1344],GR3D_FREQ,0%,cpu@50.843C,soc2@49C,soc0@49.843C,gpu@50.625C,tj@50.843C,soc1@49.906C,VDD_IN,5912mW/5840mW,VDD_CPU_GPU_CV,1305mW/1398mW,VDD_SOC,2416mW/2412mW
07-27-2026,10:11:32,RAM,901/7620MB,(lfb,16x4MB),SWAP,130/3810MB,(cached,2MB),CPU,[0%@1344,0%@1344,0%@1344,0%@1344,0%@1344,0%@1344],GR3D_FREQ,0%,cpu@50.875C,soc2@48.906C,soc0@49.906C,gpu@51.187C,tj@51.187C,soc1@49.875C,VDD_IN,5912mW/5840mW,VDD_CPU_GPU_CV,1305mW/1397mW,VDD_SOC,2416mW/2412mW
07-27-2026,10:11:32,RAM,901/7620MB,(lfb,16x4MB),SWAP,130/3810MB,(cached,2MB),CPU,[0%@1344,0%@1344,0%@1344,0%@1344,0%@1344,0%@1344],GR3D_FREQ,0%,cpu@51.062C,soc2@48.937C,soc0@49.812C,gpu@50.937C,tj@51.062C,soc1@50.062C,VDD_IN,5912mW/5840mW,VDD_CPU_GPU_CV,1307mW/1397mW,VDD_SOC,2416mW/2412mW
07-27-2026,10:11:32,RAM,901/7620MB,(lfb,16x4MB),SWAP,130/3810MB,(cached,2MB),CPU,[0%@1344,0%@1344,0%@1344,0%@1344,0%@1344,0%@1344],GR3D_FREQ,0%,cpu@51.312C,soc2@49.093C,soc0@49.75C,gpu@50.687C,tj@51.312C,soc1@50.187C,VDD_IN,5832mW/5840mW,VDD_CPU_GPU_CV,1307mW/1397mW,VDD_SOC,2376mW/2412mW
07-27-2026,10:11:32,RAM,901/7620MB,(lfb,16x4MB),SWAP,130/3810MB,(cached,2MB),CPU,[0%@1344,0%@1344,0%@1344,0%@1344,0%@1344,0%@1344],GR3D_FREQ,0%,cpu@50.937C,soc2@48.906C,soc0@49.843C,gpu@51.156C,tj@51.156C,soc1@49.906C,VDD_IN,5793mW/5840mW,VDD_CPU_GPU_CV,1307mW/1397mW,VDD_SOC,2376mW/2412mW
07-27-2026,10:11:33,RAM,901/7620MB,(lfb,16x4MB),SWAP,130/3810MB,(cached,2MB),CPU,[0%@1344,0%@1344,0%@1344,0%@1344,0%@1344,0%@1344],GR3D_FREQ,0%,cpu@50.875C,soc2@49.031C,soc0@49.906C,gpu@50.906C,tj@50.906C,soc1@49.937C,VDD_IN,5713mW/5840mW,VDD_CPU_GPU_CV,1307mW/1397mW,VDD_SOC,2376mW/2412mW
07-27-2026,10:11:33,RAM,901/7620MB,(lfb,16x4MB),SWAP,130/3810MB,(cached,2MB),CPU,[0%@1344,8%@1344,0%@1344,0%@1344,0%@1344,0%@1344],GR3D_FREQ,0%,cpu@51.031C,soc2@49C,soc0@49.906C,gpu@50.687C,tj@51.031C,soc1@50.093C,VDD_IN,5713mW/5840mW,VDD_CPU_GPU_CV,1305mW/1397mW,VDD_SOC,2376mW/2412mW
07-27-2026,10:11:33,RAM,901/7620MB,(lfb,16x4MB),SWAP,130/3810MB,(cached,2MB),CPU,[0%@1344,0%@1344,0%@1344,0%@1344,0%@1344,0%@1344],GR3D_FREQ,0%,cpu@51.187C,soc2@49.062C,soc0@49.875C,gpu@51.031C,tj@51.187C,soc1@50C,VDD_IN,5665mW/5840mW,VDD_CPU_GPU_CV,1305mW/1397mW,VDD_SOC,2376mW/2412mW
07-27-2026,10:11:33,RAM,901/7620MB,(lfb,16x4MB),SWAP,130/3810MB,(cached,2MB),CPU,[0%@1344,0%@1344,0%@1344,0%@1344,0%@1344,0%@1344],GR3D_FREQ,0%,cpu@50.937C,soc2@48.906C,soc0@49.906C,gpu@50.843C,tj@50.937C,soc1@50.281C,VDD_IN,5634mW/5840mW,VDD_CPU_GPU_CV,1307mW/1397mW,VDD_SOC,2376mW/2412mW
07-27-2026,10:11:33,RAM,902/7620MB,(lfb,16x4MB),SWAP,130/3810MB,(cached,2MB),CPU,[0%@1344,0%@1344,0%@1344,0%@1344,9%@1344,9%@1344],GR3D_FREQ,0%,cpu@50.937C,soc2@48.968C,soc0@49.812C,gpu@50.625C,tj@50.937C,soc1@49.906C,VDD_IN,5634mW/5840mW,VDD_CPU_GPU_CV,1307mW/1397mW,VDD_SOC,2376mW/2412mW
07-27-2026,10:11:33,RAM,902/7620MB,(lfb,16x4MB),SWAP,130/3810MB,(cached,2MB),CPU,[0%@1344,0%@1344,0%@1344,0%@1344,0%@1344,0%@1344],GR3D_FREQ,0%,cpu@50.875C,soc2@49C,soc0@49.937C,gpu@51.062C,tj@51.062C,soc1@49.937C,VDD_IN,5634mW/5840mW,VDD_CPU_GPU_CV,1305mW/1397mW,VDD_SOC,2376mW/2412mW
07-27-2026,10:11:33,RAM,902/7620MB,(lfb,16x4MB),SWAP,130/3810MB,(cached,2MB),CPU,[0%@1344,0%@1344,0%@1344,0%@1344,0%@1344,0%@1344],GR3D_FREQ,0%,cpu@51.312C,soc2@48.937C,soc0@49.75C,gpu@50.625C,tj@51.312C,soc1@50.031C,VDD_IN,5594mW/5839mW,VDD_CPU_GPU_CV,1305mW/1397mW,VDD_SOC,2376mW/2412mW
07-27-2026,10:11:33,RAM,902/7620MB,(lfb,16x4MB),SWAP,130/3810MB,(cached,2MB),CPU,[0%@1344,0%@1344,0%@1344,0%@1344,0%@1344,0%@1344],GR3D_FREQ,0%,cpu@51.375C,soc2@49.093C,soc0@49.812C,gpu@51.218C,tj@51.375C,soc1@50.218C,VDD_IN,5585mW/5839mW,VDD_CPU_GPU_CV,1305mW/1397mW,VDD_SOC,2376mW/2412mW
07-27-2026,10:11:33,RAM,902/7620MB,(lfb,16x4MB),SWAP,130/3810MB,(cached,2MB),CPU,[0%@1344,0%@1344,0%@1344,0%@1344,0%@1344,0%@1344],GR3D_FREQ,0%,cpu@50.968C,soc2@48.906C,soc0@49.812C,gpu@50.875C,tj@50.968C,soc1@49.812C,VDD_IN,5594mW/5839mW,VDD_CPU_GPU_CV,1305mW/1397mW,VDD_SOC,2376mW/2412mW
07-27-2026,10:11:34,RAM,902/7620MB,(lfb,16x4MB),SWAP,130/3810MB,(cached,2MB),CPU,[9%@1344,8%@1344,0%@1344,0%@1344,0%@1344,0%@1344],GR3D_FREQ,0%,cpu@50.937C,soc2@48.937C,soc0@49.937C,gpu@50.656C,tj@50.937C,soc1@49.906C,VDD_IN,5594mW/5839mW,VDD_CPU_GPU_CV,1307mW/1397mW,VDD_SOC,2376mW/2412mW
07-27-2026,10:11:34,RAM,902/7620MB,(lfb,16x4MB),SWAP,130/3810MB,(cached,2MB),CPU,[8%@1344,0%@1344,0%@1344,0%@1344,0%@1344,0%@1344],GR3D_FREQ,0%,cpu@51.156C,soc2@49C,soc0@49.968C,gpu@51.125C,tj@51.156C,soc1@49.968C,VDD_IN,5594mW/5839mW,VDD_CPU_GPU_CV,1307mW/1397mW,VDD_SOC,2376mW/2412mW
07-27-2026,10:11:34,RAM,902/7620MB,(lfb,16x4MB),SWAP,130/3810MB,(cached,2MB),CPU,[0%@1344,0%@1344,0%@1344,0%@1344,0%@1344,0%@1344],GR3D_FREQ,0%,cpu@51.25C,soc2@48.968C,soc0@49.843C,gpu@50.937C,tj@51.25C,soc1@50.125C,VDD_IN,5594mW/5839mW,VDD_CPU_GPU_CV,1307mW/1397mW,VDD_SOC,2376mW/2412mW
07-27-2026,10:11:34,RAM,902/7620MB,(lfb,16x4MB),SWAP,130/3810MB,(cached,2MB),CPU,[0%@1344,0%@1344,0%@1344,0%@1344,0%@1344,0%@1344],GR3D_FREQ,0%,cpu@50.937C,soc2@48.937C,soc0@49.843C,gpu@50.625C,tj@50.937C,soc1@50.25C,VDD_IN,5555mW/5839mW,VDD_CPU_GPU_CV,1307mW/1397mW,VDD_SOC,2376mW/2412mW
07-27-2026,10:11:34,RAM,902/7620MB,(lfb,16x4MB),SWAP,130/3810MB,(cached,2MB),CPU,[0%@1344,0%@1344,0%@1344,0%@1344,0%@1344,0%@1344],GR3D_FREQ,0%,cpu@50.937C,soc2@49C,soc0@49.812C,gpu@51.125C,tj@51.125C,soc1@49.906C,VDD_IN,5594mW/5839mW,VDD_CPU_GPU_CV,1307mW/1397mW,VDD_SOC,2376mW/2412mW
07-27-2026,10:11:34,RAM,902/7620MB,(lfb,16x4MB),SWAP,130/3810MB,(cached,2MB),CPU,[0%@1344,9%@1344,0%@1344,0%@1344,0%@1344,0%@1344],GR3D_FREQ,0%,cpu@50.843C,soc2@49C,soc0@49.968C,gpu@50.625C,tj@50.843C,soc1@49.843C,VDD_IN,5594mW/5838mW,VDD_CPU_GPU_CV,1307mW/1397mW,VDD_SOC,2376mW/2412mW
07-27-2026,10:11:34,RAM,902/7620MB,(lfb,16x4MB),SWAP,130/3810MB,(cached,2MB),CPU,[0%@1344,0%@1344,0%@1344,0%@1344,0%@1344,0%@1344],GR3D_FREQ,0%,cpu@51.156C,soc2@48.968C,soc0@50C,gpu@50.593C,tj@51.156C,soc1@50.062C,VDD_IN,5594mW/5838mW,VDD_CPU_GPU_CV,1307mW/1397mW,VDD_SOC,2376mW/2412mW
07-27-2026,10:11:34,RAM,902/7620MB,(lfb,16x4MB),SWAP,130/3810MB,(cached,2MB),CPU,[0%@1344,0%@1344,0%@1344,0%@1344,0%@1344,0%@1344],GR3D_FREQ,0%,cpu@50.937C,soc2@49C,soc0@49.812C,gpu@51.093C,tj@51.093C,soc1@50.156C,VDD_IN,5594mW/5838mW,VDD_CPU_GPU_CV,1307mW/1397mW,VDD_SOC,2376mW/2412mW
07-27-2026,10:11:34,RAM,902/7620MB,(lfb,16x4MB),SWAP,130/3810MB,(cached,2MB),CPU,[0%@1344,0%@1344,0%@1344,0%@1344,0%@1344,0%@1344],GR3D_FREQ,0%,cpu@51C,soc2@48.968C,soc0@49.812C,gpu@50.625C,tj@51C,soc1@49.875C,VDD_IN,5594mW/5838mW,VDD_CPU_GPU_CV,1307mW/1397mW,VDD_SOC,2376mW/2412mW
07-27-2026,10:11:34,RAM,902/7620MB,(lfb,16x4MB),SWAP,130/3810MB,(cached,2MB),CPU,[0%@1344,0%@1344,0%@1344,0%@1344,0%@1344,0%@1344],GR3D_FREQ,0%,cpu@50.875C,soc2@49.031C,soc0@49.781C,gpu@50.718C,tj@50.875C,soc1@50.031C,VDD_IN,5555mW/5838mW,VDD_CPU_GPU_CV,1307mW/1397mW,VDD_SOC,2376mW/2412mW
07-27-2026,10:11:35,RAM,902/7620MB,(lfb,16x4MB),SWAP,130/3810MB,(cached,2MB),CPU,[0%@1344,9%@1344,0%@1344,0%@1344,0%@1344,0%@1344],GR3D_FREQ,0%,cpu@50.906C,soc2@48.937C,soc0@50C,gpu@51.062C,tj@51.093C,soc1@49.937C,VDD_IN,5555mW/5838mW,VDD_CPU_GPU_CV,1307mW/1396mW,VDD_SOC,2376mW/2412mW
07-27-2026,10:11:35,RAM,902/7620MB,(lfb,16x4MB),SWAP,130/3810MB,(cached,2MB),CPU,[0%@1344,0%@1344,0%@1344,0%@1344,0%@1344,0%@1344],GR3D_FREQ,0%,cpu@51.375C,soc2@49C,soc0@49.75C,gpu@50.625C,tj@51.375C,soc1@50.031C,VDD_IN,5555mW/5838mW,VDD_CPU_GPU_CV,1307mW/1396mW,VDD_SOC,2376mW/2412mW
07-27-2026,10:11:35,RAM,902/7620MB,(lfb,16x4MB),SWAP,130/3810MB,(cached,2MB),CPU,[0%@1344,0%@1344,0%@1344,0%@1344,0%@1344,0%@1344],GR3D_FREQ,0%,cpu@50.906C,soc2@48.875C,soc0@49.718C,gpu@51.187C,tj@51.187C,soc1@49.875C,VDD_IN,5555mW/5838mW,VDD_CPU_GPU_CV,1307mW/1396mW,VDD_SOC,2376mW/2412mW
07-27-2026,10:11:35,RAM,902/7620MB,(lfb,16x4MB),SWAP,130/3810MB,(cached,2MB),CPU,[0%@1344,0%@1344,0%@1344,0%@1344,0%@1344,0%@1344],GR3D_FREQ,0%,cpu@50.75C,soc2@48.906C,soc0@49.781C,gpu@50.937C,tj@50.937C,soc1@49.937C,VDD_IN,5555mW/5837mW,VDD_CPU_GPU_CV,1307mW/1396mW,VDD_SOC,2376mW/2412mW
07-27-2026,10:11:35,RAM,902/7620MB,(lfb,16x4MB),SWAP,130/3810MB,(cached,2MB),CPU,[0%@1344,0%@1344,0%@1344,0%@1344,9%@1344,9%@1344],GR3D_FREQ,0%,cpu@50.875C,soc2@48.968C,soc0@49.906C,gpu@50.625C,tj@50.875C,soc1@49.937C,VDD_IN,5594mW/5837mW,VDD_CPU_GPU_CV,1305mW/1396mW,VDD_SOC,2376mW/2412mW
07-27-2026,10:11:35,RAM,902/7620MB,(lfb,16x4MB),SWAP,130/3810MB,(cached,2MB),CPU,[0%@1344,0%@1344,0%@1344,0%@1344,0%@1344,0%@1344],GR3D_FREQ,0%,cpu@51.187C,soc2@49.031C,soc0@49.968C,gpu@51.125C,tj@51.187C,soc1@50.062C,VDD_IN,5594mW/5837mW,VDD_CPU_GPU_CV,1307mW/1396mW,VDD_SOC,2376mW/2412mW
07-27-2026,10:11:35,RAM,902/7620MB,(lfb,16x4MB),SWAP,130/3810MB,(cached,2MB),CPU,[0%@1344,0%@1344,0%@1344,0%@1344,0%@1344,0%@1344],GR3D_FREQ,0%,cpu@50.937C,soc2@49C,soc0@49.718C,gpu@50.656C,tj@50.937C,soc1@49.968C,VDD_IN,5555mW/5837mW,VDD_CPU_GPU_CV,1307mW/1396mW,VDD_SOC,2376mW/2412mW
07-27-2026,10:11:35,RAM,902/7620MB,(lfb,16x4MB),SWAP,130/3810MB,(cached,2MB),CPU,[0%@1344,0%@1344,0%@1344,0%@1344,0%@1344,0%@1344],GR3D_FREQ,0%,cpu@51.031C,soc2@48.968C,soc0@49.812C,gpu@50.656C,tj@51.031C,soc1@49.875C,VDD_IN,5555mW/5837mW,VDD_CPU_GPU_CV,1307mW/1396mW,VDD_SOC,2376mW/2412mW
07-27-2026,10:11:35,RAM,902/7620MB,(lfb,16x4MB),SWAP,130/3810MB,(cached,2MB),CPU,[0%@1344,0%@1344,0%@1344,0%@1344,0%@1344,0%@1344],GR3D_FREQ,0%,cpu@50.843C,soc2@48.937C,soc0@49.812C,gpu@51.125C,tj@51.125C,soc1@50C,VDD_IN,5555mW/5837mW,VDD_CPU_GPU_CV,1307mW/1396mW,VDD_SOC,2376mW/2412mW
07-27-2026,10:11:35,RAM,902/7620MB,(lfb,16x4MB),SWAP,130/3810MB,(cached,2MB),CPU,[0%@1344,0%@1344,0%@1344,0%@1344,0%@1344,0%@1344],GR3D_FREQ,0%,cpu@50.812C,soc2@48.937C,soc0@50C,gpu@50.625C,tj@50.812C,soc1@49.937C,VDD_IN,5555mW/5837mW,VDD_CPU_GPU_CV,1305mW/1396mW,VDD_SOC,2376mW/2412mW
07-27-2026,10:11:36,RAM,902/7620MB,(lfb,16x4MB),SWAP,130/3810MB,(cached,2MB),CPU,[0%@1344,0%@1344,0%@1344,0%@1344,0%@1344,0%@1344],GR3D_FREQ,0%,cpu@51.312C,soc2@48.875C,soc0@49.781C,gpu@50.593C,tj@51.312C,soc1@50.031C,VDD_IN,5555mW/5837mW,VDD_CPU_GPU_CV,1307mW/1396mW,VDD_SOC,2376mW/2412mW
07-27-2026,10:11:36,RAM,902/7620MB,(lfb,16x4MB),SWAP,130/3810MB,(cached,2MB),CPU,[0%@1344,0%@1344,0%@1344,0%@1344,0%@1344,0%@1344],GR3D_FREQ,0%,cpu@51C,soc2@48.875C,soc0@49.718C,gpu@51.125C,tj@51.125C,soc1@49.781C,VDD_IN,5555mW/5836mW,VDD_CPU_GPU_CV,1307mW/1396mW,VDD_SOC,2376mW/2412mW
07-27-2026,10:11:36,RAM,902/7620MB,(lfb,16x4MB),SWAP,130/3810MB,(cached,2MB),CPU,[0%@1344,0%@1344,0%@1344,0%@1344,0%@1344,0%@1344],GR3D_FREQ,0%,cpu@50.875C,soc2@48.875C,soc0@49.812C,gpu@50.625C,tj@50.875C,soc1@49.875C,VDD_IN,5546mW/5836mW,VDD_CPU_GPU_CV,1305mW/1396mW,VDD_SOC,2376mW/2412mW
07-27-2026,10:11:36,RAM,902/7620MB,(lfb,16x4MB),SWAP,130/3810MB,(cached,2MB),CPU,[0%@1344,0%@1344,0%@1344,0%@1344,0%@1344,0%@1344],GR3D_FREQ,0%,cpu@50.875C,soc2@48.906C,soc0@49.968C,gpu@50.593C,tj@50.875C,soc1@50C,VDD_IN,5555mW/5836mW,VDD_CPU_GPU_CV,1307mW/1396mW,VDD_SOC,2376mW/2412mW
07-27-2026,10:11:36,RAM,902/7620MB,(lfb,16x4MB),SWAP,130/3810MB,(cached,2MB),CPU,[0%@1344,0%@1344,0%@1344,0%@1344,0%@1344,8%@1344],GR3D_FREQ,0%,cpu@51.187C,soc2@48.906C,soc0@49.937C,gpu@51.062C,tj@51.187C,soc1@50.031C,VDD_IN,5594mW/5836mW,VDD_CPU_GPU_CV,1307mW/1396mW,VDD_SOC,2376mW/2412mW
07-27-2026,10:11:36,RAM,902/7620MB,(lfb,16x4MB),SWAP,130/3810MB,(cached,2MB),CPU,[0%@1344,8%@1344,0%@1344,0%@1344,0%@1344,0%@1344],GR3D_FREQ,0%,cpu@50.937C,soc2@49.031C,soc0@49.718C,gpu@50.562C,tj@50.937C,soc1@50.187C,VDD_IN,5546mW/5836mW,VDD_CPU_GPU_CV,1305mW/1396mW,VDD_SOC,2376mW/2412mW
07-27-2026,10:11:36,RAM,902/7620MB,(lfb,16x4MB),SWAP,130/3810MB,(cached,2MB),CPU,[0%@1344,0%@1344,0%@1344,0%@1344,0%@1344,0%@1344],GR3D_FREQ,0%,cpu@51.062C,soc2@48.937C,soc0@49.75C,gpu@50.625C,tj@50.781C,soc1@49.812C,VDD_IN,5555mW/5836mW,VDD_CPU_GPU_CV,1307mW/1396mW,VDD_SOC,2376mW/2412mW
07-27-2026,10:11:36,RAM,901/7620MB,(lfb,16x4MB),SWAP,130/3810MB,(cached,2MB),CPU,[0%@1344,0%@1344,0%@1344,0%@1344,0%@1344,0%@1344],GR3D_FREQ,0%,cpu@50.906C,soc2@48.875C,soc0@49.812C,gpu@50.656C,tj@50.968C,soc1@49.968C,VDD_IN,5555mW/5836mW,VDD_CPU_GPU_CV,1307mW/1396mW,VDD_SOC,2376mW/2412mW
07-27-2026,10:11:36,RAM,901/7620MB,(lfb,16x4MB),SWAP,130/3810MB,(cached,2MB),CPU,[0%@1344,0%@1344,0%@1344,0%@1344,0%@1344,0%@1344],GR3D_FREQ,0%,cpu@50.906C,soc2@49C,soc0@49.968C,gpu@50.593C,tj@51.156C,soc1@50C,VDD_IN,5546mW/5835mW,VDD_CPU_GPU_CV,1305mW/1396mW,VDD_SOC,2376mW/2412mW
07-27-2026,10:11:37,RAM,901/7620MB,(lfb,16x4MB),SWAP,130/3810MB,(cached,2MB),CPU,[0%@1344,0%@1344,0%@1344,0%@1344,0%@1344,10%@1344],GR3D_FREQ,0%,cpu@50.937C,soc2@49C,soc0@49.812C,gpu@51.156C,tj@51.156C,soc1@50.062C,VDD_IN,5594mW/5835mW,VDD_CPU_GPU_CV,1305mW/1396mW,VDD_SOC,2376mW/2412mW
07-27-2026,10:11:37,RAM,901/7620MB,(lfb,16x4MB),SWAP,130/3810MB,(cached,2MB),CPU,[0%@1344,9%@1344,0%@1344,0%@1344,0%@1344,9%@1344],GR3D_FREQ,0%,cpu@51.031C,soc2@48.906C,soc0@49.875C,gpu@50.812C,tj@51.031C,soc1@49.875C,VDD_IN,5674mW/5835mW,VDD_CPU_GPU_CV,1305mW/1396mW,VDD_SOC,2376mW/2412mW
07-27-2026,10:11:37,RAM,901/7620MB,(lfb,16x4MB),SWAP,130/3810MB,(cached,2MB),CPU,[0%@1344,0%@1344,0%@1344,0%@1344,0%@1344,0%@1344],GR3D_FREQ,0%,cpu@50.843C,soc2@48.906C,soc0@49.781C,gpu@50.593C,tj@50.843C,soc1@49.75C,VDD_IN,5753mW/5835mW,VDD_CPU_GPU_CV,1305mW/1396mW,VDD_SOC,2376mW/2412mW
07-27-2026,10:11:37,RAM,901/7620MB,(lfb,16x4MB),SWAP,130/3810MB,(cached,2MB),CPU,[0%@1344,0%@1344,9%@1344,0%@1344,0%@1344,0%@1344],GR3D_FREQ,0%,cpu@50.937C,soc2@48.937C,soc0@49.906C,gpu@51.093C,tj@51.093C,soc1@49.906C,VDD_IN,5793mW/5835mW,VDD_CPU_GPU_CV,1307mW/1396mW,VDD_SOC,2376mW/2412mW
07-27-2026,10:11:37,RAM,902/7620MB,(lfb,16x4MB),SWAP,130/3810MB,(cached,2MB),CPU,[0%@1344,0%@1344,0%@1344,0%@1344,0%@1344,0%@1344],GR3D_FREQ,0%,cpu@51.406C,soc2@48.906C,soc0@50.031C,gpu@50.625C,tj@51.406C,soc1@49.968C,VDD_IN,5832mW/5835mW,VDD_CPU_GPU_CV,1305mW/1396mW,VDD_SOC,2376mW/2412mW
07-27-2026,10:11:37,RAM,902/7620MB,(lfb,16x4MB),SWAP,130/3810MB,(cached,2MB),CPU,[0%@1344,0%@1344,0%@1344,0%@1344,0%@1344,8%@1344],GR3D_FREQ,0%,cpu@50.906C,soc2@49C,soc0@49.75C,gpu@50.625C,tj@50.906C,soc1@50.156C,VDD_IN,5832mW/5835mW,VDD_CPU_GPU_CV,1305mW/1395mW,VDD_SOC,2376mW/2412mW
07-27-2026,10:11:37,RAM,902/7620MB,(lfb,16x4MB),SWAP,130/3810MB,(cached,2MB),CPU,[0%@1344,0%@1344,0%@1344,0%@1344,0%@1344,0%@1344],GR3D_FREQ,0%,cpu@51.093C,soc2@48.906C,soc0@49.875C,gpu@50.718C,tj@51.093C,soc1@49.75C,VDD_IN,5872mW/5835mW,VDD_CPU_GPU_CV,1305mW/1395mW,VDD_SOC,2376mW/2412mW
07-27-2026,10:11:37,RAM,902/7620MB,(lfb,16x4MB),SWAP,130/3810MB,(cached,2MB),CPU,[0%@1344,0%@1344,0%@1344,0%@1344,0%@1344,0%@1344],GR3D_FREQ,0%,cpu@50.875C,soc2@48.812C,soc0@49.812C,gpu@50.687C,tj@50.875C,soc1@49.906C,VDD_IN,5872mW/5835mW,VDD_CPU_GPU_CV,1305mW/1395mW,VDD_SOC,2376mW/2412mW
07-27-2026,10:11:37,RAM,901/7620MB,(lfb,16x4MB),SWAP,130/3810MB,(cached,2MB),CPU,[0%@1344,0%@1344,0%@1344,8%@1344,0%@1344,0%@1344],GR3D_FREQ,0%,cpu@50.875C,soc2@49C,soc0@49.968C,gpu@50.562C,tj@50.875C,soc1@50C,VDD_IN,5912mW/5835mW,VDD_CPU_GPU_CV,1305mW/1395mW,VDD_SOC,2416mW/2412mW
07-27-2026,10:11:37,RAM,901/7620MB,(lfb,16x4MB),SWAP,130/3810MB,(cached,2MB),CPU,[9%@1344,0%@1344,0%@1344,0%@1344,0%@1344,0%@1344],GR3D_FREQ,0%,cpu@50.843C,soc2@49.062C,soc0@49.656C,gpu@50.656C,tj@50.843C,soc1@50.062C,VDD_IN,5912mW/5835mW,VDD_CPU_GPU_CV,1305mW/1395mW,VDD_SOC,2416mW/2412mW
07-27-2026,10:11:38,RAM,901/7620MB,(lfb,16x4MB),SWAP,130/3810MB,(cached,2MB),CPU,[0%@1344,0%@1344,0%@1344,0%@1344,0%@1344,0%@1344],GR3D_FREQ,0%,cpu@51.062C,soc2@48.843C,soc0@49.625C,gpu@50.625C,tj@51.062C,soc1@49.75C,VDD_IN,5912mW/5835mW,VDD_CPU_GPU_CV,1305mW/1395mW,VDD_SOC,2416mW/2412mW
07-27-2026,10:11:38,RAM,901/7620MB,(lfb,16x4MB),SWAP,130/3810MB,(cached,2MB),CPU,[0%@1344,0%@1344,0%@1344,0%@1344,0%@1344,0%@1344],GR3D_FREQ,0%,cpu@50.75C,soc2@48.781C,soc0@49.843C,gpu@50.593C,tj@50.75C,soc1@49.812C,VDD_IN,5912mW/5835mW,VDD_CPU_GPU_CV,1307mW/1395mW,VDD_SOC,2416mW/2412mW
07-27-2026,10:11:38,RAM,901/7620MB,(lfb,16x4MB),SWAP,130/3810MB,(cached,2MB),CPU,[0%@1344,0%@1344,0%@1344,0%@1344,0%@1344,0%@1344],GR3D_FREQ,0%,cpu@50.875C,soc2@48.906C,soc0@49.843C,gpu@50.562C,tj@50.875C,soc1@49.937C,VDD_IN,5912mW/5835mW,VDD_CPU_GPU_CV,1307mW/1395mW,VDD_SOC,2376mW/2412mW
07-27-2026,10:11:38,RAM,901/7620MB,(lfb,16x4MB),SWAP,130/3810MB,(cached,2MB),CPU,[0%@1344,0%@1344,0%@1344,0%@1344,0%@1344,0%@1344],GR3D_FREQ,0%,cpu@50.812C,soc2@48.937C,soc0@50C,gpu@50.593C,tj@51.25C,soc1@50C,VDD_IN,5872mW/5835mW,VDD_CPU_GPU_CV,1307mW/1395mW,VDD_SOC,2376mW/2412mW
07-27-2026,10:11:38,RAM,902/7620MB,(lfb,16x4MB),SWAP,130/3810MB,(cached,2MB),CPU,[0%@1344,0%@1344,0%@1344,9%@1344,0%@1344,0%@1344],GR3D_FREQ,0%,cpu@50.937C,soc2@49C,soc0@49.718C,gpu@50.75C,tj@50.937C,soc1@49.906C,VDD_IN,5832mW/5835mW,VDD_CPU_GPU_CV,1307mW/1395mW,VDD_SOC,2376mW/2412mW
07-27-2026,10:11:38,RAM,902/7620MB,(lfb,16x4MB),SWAP,130/3810MB,(cached,2MB),CPU,[0%@1344,8%@1344,0%@1344,0%@1344,0%@1344,0%@1344],GR3D_FREQ,0%,cpu@50.875C,soc2@48.968C,soc0@49.687C,gpu@50.625C,tj@50.781C,soc1@49.718C,VDD_IN,5793mW/5835mW,VDD_CPU_GPU_CV,1307mW/1395mW,VDD_SOC,2376mW/2412mW
07-27-2026,10:11:38,RAM,902/7620MB,(lfb,16x4MB),SWAP,130/3810MB,(cached,2MB),CPU,[0%@1344,0%@1344,0%@1344,0%@1344,0%@1344,0%@1344],GR3D_FREQ,0%,cpu@50.843C,soc2@48.937C,soc0@49.812C,gpu@50.593C,tj@50.843C,soc1@49.937C,VDD_IN,5713mW/5835mW,VDD_CPU_GPU_CV,1307mW/1395mW,VDD_SOC,2376mW/2412mW
07-27-2026,10:11:38,RAM,901/7620MB,(lfb,16x4MB),SWAP,130/3810MB,(cached,2MB),CPU,[8%@1344,9%@1344,0%@1344,0%@1344,0%@1344,0%@1344],GR3D_FREQ,0%,cpu@50.906C,soc2@48.937C,soc0@49.937C,gpu@50.718C,tj@50.906C,soc1@49.937C,VDD_IN,5674mW/5835mW,VDD_CPU_GPU_CV,1307mW/1395mW,VDD_SOC,2376mW/2412mW
07-27-2026,10:11:38,RAM,901/7620MB,(lfb,16x4MB),SWAP,130/3810MB,(cached,2MB),CPU,[0%@1344,0%@1344,0%@1344,0%@1344,0%@1344,0%@1344],GR3D_FREQ,0%,cpu@50.843C,soc2@48.968C,soc0@49.687C,gpu@50.593C,tj@50.843C,soc1@50.062C,VDD_IN,5674mW/5835mW,VDD_CPU_GPU_CV,1307mW/1395mW,VDD_SOC,2376mW/2412mW
07-27-2026,10:11:39,RAM,901/7620MB,(lfb,16x4MB),SWAP,130/3810MB,(cached,2MB),CPU,[0%@1344,0%@1344,0%@1344,0%@1344,0%@1344,0%@1344],GR3D_FREQ,0%,cpu@51.062C,soc2@48.843C,soc0@49.75C,gpu@50.562C,tj@51.062C,soc1@49.875C,VDD_IN,5634mW/5835mW,VDD_CPU_GPU_CV,1307mW/1395mW,VDD_SOC,2376mW/2412mW
07-27-2026,10:11:39,RAM,901/7620MB,(lfb,16x4MB),SWAP,130/3810MB,(cached,2MB),CPU,[0%@1344,0%@1344,0%@1344,0%@1344,0%@1344,0%@1344],GR3D_FREQ,0%,cpu@50.75C,soc2@48.781C,soc0@49.75C,gpu@50.75C,tj@50.75C,soc1@49.843C,VDD_IN,5634mW/5835mW,VDD_CPU_GPU_CV,1305mW/1395mW,VDD_SOC,2376mW/2412mW
07-27-2026,10:11:39,RAM,901/7620MB,(lfb,16x4MB),SWAP,130/3810MB,(cached,2MB),CPU,[9%@1344,0%@1344,0%@1344,0%@1344,0%@1344,0%@1344],GR3D_FREQ,0%,cpu@50.843C,soc2@48.843C,soc0@49.843C,gpu@50.562C,tj@50.843C,soc1@49.812C,VDD_IN,5594mW/5835mW,VDD_CPU_GPU_CV,1305mW/1395mW,VDD_SOC,2376mW/2412mW
07-27-2026,10:11:39,RAM,901/7620MB,(lfb,16x4MB),SWAP,130/3810MB,(cached,2MB),CPU,[0%@1344,0%@1344,0%@1344,0%@1344,0%@1344,0%@1344],GR3D_FREQ,0%,cpu@50.812C,soc2@48.906C,soc0@49.75C,gpu@50.593C,tj@50.781C,soc1@50.093C,VDD_IN,5594mW/5835mW,VDD_CPU_GPU_CV,1307mW/1395mW,VDD_SOC,2376mW/2411mW
07-27-2026,10:11:39,RAM,902/7620MB,(lfb,16x4MB),SWAP,130/3810MB,(cached,2MB),CPU,[0%@1344,0%@1344,8%@1344,0%@1344,0%@1344,9%@1344],GR3D_FREQ,0%,cpu@51.093C,soc2@49C,soc0@49.687C,gpu@50.656C,tj@51.093C,soc1@50.125C,VDD_IN,5594mW/5835mW,VDD_CPU_GPU_CV,1307mW/1395mW,VDD_SOC,2376mW/2411mW
07-27-2026,10:11:39,RAM,901/7620MB,(lfb,16x4MB),SWAP,130/3810MB,(cached,2MB),CPU,[0%@1344,0%@1344,0%@1344,0%@1344,0%@1344,0%@1344],GR3D_FREQ,0%,cpu@50.937C,soc2@48.906C,soc0@49.781C,gpu@50.656C,tj@50.75C,soc1@49.781C,VDD_IN,5594mW/5835mW,VDD_CPU_GPU_CV,1307mW/1395mW,VDD_SOC,2376mW/2411mW
07-27-2026,10:11:39,RAM,901/7620MB,(lfb,16x4MB),SWAP,130/3810MB,(cached,2MB),CPU,[0%@1344,0%@1344,0%@1344,0%@1344,0%@1344,0%@1344],GR3D_FREQ,0%,cpu@50.937C,soc2@48.906C,soc0@49.656C,gpu@50.5C,tj@50.937C,soc1@49.843C,VDD_IN,5594mW/5834mW,VDD_CPU_GPU_CV,1307mW/1395mW,VDD_SOC,2376mW/2411mW
07-27-2026,10:11:39,RAM,901/7620MB,(lfb,16x4MB),SWAP,130/3810MB,(cached,2MB),CPU,[0%@1344,0%@1344,0%@1344,0%@1344,9%@1344,0%@1344],GR3D_FREQ,0%,cpu@50.875C,soc2@48.812C,soc0@49.906C,gpu@50.687C,tj@50.875C,soc1@49.906C,VDD_IN,5594mW/5834mW,VDD_CPU_GPU_CV,1307mW/1395mW,VDD_SOC,2376mW/2411mW
07-27-2026,10:11:39,RAM,901/7620MB,(lfb,16x4MB),SWAP,130/3810MB,(cached,2MB),CPU,[0%@1344,0%@1344,0%@1344,0%@1344,0%@1344,0%@1344],GR3D_FREQ,0%,cpu@50.875C,soc2@48.937C,soc0@49.718C,gpu@50.593C,tj@50.875C,soc1@50.031C,VDD_IN,5594mW/5834mW,VDD_CPU_GPU_CV,1307mW/1395mW,VDD_SOC,2376mW/2411mW
07-27-2026,10:11:39,RAM,901/7620MB,(lfb,16x4MB),SWAP,130/3810MB,(cached,2MB),CPU,[0%@1344,0%@1344,0%@1344,0%@1344,0%@1344,0%@1344],GR3D_FREQ,0%,cpu@51.062C,soc2@48.843C,soc0@49.718C,gpu@50.562C,tj@51.062C,soc1@49.718C,VDD_IN,5594mW/5834mW,VDD_CPU_GPU_CV,1307mW/1395mW,VDD_SOC,2376mW/2411mW
07-27-2026,10:11:40,RAM,901/7620MB,(lfb,16x4MB),SWAP,130/3810MB,(cached,2MB),CPU,[0%@1344,0%@1344,0%@1344,0%@1344,0%@1344,0%@1344],GR3D_FREQ,0%,cpu@50.718C,soc2@48.812C,soc0@49.812C,gpu@50.687C,tj@50.718C,soc1@49.812C,VDD_IN,5555mW/5834mW,VDD_CPU_GPU_CV,1307mW/1394mW,VDD_SOC,2376mW/2411mW
07-27-2026,10:11:40,RAM,901/7620MB,(lfb,16x4MB),SWAP,130/3810MB,(cached,2MB),CPU,[0%@1344,0%@1344,0%@1344,0%@1344,0%@1344,0%@1344],GR3D_FREQ,0%,cpu@50.875C,soc2@48.906C,soc0@49.875C,gpu@50.531C,tj@50.875C,soc1@49.906C,VDD_IN,5594mW/5834mW,VDD_CPU_GPU_CV,1307mW/1394mW,VDD_SOC,2376mW/2411mW
07-27-2026,10:11:40,RAM,901/7620MB,(lfb,16x4MB),SWAP,130/3810MB,(cached,2MB),CPU,[0%@1344,0%@1344,0%@1344,0%@1344,0%@1344,0%@1344],GR3D_FREQ,0%,cpu@50.843C,soc2@48.906C,soc0@49.718C,gpu@50.687C,tj@50.843C,soc1@50.125C,VDD_IN,5555mW/5834mW,VDD_CPU_GPU_CV,1307mW/1394mW,VDD_SOC,2376mW/2411mW
07-27-2026,10:11:40,RAM,901/7620MB,(lfb,16x4MB),SWAP,130/3810MB,(cached,2MB),CPU,[0%@1344,0%@1344,0%@1344,0%@1344,0%@1344,0%@1344],GR3D_FREQ,0%,cpu@50.937C,soc2@49C,soc0@49.687C,gpu@50.625C,tj@50.937C,soc1@49.968C,VDD_IN,5555mW/5834mW,VDD_CPU_GPU_CV,1307mW/1394mW,VDD_SOC,2376mW/2411mW
07-27-2026,10:11:40,RAM,901/7620MB,(lfb,16x4MB),SWAP,130/3810MB,(cached,2MB),CPU,[0%@1344,8%@1344,0%@1344,0%@1344,9%@1344,0%@1344],GR3D_FREQ,0%,cpu@50.718C,soc2@48.781C,soc0@49.656C,gpu@50.562C,tj@50.718C,soc1@49.812C,VDD_IN,5594mW/5834mW,VDD_CPU_GPU_CV,1307mW/1394mW,VDD_SOC,2376mW/2411mW
07-27-2026,10:11:40,RAM,901/7620MB,(lfb,16x4MB),SWAP,130/3810MB,(cached,2MB),CPU,[0%@1344,0%@1344,0%@1344,0%@1344,0%@1344,0%@1344],GR3D_FREQ,0%,cpu@50.875C,soc2@48.906C,soc0@49.812C,gpu@50.593C,tj@50.875C,soc1@49.843C,VDD_IN,5594mW/5833mW,VDD_CPU_GPU_CV,1307mW/1394mW,VDD_SOC,2376mW/2411mW
07-27-2026,10:11:40,RAM,901/7620MB,(lfb,16x4MB),SWAP,130/3810MB,(cached,2MB),CPU,[0%@1344,0%@1344,0%@1344,0%@1344,0%@1344,0%@1344],GR3D_FREQ,0%,cpu@50.75C,soc2@49C,soc0@49.937C,gpu@50.593C,tj@50.75C,soc1@49.937C,VDD_IN,5555mW/5833mW,VDD_CPU_GPU_CV,1307mW/1394mW,VDD_SOC,2376mW/2411mW
07-27-2026,10:11:40,RAM,901/7620MB,(lfb,16x4MB),SWAP,130/3810MB,(cached,2MB),CPU,[0%@1344,0%@1344,0%@1344,0%@1344,0%@1344,0%@1344],GR3D_FREQ,0%,cpu@50.843C,soc2@48.968C,soc0@49.531C,gpu@50.5C,tj@50.843C,soc1@50.125C,VDD_IN,5555mW/5833mW,VDD_CPU_GPU_CV,1307mW/1394mW,VDD_SOC,2376mW/2411mW
07-27-2026,10:11:40,RAM,901/7620MB,(lfb,16x4MB),SWAP,130/3810MB,(cached,2MB),CPU,[0%@1344,0%@1344,0%@1344,0%@1344,0%@1344,0%@1344],GR3D_FREQ,0%,cpu@50.906C,soc2@48.906C,soc0@49.718C,gpu@50.656C,tj@50.781C,soc1@49.718C,VDD_IN,5555mW/5833mW,VDD_CPU_GPU_CV,1307mW/1394mW,VDD_SOC,2376mW/2411mW
07-27-2026,10:11:41,RAM,901/7620MB,(lfb,16x4MB),SWAP,130/3810MB,(cached,2MB),CPU,[0%@1344,0%@1344,0%@1344,0%@1344,0%@1344,0%@1344],GR3D_FREQ,0%,cpu@50.781C,soc2@48.781C,soc0@49.781C,gpu@50.5C,tj@50.781C,soc1@49.718C,VDD_IN,5555mW/5833mW,VDD_CPU_GPU_CV,1307mW/1394mW,VDD_SOC,2376mW/2411mW
07-27-2026,10:11:41,RAM,901/7620MB,(lfb,16x4MB),SWAP,130/3810MB,(cached,2MB),CPU,[0%@1344,0%@1344,0%@1344,0%@1344,0%@1344,0%@1344],GR3D_FREQ,0%,cpu@50.843C,soc2@48.875C,soc0@49.781C,gpu@50.75C,tj@50.843C,soc1@49.843C,VDD_IN,5555mW/5833mW,VDD_CPU_GPU_CV,1307mW/1394mW,VDD_SOC,2376mW/2411mW
07-27-2026,10:11:41,RAM,901/7620MB,(lfb,16x4MB),SWAP,130/3810MB,(cached,2MB),CPU,[0%@1344,0%@1344,0%@1344,0%@1344,0%@1344,0%@1344],GR3D_FREQ,0%,cpu@50.906C,soc2@48.906C,soc0@49.593C,gpu@50.656C,tj@50.906C,soc1@49.968C,VDD_IN,5555mW/5833mW,VDD_CPU_GPU_CV,1307mW/1394mW,VDD_SOC,2376mW/2411mW
07-27-2026,10:11:41,RAM,901/7620MB,(lfb,16x4MB),SWAP,130/3810MB,(cached,2MB),CPU,[0%@1344,0%@1344,0%@1344,0%@1344,0%@1344,0%@1344],GR3D_FREQ,0%,cpu@50.875C,soc2@48.75C,soc0@49.593C,gpu@50.5C,tj@50.843C,soc1@50.031C,VDD_IN,5555mW/5833mW,VDD_CPU_GPU_CV,1307mW/1394mW,VDD_SOC,2376mW/2411mW
07-27-2026,10:11:41,RAM,901/7620MB,(lfb,16x4MB),SWAP,130/3810MB,(cached,2MB),CPU,[0%@1344,0%@1344,0%@1344,0%@1344,0%@1344,0%@1344],GR3D_FREQ,0%,cpu@50.75C,soc2@48.781C,soc0@49.687C,gpu@50.656C,tj@50.75C,soc1@49.812C,VDD_IN,5555mW/5832mW,VDD_CPU_GPU_CV,1307mW/1394mW,VDD_SOC,2376mW/2411mW
07-27-2026,10:11:41,RAM,900/7620MB,(lfb,16x4MB),SWAP,130/3810MB,(cached,2MB),CPU,[8%@1344,0%@1344,0%@1344,9%@1344,0%@1344,0%@1344],GR3D_FREQ,0%,cpu@50.781C,soc2@48.968C,soc0@49.875C,gpu@50.562C,tj@50.781C,soc1@49.75C,VDD_IN,5594mW/5832mW,VDD_CPU_GPU_CV,1307mW/1394mW,VDD_SOC,2376mW/2411mW
07-27-2026,10:11:41,RAM,900/7620MB,(lfb,16x4MB),SWAP,130/3810MB,(cached,2MB),CPU,[0%@1344,0%@1344,0%@1344,0%@1344,0%@1344,0%@1344],GR3D_FREQ,0%,cpu@50.812C,soc2@48.812C,soc0@49.625C,gpu@50.625C,tj@50.812C,soc1@49.843C,VDD_IN,5594mW/5832mW,VDD_CPU_GPU_CV,1307mW/1394mW,VDD_SOC,2376mW/2411mW
07-27-2026,10:11:41,RAM,900/7620MB,(lfb,16x4MB),SWAP,130/3810MB,(cached,2MB),CPU,[0%@1344,9%@1344,0%@1344,0%@1344,0%@1344,0%@1344],GR3D_FREQ,0%,cpu@50.906C,soc2@48.968C,soc0@49.531C,gpu@50.656C,tj@50.906C,soc1@50.093C,VDD_IN,5555mW/5832mW,VDD_CPU_GPU_CV,1307mW/1394mW,VDD_SOC,2376mW/2411mW
07-27-2026,10:11:41,RAM,900/7620MB,(lfb,16x4MB),SWAP,130/3810MB,(cached,2MB),CPU,[0%@1344,0%@1344,0%@1344,0%@1344,0%@1344,0%@1344],GR3D_FREQ,0%,cpu@50.906C,soc2@48.75C,soc0@49.687C,gpu@50.5C,tj@50.906C,soc1@49.687C,VDD_IN,5555mW/5832mW,VDD_CPU_GPU_CV,1307mW/1394mW,VDD_SOC,2376mW/2411mW
07-27-2026,10:11:41,RAM,900/7620MB,(lfb,16x4MB),SWAP,130/3810MB,(cached,2MB),CPU,[0%@1344,8%@1344,0%@1344,0%@1344,0%@1344,0%@1344],GR3D_FREQ,0%,cpu@50.593C,soc2@48.843C,soc0@49.812C,gpu@50.5C,tj@50.593C,soc1@49.781C,VDD_IN,5555mW/5832mW,VDD_CPU_GPU_CV,1307mW/1394mW,VDD_SOC,2376mW/2411mW
07-27-2026,10:11:42,RAM,900/7620MB,(lfb,16x4MB),SWAP,130/3810MB,(cached,2MB),CPU,[0%@1344,0%@1344,0%@1344,0%@1344,0%@1344,0%@1344],GR3D_FREQ,0%,cpu@50.812C,soc2@48.875C,soc0@49.781C,gpu@50.625C,tj@50.812C,soc1@49.843C,VDD_IN,5555mW/5832mW,VDD_CPU_GPU_CV,1307mW/1394mW,VDD_SOC,2376mW/2411mW
07-27-2026,10:11:42,RAM,900/7620MB,(lfb,16x4MB),SWAP,130/3810MB,(cached,2MB),CPU,[0%@1344,9%@1344,0%@1344,0%@1344,0%@1344,0%@1344],GR3D_FREQ,0%,cpu@50.812C,soc2@48.906C,soc0@49.593C,gpu@50.593C,tj@50.812C,soc1@49.906C,VDD_IN,5555mW/5832mW,VDD_CPU_GPU_CV,1307mW/1394mW,VDD_SOC,2376mW/2411mW
07-27-2026,10:11:42,RAM,900/7620MB,(lfb,16x4MB),SWAP,130/3810MB,(cached,2MB),CPU,[8%@1344,0%@1344,0%@1344,0%@1344,0%@1344,0%@1344],GR3D_FREQ,0%,cpu@50.968C,soc2@48.781C,soc0@49.656C,gpu@50.656C,tj@50.968C,soc1@50.093C,VDD_IN,5555mW/5831mW,VDD_CPU_GPU_CV,1305mW/1394mW,VDD_SOC,2376mW/2411mW
07-27-2026,10:11:42,RAM,900/7620MB,(lfb,16x4MB),SWAP,130/3810MB,(cached,2MB),CPU,[0%@1344,0%@1344,0%@1344,0%@1344,0%@1344,0%@1344],GR3D_FREQ,0%,cpu@50.812C,soc2@48.812C,soc0@49.718C,gpu@51C,tj@51C,soc1@49.843C,VDD_IN,5546mW/5831mW,VDD_CPU_GPU_CV,1305mW/1394mW,VDD_SOC,2376mW/2411mW
07-27-2026,10:11:42,RAM,901/7620MB,(lfb,16x4MB),SWAP,130/3810MB,(cached,2MB),CPU,[0%@1344,10%@1344,0%@1344,9%@1344,0%@1344,0%@1344],GR3D_FREQ,0%,cpu@51.093C,soc2@48.875C,soc0@49.75C,gpu@50.812C,tj@51.093C,soc1@49.875C,VDD_IN,5665mW/5831mW,VDD_CPU_GPU_CV,1344mW/1394mW,VDD_SOC,2376mW/2411mW
07-27-2026,10:11:42,RAM,900/7620MB,(lfb,16x4MB),SWAP,130/3810MB,(cached,2MB),CPU,[9%@1344,0%@1344,0%@1344,0%@1344,0%@1344,0%@1344],GR3D_FREQ,0%,cpu@50.781C,soc2@48.906C,soc0@49.625C,gpu@50.468C,tj@50.781C,soc1@49.968C,VDD_IN,5753mW/5831mW,VDD_CPU_GPU_CV,1305mW/1394mW,VDD_SOC,2376mW/2411mW
07-27-2026,10:11:42,RAM,900/7620MB,(lfb,16x4MB),SWAP,130/3810MB,(cached,2MB),CPU,[0%@1344,0%@1344,0%@1344,0%@1344,0%@1344,0%@1344],GR3D_FREQ,0%,cpu@50.875C,soc2@48.906C,soc0@49.718C,gpu@50.968C,tj@50.968C,soc1@49.781C,VDD_IN,5793mW/5831mW,VDD_CPU_GPU_CV,1305mW/1393mW,VDD_SOC,2376mW/2411mW
07-27-2026,10:11:42,RAM,900/7620MB,(lfb,16x4MB),SWAP,130/3810MB,(cached,2MB),CPU,[0%@1344,0%@1344,0%@1344,0%@1344,0%@1344,0%@1344],GR3D_FREQ,0%,cpu@50.781C,soc2@48.812C,soc0@49.718C,gpu@50.687C,tj@50.781C,soc1@49.75C,VDD_IN,5783mW/5831mW,VDD_CPU_GPU_CV,1305mW/1393mW,VDD_SOC,2376mW/2411mW
07-27-2026,10:11:42,RAM,900/7620MB,(lfb,16x4MB),SWAP,130/3810MB,(cached,2MB),CPU,[0%@1344,9%@1344,0%@1344,0%@1344,0%@1344,0%@1344],GR3D_FREQ,0%,cpu@51.031C,soc2@48.875C,soc0@49.593C,gpu@50.562C,tj@51.031C,soc1@49.843C,VDD_IN,5832mW/5831mW,VDD_CPU_GPU_CV,1305mW/1393mW,VDD_SOC,2376mW/2411mW
07-27-2026,10:11:43,RAM,900/7620MB,(lfb,16x4MB),SWAP,130/3810MB,(cached,2MB),CPU,[0%@1344,0%@1344,0%@1344,0%@1344,0%@1344,0%@1344],GR3D_FREQ,0%,cpu@51.093C,soc2@48.906C,soc0@49.625C,gpu@51C,tj@51.093C,soc1@50.062C,VDD_IN,5872mW/5831mW,VDD_CPU_GPU_CV,1305mW/1393mW,VDD_SOC,2376mW/2411mW
07-27-2026,10:11:43,RAM,900/7620MB,(lfb,16x4MB),SWAP,130/3810MB,(cached,2MB),CPU,[9%@1344,0%@1344,0%@1344,0%@1344,0%@1344,0%@1344],GR3D_FREQ,0%,cpu@50.812C,soc2@48.906C,soc0@49.562C,gpu@50.718C,tj@50.812C,soc1@49.75C,VDD_IN,5872mW/5831mW,VDD_CPU_GPU_CV,1305mW/1393mW,VDD_SOC,2376mW/2411mW
07-27-2026,10:11:43,RAM,900/7620MB,(lfb,16x4MB),SWAP,130/3810MB,(cached,2MB),CPU,[0%@1344,0%@1344,0%@1344,0%@1344,0%@1344,0%@1344],GR3D_FREQ,0%,cpu@50.75C,soc2@48.781C,soc0@49.718C,gpu@50.437C,tj@50.75C,soc1@49.687C,VDD_IN,5912mW/5831mW,VDD_CPU_GPU_CV,1305mW/1393mW,VDD_SOC,2376mW/2411mW
07-27-2026,10:11:43,RAM,900/7620MB,(lfb,16x4MB),SWAP,130/3810MB,(cached,2MB),CPU,[0%@1344,0%@1344,0%@1344,0%@1344,0%@1344,0%@1344],GR3D_FREQ,0%,cpu@50.968C,soc2@48.781C,soc0@49.875C,gpu@51.031C,tj@51.031C,soc1@49.843C,VDD_IN,5912mW/5831mW,VDD_CPU_GPU_CV,1305mW/1393mW,VDD_SOC,2416mW/2411mW
07-27-2026,10:11:43,RAM,900/7620MB,(lfb,16x4MB),SWAP,130/3810MB,(cached,2MB),CPU,[9%@1344,0%@1344,0%@1344,0%@1344,0%@1344,0%@1344],GR3D_FREQ,0%,cpu@51C,soc2@48.781C,soc0@49.625C,gpu@50.75C,tj@51C,soc1@49.937C,VDD_IN,5912mW/5831mW,VDD_CPU_GPU_CV,1305mW/1393mW,VDD_SOC,2416mW/2411mW
07-27-2026,10:11:43,RAM,901/7620MB,(lfb,16x4MB),SWAP,130/3810MB,(cached,2MB),CPU,[0%@1344,0%@1344,0%@1344,0%@1344,0%@1344,0%@1344],GR3D_FREQ,0%,cpu@50.687C,soc2@48.687C,soc0@49.625C,gpu@50.343C,tj@50.687C,soc1@50.187C,VDD_IN,5912mW/5831mW,VDD_CPU_GPU_CV,1307mW/1393mW,VDD_SOC,2416mW/2411mW
07-27-2026,10:11:43,RAM,901/7620MB,(lfb,16x4MB),SWAP,130/3810MB,(cached,2MB),CPU,[0%@1344,0%@1344,0%@1344,0%@1344,0%@1344,0%@1344],GR3D_FREQ,0%,cpu@50.656C,soc2@48.812C,soc0@49.656C,gpu@50.906C,tj@50.906C,soc1@49.718C,VDD_IN,5832mW/5831mW,VDD_CPU_GPU_CV,1307mW/1393mW,VDD_SOC,2376mW/2411mW
07-27-2026,10:11:43,RAM,901/7620MB,(lfb,16x4MB),SWAP,130/3810MB,(cached,2MB),CPU,[0%@1344,0%@1344,0%@1344,0%@1344,0%@1344,0%@1344],GR3D_FREQ,0%,cpu@50.781C,soc2@48.843C,soc0@49.718C,gpu@50.593C,tj@50.781C,soc1@49.781C,VDD_IN,5793mW/5831mW,VDD_CPU_GPU_CV,1307mW/1393mW,VDD_SOC,2376mW/2411mW
07-27-2026,10:11:43,RAM,900/7620MB,(lfb,16x4MB),SWAP,130/3810MB,(cached,2MB),CPU,[0%@1344,9%@1344,0%@1344,0%@1344,0%@1344,0%@1344],GR3D_FREQ,0%,cpu@50.937C,soc2@48.875C,soc0@49.562C,gpu@50.406C,tj@50.937C,soc1@49.906C,VDD_IN,5713mW/5831mW,VDD_CPU_GPU_CV,1307mW/1393mW,VDD_SOC,2376mW/2411mW
07-27-2026,10:11:43,RAM,900/7620MB,(lfb,16x4MB),SWAP,130/3810MB,(cached,2MB),CPU,[9%@1344,0%@1344,0%@1344,0%@1344,0%@1344,0%@1344],GR3D_FREQ,0%,cpu@51.25C,soc2@48.843C,soc0@49.5C,gpu@50.812C,tj@51.25C,soc1@50.031C,VDD_IN,5665mW/5831mW,VDD_CPU_GPU_CV,1305mW/1393mW,VDD_SOC,2376mW/2411mW
07-27-2026,10:11:44,RAM,900/7620MB,(lfb,16x4MB),SWAP,130/3810MB,(cached,2MB),CPU,[0%@1344,0%@1344,0%@1344,0%@1344,0%@1344,0%@1344],GR3D_FREQ,0%,cpu@50.906C,soc2@48.75C,soc0@49.656C,gpu@50.375C,tj@50.906C,soc1@49.625C,VDD_IN,5665mW/5831mW,VDD_CPU_GPU_CV,1305mW/1393mW,VDD_SOC,2376mW/2411mW
07-27-2026,10:11:44,RAM,900/7620MB,(lfb,16x4MB),SWAP,130/3810MB,(cached,2MB),CPU,[0%@1344,0%@1344,0%@1344,0%@1344,0%@1344,0%@1344],GR3D_FREQ,0%,cpu@50.656C,soc2@48.843C,soc0@49.687C,gpu@51.062C,tj@51.062C,soc1@49.781C,VDD_IN,5625mW/5831mW,VDD_CPU_GPU_CV,1305mW/1393mW,VDD_SOC,2376mW/2411mW
07-27-2026,10:11:44,RAM,900/7620MB,(lfb,16x4MB),SWAP,130/3810MB,(cached,2MB),CPU,[0%@1344,0%@1344,0%@1344,0%@1344,0%@1344,0%@1344],GR3D_FREQ,0%,cpu@50.968C,soc2@48.687C,soc0@49.718C,gpu@50.75C,tj@50.968C,soc1@49.781C,VDD_IN,5634mW/5831mW,VDD_CPU_GPU_CV,1307mW/1393mW,VDD_SOC,2376mW/2411mW
07-27-2026,10:11:44,RAM,900/7620MB,(lfb,16x4MB),SWAP,130/3810MB,(cached,2MB),CPU,[0%@1344,0%@1344,0%@1344,0%@1344,0%@1344,0%@1344],GR3D_FREQ,0%,cpu@51.031C,soc2@48.812C,soc0@49.562C,gpu@50.437C,tj@51.031C,soc1@49.937C,VDD_IN,5594mW/5831mW,VDD_CPU_GPU_CV,1305mW/1393mW,VDD_SOC,2376mW/2411mW
07-27-2026,10:11:44,RAM,901/7620MB,(lfb,16x4MB),SWAP,130/3810MB,(cached,2MB),CPU,[0%@1344,0%@1344,9%@1344,0%@1344,9%@1344,9%@1344],GR3D_FREQ,0%,cpu@50.843C,soc2@48.75C,soc0@49.625C,gpu@50.968C,tj@50.968C,soc1@50.062C,VDD_IN,5594mW/5831mW,VDD_CPU_GPU_CV,1305mW/1393mW,VDD_SOC,2376mW/2411mW
07-27-2026,10:11:44,RAM,900/7620MB,(lfb,16x4MB),SWAP,130/3810MB,(cached,2MB),CPU,[9%@1344,0%@1344,0%@1344,0%@1344,0%@1344,0%@1344],GR3D_FREQ,0%,cpu@50.625C,soc2@48.812C,soc0@49.781C,gpu@50.781C,tj@50.781C,soc1@49.718C,VDD_IN,5594mW/5831mW,VDD_CPU_GPU_CV,1305mW/1393mW,VDD_SOC,2376mW/2411mW
07-27-2026,10:11:44,RAM,900/7620MB,(lfb,16x4MB),SWAP,130/3810MB,(cached,2MB),CPU,[0%@1344,0%@1344,0%@1344,0%@1344,0%@1344,0%@1344],GR3D_FREQ,0%,cpu@50.687C,soc2@48.687C,soc0@49.843C,gpu@50.531C,tj@50.687C,soc1@49.718C,VDD_IN,5594mW/5830mW,VDD_CPU_GPU_CV,1305mW/1393mW,VDD_SOC,2376mW/2411mW
07-27-2026,10:11:44,RAM,900/7620MB,(lfb,16x4MB),SWAP,130/3810MB,(cached,2MB),CPU,[0%@1344,0%@1344,0%@1344,0%@1344,0%@1344,0%@1344],GR3D_FREQ,0%,cpu@51.031C,soc2@48.875C,soc0@49.812C,gpu@50.937C,tj@51.031C,soc1@49.843C,VDD_IN,5594mW/5830mW,VDD_CPU_GPU_CV,1307mW/1393mW,VDD_SOC,2376mW/2411mW
07-27-2026,10:11:44,RAM,900/7620MB,(lfb,16x4MB),SWAP,130/3810MB,(cached,2MB),CPU,[0%@1344,0%@1344,0%@1344,0%@1344,0%@1344,0%@1344],GR3D_FREQ,0%,cpu@50.781C,soc2@48.937C,soc0@49.625C,gpu@50.593C,tj@50.781C,soc1@50.031C,VDD_IN,5594mW/5830mW,VDD_CPU_GPU_CV,1305mW/1393mW,VDD_SOC,2376mW/2411mW
07-27-2026,10:11:45,RAM,900/7620MB,(lfb,16x4MB),SWAP,130/3810MB,(cached,2MB),CPU,[0%@1344,0%@1344,0%@1344,0%@1344,0%@1344,0%@1344],GR3D_FREQ,0%,cpu@50.875C,soc2@48.781C,soc0@49.625C,gpu@50.375C,tj@50.875C,soc1@49.718C,VDD_IN,5594mW/5830mW,VDD_CPU_GPU_CV,1305mW/1393mW,VDD_SOC,2376mW/2411mW
07-27-2026,10:11:45,RAM,900/7620MB,(lfb,16x4MB),SWAP,130/3810MB,(cached,2MB),CPU,[9%@1344,0%@1344,0%@1344,0%@1344,0%@1344,0%@1344],GR3D_FREQ,0%,cpu@50.718C,soc2@48.75C,soc0@49.656C,gpu@50.843C,tj@50.843C,soc1@49.843C,VDD_IN,5546mW/5830mW,VDD_CPU_GPU_CV,1305mW/1393mW,VDD_SOC,2376mW/2411mW
07-27-2026,10:11:45,RAM,900/7620MB,(lfb,16x4MB),SWAP,130/3810MB,(cached,2MB),CPU,[0%@1344,0%@1344,0%@1344,0%@1344,0%@1344,0%@1344],GR3D_FREQ,0%,cpu@50.687C,soc2@48.781C,soc0@49.75C,gpu@50.375C,tj@50.937C,soc1@49.781C,VDD_IN,5594mW/5830mW,VDD_CPU_GPU_CV,1307mW/1393mW,VDD_SOC,2376mW/2411mW
07-27-2026,10:11:45,RAM,900/7620MB,(lfb,16x4MB),SWAP,130/3810MB,(cached,2MB),CPU,[8%@1344,0%@1344,0%@1344,0%@1344,0%@1344,0%@1344],GR3D_FREQ,0%,cpu@51.031C,soc2@48.843C,soc0@49.562C,gpu@50.406C,tj@51.031C,soc1@49.906C,VDD_IN,5555mW/5830mW,VDD_CPU_GPU_CV,1307mW/1392mW,VDD_SOC,2376mW/2411mW
07-27-2026,10:11:45,RAM,900/7620MB,(lfb,16x4MB),SWAP,130/3810MB,(cached,2MB),CPU,[0%@1344,0%@1344,0%@1344,0%@1344,0%@1344,0%@1344],GR3D_FREQ,0%,cpu@50.75C,soc2@48.656C,soc0@49.593C,gpu@50.875C,tj@50.875C,soc1@49.656C,VDD_IN,5555mW/5830mW,VDD_CPU_GPU_CV,1307mW/1392mW,VDD_SOC,2376mW/2411mW
07-27-2026,10:11:45,RAM,900/7620MB,(lfb,16x4MB),SWAP,130/3810MB,(cached,2MB),CPU,[0%@1344,0%@1344,0%@1344,9%@1344,0%@1344,0%@1344],GR3D_FREQ,0%,cpu@50.75C,soc2@48.718C,soc0@49.593C,gpu@50.406C,tj@50.75C,soc1@49.75C,VDD_IN,5594mW/5830mW,VDD_CPU_GPU_CV,1307mW/1392mW,VDD_SOC,2376mW/2411mW
07-27-2026,10:11:45,RAM,900/7620MB,(lfb,16x4MB),SWAP,130/3810MB,(cached,2MB),CPU,[0%@1344,0%@1344,0%@1344,0%@1344,0%@1344,0%@1344],GR3D_FREQ,0%,cpu@50.687C,soc2@48.687C,soc0@49.75C,gpu@50.468C,tj@50.687C,soc1@49.718C,VDD_IN,5594mW/5829mW,VDD_CPU_GPU_CV,1307mW/1392mW,VDD_SOC,2376mW/2411mW
07-27-2026,10:11:45,RAM,900/7620MB,(lfb,16x4MB),SWAP,130/3810MB,(cached,2MB),CPU,[0%@1344,0%@1344,0%@1344,0%@1344,0%@1344,0%@1344],GR3D_FREQ,0%,cpu@51.125C,soc2@48.843C,soc0@49.843C,gpu@50.531C,tj@51.125C,soc1@49.781C,VDD_IN,5585mW/5829mW,VDD_CPU_GPU_CV,1307mW/1392mW,VDD_SOC,2376mW/2411mW
07-27-2026,10:11:45,RAM,900/7620MB,(lfb,16x4MB),SWAP,130/3810MB,(cached,2MB),CPU,[0%@1344,0%@1344,0%@1344,0%@1344,0%@1344,0%@1344],GR3D_FREQ,0%,cpu@50.812C,soc2@48.781C,soc0@49.562C,gpu@50.406C,tj@50.812C,soc1@49.875C,VDD_IN,5555mW/5829mW,VDD_CPU_GPU_CV,1307mW/1392mW,VDD_SOC,2376mW/2411mW
07-27-2026,10:11:45,RAM,900/7620MB,(lfb,16x4MB),SWAP,130/3810MB,(cached,2MB),CPU,[0%@1344,0%@1344,0%@1344,0%@1344,0%@1344,0%@1344],GR3D_FREQ,0%,cpu@50.937C,soc2@48.687C,soc0@49.625C,gpu@50.968C,tj@50.968C,soc1@49.687C,VDD_IN,5555mW/5829mW,VDD_CPU_GPU_CV,1305mW/1392mW,VDD_SOC,2376mW/2411mW
07-27-2026,10:11:46,RAM,900/7620MB,(lfb,16x4MB),SWAP,130/3810MB,(cached,2MB),CPU,[0%@1344,0%@1344,0%@1344,0%@1344,0%@1344,0%@1344],GR3D_FREQ,0%,cpu@50.718C,soc2@48.875C,soc0@49.75C,gpu@50.437C,tj@50.718C,soc1@49.781C,VDD_IN,5555mW/5829mW,VDD_CPU_GPU_CV,1305mW/1392mW,VDD_SOC,2376mW/2411mW
07-27-2026,10:11:46,RAM,900/7620MB,(lfb,16x4MB),SWAP,130/3810MB,(cached,2MB),CPU,[0%@1344,0%@1344,0%@1344,0%@1344,0%@1344,0%@1344],GR3D_FREQ,0%,cpu@50.687C,soc2@48.718C,soc0@49.75C,gpu@50.375C,tj@50.687C,soc1@49.781C,VDD_IN,5546mW/5829mW,VDD_CPU_GPU_CV,1305mW/1392mW,VDD_SOC,2376mW/2411mW
07-27-2026,10:11:46,RAM,900/7620MB,(lfb,16x4MB),SWAP,130/3810MB,(cached,2MB),CPU,[0%@1344,0%@1344,0%@1344,0%@1344,0%@1344,0%@1344],GR3D_FREQ,0%,cpu@51.125C,soc2@48.843C,soc0@49.906C,gpu@50.937C,tj@51.125C,soc1@49.906C,VDD_IN,5546mW/5829mW,VDD_CPU_GPU_CV,1305mW/1392mW,VDD_SOC,2376mW/2410mW
07-27-2026,10:11:46,RAM,900/7620MB,(lfb,16x4MB),SWAP,130/3810MB,(cached,2MB),CPU,[0%@1344,0%@1344,0%@1344,0%@1344,0%@1344,0%@1344],GR3D_FREQ,0%,cpu@50.812C,soc2@48.781C,soc0@49.593C,gpu@50.375C,tj@50.812C,soc1@49.687C,VDD_IN,5546mW/5829mW,VDD_CPU_GPU_CV,1305mW/1392mW,VDD_SOC,2376mW/2410mW
07-27-2026,10:11:46,RAM,900/7620MB,(lfb,16x4MB),SWAP,130/3810MB,(cached,2MB),CPU,[9%@1344,0%@1344,0%@1344,0%@1344,0%@1344,0%@1344],GR3D_FREQ,0%,cpu@50.625C,soc2@48.687C,soc0@49.656C,gpu@50.343C,tj@50.625C,soc1@49.687C,VDD_IN,5546mW/5828mW,VDD_CPU_GPU_CV,1305mW/1392mW,VDD_SOC,2376mW/2410mW
07-27-2026,10:11:46,RAM,899/7620MB,(lfb,16x4MB),SWAP,130/3810MB,(cached,2MB),CPU,[0%@1344,0%@1344,0%@1344,0%@1344,8%@1344,0%@1344],GR3D_FREQ,0%,cpu@50.687C,soc2@48.843C,soc0@49.562C,gpu@50.531C,tj@50.968C,soc1@49.75C,VDD_IN,5585mW/5828mW,VDD_CPU_GPU_CV,1305mW/1392mW,VDD_SOC,2376mW/2410mW
07-27-2026,10:11:46,RAM,899/7620MB,(lfb,16x4MB),SWAP,130/3810MB,(cached,2MB),CPU,[0%@1344,0%@1344,0%@1344,0%@1344,0%@1344,0%@1344],GR3D_FREQ,0%,cpu@50.75C,soc2@48.718C,soc0@49.812C,gpu@50.437C,tj@51C,soc1@49.937C,VDD_IN,5546mW/5828mW,VDD_CPU_GPU_CV,1305mW/1392mW,VDD_SOC,2376mW/2410mW
07-27-2026,10:11:46,RAM,899/7620MB,(lfb,16x4MB),SWAP,130/3810MB,(cached,2MB),CPU,[9%@1344,0%@1344,0%@1344,0%@1344,0%@1344,0%@1344],GR3D_FREQ,0%,cpu@50.718C,soc2@48.875C,soc0@49.593C,gpu@50.5C,tj@50.718C,soc1@49.968C,VDD_IN,5546mW/5828mW,VDD_CPU_GPU_CV,1305mW/1392mW,VDD_SOC,2376mW/2410mW
07-27-2026,10:11:46,RAM,899/7620MB,(lfb,16x4MB),SWAP,130/3810MB,(cached,2MB),CPU,[0%@1344,0%@1344,0%@1344,0%@1344,0%@1344,0%@1344],GR3D_FREQ,0%,cpu@50.843C,soc2@48.687C,soc0@49.531C,gpu@50.5C,tj@50.843C,soc1@49.718C,VDD_IN,5546mW/5828mW,VDD_CPU_GPU_CV,1305mW/1392mW,VDD_SOC,2376mW/2410mW
07-27-2026,10:11:47,RAM,899/7620MB,(lfb,16x4MB),SWAP,130/3810MB,(cached,2MB),CPU,[0%@1344,0%@1344,0%@1344,0%@1344,0%@1344,0%@1344],GR3D_FREQ,0%,cpu@50.625C,soc2@48.656C,soc0@49.656C,gpu@50.437C,tj@50.625C,soc1@49.718C,VDD_IN,5546mW/5828mW,VDD_CPU_GPU_CV,1305mW/1392mW,VDD_SOC,2376mW/2410mW
07-27-2026,10:11:47,RAM,899/7620MB,(lfb,16x4MB),SWAP,130/3810MB,(cached,2MB),CPU,[0%@1344,0%@1344,0%@1344,0%@1344,0%@1344,0%@1344],GR3D_FREQ,0%,cpu@50.687C,soc2@48.781C,soc0@49.75C,gpu@50.375C,tj@50.687C,soc1@49.718C,VDD_IN,5546mW/5828mW,VDD_CPU_GPU_CV,1305mW/1392mW,VDD_SOC,2376mW/2410mW
07-27-2026,10:11:47,RAM,899/7620MB,(lfb,16x4MB),SWAP,130/3810MB,(cached,2MB),CPU,[0%@1344,0%@1344,0%@1344,0%@1344,0%@1344,0%@1344],GR3D_FREQ,0%,cpu@50.781C,soc2@48.843C,soc0@49.562C,gpu@50.437C,tj@50.781C,soc1@49.906C,VDD_IN,5546mW/5828mW,VDD_CPU_GPU_CV,1305mW/1392mW,VDD_SOC,2376mW/2410mW
07-27-2026,10:11:47,RAM,899/7620MB,(lfb,16x4MB),SWAP,130/3810MB,(cached,2MB),CPU,[0%@1344,0%@1344,0%@1344,0%@1344,0%@1344,0%@1344],GR3D_FREQ,0%,cpu@50.812C,soc2@48.812C,soc0@49.562C,gpu@50.406C,tj@50.812C,soc1@49.937C,VDD_IN,5546mW/5827mW,VDD_CPU_GPU_CV,1305mW/1392mW,VDD_SOC,2376mW/2410mW
07-27-2026,10:11:47,RAM,899/7620MB,(lfb,16x4MB),SWAP,130/3810MB,(cached,2MB),CPU,[0%@1344,0%@1344,0%@1344,0%@1344,0%@1344,0%@1344],GR3D_FREQ,0%,cpu@50.687C,soc2@48.687C,soc0@49.625C,gpu@50.312C,tj@50.687C,soc1@49.656C,VDD_IN,5546mW/5827mW,VDD_CPU_GPU_CV,1305mW/1392mW,VDD_SOC,2376mW/2410mW
07-27-2026,10:11:47,RAM,900/7620MB,(lfb,16x4MB),SWAP,130/3810MB,(cached,2MB),CPU,[0%@1344,0%@1344,0%@1344,0%@1344,9%@1344,0%@1344],GR3D_FREQ,0%,cpu@50.718C,soc2@48.687C,soc0@49.687C,gpu@50.437C,tj@50.718C,soc1@49.718C,VDD_IN,5585mW/5827mW,VDD_CPU_GPU_CV,1305mW/1392mW,VDD_SOC,2376mW/2410mW
07-27-2026,10:11:47,RAM,899/7620MB,(lfb,16x4MB),SWAP,130/3810MB,(cached,2MB),CPU,[0%@1344,0%@1344,0%@1344,0%@1344,0%@1344,0%@1344],GR3D_FREQ,0%,cpu@50.687C,soc2@48.75C,soc0@49.75C,gpu@50.343C,tj@50.687C,soc1@49.781C,VDD_IN,5594mW/5827mW,VDD_CPU_GPU_CV,1305mW/1392mW,VDD_SOC,2376mW/2410mW
07-27-2026,10:11:47,RAM,899/7620MB,(lfb,16x4MB),SWAP,130/3810MB,(cached,2MB),CPU,[0%@1344,0%@1344,0%@1344,0%@1344,0%@1344,0%@1344],GR3D_FREQ,0%,cpu@50.781C,soc2@48.812C,soc0@49.562C,gpu@50.562C,tj@50.781C,soc1@49.843C,VDD_IN,5555mW/5827mW,VDD_CPU_GPU_CV,1305mW/1392mW,VDD_SOC,2376mW/2410mW
07-27-2026,10:11:47,RAM,899/7620MB,(lfb,16x4MB),SWAP,130/3810MB,(cached,2MB),CPU,[18%@1344,0%@1344,0%@1344,0%@1344,0%@1344,0%@1344],GR3D_FREQ,0%,cpu@50.906C,soc2@48.718C,soc0@49.593C,gpu@50.406C,tj@50.906C,soc1@49.687C,VDD_IN,5674mW/5827mW,VDD_CPU_GPU_CV,1305mW/1392mW,VDD_SOC,2376mW/2410mW
07-27-2026,10:11:47,RAM,899/7620MB,(lfb,16x4MB),SWAP,130/3810MB,(cached,2MB),CPU,[0%@1344,0%@1344,0%@1344,0%@1344,0%@1344,0%@1344],GR3D_FREQ,0%,cpu@50.718C,soc2@48.812C,soc0@49.687C,gpu@50.406C,tj@50.718C,soc1@49.687C,VDD_IN,5713mW/5827mW,VDD_CPU_GPU_CV,1305mW/1391mW,VDD_SOC,2376mW/2410mW
07-27-2026,10:11:48,RAM,899/7620MB,(lfb,16x4MB),SWAP,130/3810MB,(cached,2MB),CPU,[0%@1344,0%@1344,0%@1344,0%@1344,0%@1344,0%@1344],GR3D_FREQ,0%,cpu@50.625C,soc2@48.718C,soc0@49.75C,gpu@50.656C,tj@50.656C,soc1@49.843C,VDD_IN,5753mW/5827mW,VDD_CPU_GPU_CV,1305mW/1391mW,VDD_SOC,2376mW/2410mW
07-27-2026,10:11:48,RAM,899/7620MB,(lfb,16x4MB),SWAP,130/3810MB,(cached,2MB),CPU,[9%@1344,0%@1344,0%@1344,0%@1344,0%@1344,0%@1344],GR3D_FREQ,0%,cpu@50.656C,soc2@48.781C,soc0@49.531C,gpu@50.406C,tj@50.656C,soc1@49.875C,VDD_IN,5793mW/5827mW,VDD_CPU_GPU_CV,1305mW/1391mW,VDD_SOC,2376mW/2410mW
07-27-2026,10:11:48,RAM,899/7620MB,(lfb,16x4MB),SWAP,130/3810MB,(cached,2MB),CPU,[0%@1344,0%@1344,0%@1344,0%@1344,0%@1344,0%@1344],GR3D_FREQ,0%,cpu@50.875C,soc2@48.656C,soc0@49.656C,gpu@50.312C,tj@50.875C,soc1@49.687C,VDD_IN,5832mW/5827mW,VDD_CPU_GPU_CV,1305mW/1391mW,VDD_SOC,2376mW/2410mW
07-27-2026,10:11:48,RAM,899/7620MB,(lfb,16x4MB),SWAP,130/3810MB,(cached,2MB),CPU,[0%@1344,0%@1344,0%@1344,0%@1344,0%@1344,0%@1344],GR3D_FREQ,0%,cpu@50.656C,soc2@48.687C,soc0@49.718C,gpu@50.562C,tj@50.656C,soc1@49.687C,VDD_IN,5872mW/5827mW,VDD_CPU_GPU_CV,1305mW/1391mW,VDD_SOC,2376mW/2410mW
07-27-2026,10:11:48,RAM,899/7620MB,(lfb,16x4MB),SWAP,130/3810MB,(cached,2MB),CPU,[0%@1344,0%@1344,0%@1344,0%@1344,0%@1344,0%@1344],GR3D_FREQ,0%,cpu@50.718C,soc2@48.718C,soc0@49.687C,gpu@50.375C,tj@50.718C,soc1@49.718C,VDD_IN,5912mW/5827mW,VDD_CPU_GPU_CV,1305mW/1391mW,VDD_SOC,2376mW/2410mW
07-27-2026,10:11:48,RAM,900/7620MB,(lfb,16x4MB),SWAP,130/3810MB,(cached,2MB),CPU,[0%@1344,9%@1344,0%@1344,9%@1344,9%@1344,0%@1344],GR3D_FREQ,0%,cpu@50.656C,soc2@48.718C,soc0@49.781C,gpu@50.468C,tj@51.062C,soc1@49.781C,VDD_IN,5912mW/5827mW,VDD_CPU_GPU_CV,1305mW/1391mW,VDD_SOC,2376mW/2410mW
07-27-2026,10:11:48,RAM,899/7620MB,(lfb,16x4MB),SWAP,130/3810MB,(cached,2MB),CPU,[0%@1344,0%@1344,0%@1344,0%@1344,0%@1344,0%@1344],GR3D_FREQ,0%,cpu@50.812C,soc2@48.781C,soc0@49.625C,gpu@50.5C,tj@50.812C,soc1@49.906C,VDD_IN,5823mW/5827mW,VDD_CPU_GPU_CV,1305mW/1391mW,VDD_SOC,2376mW/2410mW
07-27-2026,10:11:48,RAM,899/7620MB,(lfb,16x4MB),SWAP,130/3810MB,(cached,2MB),CPU,[0%@1344,0%@1344,0%@1344,0%@1344,0%@1344,0%@1344],GR3D_FREQ,0%,cpu@50.656C,soc2@48.687C,soc0@49.625C,gpu@50.343C,tj@50.656C,soc1@49.625C,VDD_IN,5783mW/5827mW,VDD_CPU_GPU_CV,1305mW/1391mW,VDD_SOC,2376mW/2410mW
07-27-2026,10:11:48,RAM,899/7620MB,(lfb,16x4MB),SWAP,130/3810MB,(cached,2MB),CPU,[0%@1344,0%@1344,0%@1344,0%@1344,0%@1344,0%@1344],GR3D_FREQ,0%,cpu@50.656C,soc2@48.718C,soc0@49.625C,gpu@50.312C,tj@50.656C,soc1@49.687C,VDD_IN,5704mW/5827mW,VDD_CPU_GPU_CV,1305mW/1391mW,VDD_SOC,2376mW/2410mW
07-27-2026,10:11:49,RAM,899/7620MB,(lfb,16x4MB),SWAP,130/3810MB,(cached,2MB),CPU,[0%@1344,0%@1344,0%@1344,0%@1344,0%@1344,0%@1344],GR3D_FREQ,0%,cpu@50.687C,soc2@48.75C,soc0@49.781C,gpu@50.406C,tj@50.687C,soc1@49.75C,VDD_IN,5665mW/5827mW,VDD_CPU_GPU_CV,1305mW/1391mW,VDD_SOC,2376mW/2410mW
07-27-2026,10:11:49,RAM,899/7620MB,(lfb,16x4MB),SWAP,130/3810MB,(cached,2MB),CPU,[0%@1344,0%@1344,0%@1344,0%@1344,0%@1344,0%@1344],GR3D_FREQ,0%,cpu@50.687C,soc2@48.843C,soc0@49.562C,gpu@50.437C,tj@50.687C,soc1@49.937C,VDD_IN,5665mW/5827mW,VDD_CPU_GPU_CV,1305mW/1391mW,VDD_SOC,2376mW/2410mW
07-27-2026,10:11:49,RAM,899/7620MB,(lfb,16x4MB),SWAP,130/3810MB,(cached,2MB),CPU,[0%@1344,0%@1344,0%@1344,0%@1344,0%@1344,0%@1344],GR3D_FREQ,0%,cpu@50.843C,soc2@48.687C,soc0@49.5C,gpu@50.625C,tj@50.843C,soc1@49.687C,VDD_IN,5625mW/5827mW,VDD_CPU_GPU_CV,1305mW/1391mW,VDD_SOC,2376mW/2410mW
07-27-2026,10:11:49,RAM,899/7620MB,(lfb,16x4MB),SWAP,130/3810MB,(cached,2MB),CPU,[0%@1344,0%@1344,0%@1344,0%@1344,0%@1344,0%@1344],GR3D_FREQ,0%,cpu@50.593C,soc2@48.781C,soc0@49.656C,gpu@50.468C,tj@50.593C,soc1@49.625C,VDD_IN,5625mW/5827mW,VDD_CPU_GPU_CV,1305mW/1391mW,VDD_SOC,2376mW/2410mW
07-27-2026,10:11:49,RAM,899/7620MB,(lfb,16x4MB),SWAP,130/3810MB,(cached,2MB),CPU,[16%@1344,0%@1344,0%@1344,0%@1344,0%@1344,0%@1344],GR3D_FREQ,0%,cpu@50.625C,soc2@48.593C,soc0@49.625C,gpu@50.406C,tj@50.625C,soc1@49.781C,VDD_IN,5585mW/5826mW,VDD_CPU_GPU_CV,1305mW/1391mW,VDD_SOC,2376mW/2410mW
07-27-2026,10:11:49,RAM,899/7620MB,(lfb,16x4MB),SWAP,130/3810MB,(cached,2MB),CPU,[0%@1344,0%@1344,9%@1344,0%@1344,0%@1344,0%@1344],GR3D_FREQ,0%,cpu@50.812C,soc2@48.75C,soc0@49.531C,gpu@50.468C,tj@50.75C,soc1@49.968C,VDD_IN,5585mW/5826mW,VDD_CPU_GPU_CV,1305mW/1391mW,VDD_SOC,2376mW/2410mW
07-27-2026,10:11:49,RAM,899/7620MB,(lfb,16x4MB),SWAP,130/3810MB,(cached,2MB),CPU,[0%@1344,0%@1344,0%@1344,0%@1344,8%@1344,0%@1344],GR3D_FREQ,0%,cpu@50.75C,soc2@48.843C,soc0@49.5C,gpu@50.406C,tj@50.75C,soc1@49.906C,VDD_IN,5585mW/5826mW,VDD_CPU_GPU_CV,1305mW/1391mW,VDD_SOC,2376mW/2410mW
07-27-2026,10:11:49,RAM,899/7620MB,(lfb,16x4MB),SWAP,130/3810MB,(cached,2MB),CPU,[0%@1344,0%@1344,0%@1344,0%@1344,0%@1344,0%@1344],GR3D_FREQ,0%,cpu@50.75C,soc2@48.656C,soc0@49.656C,gpu@50.343C,tj@50.593C,soc1@49.5C,VDD_IN,5594mW/5826mW,VDD_CPU_GPU_CV,1305mW/1391mW,VDD_SOC,2376mW/2410mW
07-27-2026,10:11:49,RAM,899/7620MB,(lfb,16x4MB),SWAP,130/3810MB,(cached,2MB),CPU,[0%@1344,0%@1344,0%@1344,0%@1344,0%@1344,0%@1344],GR3D_FREQ,0%,cpu@50.656C,soc2@48.718C,soc0@49.656C,gpu@50.562C,tj@50.656C,soc1@49.718C,VDD_IN,5594mW/5826mW,VDD_CPU_GPU_CV,1305mW/1391mW,VDD_SOC,2376mW/2410mW
07-27-2026,10:11:49,RAM,899/7620MB,(lfb,16x4MB),SWAP,130/3810MB,(cached,2MB),CPU,[0%@1344,0%@1344,0%@1344,0%@1344,0%@1344,0%@1344],GR3D_FREQ,0%,cpu@50.656C,soc2@48.812C,soc0@49.875C,gpu@50.437C,tj@50.656C,soc1@49.718C,VDD_IN,5585mW/5826mW,VDD_CPU_GPU_CV,1305mW/1391mW,VDD_SOC,2376mW/2410mW
07-27-2026,10:11:50,RAM,899/7620MB,(lfb,16x4MB),SWAP,130/3810MB,(cached,2MB),CPU,[0%@1344,0%@1344,0%@1344,0%@1344,0%@1344,0%@1344],GR3D_FREQ,0%,cpu@50.75C,soc2@48.843C,soc0@49.468C,gpu@50.375C,tj@50.75C,soc1@49.937C,VDD_IN,5585mW/5826mW,VDD_CPU_GPU_CV,1305mW/1391mW,VDD_SOC,2376mW/2410mW
07-27-2026,10:11:50,RAM,899/7620MB,(lfb,16x4MB),SWAP,130/3810MB,(cached,2MB),CPU,[8%@1344,0%@1344,0%@1344,0%@1344,0%@1344,0%@1344],GR3D_FREQ,0%,cpu@50.781C,soc2@48.625C,soc0@49.5C,gpu@50.437C,tj@50.75C,soc1@49.718C,VDD_IN,5585mW/5826mW,VDD_CPU_GPU_CV,1305mW/1391mW,VDD_SOC,2376mW/2410mW
07-27-2026,10:11:50,RAM,899/7620MB,(lfb,16x4MB),SWAP,130/3810MB,(cached,2MB),CPU,[0%@1344,0%@1344,0%@1344,0%@1344,0%@1344,0%@1344],GR3D_FREQ,0%,cpu@50.687C,soc2@48.687C,soc0@49.656C,gpu@50.343C,tj@50.687C,soc1@49.625C,VDD_IN,5585mW/5826mW,VDD_CPU_GPU_CV,1305mW/1391mW,VDD_SOC,2376mW/2410mW
07-27-2026,10:11:50,RAM,899/7620MB,(lfb,16x4MB),SWAP,130/3810MB,(cached,2MB),CPU,[0%@1344,0%@1344,0%@1344,0%@1344,0%@1344,0%@1344],GR3D_FREQ,0%,cpu@50.562C,soc2@48.75C,soc0@49.562C,gpu@50.562C,tj@50.562C,soc1@49.781C,VDD_IN,5585mW/5825mW,VDD_CPU_GPU_CV,1305mW/1391mW,VDD_SOC,2376mW/2410mW
07-27-2026,10:11:50,RAM,899/7620MB,(lfb,16x4MB),SWAP,130/3810MB,(cached,2MB),CPU,[0%@1344,0%@1344,0%@1344,0%@1344,0%@1344,0%@1344],GR3D_FREQ,0%,cpu@50.812C,soc2@48.781C,soc0@49.468C,gpu@50.437C,tj@50.812C,soc1@49.75C,VDD_IN,5555mW/5825mW,VDD_CPU_GPU_CV,1305mW/1391mW,VDD_SOC,2376mW/2410mW
07-27-2026,10:11:50,RAM,899/7620MB,(lfb,16x4MB),SWAP,130/3810MB,(cached,2MB),CPU,[0%@1344,0%@1344,0%@1344,0%@1344,0%@1344,0%@1344],GR3D_FREQ,0%,cpu@50.812C,soc2@48.718C,soc0@49.5C,gpu@50.406C,tj@50.812C,soc1@50C,VDD_IN,5585mW/5825mW,VDD_CPU_GPU_CV,1305mW/1391mW,VDD_SOC,2376mW/2410mW
07-27-2026,10:11:50,RAM,899/7620MB,(lfb,16x4MB),SWAP,130/3810MB,(cached,2MB),CPU,[0%@1344,0%@1344,0%@1344,0%@1344,0%@1344,0%@1344],GR3D_FREQ,0%,cpu@50.687C,soc2@48.593C,soc0@49.531C,gpu@50.468C,tj@50.687C,soc1@49.656C,VDD_IN,5585mW/5825mW,VDD_CPU_GPU_CV,1305mW/1390mW,VDD_SOC,2376mW/2410mW
07-27-2026,10:11:50,RAM,899/7620MB,(lfb,16x4MB),SWAP,130/3810MB,(cached,2MB),CPU,[8%@1344,0%@1344,0%@1344,0%@1344,0%@1344,0%@1344],GR3D_FREQ,0%,cpu@50.593C,soc2@48.625C,soc0@49.687C,gpu@50.468C,tj@50.593C,soc1@49.625C,VDD_IN,5546mW/5825mW,VDD_CPU_GPU_CV,1305mW/1390mW,VDD_SOC,2376mW/2410mW
07-27-2026,10:11:50,RAM,899/7620MB,(lfb,16x4MB),SWAP,130/3810MB,(cached,2MB),CPU,[0%@1344,0%@1344,0%@1344,0%@1344,0%@1344,0%@1344],GR3D_FREQ,0%,cpu@50.75C,soc2@48.625C,soc0@49.781C,gpu@50.343C,tj@50.75C,soc1@49.625C,VDD_IN,5546mW/5825mW,VDD_CPU_GPU_CV,1305mW/1390mW,VDD_SOC,2376mW/2410mW
07-27-2026,10:11:51,RAM,899/7620MB,(lfb,16x4MB),SWAP,130/3810MB,(cached,2MB),CPU,[0%@1344,0%@1344,0%@1344,0%@1344,0%@1344,0%@1344],GR3D_FREQ,0%,cpu@50.75C,soc2@48.718C,soc0@49.5C,gpu@50.531C,tj@50.75C,soc1@49.968C,VDD_IN,5546mW/5825mW,VDD_CPU_GPU_CV,1305mW/1390mW,VDD_SOC,2376mW/2410mW
07-27-2026,10:11:51,RAM,899/7620MB,(lfb,16x4MB),SWAP,130/3810MB,(cached,2MB),CPU,[0%@1344,0%@1344,0%@1344,0%@1344,0%@1344,0%@1344],GR3D_FREQ,0%,cpu@50.75C,soc2@48.718C,soc0@49.531C,gpu@50.437C,tj@50.75C,soc1@49.968C,VDD_IN,5546mW/5825mW,VDD_CPU_GPU_CV,1305mW/1390mW,VDD_SOC,2376mW/2410mW
07-27-2026,10:11:51,RAM,899/7620MB,(lfb,16x4MB),SWAP,130/3810MB,(cached,2MB),CPU,[0%@1344,0%@1344,0%@1344,0%@1344,0%@1344,0%@1344],GR3D_FREQ,0%,cpu@50.562C,soc2@48.656C,soc0@49.687C,gpu@50.281C,tj@50.562C,soc1@49.656C,VDD_IN,5546mW/5824mW,VDD_CPU_GPU_CV,1305mW/1390mW,VDD_SOC,2376mW/2410mW
07-27-2026,10:11:51,RAM,899/7620MB,(lfb,16x4MB),SWAP,130/3810MB,(cached,2MB),CPU,[0%@1344,0%@1344,0%@1344,0%@1344,0%@1344,0%@1344],GR3D_FREQ,0%,cpu@50.593C,soc2@48.75C,soc0@49.687C,gpu@50.468C,tj@50.593C,soc1@49.718C,VDD_IN,5546mW/5824mW,VDD_CPU_GPU_CV,1305mW/1390mW,VDD_SOC,2376mW/2410mW
07-27-2026,10:11:51,RAM,899/7620MB,(lfb,16x4MB),SWAP,130/3810MB,(cached,2MB),CPU,[0%@1344,0%@1344,0%@1344,0%@1344,0%@1344,0%@1344],GR3D_FREQ,0%,cpu@50.718C,soc2@48.718C,soc0@49.5C,gpu@50.406C,tj@50.718C,soc1@49.75C,VDD_IN,5546mW/5824mW,VDD_CPU_GPU_CV,1305mW/1390mW,VDD_SOC,2376mW/2410mW
07-27-2026,10:11:51,RAM,899/7620MB,(lfb,16x4MB),SWAP,130/3810MB,(cached,2MB),CPU,[0%@1344,0%@1344,0%@1344,0%@1344,0%@1344,0%@1344],GR3D_FREQ,0%,cpu@50.875C,soc2@48.718C,soc0@49.593C,gpu@50.687C,tj@50.875C,soc1@49.875C,VDD_IN,5546mW/5824mW,VDD_CPU_GPU_CV,1305mW/1390mW,VDD_SOC,2376mW/2410mW
07-27-2026,10:11:51,RAM,899/7620MB,(lfb,16x4MB),SWAP,130/3810MB,(cached,2MB),CPU,[0%@1344,8%@1344,0%@1344,0%@1344,9%@1344,0%@1344],GR3D_FREQ,0%,cpu@50.562C,soc2@48.718C,soc0@49.531C,gpu@50.437C,tj@50.562C,soc1@49.656C,VDD_IN,5585mW/5824mW,VDD_CPU_GPU_CV,1305mW/1390mW,VDD_SOC,2376mW/2410mW
07-27-2026,10:11:51,RAM,899/7620MB,(lfb,16x4MB),SWAP,130/3810MB,(cached,2MB),CPU,[0%@1344,0%@1344,0%@1344,0%@1344,0%@1344,0%@1344],GR3D_FREQ,0%,cpu@50.531C,soc2@48.562C,soc0@49.656C,gpu@50.406C,tj@50.531C,soc1@49.656C,VDD_IN,5585mW/5824mW,VDD_CPU_GPU_CV,1305mW/1390mW,VDD_SOC,2376mW/2410mW
07-27-2026,10:11:51,RAM,899/7620MB,(lfb,16x4MB),SWAP,130/3810MB,(cached,2MB),CPU,[0%@1344,0%@1344,0%@1344,0%@1344,0%@1344,0%@1344],GR3D_FREQ,0%,cpu@50.687C,soc2@48.718C,soc0@49.437C,gpu@50.562C,tj@50.687C,soc1@49.718C,VDD_IN,5555mW/5824mW,VDD_CPU_GPU_CV,1305mW/1390mW,VDD_SOC,2376mW/2410mW
07-27-2026,10:11:51,RAM,899/7620MB,(lfb,16x4MB),SWAP,130/3810MB,(cached,2MB),CPU,[0%@1344,0%@1344,0%@1344,0%@1344,0%@1344,0%@1344],GR3D_FREQ,0%,cpu@50.718C,soc2@48.75C,soc0@49.5C,gpu@50.468C,tj@50.718C,soc1@49.937C,VDD_IN,5555mW/5824mW,VDD_CPU_GPU_CV,1305mW/1390mW,VDD_SOC,2376mW/2410mW
07-27-2026,10:11:52,RAM,899/7620MB,(lfb,16x4MB),SWAP,130/3810MB,(cached,2MB),CPU,[0%@1344,9%@1344,0%@1344,0%@1344,0%@1344,0%@1344],GR3D_FREQ,0%,cpu@50.687C,soc2@48.625C,soc0@49.531C,gpu@50.343C,tj@50.687C,soc1@49.687C,VDD_IN,5555mW/5824mW,VDD_CPU_GPU_CV,1305mW/1390mW,VDD_SOC,2376mW/2410mW
07-27-2026,10:11:52,RAM,899/7620MB,(lfb,16x4MB),SWAP,130/3810MB,(cached,2MB),CPU,[0%@1344,0%@1344,0%@1344,0%@1344,0%@1344,0%@1344],GR3D_FREQ,0%,cpu@50.593C,soc2@48.593C,soc0@49.593C,gpu@50.531C,tj@50.593C,soc1@49.75C,VDD_IN,5555mW/5823mW,VDD_CPU_GPU_CV,1307mW/1390mW,VDD_SOC,2376mW/2410mW
07-27-2026,10:11:52,RAM,899/7620MB,(lfb,16x4MB),SWAP,130/3810MB,(cached,2MB),CPU,[0%@1344,0%@1344,0%@1344,0%@1344,0%@1344,0%@1344],GR3D_FREQ,0%,cpu@50.656C,soc2@48.625C,soc0@49.656C,gpu@50.437C,tj@50.656C,soc1@49.718C,VDD_IN,5546mW/5823mW,VDD_CPU_GPU_CV,1305mW/1390mW,VDD_SOC,2376mW/2410mW
07-27-2026,10:11:52,RAM,899/7620MB,(lfb,16x4MB),SWAP,130/3810MB,(cached,2MB),CPU,[0%@1344,0%@1344,0%@1344,0%@1344,0%@1344,0%@1344],GR3D_FREQ,0%,cpu@50.781C,soc2@48.687C,soc0@49.5C,gpu@50.687C,tj@50.781C,soc1@49.718C,VDD_IN,5555mW/5823mW,VDD_CPU_GPU_CV,1307mW/1390mW,VDD_SOC,2376mW/2410mW
07-27-2026,10:11:52,RAM,899/7620MB,(lfb,16x4MB),SWAP,130/3810MB,(cached,2MB),CPU,[0%@1344,0%@1344,0%@1344,0%@1344,0%@1344,0%@1344],GR3D_FREQ,0%,cpu@50.812C,soc2@48.656C,soc0@49.5C,gpu@50.468C,tj@50.812C,soc1@50C,VDD_IN,5555mW/5823mW,VDD_CPU_GPU_CV,1305mW/1390mW,VDD_SOC,2376mW/2410mW
07-27-2026,10:11:52,RAM,899/7620MB,(lfb,16x4MB),SWAP,130/3810MB,(cached,2MB),CPU,[0%@1344,0%@1344,0%@1344,0%@1344,0%@1344,0%@1344],GR3D_FREQ,0%,cpu@50.937C,soc2@48.593C,soc0@49.625C,gpu@50.343C,tj@50.687C,soc1@49.687C,VDD_IN,5585mW/5823mW,VDD_CPU_GPU_CV,1305mW/1390mW,VDD_SOC,2376mW/2410mW
07-27-2026,10:11:52,RAM,898/7620MB,(lfb,16x4MB),SWAP,130/3810MB,(cached,2MB),CPU,[0%@1344,0%@1344,0%@1344,0%@1344,0%@1344,0%@1344],GR3D_FREQ,0%,cpu@50.593C,soc2@48.656C,soc0@49.656C,gpu@50.656C,tj@50.656C,soc1@49.593C,VDD_IN,5546mW/5823mW,VDD_CPU_GPU_CV,1305mW/1390mW,VDD_SOC,2376mW/2410mW
07-27-2026,10:11:52,RAM,898/7620MB,(lfb,16x4MB),SWAP,130/3810MB,(cached,2MB),CPU,[0%@1344,0%@1344,0%@1344,0%@1344,0%@1344,0%@1344],GR3D_FREQ,0%,cpu@50.687C,soc2@48.687C,soc0@49.656C,gpu@50.5C,tj@50.687C,soc1@49.718C,VDD_IN,5546mW/5823mW,VDD_CPU_GPU_CV,1305mW/1390mW,VDD_SOC,2376mW/2410mW
07-27-2026,10:11:52,RAM,898/7620MB,(lfb,16x4MB),SWAP,130/3810MB,(cached,2MB),CPU,[0%@1344,0%@1344,0%@1344,0%@1344,0%@1344,0%@1344],GR3D_FREQ,0%,cpu@50.781C,soc2@48.843C,soc0@49.531C,gpu@50.437C,tj@50.781C,soc1@49.875C,VDD_IN,5546mW/5823mW,VDD_CPU_GPU_CV,1305mW/1390mW,VDD_SOC,2376mW/2410mW
07-27-2026,10:11:53,RAM,898/7620MB,(lfb,16x4MB),SWAP,130/3810MB,(cached,2MB),CPU,[0%@1344,0%@1344,0%@1344,0%@1344,0%@1344,0%@1344],GR3D_FREQ,0%,cpu@50.812C,soc2@48.531C,soc0@49.5C,gpu@50.562C,tj@50.812C,soc1@49.468C,VDD_IN,5546mW/5822mW,VDD_CPU_GPU_CV,1305mW/1390mW,VDD_SOC,2376mW/2410mW
07-27-2026,10:11:53,RAM,898/7620MB,(lfb,16x4MB),SWAP,130/3810MB,(cached,2MB),CPU,[0%@1344,0%@1344,0%@1344,0%@1344,0%@1344,0%@1344],GR3D_FREQ,0%,cpu@50.75C,soc2@48.718C,soc0@49.593C,gpu@50.468C,tj@50.75C,soc1@49.656C,VDD_IN,5546mW/5822mW,VDD_CPU_GPU_CV,1305mW/1390mW,VDD_SOC,2376mW/2409mW
07-27-2026,10:11:53,RAM,898/7620MB,(lfb,16x4MB),SWAP,130/3810MB,(cached,2MB),CPU,[0%@1344,0%@1344,0%@1344,0%@1344,0%@1344,0%@1344],GR3D_FREQ,0%,cpu@50.625C,soc2@48.625C,soc0@49.625C,gpu@50.75C,tj@50.625C,soc1@49.687C,VDD_IN,5546mW/5822mW,VDD_CPU_GPU_CV,1305mW/1390mW,VDD_SOC,2376mW/2409mW
07-27-2026,10:11:53,RAM,898/7620MB,(lfb,16x4MB),SWAP,130/3810MB,(cached,2MB),CPU,[0%@1344,0%@1344,0%@1344,0%@1344,0%@1344,0%@1344],GR3D_FREQ,0%,cpu@50.687C,soc2@48.718C,soc0@49.375C,gpu@50.531C,tj@50.687C,soc1@49.75C,VDD_IN,5546mW/5822mW,VDD_CPU_GPU_CV,1305mW/1390mW,VDD_SOC,2376mW/2409mW
07-27-2026,10:11:53,RAM,898/7620MB,(lfb,16x4MB),SWAP,130/3810MB,(cached,2MB),CPU,[0%@1344,9%@1344,0%@1344,0%@1344,0%@1344,9%@1344],GR3D_FREQ,0%,cpu@50.906C,soc2@48.656C,soc0@49.375C,gpu@50.468C,tj@50.906C,soc1@49.906C,VDD_IN,5546mW/5822mW,VDD_CPU_GPU_CV,1305mW/1390mW,VDD_SOC,2376mW/2409mW
07-27-2026,10:11:53,RAM,898/7620MB,(lfb,16x4MB),SWAP,130/3810MB,(cached,2MB),CPU,[0%@1344,0%@1344,0%@1344,0%@1344,0%@1344,0%@1344],GR3D_FREQ,0%,cpu@50.625C,soc2@48.562C,soc0@49.531C,gpu@50.687C,tj@50.687C,soc1@49.625C,VDD_IN,5546mW/5822mW,VDD_CPU_GPU_CV,1305mW/1389mW,VDD_SOC,2376mW/2409mW
07-27-2026,10:11:53,RAM,899/7620MB,(lfb,16x4MB),SWAP,130/3810MB,(cached,2MB),CPU,[0%@1344,0%@1344,8%@1344,0%@1344,8%@1344,0%@1344],GR3D_FREQ,0%,cpu@50.687C,soc2@48.687C,soc0@49.718C,gpu@50.5C,tj@50.687C,soc1@49.593C,VDD_IN,5585mW/5822mW,VDD_CPU_GPU_CV,1305mW/1389mW,VDD_SOC,2373mW/2409mW
07-27-2026,10:11:53,RAM,898/7620MB,(lfb,16x4MB),SWAP,130/3810MB,(cached,2MB),CPU,[0%@1344,0%@1344,0%@1344,0%@1344,0%@1344,0%@1344],GR3D_FREQ,0%,cpu@50.75C,soc2@48.718C,soc0@49.656C,gpu@50.5C,tj@50.75C,soc1@49.781C,VDD_IN,5585mW/5822mW,VDD_CPU_GPU_CV,1305mW/1389mW,VDD_SOC,2376mW/2409mW
07-27-2026,10:11:53,RAM,898/7620MB,(lfb,16x4MB),SWAP,130/3810MB,(cached,2MB),CPU,[8%@1344,0%@1344,0%@1344,0%@1344,0%@1344,0%@1344],GR3D_FREQ,0%,cpu@50.781C,soc2@48.75C,soc0@49.406C,gpu@50.687C,tj@50.781C,soc1@49.906C,VDD_IN,5546mW/5822mW,VDD_CPU_GPU_CV,1305mW/1389mW,VDD_SOC,2376mW/2409mW
07-27-2026,10:11:53,RAM,898/7620MB,(lfb,16x4MB),SWAP,130/3810MB,(cached,2MB),CPU,[0%@1344,0%@1344,0%@1344,0%@1344,0%@1344,0%@1344],GR3D_FREQ,0%,cpu@50.75C,soc2@48.531C,soc0@49.406C,gpu@50.468C,tj@50.75C,soc1@49.531C,VDD_IN,5546mW/5821mW,VDD_CPU_GPU_CV,1305mW/1389mW,VDD_SOC,2376mW/2409mW
07-27-2026,10:11:54,RAM,898/7620MB,(lfb,16x4MB),SWAP,130/3810MB,(cached,2MB),CPU,[0%@1344,0%@1344,0%@1344,0%@1344,0%@1344,0%@1344],GR3D_FREQ,0%,cpu@50.531C,soc2@48.656C,soc0@49.5C,gpu@50.781C,tj@50.781C,soc1@49.625C,VDD_IN,5546mW/5821mW,VDD_CPU_GPU_CV,1305mW/1389mW,VDD_SOC,2376mW/2409mW
07-27-2026,10:11:54,RAM,898/7620MB,(lfb,16x4MB),SWAP,130/3810MB,(cached,2MB),CPU,[0%@1344,0%@1344,0%@1344,0%@1344,0%@1344,0%@1344],GR3D_FREQ,0%,cpu@50.718C,soc2@48.781C,soc0@49.562C,gpu@50.562C,tj@50.718C,soc1@49.718C,VDD_IN,5546mW/5821mW,VDD_CPU_GPU_CV,1305mW/1389mW,VDD_SOC,2376mW/2409mW
07-27-2026,10:11:54,RAM,898/7620MB,(lfb,16x4MB),SWAP,130/3810MB,(cached,2MB),CPU,[0%@1344,0%@1344,0%@1344,0%@1344,0%@1344,0%@1344],GR3D_FREQ,0%,cpu@50.718C,soc2@48.781C,soc0@49.75C,gpu@50.468C,tj@50.718C,soc1@49.781C,VDD_IN,5546mW/5821mW,VDD_CPU_GPU_CV,1305mW/1389mW,VDD_SOC,2376mW/2409mW
07-27-2026,10:11:54,RAM,898/7620MB,(lfb,16x4MB),SWAP,130/3810MB,(cached,2MB),CPU,[0%@1344,0%@1344,0%@1344,0%@1344,0%@1344,0%@1344],GR3D_FREQ,0%,cpu@50.718C,soc2@48.812C,soc0@49.468C,gpu@50.812C,tj@50.812C,soc1@49.812C,VDD_IN,5546mW/5821mW,VDD_CPU_GPU_CV,1305mW/1389mW,VDD_SOC,2376mW/2409mW
07-27-2026,10:11:54,RAM,898/7620MB,(lfb,16x4MB),SWAP,130/3810MB,(cached,2MB),CPU,[0%@1344,0%@1344,0%@1344,0%@1344,0%@1344,0%@1344],GR3D_FREQ,0%,cpu@50.843C,soc2@48.687C,soc0@49.593C,gpu@50.562C,tj@50.843C,soc1@49.625C,VDD_IN,5546mW/5821mW,VDD_CPU_GPU_CV,1305mW/1389mW,VDD_SOC,2376mW/2409mW
07-27-2026,10:11:54,RAM,898/7620MB,(lfb,16x4MB),SWAP,130/3810MB,(cached,2MB),CPU,[0%@1344,0%@1344,0%@1344,0%@1344,0%@1344,0%@1344],GR3D_FREQ,0%,cpu@50.593C,soc2@48.687C,soc0@49.562C,gpu@50.531C,tj@50.593C,soc1@49.531C,VDD_IN,5546mW/5821mW,VDD_CPU_GPU_CV,1305mW/1389mW,VDD_SOC,2376mW/2409mW
07-27-2026,10:11:54,RAM,898/7620MB,(lfb,16x4MB),SWAP,130/3810MB,(cached,2MB),CPU,[0%@1344,0%@1344,0%@1344,0%@1344,0%@1344,0%@1344],GR3D_FREQ,0%,cpu@50.687C,soc2@48.656C,soc0@49.656C,gpu@50.718C,tj@50.718C,soc1@49.718C,VDD_IN,5585mW/5821mW,VDD_CPU_GPU_CV,1305mW/1389mW,VDD_SOC,2376mW/2409mW
07-27-2026,10:11:54,RAM,898/7620MB,(lfb,16x4MB),SWAP,130/3810MB,(cached,2MB),CPU,[8%@1344,0%@1344,8%@1344,0%@1344,0%@1344,0%@1344],GR3D_FREQ,0%,cpu@50.875C,soc2@48.75C,soc0@49.5C,gpu@50.5C,tj@50.875C,soc1@49.812C,VDD_IN,5585mW/5820mW,VDD_CPU_GPU_CV,1305mW/1389mW,VDD_SOC,2376mW/2409mW
07-27-2026,10:11:54,RAM,898/7620MB,(lfb,16x4MB),SWAP,130/3810MB,(cached,2MB),CPU,[0%@1344,0%@1344,0%@1344,0%@1344,0%@1344,0%@1344],GR3D_FREQ,0%,cpu@50.812C,soc2@48.687C,soc0@49.5C,gpu@50.25C,tj@50.781C,soc1@49.531C,VDD_IN,5546mW/5820mW,VDD_CPU_GPU_CV,1305mW/1389mW,VDD_SOC,2373mW/2409mW
07-27-2026,10:11:54,RAM,898/7620MB,(lfb,16x4MB),SWAP,130/3810MB,(cached,2MB),CPU,[0%@1344,0%@1344,0%@1344,0%@1344,0%@1344,0%@1344],GR3D_FREQ,0%,cpu@50.625C,soc2@48.531C,soc0@49.562C,gpu@50.718C,tj@50.718C,soc1@49.593C,VDD_IN,5546mW/5820mW,VDD_CPU_GPU_CV,1305mW/1389mW,VDD_SOC,2376mW/2409mW
07-27-2026,10:11:55,RAM,898/7620MB,(lfb,16x4MB),SWAP,130/3810MB,(cached,2MB),CPU,[0%@1344,0%@1344,0%@1344,0%@1344,0%@1344,0%@1344],GR3D_FREQ,0%,cpu@50.625C,soc2@48.625C,soc0@49.562C,gpu@50.562C,tj@50.625C,soc1@49.687C,VDD_IN,5555mW/5820mW,VDD_CPU_GPU_CV,1305mW/1389mW,VDD_SOC,2376mW/2409mW
07-27-2026,10:11:55,RAM,898/7620MB,(lfb,16x4MB),SWAP,130/3810MB,(cached,2MB),CPU,[0%@1344,0%@1344,0%@1344,0%@1344,0%@1344,0%@1344],GR3D_FREQ,0%,cpu@50.656C,soc2@48.625C,soc0@49.812C,gpu@50.843C,tj@50.843C,soc1@49.718C,VDD_IN,5546mW/5820mW,VDD_CPU_GPU_CV,1305mW/1389mW,VDD_SOC,2376mW/2409mW
07-27-2026,10:11:55,RAM,898/7620MB,(lfb,16x4MB),SWAP,130/3810MB,(cached,2MB),CPU,[0%@1344,0%@1344,0%@1344,0%@1344,0%@1344,0%@1344],GR3D_FREQ,0%,cpu@50.843C,soc2@48.75C,soc0@49.468C,gpu@50.656C,tj@50.843C,soc1@49.75C,VDD_IN,5555mW/5820mW,VDD_CPU_GPU_CV,1305mW/1389mW,VDD_SOC,2376mW/2409mW
07-27-2026,10:11:55,RAM,898/7620MB,(lfb,16x4MB),SWAP,130/3810MB,(cached,2MB),CPU,[0%@1344,9%@1344,0%@1344,0%@1344,0%@1344,0%@1344],GR3D_FREQ,0%,cpu@50.687C,soc2@48.562C,soc0@49.5C,gpu@50.562C,tj@50.562C,soc1@49.656C,VDD_IN,5546mW/5820mW,VDD_CPU_GPU_CV,1305mW/1389mW,VDD_SOC,2376mW/2409mW
07-27-2026,10:11:55,RAM,898/7620MB,(lfb,16x4MB),SWAP,130/3810MB,(cached,2MB),CPU,[0%@1344,0%@1344,0%@1344,0%@1344,0%@1344,0%@1344],GR3D_FREQ,0%,cpu@50.593C,soc2@48.656C,soc0@49.593C,gpu@50.843C,tj@50.843C,soc1@49.625C,VDD_IN,5546mW/5820mW,VDD_CPU_GPU_CV,1305mW/1389mW,VDD_SOC,2376mW/2409mW
07-27-2026,10:11:55,RAM,898/7620MB,(lfb,16x4MB),SWAP,130/3810MB,(cached,2MB),CPU,[8%@1344,8%@1344,9%@1344,9%@1344,0%@1344,0%@1344],GR3D_FREQ,0%,cpu@50.812C,soc2@48.625C,soc0@49.687C,gpu@50.593C,tj@50.812C,soc1@49.656C,VDD_IN,5585mW/5820mW,VDD_CPU_GPU_CV,1305mW/1389mW,VDD_SOC,2376mW/2409mW
07-27-2026,10:11:55,RAM,898/7620MB,(lfb,16x4MB),SWAP,130/3810MB,(cached,2MB),CPU,[0%@1344,0%@1344,0%@1344,0%@1344,0%@1344,0%@1344],GR3D_FREQ,0%,cpu@50.781C,soc2@48.75C,soc0@49.437C,gpu@50.281C,tj@50.781C,soc1@49.781C,VDD_IN,5594mW/5819mW,VDD_CPU_GPU_CV,1305mW/1389mW,VDD_SOC,2376mW/2409mW
07-27-2026,10:11:55,RAM,898/7620MB,(lfb,16x4MB),SWAP,130/3810MB,(cached,2MB),CPU,[0%@1344,0%@1344,0%@1344,0%@1344,0%@1344,0%@1344],GR3D_FREQ,0%,cpu@50.812C,soc2@48.593C,soc0@49.531C,gpu@50.781C,tj@50.812C,soc1@49.843C,VDD_IN,5546mW/5819mW,VDD_CPU_GPU_CV,1305mW/1389mW,VDD_SOC,2376mW/2409mW
07-27-2026,10:11:55,RAM,898/7620MB,(lfb,16x4MB),SWAP,130/3810MB,(cached,2MB),CPU,[0%@1344,0%@1344,0%@1344,0%@1344,0%@1344,0%@1344],GR3D_FREQ,0%,cpu@50.593C,soc2@48.687C,soc0@49.5C,gpu@50.593C,tj@50.593C,soc1@49.531C,VDD_IN,5546mW/5819mW,VDD_CPU_GPU_CV,1305mW/1389mW,VDD_SOC,2376mW/2409mW
07-27-2026,10:11:56,RAM,898/7620MB,(lfb,16x4MB),SWAP,130/3810MB,(cached,2MB),CPU,[0%@1344,0%@1344,0%@1344,0%@1344,0%@1344,0%@1344],GR3D_FREQ,0%,cpu@50.625C,soc2@48.656C,soc0@49.593C,gpu@50.218C,tj@50.625C,soc1@49.593C,VDD_IN,5546mW/5819mW,VDD_CPU_GPU_CV,1305mW/1389mW,VDD_SOC,2376mW/2409mW
07-27-2026,10:11:56,RAM,898/7620MB,(lfb,16x4MB),SWAP,130/3810MB,(cached,2MB),CPU,[0%@1344,0%@1344,0%@1344,0%@1344,0%@1344,0%@1344],GR3D_FREQ,0%,cpu@50.718C,soc2@48.687C,soc0@49.375C,gpu@50.687C,tj@50.718C,soc1@49.593C,VDD_IN,5546mW/5819mW,VDD_CPU_GPU_CV,1305mW/1389mW,VDD_SOC,2376mW/2409mW
07-27-2026,10:11:56,RAM,898/7620MB,(lfb,16x4MB),SWAP,130/3810MB,(cached,2MB),CPU,[0%@1344,0%@1344,0%@1344,0%@1344,0%@1344,0%@1344],GR3D_FREQ,0%,cpu@50.812C,soc2@48.75C,soc0@49.5C,gpu@50.687C,tj@50.812C,soc1@49.781C,VDD_IN,5546mW/5819mW,VDD_CPU_GPU_CV,1305mW/1389mW,VDD_SOC,2376mW/2409mW
07-27-2026,10:11:56,RAM,898/7620MB,(lfb,16x4MB),SWAP,130/3810MB,(cached,2MB),CPU,[0%@1344,0%@1344,0%@1344,0%@1344,0%@1344,0%@1344],GR3D_FREQ,0%,cpu@50.875C,soc2@48.656C,soc0@49.5C,gpu@50.218C,tj@50.781C,soc1@49.593C,VDD_IN,5546mW/5819mW,VDD_CPU_GPU_CV,1305mW/1388mW,VDD_SOC,2376mW/2409mW
07-27-2026,10:11:56,RAM,898/7620MB,(lfb,16x4MB),SWAP,130/3810MB,(cached,2MB),CPU,[0%@1344,0%@1344,0%@1344,0%@1344,0%@1344,0%@1344],GR3D_FREQ,0%,cpu@50.593C,soc2@48.593C,soc0@49.593C,gpu@50.718C,tj@50.718C,soc1@49.656C,VDD_IN,5546mW/5819mW,VDD_CPU_GPU_CV,1305mW/1388mW,VDD_SOC,2376mW/2409mW
07-27-2026,10:11:56,RAM,898/7620MB,(lfb,16x4MB),SWAP,130/3810MB,(cached,2MB),CPU,[0%@1344,0%@1344,0%@1344,0%@1344,0%@1344,0%@1344],GR3D_FREQ,0%,cpu@50.625C,soc2@48.562C,soc0@49.656C,gpu@50.312C,tj@50.625C,soc1@49.718C,VDD_IN,5546mW/5819mW,VDD_CPU_GPU_CV,1305mW/1388mW,VDD_SOC,2373mW/2409mW
07-27-2026,10:11:56,RAM,898/7620MB,(lfb,16x4MB),SWAP,130/3810MB,(cached,2MB),CPU,[0%@1344,0%@1344,0%@1344,0%@1344,0%@1344,9%@1344],GR3D_FREQ,0%,cpu@50.718C,soc2@48.687C,soc0@49.468C,gpu@50.281C,tj@50.718C,soc1@49.812C,VDD_IN,5585mW/5818mW,VDD_CPU_GPU_CV,1305mW/1388mW,VDD_SOC,2376mW/2409mW
07-27-2026,10:11:56,RAM,898/7620MB,(lfb,16x4MB),SWAP,130/3810MB,(cached,2MB),CPU,[0%@1344,0%@1344,0%@1344,0%@1344,0%@1344,0%@1344],GR3D_FREQ,0%,cpu@50.843C,soc2@48.718C,soc0@49.531C,gpu@50.656C,tj@50.843C,soc1@49.906C,VDD_IN,5585mW/5818mW,VDD_CPU_GPU_CV,1305mW/1388mW,VDD_SOC,2376mW/2409mW
07-27-2026,10:11:56,RAM,898/7620MB,(lfb,16x4MB),SWAP,130/3810MB,(cached,2MB),CPU,[0%@1344,0%@1344,0%@1344,0%@1344,0%@1344,0%@1344],GR3D_FREQ,0%,cpu@50.625C,soc2@48.656C,soc0@49.5C,gpu@50.343C,tj@50.625C,soc1@49.593C,VDD_IN,5546mW/5818mW,VDD_CPU_GPU_CV,1305mW/1388mW,VDD_SOC,2376mW/2409mW
07-27-2026,10:11:56,RAM,898/7620MB,(lfb,16x4MB),SWAP,130/3810MB,(cached,2MB),CPU,[0%@1344,0%@1344,0%@1344,0%@1344,0%@1344,0%@1344],GR3D_FREQ,0%,cpu@50.75C,soc2@48.625C,soc0@49.562C,gpu@50.906C,tj@50.906C,soc1@49.687C,VDD_IN,5546mW/5818mW,VDD_CPU_GPU_CV,1305mW/1388mW,VDD_SOC,2376mW/2409mW
07-27-2026,10:11:57,RAM,898/7620MB,(lfb,16x4MB),SWAP,130/3810MB,(cached,2MB),CPU,[0%@1344,0%@1344,0%@1344,0%@1344,0%@1344,0%@1344],GR3D_FREQ,0%,cpu@50.687C,soc2@48.718C,soc0@49.5C,gpu@50.625C,tj@50.687C,soc1@49.718C,VDD_IN,5546mW/5818mW,VDD_CPU_GPU_CV,1305mW/1388mW,VDD_SOC,2376mW/2409mW
07-27-2026,10:11:57,RAM,898/7620MB,(lfb,16x4MB),SWAP,130/3810MB,(cached,2MB),CPU,[0%@1344,0%@1344,0%@1344,0%@1344,0%@1344,0%@1344],GR3D_FREQ,0%,cpu@50.875C,soc2@48.656C,soc0@49.375C,gpu@50.25C,tj@50.875C,soc1@49.781C,VDD_IN,5546mW/5818mW,VDD_CPU_GPU_CV,1305mW/1388mW,VDD_SOC,2376mW/2409mW
07-27-2026,10:11:57,RAM,898/7620MB,(lfb,16x4MB),SWAP,130/3810MB,(cached,2MB),CPU,[0%@1344,0%@1344,0%@1344,0%@1344,0%@1344,0%@1344],GR3D_FREQ,0%,cpu@50.906C,soc2@48.531C,soc0@49.5C,gpu@50.843C,tj@50.906C,soc1@49.531C,VDD_IN,5546mW/5818mW,VDD_CPU_GPU_CV,1305mW/1388mW,VDD_SOC,2376mW/2409mW
07-27-2026,10:11:57,RAM,898/7620MB,(lfb,16x4MB),SWAP,130/3810MB,(cached,2MB),CPU,[0%@1344,0%@1344,0%@1344,0%@1344,0%@1344,0%@1344],GR3D_FREQ,0%,cpu@50.625C,soc2@48.625C,soc0@49.531C,gpu@50.281C,tj@50.625C,soc1@49.531C,VDD_IN,5546mW/5818mW,VDD_CPU_GPU_CV,1305mW/1388mW,VDD_SOC,2376mW/2409mW
07-27-2026,10:11:57,RAM,898/7620MB,(lfb,16x4MB),SWAP,130/3810MB,(cached,2MB),CPU,[0%@1344,0%@1344,0%@1344,0%@1344,0%@1344,0%@1344],GR3D_FREQ,0%,cpu@50.718C,soc2@48.562C,soc0@49.656C,gpu@50.281C,tj@50.718C,soc1@49.75C,VDD_IN,5546mW/5817mW,VDD_CPU_GPU_CV,1305mW/1388mW,VDD_SOC,2376mW/2409mW
07-27-2026,10:11:57,RAM,898/7620MB,(lfb,16x4MB),SWAP,130/3810MB,(cached,2MB),CPU,[0%@1344,0%@1344,0%@1344,0%@1344,0%@1344,0%@1344],GR3D_FREQ,0%,cpu@50.781C,soc2@48.687C,soc0@49.468C,gpu@50.781C,tj@50.781C,soc1@49.656C,VDD_IN,5585mW/5817mW,VDD_CPU_GPU_CV,1305mW/1388mW,VDD_SOC,2376mW/2409mW
07-27-2026,10:11:57,RAM,898/7620MB,(lfb,16x4MB),SWAP,130/3810MB,(cached,2MB),CPU,[0%@1344,0%@1344,0%@1344,0%@1344,0%@1344,0%@1344],GR3D_FREQ,0%,cpu@50.843C,soc2@48.75C,soc0@49.5C,gpu@50.281C,tj@50.843C,soc1@49.843C,VDD_IN,5546mW/5817mW,VDD_CPU_GPU_CV,1305mW/1388mW,VDD_SOC,2376mW/2409mW
07-27-2026,10:11:57,RAM,898/7620MB,(lfb,16x4MB),SWAP,130/3810MB,(cached,2MB),CPU,[0%@1344,0%@1344,0%@1344,0%@1344,0%@1344,0%@1344],GR3D_FREQ,0%,cpu@50.5C,soc2@48.625C,soc0@49.5C,gpu@50.25C,tj@50.656C,soc1@49.562C,VDD_IN,5546mW/5817mW,VDD_CPU_GPU_CV,1305mW/1388mW,VDD_SOC,2376mW/2409mW
07-27-2026,10:11:57,RAM,898/7620MB,(lfb,16x4MB),SWAP,130/3810MB,(cached,2MB),CPU,[0%@1344,0%@1344,0%@1344,0%@1344,0%@1344,0%@1344],GR3D_FREQ,0%,cpu@50.656C,soc2@48.625C,soc0@49.5C,gpu@50.406C,tj@50.75C,soc1@49.687C,VDD_IN,5546mW/5817mW,VDD_CPU_GPU_CV,1305mW/1388mW,VDD_SOC,2376mW/2409mW
07-27-2026,10:11:58,RAM,898/7620MB,(lfb,16x4MB),SWAP,130/3810MB,(cached,2MB),CPU,[0%@1344,0%@1344,0%@1344,0%@1344,0%@1344,0%@1344],GR3D_FREQ,0%,cpu@50.781C,soc2@48.625C,soc0@49.562C,gpu@50.25C,tj@50.781C,soc1@49.656C,VDD_IN,5546mW/5817mW,VDD_CPU_GPU_CV,1305mW/1388mW,VDD_SOC,2376mW/2409mW
07-27-2026,10:11:58,RAM,898/7620MB,(lfb,16x4MB),SWAP,130/3810MB,(cached,2MB),CPU,[0%@1344,0%@1344,0%@1344,0%@1344,0%@1344,0%@1344],GR3D_FREQ,0%,cpu@50.781C,soc2@48.75C,soc0@49.531C,gpu@50.25C,tj@50.781C,soc1@49.75C,VDD_IN,5546mW/5817mW,VDD_CPU_GPU_CV,1305mW/1388mW,VDD_SOC,2376mW/2409mW
07-27-2026,10:11:58,RAM,898/7620MB,(lfb,16x4MB),SWAP,130/3810MB,(cached,2MB),CPU,[0%@1344,0%@1344,0%@1344,0%@1344,0%@1344,0%@1344],GR3D_FREQ,0%,cpu@50.937C,soc2@48.531C,soc0@49.5C,gpu@50.375C,tj@50.937C,soc1@49.625C,VDD_IN,5546mW/5817mW,VDD_CPU_GPU_CV,1305mW/1388mW,VDD_SOC,2376mW/2409mW
07-27-2026,10:11:58,RAM,898/7620MB,(lfb,16x4MB),SWAP,130/3810MB,(cached,2MB),CPU,[0%@1344,0%@1344,0%@1344,0%@1344,0%@1344,0%@1344],GR3D_FREQ,0%,cpu@50.687C,soc2@48.625C,soc0@49.5C,gpu@50.343C,tj@50.687C,soc1@49.468C,VDD_IN,5546mW/5817mW,VDD_CPU_GPU_CV,1305mW/1388mW,VDD_SOC,2376mW/2409mW
07-27-2026,10:11:58,RAM,898/7620MB,(lfb,16x4MB),SWAP,130/3810MB,(cached,2MB),CPU,[9%@1344,0%@1344,0%@1344,0%@1344,0%@1344,0%@1344],GR3D_FREQ,0%,cpu@50.781C,soc2@48.593C,soc0@49.562C,gpu@50.187C,tj@50.781C,soc1@49.687C,VDD_IN,5546mW/5816mW,VDD_CPU_GPU_CV,1305mW/1388mW,VDD_SOC,2376mW/2409mW
07-27-2026,10:11:58,RAM,898/7620MB,(lfb,16x4MB),SWAP,130/3810MB,(cached,2MB),CPU,[0%@1344,0%@1344,0%@1344,0%@1344,0%@1344,0%@1344],GR3D_FREQ,0%,cpu@50.75C,soc2@48.687C,soc0@49.375C,gpu@50.343C,tj@50.75C,soc1@49.781C,VDD_IN,5546mW/5816mW,VDD_CPU_GPU_CV,1305mW/1388mW,VDD_SOC,2376mW/2409mW
07-27-2026,10:11:58,RAM,899/7620MB,(lfb,16x4MB),SWAP,130/3810MB,(cached,2MB),CPU,[0%@1344,0%@1344,0%@1344,0%@1344,0%@1344,9%@1344],GR3D_FREQ,0%,cpu@51C,soc2@48.593C,soc0@49.468C,gpu@50.218C,tj@51C,soc1@49.843C,VDD_IN,5585mW/5816mW,VDD_CPU_GPU_CV,1305mW/1388mW,VDD_SOC,2376mW/2409mW
07-27-2026,10:11:58,RAM,899/7620MB,(lfb,16x4MB),SWAP,130/3810MB,(cached,2MB),CPU,[0%@1344,0%@1344,0%@1344,0%@1344,0%@1344,0%@1344],GR3D_FREQ,0%,cpu@50.406C,soc2@48.562C,soc0@49.593C,gpu@50.406C,tj@50.875C,soc1@49.468C,VDD_IN,5585mW/5816mW,VDD_CPU_GPU_CV,1305mW/1388mW,VDD_SOC,2376mW/2409mW
07-27-2026,10:11:58,RAM,898/7620MB,(lfb,16x4MB),SWAP,130/3810MB,(cached,2MB),CPU,[0%@1344,9%@1344,0%@1344,0%@1344,0%@1344,0%@1344],GR3D_FREQ,0%,cpu@50.625C,soc2@48.687C,soc0@49.5C,gpu@50.312C,tj@50.625C,soc1@49.718C,VDD_IN,5546mW/5816mW,VDD_CPU_GPU_CV,1305mW/1388mW,VDD_SOC,2373mW/2409mW
07-27-2026,10:11:58,RAM,898/7620MB,(lfb,16x4MB),SWAP,130/3810MB,(cached,2MB),CPU,[0%@1344,0%@1344,0%@1344,0%@1344,0%@1344,0%@1344],GR3D_FREQ,0%,cpu@50.781C,soc2@48.718C,soc0@49.625C,gpu@50.25C,tj@50.781C,soc1@49.656C,VDD_IN,5546mW/5816mW,VDD_CPU_GPU_CV,1305mW/1388mW,VDD_SOC,2373mW/2409mW
07-27-2026,10:11:59,RAM,898/7620MB,(lfb,16x4MB),SWAP,130/3810MB,(cached,2MB),CPU,[0%@1344,0%@1344,0%@1344,0%@1344,0%@1344,0%@1344],GR3D_FREQ,0%,cpu@50.875C,soc2@48.593C,soc0@49.437C,gpu@50.468C,tj@50.875C,soc1@49.718C,VDD_IN,5546mW/5816mW,VDD_CPU_GPU_CV,1305mW/1388mW,VDD_SOC,2376mW/2409mW
07-27-2026,10:11:59,RAM,898/7620MB,(lfb,16x4MB),SWAP,130/3810MB,(cached,2MB),CPU,[0%@1344,0%@1344,0%@1344,0%@1344,0%@1344,0%@1344],GR3D_FREQ,0%,cpu@51C,soc2@48.562C,soc0@49.406C,gpu@50.343C,tj@51C,soc1@49.468C,VDD_IN,5546mW/5816mW,VDD_CPU_GPU_CV,1305mW/1388mW,VDD_SOC,2376mW/2409mW
07-27-2026,10:11:59,RAM,898/7620MB,(lfb,16x4MB),SWAP,130/3810MB,(cached,2MB),CPU,[0%@1344,0%@1344,0%@1344,0%@1344,0%@1344,0%@1344],GR3D_FREQ,0%,cpu@50.531C,soc2@48.593C,soc0@49.5C,gpu@50.281C,tj@50.687C,soc1@49.687C,VDD_IN,5546mW/5816mW,VDD_CPU_GPU_CV,1305mW/1387mW,VDD_SOC,2376mW/2409mW
07-27-2026,10:11:59,RAM,898/7620MB,(lfb,16x4MB),SWAP,130/3810MB,(cached,2MB),CPU,[0%@1344,0%@1344,0%@1344,0%@1344,0%@1344,0%@1344],GR3D_FREQ,0%,cpu@50.531C,soc2@48.625C,soc0@49.593C,gpu@50.437C,tj@50.531C,soc1@49.687C,VDD_IN,5546mW/5815mW,VDD_CPU_GPU_CV,1305mW/1387mW,VDD_SOC,2373mW/2409mW
07-27-2026,10:11:59,RAM,898/7620MB,(lfb,16x4MB),SWAP,130/3810MB,(cached,2MB),CPU,[0%@1344,0%@1344,0%@1344,0%@1344,0%@1344,0%@1344],GR3D_FREQ,0%,cpu@50.812C,soc2@48.625C,soc0@49.625C,gpu@50.312C,tj@50.812C,soc1@49.718C,VDD_IN,5546mW/5815mW,VDD_CPU_GPU_CV,1305mW/1387mW,VDD_SOC,2373mW/2409mW
07-27-2026,10:11:59,RAM,898/7620MB,(lfb,16x4MB),SWAP,130/3810MB,(cached,2MB),CPU,[0%@1344,0%@1344,0%@1344,0%@1344,0%@1344,0%@1344],GR3D_FREQ,0%,cpu@50.875C,soc2@48.531C,soc0@49.437C,gpu@50.5C,tj@50.875C,soc1@49.812C,VDD_IN,5546mW/5815mW,VDD_CPU_GPU_CV,1305mW/1387mW,VDD_SOC,2373mW/2409mW
07-27-2026,10:11:59,RAM,899/7620MB,(lfb,16x4MB),SWAP,130/3810MB,(cached,2MB),CPU,[0%@1344,0%@1344,0%@1344,0%@1344,9%@1344,8%@1344],GR3D_FREQ,0%,cpu@50.468C,soc2@48.531C,soc0@49.5C,gpu@50.375C,tj@50.468C,soc1@49.562C,VDD_IN,5585mW/5815mW,VDD_CPU_GPU_CV,1305mW/1387mW,VDD_SOC,2376mW/2409mW
07-27-2026,10:11:59,RAM,898/7620MB,(lfb,16x4MB),SWAP,130/3810MB,(cached,2MB),CPU,[0%@1344,0%@1344,0%@1344,0%@1344,0%@1344,0%@1344],GR3D_FREQ,0%,cpu@50.593C,soc2@48.625C,soc0@49.5C,gpu@50.281C,tj@50.562C,soc1@49.656C,VDD_IN,5546mW/5815mW,VDD_CPU_GPU_CV,1305mW/1387mW,VDD_SOC,2373mW/2409mW
07-27-2026,10:11:59,RAM,898/7620MB,(lfb,16x4MB),SWAP,130/3810MB,(cached,2MB),CPU,[0%@1344,0%@1344,0%@1344,0%@1344,0%@1344,0%@1344],GR3D_FREQ,0%,cpu@50.781C,soc2@48.593C,soc0@49.656C,gpu@50.343C,tj@50.781C,soc1@49.593C,VDD_IN,5546mW/5815mW,VDD_CPU_GPU_CV,1305mW/1387mW,VDD_SOC,2376mW/2409mW
07-27-2026,10:12:00,RAM,898/7620MB,(lfb,16x4MB),SWAP,130/3810MB,(cached,2MB),CPU,[0%@1344,0%@1344,0%@1344,0%@1344,0%@1344,0%@1344],GR3D_FREQ,0%,cpu@50.875C,soc2@48.718C,soc0@49.406C,gpu@50.25C,tj@50.875C,soc1@49.687C,VDD_IN,5546mW/5815mW,VDD_CPU_GPU_CV,1305mW/1387mW,VDD_SOC,2373mW/2409mW
07-27-2026,10:12:00,RAM,898/7620MB,(lfb,16x4MB),SWAP,130/3810MB,(cached,2MB),CPU,[0%@1344,0%@1344,0%@1344,0%@1344,0%@1344,0%@1344],GR3D_FREQ,0%,cpu@50.656C,soc2@48.593C,soc0@49.468C,gpu@50.25C,tj@50.437C,soc1@49.625C,VDD_IN,5546mW/5815mW,VDD_CPU_GPU_CV,1305mW/1387mW,VDD_SOC,2373mW/2409mW
07-27-2026,10:12:00,RAM,898/7620MB,(lfb,16x4MB),SWAP,130/3810MB,(cached,2MB),CPU,[0%@1344,0%@1344,0%@1344,0%@1344,0%@1344,0%@1344],GR3D_FREQ,0%,cpu@50.437C,soc2@48.531C,soc0@49.5C,gpu@50.5C,tj@50.5C,soc1@49.562C,VDD_IN,5546mW/5815mW,VDD_CPU_GPU_CV,1305mW/1387mW,VDD_SOC,2373mW/2409mW
07-27-2026,10:12:00,RAM,898/7620MB,(lfb,16x4MB),SWAP,130/3810MB,(cached,2MB),CPU,[0%@1344,0%@1344,0%@1344,0%@1344,0%@1344,0%@1344],GR3D_FREQ,0%,cpu@50.687C,soc2@48.562C,soc0@49.5C,gpu@50.343C,tj@50.687C,soc1@49.687C,VDD_IN,5546mW/5814mW,VDD_CPU_GPU_CV,1305mW/1387mW,VDD_SOC,2373mW/2408mW
07-27-2026,10:12:00,RAM,898/7620MB,(lfb,16x4MB),SWAP,130/3810MB,(cached,2MB),CPU,[0%@1344,0%@1344,0%@1344,0%@1344,0%@1344,0%@1344],GR3D_FREQ,0%,cpu@50.718C,soc2@48.625C,soc0@49.656C,gpu@50.531C,tj@50.718C,soc1@49.781C,VDD_IN,5546mW/5814mW,VDD_CPU_GPU_CV,1305mW/1387mW,VDD_SOC,2373mW/2408mW
07-27-2026,10:12:00,RAM,898/7620MB,(lfb,16x4MB),SWAP,130/3810MB,(cached,2MB),CPU,[0%@1344,0%@1344,0%@1344,0%@1344,0%@1344,0%@1344],GR3D_FREQ,0%,cpu@50.937C,soc2@48.75C,soc0@49.406C,gpu@50.312C,tj@50.937C,soc1@49.812C,VDD_IN,5546mW/5814mW,VDD_CPU_GPU_CV,1305mW/1387mW,VDD_SOC,2376mW/2408mW
07-27-2026,10:12:00,RAM,899/7620MB,(lfb,16x4MB),SWAP,130/3810MB,(cached,2MB),CPU,[8%@1344,8%@1344,0%@1344,0%@1344,0%@1344,0%@1344],GR3D_FREQ,0%,cpu@50.406C,soc2@48.562C,soc0@49.468C,gpu@50.312C,tj@50.406C,soc1@49.593C,VDD_IN,5585mW/5814mW,VDD_CPU_GPU_CV,1305mW/1387mW,VDD_SOC,2373mW/2408mW
07-27-2026,10:12:00,RAM,899/7620MB,(lfb,16x4MB),SWAP,130/3810MB,(cached,2MB),CPU,[0%@1344,0%@1344,0%@1344,0%@1344,0%@1344,0%@1344],GR3D_FREQ,0%,cpu@50.468C,soc2@48.562C,soc0@49.437C,gpu@50.437C,tj@50.468C,soc1@49.531C,VDD_IN,5585mW/5814mW,VDD_CPU_GPU_CV,1305mW/1387mW,VDD_SOC,2373mW/2408mW
07-27-2026,10:12:00,RAM,899/7620MB,(lfb,16x4MB),SWAP,130/3810MB,(cached,2MB),CPU,[0%@1344,0%@1344,0%@1344,0%@1344,0%@1344,0%@1344],GR3D_FREQ,0%,cpu@50.718C,soc2@48.531C,soc0@49.625C,gpu@50.375C,tj@50.718C,soc1@49.656C,VDD_IN,5585mW/5814mW,VDD_CPU_GPU_CV,1305mW/1387mW,VDD_SOC,2373mW/2408mW
07-27-2026,10:12:00,RAM,899/7620MB,(lfb,16x4MB),SWAP,130/3810MB,(cached,2MB),CPU,[0%@1344,0%@1344,0%@1344,0%@1344,0%@1344,0%@1344],GR3D_FREQ,0%,cpu@50.812C,soc2@48.75C,soc0@49.312C,gpu@50.25C,tj@50.812C,soc1@49.656C,VDD_IN,5546mW/5814mW,VDD_CPU_GPU_CV,1305mW/1387mW,VDD_SOC,2373mW/2408mW
07-27-2026,10:12:01,RAM,899/7620MB,(lfb,16x4MB),SWAP,130/3810MB,(cached,2MB),CPU,[0%@1344,0%@1344,0%@1344,0%@1344,0%@1344,0%@1344],GR3D_FREQ,0%,cpu@50.5C,soc2@48.531C,soc0@49.406C,gpu@50.437C,tj@50.5C,soc1@49.75C,VDD_IN,5546mW/5814mW,VDD_CPU_GPU_CV,1305mW/1387mW,VDD_SOC,2373mW/2408mW
07-27-2026,10:12:01,RAM,899/7620MB,(lfb,16x4MB),SWAP,130/3810MB,(cached,2MB),CPU,[0%@1344,0%@1344,0%@1344,0%@1344,0%@1344,0%@1344],GR3D_FREQ,0%,cpu@50.468C,soc2@48.531C,soc0@49.468C,gpu@50.375C,tj@50.468C,soc1@49.437C,VDD_IN,5546mW/5814mW,VDD_CPU_GPU_CV,1305mW/1387mW,VDD_SOC,2373mW/2408mW
07-27-2026,10:12:01,RAM,899/7620MB,(lfb,16x4MB),SWAP,130/3810MB,(cached,2MB),CPU,[0%@1344,0%@1344,0%@1344,0%@1344,0%@1344,0%@1344],GR3D_FREQ,0%,cpu@50.687C,soc2@48.625C,soc0@49.5C,gpu@50.625C,tj@50.687C,soc1@49.562C,VDD_IN,5546mW/5813mW,VDD_CPU_GPU_CV,1305mW/1387mW,VDD_SOC,2376mW/2408mW
07-27-2026,10:12:01,RAM,899/7620MB,(lfb,16x4MB),SWAP,130/3810MB,(cached,2MB),CPU,[0%@1344,0%@1344,0%@1344,0%@1344,0%@1344,0%@1344],GR3D_FREQ,0%,cpu@50.843C,soc2@48.562C,soc0@49.406C,gpu@50.406C,tj@50.843C,soc1@49.625C,VDD_IN,5546mW/5813mW,VDD_CPU_GPU_CV,1305mW/1387mW,VDD_SOC,2373mW/2408mW
07-27-2026,10:12:01,RAM,899/7620MB,(lfb,16x4MB),SWAP,130/3810MB,(cached,2MB),CPU,[0%@1344,0%@1344,0%@1344,0%@1344,0%@1344,0%@1344],GR3D_FREQ,0%,cpu@50.937C,soc2@48.75C,soc0@49.468C,gpu@50.343C,tj@50.937C,soc1@49.843C,VDD_IN,5546mW/5813mW,VDD_CPU_GPU_CV,1305mW/1387mW,VDD_SOC,2376mW/2408mW
07-27-2026,10:12:01,RAM,899/7620MB,(lfb,16x4MB),SWAP,130/3810MB,(cached,2MB),CPU,[0%@1344,0%@1344,0%@1344,0%@1344,0%@1344,0%@1344],GR3D_FREQ,0%,cpu@50.687C,soc2@48.531C,soc0@49.437C,gpu@50.593C,tj@50.593C,soc1@49.593C,VDD_IN,5546mW/5813mW,VDD_CPU_GPU_CV,1305mW/1387mW,VDD_SOC,2373mW/2408mW
07-27-2026,10:12:01,RAM,897/7620MB,(lfb,16x4MB),SWAP,130/3810MB,(cached,2MB),CPU,[0%@1344,0%@1344,0%@1344,0%@1344,0%@1344,0%@1344],GR3D_FREQ,0%,cpu@50.375C,soc2@48.593C,soc0@49.5C,gpu@50.5C,tj@50.5C,soc1@49.593C,VDD_IN,5585mW/5813mW,VDD_CPU_GPU_CV,1305mW/1387mW,VDD_SOC,2376mW/2408mW
07-27-2026,10:12:01,RAM,897/7620MB,(lfb,16x4MB),SWAP,130/3810MB,(cached,2MB),CPU,[0%@1344,0%@1344,0%@1344,0%@1344,0%@1344,0%@1344],GR3D_FREQ,0%,cpu@50.687C,soc2@48.593C,soc0@49.562C,gpu@50.343C,tj@50.687C,soc1@49.656C,VDD_IN,5585mW/5813mW,VDD_CPU_GPU_CV,1305mW/1387mW,VDD_SOC,2373mW/2408mW
07-27-2026,10:12:01,RAM,897/7620MB,(lfb,16x4MB),SWAP,130/3810MB,(cached,2MB),CPU,[0%@1344,9%@1344,0%@1344,0%@1344,0%@1344,0%@1344],GR3D_FREQ,0%,cpu@51C,soc2@48.687C,soc0@49.375C,gpu@50.562C,tj@51C,soc1@49.625C,VDD_IN,5546mW/5813mW,VDD_CPU_GPU_CV,1305mW/1387mW,VDD_SOC,2373mW/2408mW
07-27-2026,10:12:02,RAM,897/7620MB,(lfb,16x4MB),SWAP,130/3810MB,(cached,2MB),CPU,[0%@1344,0%@1344,0%@1344,0%@1344,0%@1344,0%@1344],GR3D_FREQ,0%,cpu@50.562C,soc2@48.531C,soc0@49.468C,gpu@50.437C,tj@50.562C,soc1@49.875C,VDD_IN,5546mW/5813mW,VDD_CPU_GPU_CV,1305mW/1387mW,VDD_SOC,2373mW/2408mW
07-27-2026,10:12:02,RAM,897/7620MB,(lfb,16x4MB),SWAP,130/3810MB,(cached,2MB),CPU,[0%@1344,8%@1344,0%@1344,0%@1344,0%@1344,0%@1344],GR3D_FREQ,0%,cpu@50.5C,soc2@48.593C,soc0@49.5C,gpu@50.625C,tj@50.625C,soc1@49.562C,VDD_IN,5546mW/5813mW,VDD_CPU_GPU_CV,1305mW/1387mW,VDD_SOC,2373mW/2408mW
07-27-2026,10:12:02,RAM,897/7620MB,(lfb,16x4MB),SWAP,130/3810MB,(cached,2MB),CPU,[0%@1344,0%@1344,0%@1344,0%@1344,0%@1344,0%@1344],GR3D_FREQ,0%,cpu@50.437C,soc2@48.593C,soc0@49.5C,gpu@50.531C,tj@50.531C,soc1@49.468C,VDD_IN,5546mW/5812mW,VDD_CPU_GPU_CV,1305mW/1387mW,VDD_SOC,2373mW/2408mW
07-27-2026,10:12:02,RAM,897/7620MB,(lfb,16x4MB),SWAP,130/3810MB,(cached,2MB),CPU,[0%@1344,0%@1344,0%@1344,0%@1344,0%@1344,0%@1344],GR3D_FREQ,0%,cpu@50.781C,soc2@48.625C,soc0@49.375C,gpu@50.375C,tj@50.781C,soc1@49.656C,VDD_IN,5546mW/5812mW,VDD_CPU_GPU_CV,1305mW/1386mW,VDD_SOC,2373mW/2408mW
07-27-2026,10:12:02,RAM,897/7620MB,(lfb,16x4MB),SWAP,130/3810MB,(cached,2MB),CPU,[0%@1344,0%@1344,0%@1344,0%@1344,0%@1344,0%@1344],GR3D_FREQ,0%,cpu@50.937C,soc2@48.687C,soc0@49.281C,gpu@50.5C,tj@50.937C,soc1@49.781C,VDD_IN,5546mW/5812mW,VDD_CPU_GPU_CV,1305mW/1386mW,VDD_SOC,2373mW/2408mW
07-27-2026,10:12:02,RAM,897/7620MB,(lfb,16x4MB),SWAP,130/3810MB,(cached,2MB),CPU,[0%@1344,0%@1344,0%@1344,0%@1344,0%@1344,0%@1344],GR3D_FREQ,0%,cpu@50.687C,soc2@48.531C,soc0@49.5C,gpu@50.468C,tj@50.687C,soc1@49.437C,VDD_IN,5546mW/5812mW,VDD_CPU_GPU_CV,1305mW/1386mW,VDD_SOC,2373mW/2408mW
07-27-2026,10:12:02,RAM,898/7620MB,(lfb,16x4MB),SWAP,130/3810MB,(cached,2MB),CPU,[0%@1344,0%@1344,0%@1344,0%@1344,9%@1344,0%@1344],GR3D_FREQ,0%,cpu@50.5C,soc2@48.593C,soc0@49.437C,gpu@50.218C,tj@50.5C,soc1@49.531C,VDD_IN,5585mW/5812mW,VDD_CPU_GPU_CV,1305mW/1386mW,VDD_SOC,2376mW/2408mW
07-27-2026,10:12:02,RAM,897/7620MB,(lfb,16x4MB),SWAP,130/3810MB,(cached,2MB),CPU,[0%@1344,0%@1344,0%@1344,0%@1344,0%@1344,0%@1344],GR3D_FREQ,0%,cpu@50.375C,soc2@48.625C,soc0@49.437C,gpu@50.562C,tj@50.843C,soc1@49.593C,VDD_IN,5585mW/5812mW,VDD_CPU_GPU_CV,1305mW/1386mW,VDD_SOC,2376mW/2408mW
07-27-2026,10:12:02,RAM,897/7620MB,(lfb,16x4MB),SWAP,130/3810MB,(cached,2MB),CPU,[0%@1344,9%@1344,0%@1344,0%@1344,0%@1344,0%@1344],GR3D_FREQ,0%,cpu@50.812C,soc2@48.656C,soc0@49.343C,gpu@50.406C,tj@50.812C,soc1@49.687C,VDD_IN,5546mW/5812mW,VDD_CPU_GPU_CV,1305mW/1386mW,VDD_SOC,2373mW/2408mW
07-27-2026,10:12:02,RAM,897/7620MB,(lfb,16x4MB),SWAP,130/3810MB,(cached,2MB),CPU,[8%@1344,0%@1344,0%@1344,0%@1344,0%@1344,0%@1344],GR3D_FREQ,0%,cpu@50.625C,soc2@48.75C,soc0@49.375C,gpu@50.718C,tj@50.718C,soc1@49.875C,VDD_IN,5546mW/5812mW,VDD_CPU_GPU_CV,1305mW/1386mW,VDD_SOC,2373mW/2408mW
07-27-2026,10:12:03,RAM,897/7620MB,(lfb,16x4MB),SWAP,130/3810MB,(cached,2MB),CPU,[0%@1344,0%@1344,0%@1344,0%@1344,0%@1344,0%@1344],GR3D_FREQ,0%,cpu@50.5C,soc2@48.531C,soc0@49.406C,gpu@50.593C,tj@50.593C,soc1@49.531C,VDD_IN,5546mW/5812mW,VDD_CPU_GPU_CV,1305mW/1386mW,VDD_SOC,2376mW/2408mW
07-27-2026,10:12:03,RAM,897/7620MB,(lfb,16x4MB),SWAP,130/3810MB,(cached,2MB),CPU,[0%@1344,0%@1344,0%@1344,0%@1344,0%@1344,0%@1344],GR3D_FREQ,0%,cpu@50.5C,soc2@48.531C,soc0@49.531C,gpu@50.5C,tj@50.5C,soc1@49.593C,VDD_IN,5546mW/5811mW,VDD_CPU_GPU_CV,1305mW/1386mW,VDD_SOC,2376mW/2408mW
07-27-2026,10:12:03,RAM,897/7620MB,(lfb,16x4MB),SWAP,130/3810MB,(cached,2MB),CPU,[0%@1344,0%@1344,0%@1344,0%@1344,0%@1344,0%@1344],GR3D_FREQ,0%,cpu@50.875C,soc2@48.562C,soc0@49.5C,gpu@50.75C,tj@50.875C,soc1@49.5C,VDD_IN,5546mW/5811mW,VDD_CPU_GPU_CV,1305mW/1386mW,VDD_SOC,2373mW/2408mW
07-27-2026,10:12:03,RAM,897/7620MB,(lfb,16x4MB),SWAP,130/3810MB,(cached,2MB),CPU,[0%@1344,0%@1344,0%@1344,0%@1344,0%@1344,0%@1344],GR3D_FREQ,0%,cpu@50.625C,soc2@48.687C,soc0@49.437C,gpu@50.5C,tj@50.625C,soc1@49.718C,VDD_IN,5546mW/5811mW,VDD_CPU_GPU_CV,1305mW/1386mW,VDD_SOC,2373mW/2408mW
07-27-2026,10:12:03,RAM,897/7620MB,(lfb,16x4MB),SWAP,130/3810MB,(cached,2MB),CPU,[0%@1344,0%@1344,0%@1344,0%@1344,0%@1344,0%@1344],GR3D_FREQ,0%,cpu@50.625C,soc2@48.593C,soc0@49.406C,gpu@50.25C,tj@50.625C,soc1@49.5C,VDD_IN,5546mW/5811mW,VDD_CPU_GPU_CV,1305mW/1386mW,VDD_SOC,2373mW/2408mW
07-27-2026,10:12:03,RAM,897/7620MB,(lfb,16x4MB),SWAP,130/3810MB,(cached,2MB),CPU,[0%@1344,0%@1344,0%@1344,0%@1344,0%@1344,0%@1344],GR3D_FREQ,0%,cpu@50.468C,soc2@48.5C,soc0@49.468C,gpu@50.718C,tj@50.718C,soc1@49.562C,VDD_IN,5546mW/5811mW,VDD_CPU_GPU_CV,1305mW/1386mW,VDD_SOC,2376mW/2408mW
07-27-2026,10:12:03,RAM,898/7620MB,(lfb,16x4MB),SWAP,130/3810MB,(cached,2MB),CPU,[0%@1344,0%@1344,0%@1344,0%@1344,0%@1344,9%@1344],GR3D_FREQ,0%,cpu@50.468C,soc2@48.593C,soc0@49.5C,gpu@50.437C,tj@50.468C,soc1@49.593C,VDD_IN,5585mW/5811mW,VDD_CPU_GPU_CV,1305mW/1386mW,VDD_SOC,2373mW/2408mW
07-27-2026,10:12:03,RAM,898/7620MB,(lfb,16x4MB),SWAP,130/3810MB,(cached,2MB),CPU,[0%@1344,0%@1344,0%@1344,0%@1344,0%@1344,0%@1344],GR3D_FREQ,0%,cpu@50.937C,soc2@48.593C,soc0@49.687C,gpu@50.187C,tj@50.937C,soc1@49.656C,VDD_IN,5546mW/5811mW,VDD_CPU_GPU_CV,1305mW/1386mW,VDD_SOC,2373mW/2408mW
07-27-2026,10:12:03,RAM,898/7620MB,(lfb,16x4MB),SWAP,130/3810MB,(cached,2MB),CPU,[0%@1344,0%@1344,0%@1344,0%@1344,0%@1344,0%@1344],GR3D_FREQ,0%,cpu@50.593C,soc2@48.718C,soc0@49.406C,gpu@50.687C,tj@50.687C,soc1@49.468C,VDD_IN,5546mW/5811mW,VDD_CPU_GPU_CV,1305mW/1386mW,VDD_SOC,2376mW/2408mW
07-27-2026,10:12:04,RAM,898/7620MB,(lfb,16x4MB),SWAP,130/3810MB,(cached,2MB),CPU,[0%@1344,9%@1344,0%@1344,0%@1344,0%@1344,0%@1344],GR3D_FREQ,0%,cpu@50.718C,soc2@48.562C,soc0@49.437C,gpu@50.468C,tj@50.468C,soc1@49.5C,VDD_IN,5546mW/5811mW,VDD_CPU_GPU_CV,1305mW/1386mW,VDD_SOC,2373mW/2408mW
07-27-2026,10:12:04,RAM,898/7620MB,(lfb,16x4MB),SWAP,130/3810MB,(cached,2MB),CPU,[9%@1344,0%@1344,0%@1344,0%@1344,0%@1344,0%@1344],GR3D_FREQ,0%,cpu@50.437C,soc2@48.531C,soc0@49.468C,gpu@50.218C,tj@50.437C,soc1@49.5C,VDD_IN,5546mW/5810mW,VDD_CPU_GPU_CV,1305mW/1386mW,VDD_SOC,2373mW/2408mW
07-27-2026,10:12:04,RAM,898/7620MB,(lfb,16x4MB),SWAP,130/3810MB,(cached,2MB),CPU,[0%@1344,0%@1344,0%@1344,0%@1344,0%@1344,0%@1344],GR3D_FREQ,0%,cpu@50.406C,soc2@48.531C,soc0@49.562C,gpu@50.687C,tj@50.687C,soc1@49.656C,VDD_IN,5546mW/5810mW,VDD_CPU_GPU_CV,1305mW/1386mW,VDD_SOC,2373mW/2408mW
07-27-2026,10:12:04,RAM,897/7620MB,(lfb,16x4MB),SWAP,130/3810MB,(cached,2MB),CPU,[0%@1344,8%@1344,9%@1344,10%@1344,9%@1344,0%@1344],GR3D_FREQ,0%,cpu@50.625C,soc2@48.625C,soc0@49.281C,gpu@50.187C,tj@50.625C,soc1@49.718C,VDD_IN,5585mW/5810mW,VDD_CPU_GPU_CV,1305mW/1386mW,VDD_SOC,2376mW/2408mW
07-27-2026,10:12:04,RAM,897/7620MB,(lfb,16x4MB),SWAP,130/3810MB,(cached,2MB),CPU,[0%@1344,0%@1344,0%@1344,0%@1344,0%@1344,0%@1344],GR3D_FREQ,0%,cpu@50.718C,soc2@48.531C,soc0@49.406C,gpu@50.093C,tj@50.718C,soc1@49.437C,VDD_IN,5585mW/5810mW,VDD_CPU_GPU_CV,1305mW/1386mW,VDD_SOC,2376mW/2408mW
07-27-2026,10:12:04,RAM,897/7620MB,(lfb,16x4MB),SWAP,130/3810MB,(cached,2MB),CPU,[0%@1344,0%@1344,0%@1344,0%@1344,0%@1344,0%@1344],GR3D_FREQ,0%,cpu@50.468C,soc2@48.531C,soc0@49.406C,gpu@50.562C,tj@50.562C,soc1@49.5C,VDD_IN,5585mW/5810mW,VDD_CPU_GPU_CV,1305mW/1386mW,VDD_SOC,2376mW/2408mW
07-27-2026,10:12:04,RAM,897/7620MB,(lfb,16x4MB),SWAP,130/3810MB,(cached,2MB),CPU,[0%@1344,0%@1344,0%@1344,0%@1344,0%@1344,0%@1344],GR3D_FREQ,0%,cpu@50.531C,soc2@48.718C,soc0@49.531C,gpu@50.25C,tj@50.531C,soc1@49.562C,VDD_IN,5585mW/5810mW,VDD_CPU_GPU_CV,1305mW/1386mW,VDD_SOC,2376mW/2408mW
07-27-2026,10:12:04,RAM,897/7620MB,(lfb,16x4MB),SWAP,130/3810MB,(cached,2MB),CPU,[0%@1344,0%@1344,0%@1344,0%@1344,0%@1344,9%@1344],GR3D_FREQ,0%,cpu@51.031C,soc2@48.656C,soc0@49.625C,gpu@50.75C,tj@51.031C,soc1@49.687C,VDD_IN,5585mW/5810mW,VDD_CPU_GPU_CV,1305mW/1386mW,VDD_SOC,2376mW/2408mW
07-27-2026,10:12:04,RAM,897/7620MB,(lfb,16x4MB),SWAP,130/3810MB,(cached,2MB),CPU,[0%@1344,0%@1344,0%@1344,0%@1344,0%@1344,0%@1344],GR3D_FREQ,0%,cpu@50.531C,soc2@48.5C,soc0@49.343C,gpu@50.531C,tj@50.531C,soc1@49.718C,VDD_IN,5585mW/5810mW,VDD_CPU_GPU_CV,1305mW/1386mW,VDD_SOC,2373mW/2408mW
07-27-2026,10:12:04,RAM,897/7620MB,(lfb,16x4MB),SWAP,130/3810MB,(cached,2MB),CPU,[0%@1344,0%@1344,0%@1344,0%@1344,0%@1344,0%@1344],GR3D_FREQ,0%,cpu@50.562C,soc2@48.437C,soc0@49.312C,gpu@50.25C,tj@50.5C,soc1@49.5C,VDD_IN,5585mW/5810mW,VDD_CPU_GPU_CV,1305mW/1386mW,VDD_SOC,2376mW/2408mW
07-27-2026,10:12:05,RAM,897/7620MB,(lfb,16x4MB),SWAP,130/3810MB,(cached,2MB),CPU,[0%@1344,0%@1344,0%@1344,0%@1344,0%@1344,0%@1344],GR3D_FREQ,0%,cpu@50.437C,soc2@48.531C,soc0@49.406C,gpu@50.781C,tj@50.781C,soc1@49.437C,VDD_IN,5585mW/5810mW,VDD_CPU_GPU_CV,1305mW/1386mW,VDD_SOC,2373mW/2408mW
07-27-2026,10:12:05,RAM,897/7620MB,(lfb,16x4MB),SWAP,130/3810MB,(cached,2MB),CPU,[0%@1344,8%@1344,0%@1344,0%@1344,0%@1344,0%@1344],GR3D_FREQ,0%,cpu@50.437C,soc2@48.593C,soc0@49.5C,gpu@50.156C,tj@50.437C,soc1@49.562C,VDD_IN,5546mW/5810mW,VDD_CPU_GPU_CV,1305mW/1386mW,VDD_SOC,2376mW/2408mW
07-27-2026,10:12:05,RAM,897/7620MB,(lfb,16x4MB),SWAP,130/3810MB,(cached,2MB),CPU,[0%@1344,0%@1344,0%@1344,0%@1344,0%@1344,0%@1344],GR3D_FREQ,0%,cpu@50.531C,soc2@48.531C,soc0@49.343C,gpu@50.093C,tj@50.531C,soc1@49.656C,VDD_IN,5546mW/5809mW,VDD_CPU_GPU_CV,1305mW/1386mW,VDD_SOC,2376mW/2408mW
07-27-2026,10:12:05,RAM,897/7620MB,(lfb,16x4MB),SWAP,130/3810MB,(cached,2MB),CPU,[0%@1344,0%@1344,0%@1344,0%@1344,0%@1344,0%@1344],GR3D_FREQ,0%,cpu@50.687C,soc2@48.531C,soc0@49.437C,gpu@50.656C,tj@50.687C,soc1@49.375C,VDD_IN,5546mW/5809mW,VDD_CPU_GPU_CV,1305mW/1385mW,VDD_SOC,2376mW/2408mW
07-27-2026,10:12:05,RAM,897/7620MB,(lfb,16x4MB),SWAP,130/3810MB,(cached,2MB),CPU,[0%@1344,0%@1344,0%@1344,0%@1344,0%@1344,0%@1344],GR3D_FREQ,0%,cpu@50.375C,soc2@48.437C,soc0@49.5C,gpu@50.25C,tj@50.375C,soc1@49.5C,VDD_IN,5546mW/5809mW,VDD_CPU_GPU_CV,1305mW/1385mW,VDD_SOC,2376mW/2408mW
07-27-2026,10:12:05,RAM,897/7620MB,(lfb,16x4MB),SWAP,130/3810MB,(cached,2MB),CPU,[0%@1344,0%@1344,0%@1344,0%@1344,0%@1344,0%@1344],GR3D_FREQ,0%,cpu@50.437C,soc2@48.531C,soc0@49.406C,gpu@50.156C,tj@50.437C,soc1@49.562C,VDD_IN,5546mW/5809mW,VDD_CPU_GPU_CV,1305mW/1385mW,VDD_SOC,2376mW/2408mW
07-27-2026,10:12:05,RAM,897/7620MB,(lfb,16x4MB),SWAP,130/3810MB,(cached,2MB),CPU,[0%@1344,0%@1344,0%@1344,0%@1344,0%@1344,0%@1344],GR3D_FREQ,0%,cpu@50.593C,soc2@48.593C,soc0@49.343C,gpu@50.687C,tj@50.687C,soc1@49.562C,VDD_IN,5585mW/5809mW,VDD_CPU_GPU_CV,1305mW/1385mW,VDD_SOC,2376mW/2408mW
07-27-2026,10:12:05,RAM,897/7620MB,(lfb,16x4MB),SWAP,130/3810MB,(cached,2MB),CPU,[0%@1344,0%@1344,0%@1344,0%@1344,0%@1344,0%@1344],GR3D_FREQ,0%,cpu@50.593C,soc2@48.562C,soc0@49.312C,gpu@50.25C,tj@50.593C,soc1@49.781C,VDD_IN,5585mW/5809mW,VDD_CPU_GPU_CV,1305mW/1385mW,VDD_SOC,2376mW/2408mW
07-27-2026,10:12:05,RAM,897/7620MB,(lfb,16x4MB),SWAP,130/3810MB,(cached,2MB),CPU,[9%@1344,0%@1344,0%@1344,0%@1344,8%@1344,0%@1344],GR3D_FREQ,0%,cpu@50.625C,soc2@48.531C,soc0@49.375C,gpu@50.031C,tj@50.625C,soc1@49.406C,VDD_IN,5546mW/5809mW,VDD_CPU_GPU_CV,1305mW/1385mW,VDD_SOC,2376mW/2408mW
07-27-2026,10:12:06,RAM,897/7620MB,(lfb,16x4MB),SWAP,130/3810MB,(cached,2MB),CPU,[0%@1344,8%@1344,0%@1344,0%@1344,0%@1344,0%@1344],GR3D_FREQ,0%,cpu@50.437C,soc2@48.468C,soc0@49.5C,gpu@50.187C,tj@50.437C,soc1@49.437C,VDD_IN,5546mW/5809mW,VDD_CPU_GPU_CV,1305mW/1385mW,VDD_SOC,2373mW/2408mW
07-27-2026,10:12:06,RAM,897/7620MB,(lfb,16x4MB),SWAP,130/3810MB,(cached,2MB),CPU,[0%@1344,0%@1344,0%@1344,0%@1344,0%@1344,9%@1344],GR3D_FREQ,0%,cpu@50.531C,soc2@48.562C,soc0@49.625C,gpu@50.125C,tj@50.531C,soc1@49.468C,VDD_IN,5585mW/5809mW,VDD_CPU_GPU_CV,1305mW/1385mW,VDD_SOC,2373mW/2408mW
07-27-2026,10:12:06,RAM,897/7620MB,(lfb,16x4MB),SWAP,130/3810MB,(cached,2MB),CPU,[0%@1344,0%@1344,0%@1344,0%@1344,0%@1344,0%@1344],GR3D_FREQ,0%,cpu@50.625C,soc2@48.531C,soc0@49.281C,gpu@50.125C,tj@50.625C,soc1@49.718C,VDD_IN,5585mW/5808mW,VDD_CPU_GPU_CV,1305mW/1385mW,VDD_SOC,2373mW/2408mW
07-27-2026,10:12:06,RAM,897/7620MB,(lfb,16x4MB),SWAP,130/3810MB,(cached,2MB),CPU,[0%@1344,0%@1344,0%@1344,0%@1344,0%@1344,0%@1344],GR3D_FREQ,0%,cpu@50.687C,soc2@48.531C,soc0@49.312C,gpu@50.25C,tj@50.687C,soc1@49.656C,VDD_IN,5546mW/5808mW,VDD_CPU_GPU_CV,1305mW/1385mW,VDD_SOC,2373mW/2408mW
07-27-2026,10:12:06,RAM,897/7620MB,(lfb,16x4MB),SWAP,130/3810MB,(cached,2MB),CPU,[0%@1344,0%@1344,0%@1344,0%@1344,0%@1344,0%@1344],GR3D_FREQ,0%,cpu@50.468C,soc2@48.468C,soc0@49.406C,gpu@50.156C,tj@50.468C,soc1@49.406C,VDD_IN,5546mW/5808mW,VDD_CPU_GPU_CV,1305mW/1385mW,VDD_SOC,2373mW/2408mW
07-27-2026,10:12:06,RAM,897/7620MB,(lfb,16x4MB),SWAP,130/3810MB,(cached,2MB),CPU,[0%@1344,9%@1344,0%@1344,0%@1344,0%@1344,0%@1344],GR3D_FREQ,0%,cpu@50.531C,soc2@48.531C,soc0@49.531C,gpu@50.718C,tj@50.718C,soc1@49.468C,VDD_IN,5546mW/5808mW,VDD_CPU_GPU_CV,1305mW/1385mW,VDD_SOC,2373mW/2408mW
07-27-2026,10:12:06,RAM,897/7620MB,(lfb,16x4MB),SWAP,130/3810MB,(cached,2MB),CPU,[0%@1344,0%@1344,0%@1344,0%@1344,0%@1344,0%@1344],GR3D_FREQ,0%,cpu@50.468C,soc2@48.531C,soc0@49.281C,gpu@50.187C,tj@50.468C,soc1@49.5C,VDD_IN,5546mW/5808mW,VDD_CPU_GPU_CV,1305mW/1385mW,VDD_SOC,2373mW/2408mW
07-27-2026,10:12:06,RAM,897/7620MB,(lfb,16x4MB),SWAP,130/3810MB,(cached,2MB),CPU,[0%@1344,0%@1344,0%@1344,0%@1344,9%@1344,0%@1344],GR3D_FREQ,0%,cpu@50.593C,soc2@48.625C,soc0@49.406C,gpu@50.218C,tj@50.593C,soc1@49.781C,VDD_IN,5585mW/5808mW,VDD_CPU_GPU_CV,1305mW/1385mW,VDD_SOC,2373mW/2408mW
07-27-2026,10:12:06,RAM,897/7620MB,(lfb,16x4MB),SWAP,130/3810MB,(cached,2MB),CPU,[0%@1344,0%@1344,0%@1344,0%@1344,0%@1344,0%@1344],GR3D_FREQ,0%,cpu@50.531C,soc2@48.531C,soc0@49.281C,gpu@50.312C,tj@50.531C,soc1@49.406C,VDD_IN,5546mW/5808mW,VDD_CPU_GPU_CV,1305mW/1385mW,VDD_SOC,2373mW/2408mW
07-27-2026,10:12:06,RAM,897/7620MB,(lfb,16x4MB),SWAP,130/3810MB,(cached,2MB),CPU,[0%@1344,0%@1344,0%@1344,0%@1344,0%@1344,0%@1344],GR3D_FREQ,0%,cpu@50.437C,soc2@48.562C,soc0@49.468C,gpu@50.25C,tj@50.437C,soc1@49.375C,VDD_IN,5546mW/5808mW,VDD_CPU_GPU_CV,1305mW/1385mW,VDD_SOC,2373mW/2408mW
07-27-2026,10:12:07,RAM,897/7620MB,(lfb,16x4MB),SWAP,130/3810MB,(cached,2MB),CPU,[0%@1344,0%@1344,0%@1344,0%@1344,0%@1344,0%@1344],GR3D_FREQ,0%,cpu@50.5C,soc2@48.562C,soc0@49.468C,gpu@50.25C,tj@50.5C,soc1@49.593C,VDD_IN,5585mW/5808mW,VDD_CPU_GPU_CV,1305mW/1385mW,VDD_SOC,2373mW/2408mW
07-27-2026,10:12:07,RAM,897/7620MB,(lfb,16x4MB),SWAP,130/3810MB,(cached,2MB),CPU,[0%@1344,0%@1344,0%@1344,0%@1344,0%@1344,0%@1344],GR3D_FREQ,0%,cpu@50.593C,soc2@48.625C,soc0@49.25C,gpu@50.25C,tj@50.593C,soc1@49.562C,VDD_IN,5585mW/5808mW,VDD_CPU_GPU_CV,1305mW/1385mW,VDD_SOC,2373mW/2408mW
07-27-2026,10:12:07,RAM,897/7620MB,(lfb,16x4MB),SWAP,130/3810MB,(cached,2MB),CPU,[0%@1344,0%@1344,0%@1344,0%@1344,0%@1344,0%@1344],GR3D_FREQ,0%,cpu@50.593C,soc2@48.437C,soc0@49.281C,gpu@50.25C,tj@50.593C,soc1@49.812C,VDD_IN,5546mW/5807mW,VDD_CPU_GPU_CV,1305mW/1385mW,VDD_SOC,2373mW/2408mW
07-27-2026,10:12:07,RAM,897/7620MB,(lfb,16x4MB),SWAP,130/3810MB,(cached,2MB),CPU,[9%@1344,0%@1344,0%@1344,0%@1344,9%@1344,0%@1344],GR3D_FREQ,0%,cpu@50.468C,soc2@48.531C,soc0@49.343C,gpu@50.156C,tj@50.468C,soc1@49.468C,VDD_IN,5585mW/5807mW,VDD_CPU_GPU_CV,1305mW/1385mW,VDD_SOC,2376mW/2408mW
07-27-2026,10:12:07,RAM,897/7620MB,(lfb,16x4MB),SWAP,130/3810MB,(cached,2MB),CPU,[0%@1344,0%@1344,0%@1344,0%@1344,0%@1344,0%@1344],GR3D_FREQ,0%,cpu@50.5C,soc2@48.531C,soc0@49.5C,gpu@50.25C,tj@50.5C,soc1@49.437C,VDD_IN,5585mW/5807mW,VDD_CPU_GPU_CV,1305mW/1385mW,VDD_SOC,2376mW/2408mW
07-27-2026,10:12:07,RAM,897/7620MB,(lfb,16x4MB),SWAP,130/3810MB,(cached,2MB),CPU,[8%@1344,0%@1344,0%@1344,0%@1344,0%@1344,0%@1344],GR3D_FREQ,0%,cpu@50.531C,soc2@48.562C,soc0@49.531C,gpu@50.218C,tj@50.531C,soc1@49.656C,VDD_IN,5585mW/5807mW,VDD_CPU_GPU_CV,1305mW/1385mW,VDD_SOC,2376mW/2408mW
07-27-2026,10:12:07,RAM,897/7620MB,(lfb,16x4MB),SWAP,130/3810MB,(cached,2MB),CPU,[0%@1344,8%@1344,0%@1344,0%@1344,0%@1344,0%@1344],GR3D_FREQ,0%,cpu@50.625C,soc2@48.531C,soc0@49.218C,gpu@50.312C,tj@50.625C,soc1@49.75C,VDD_IN,5585mW/5807mW,VDD_CPU_GPU_CV,1305mW/1385mW,VDD_SOC,2373mW/2407mW
07-27-2026,10:12:07,RAM,897/7620MB,(lfb,16x4MB),SWAP,130/3810MB,(cached,2MB),CPU,[0%@1344,0%@1344,0%@1344,0%@1344,0%@1344,0%@1344],GR3D_FREQ,0%,cpu@50.718C,soc2@48.468C,soc0@49.375C,gpu@50.25C,tj@50.718C,soc1@49.437C,VDD_IN,5585mW/5807mW,VDD_CPU_GPU_CV,1305mW/1385mW,VDD_SOC,2373mW/2407mW
07-27-2026,10:12:07,RAM,897/7620MB,(lfb,16x4MB),SWAP,130/3810MB,(cached,2MB),CPU,[0%@1344,0%@1344,0%@1344,0%@1344,0%@1344,0%@1344],GR3D_FREQ,0%,cpu@50.468C,soc2@48.531C,soc0@49.375C,gpu@50.187C,tj@50.468C,soc1@49.406C,VDD_IN,5546mW/5807mW,VDD_CPU_GPU_CV,1305mW/1385mW,VDD_SOC,2376mW/2407mW
07-27-2026,10:12:08,RAM,897/7620MB,(lfb,16x4MB),SWAP,130/3810MB,(cached,2MB),CPU,[0%@1344,0%@1344,0%@1344,0%@1344,0%@1344,0%@1344],GR3D_FREQ,0%,cpu@50.468C,soc2@48.531C,soc0@49.5C,gpu@50.312C,tj@50.468C,soc1@49.5C,VDD_IN,5546mW/5807mW,VDD_CPU_GPU_CV,1305mW/1385mW,VDD_SOC,2376mW/2407mW
07-27-2026,10:12:08,RAM,897/7620MB,(lfb,16x4MB),SWAP,130/3810MB,(cached,2MB),CPU,[0%@1344,0%@1344,0%@1344,9%@1344,0%@1344,0%@1344],GR3D_FREQ,0%,cpu@50.625C,soc2@48.718C,soc0@49.312C,gpu@50.25C,tj@50.625C,soc1@49.718C,VDD_IN,5585mW/5807mW,VDD_CPU_GPU_CV,1305mW/1385mW,VDD_SOC,2376mW/2407mW
07-27-2026,10:12:08,RAM,897/7620MB,(lfb,16x4MB),SWAP,130/3810MB,(cached,2MB),CPU,[0%@1344,0%@1344,0%@1344,0%@1344,0%@1344,0%@1344],GR3D_FREQ,0%,cpu@50.593C,soc2@48.531C,soc0@49.437C,gpu@50.437C,tj@50.593C,soc1@49.437C,VDD_IN,5585mW/5807mW,VDD_CPU_GPU_CV,1305mW/1385mW,VDD_SOC,2376mW/2407mW
07-27-2026,10:12:08,RAM,897/7620MB,(lfb,16x4MB),SWAP,130/3810MB,(cached,2MB),CPU,[0%@1344,8%@1344,0%@1344,0%@1344,0%@1344,0%@1344],GR3D_FREQ,0%,cpu@50.5C,soc2@48.562C,soc0@49.468C,gpu@50.281C,tj@50.5C,soc1@49.343C,VDD_IN,5546mW/5806mW,VDD_CPU_GPU_CV,1305mW/1385mW,VDD_SOC,2376mW/2407mW
07-27-2026,10:12:08,RAM,897/7620MB,(lfb,16x4MB),SWAP,130/3810MB,(cached,2MB),CPU,[0%@1344,0%@1344,0%@1344,0%@1344,0%@1344,0%@1344],GR3D_FREQ,0%,cpu@50.468C,soc2@48.531C,soc0@49.5C,gpu@50.187C,tj@50.468C,soc1@49.5C,VDD_IN,5585mW/5806mW,VDD_CPU_GPU_CV,1305mW/1385mW,VDD_SOC,2376mW/2407mW
07-27-2026,10:12:08,RAM,897/7620MB,(lfb,16x4MB),SWAP,130/3810MB,(cached,2MB),CPU,[0%@1344,0%@1344,0%@1344,0%@1344,0%@1344,0%@1344],GR3D_FREQ,0%,cpu@50.531C,soc2@48.531C,soc0@49.562C,gpu@50.375C,tj@50.531C,soc1@49.531C,VDD_IN,5585mW/5806mW,VDD_CPU_GPU_CV,1305mW/1384mW,VDD_SOC,2376mW/2407mW
07-27-2026,10:12:08,RAM,897/7620MB,(lfb,16x4MB),SWAP,130/3810MB,(cached,2MB),CPU,[0%@1344,0%@1344,0%@1344,0%@1344,0%@1344,0%@1344],GR3D_FREQ,0%,cpu@50.656C,soc2@48.562C,soc0@49.312C,gpu@50.343C,tj@50.656C,soc1@49.656C,VDD_IN,5546mW/5806mW,VDD_CPU_GPU_CV,1305mW/1384mW,VDD_SOC,2376mW/2407mW
07-27-2026,10:12:08,RAM,897/7620MB,(lfb,16x4MB),SWAP,130/3810MB,(cached,2MB),CPU,[0%@1344,0%@1344,0%@1344,0%@1344,0%@1344,0%@1344],GR3D_FREQ,0%,cpu@50.656C,soc2@48.468C,soc0@49.437C,gpu@50.281C,tj@50.656C,soc1@49.312C,VDD_IN,5546mW/5806mW,VDD_CPU_GPU_CV,1305mW/1384mW,VDD_SOC,2376mW/2407mW
07-27-2026,10:12:08,RAM,897/7620MB,(lfb,16x4MB),SWAP,130/3810MB,(cached,2MB),CPU,[0%@1344,0%@1344,0%@1344,0%@1344,0%@1344,0%@1344],GR3D_FREQ,0%,cpu@50.468C,soc2@48.437C,soc0@49.343C,gpu@50.343C,tj@50.468C,soc1@49.406C,VDD_IN,5546mW/5806mW,VDD_CPU_GPU_CV,1305mW/1384mW,VDD_SOC,2376mW/2407mW
07-27-2026,10:12:08,RAM,897/7620MB,(lfb,16x4MB),SWAP,130/3810MB,(cached,2MB),CPU,[0%@1344,0%@1344,0%@1344,0%@1344,0%@1344,0%@1344],GR3D_FREQ,0%,cpu@50.468C,soc2@48.562C,soc0@49.5C,gpu@50.25C,tj@50.468C,soc1@49.562C,VDD_IN,5546mW/5806mW,VDD_CPU_GPU_CV,1305mW/1384mW,VDD_SOC,2376mW/2407mW
07-27-2026,10:12:09,RAM,897/7620MB,(lfb,16x4MB),SWAP,130/3810MB,(cached,2MB),CPU,[0%@1344,0%@1344,0%@1344,0%@1344,0%@1344,0%@1344],GR3D_FREQ,0%,cpu@50.625C,soc2@48.656C,soc0@49.593C,gpu@50.125C,tj@50.625C,soc1@49.625C,VDD_IN,5546mW/5806mW,VDD_CPU_GPU_CV,1305mW/1384mW,VDD_SOC,2373mW/2407mW
07-27-2026,10:12:09,RAM,897/7620MB,(lfb,16x4MB),SWAP,130/3810MB,(cached,2MB),CPU,[0%@1344,0%@1344,0%@1344,0%@1344,9%@1344,0%@1344],GR3D_FREQ,0%,cpu@50.656C,soc2@48.687C,soc0@49.312C,gpu@50.343C,tj@50.625C,soc1@49.375C,VDD_IN,5585mW/5806mW,VDD_CPU_GPU_CV,1305mW/1384mW,VDD_SOC,2376mW/2407mW
07-27-2026,10:12:09,RAM,897/7620MB,(lfb,16x4MB),SWAP,130/3810MB,(cached,2MB),CPU,[0%@1344,0%@1344,0%@1344,0%@1344,0%@1344,0%@1344],GR3D_FREQ,0%,cpu@50.468C,soc2@48.437C,soc0@49.375C,gpu@50.218C,tj@50.468C,soc1@49.468C,VDD_IN,5585mW/5806mW,VDD_CPU_GPU_CV,1305mW/1384mW,VDD_SOC,2376mW/2407mW
07-27-2026,10:12:09,RAM,897/7620MB,(lfb,16x4MB),SWAP,130/3810MB,(cached,2MB),CPU,[0%@1344,0%@1344,0%@1344,0%@1344,0%@1344,0%@1344],GR3D_FREQ,0%,cpu@50.375C,soc2@48.531C,soc0@49.468C,gpu@50.468C,tj@50.468C,soc1@49.531C,VDD_IN,5546mW/5805mW,VDD_CPU_GPU_CV,1305mW/1384mW,VDD_SOC,2376mW/2407mW
07-27-2026,10:12:09,RAM,897/7620MB,(lfb,16x4MB),SWAP,130/3810MB,(cached,2MB),CPU,[0%@1344,0%@1344,0%@1344,0%@1344,0%@1344,0%@1344],GR3D_FREQ,0%,cpu@50.593C,soc2@48.5C,soc0@49.531C,gpu@50.281C,tj@50.593C,soc1@49.562C,VDD_IN,5546mW/5805mW,VDD_CPU_GPU_CV,1305mW/1384mW,VDD_SOC,2376mW/2407mW
07-27-2026,10:12:09,RAM,897/7620MB,(lfb,16x4MB),SWAP,130/3810MB,(cached,2MB),CPU,[0%@1344,9%@1344,0%@1344,0%@1344,0%@1344,0%@1344],GR3D_FREQ,0%,cpu@50.562C,soc2@48.593C,soc0@49.406C,gpu@50.218C,tj@50.562C,soc1@49.687C,VDD_IN,5546mW/5805mW,VDD_CPU_GPU_CV,1305mW/1384mW,VDD_SOC,2376mW/2407mW
07-27-2026,10:12:09,RAM,897/7620MB,(lfb,16x4MB),SWAP,130/3810MB,(cached,2MB),CPU,[0%@1344,0%@1344,0%@1344,0%@1344,0%@1344,0%@1344],GR3D_FREQ,0%,cpu@50.625C,soc2@48.5C,soc0@49.312C,gpu@50.406C,tj@50.625C,soc1@49.5C,VDD_IN,5546mW/5805mW,VDD_CPU_GPU_CV,1305mW/1384mW,VDD_SOC,2376mW/2407mW
07-27-2026,10:12:09,RAM,897/7620MB,(lfb,16x4MB),SWAP,130/3810MB,(cached,2MB),CPU,[0%@1344,0%@1344,0%@1344,0%@1344,0%@1344,0%@1344],GR3D_FREQ,0%,cpu@50.343C,soc2@48.531C,soc0@49.406C,gpu@50.312C,tj@50.343C,soc1@49.437C,VDD_IN,5546mW/5805mW,VDD_CPU_GPU_CV,1305mW/1384mW,VDD_SOC,2376mW/2407mW
07-27-2026,10:12:09,RAM,897/7620MB,(lfb,16x4MB),SWAP,130/3810MB,(cached,2MB),CPU,[0%@1344,0%@1344,0%@1344,0%@1344,0%@1344,0%@1344],GR3D_FREQ,0%,cpu@50.5C,soc2@48.531C,soc0@49.5C,gpu@50.531C,tj@50.5C,soc1@49.468C,VDD_IN,5546mW/5805mW,VDD_CPU_GPU_CV,1305mW/1384mW,VDD_SOC,2373mW/2407mW
07-27-2026,10:12:10,RAM,897/7620MB,(lfb,16x4MB),SWAP,130/3810MB,(cached,2MB),CPU,[0%@1344,0%@1344,0%@1344,0%@1344,0%@1344,0%@1344],GR3D_FREQ,0%,cpu@50.687C,soc2@48.5C,soc0@49.312C,gpu@50.468C,tj@50.687C,soc1@49.625C,VDD_IN,5546mW/5805mW,VDD_CPU_GPU_CV,1305mW/1384mW,VDD_SOC,2376mW/2407mW
07-27-2026,10:12:10,RAM,897/7620MB,(lfb,16x4MB),SWAP,130/3810MB,(cached,2MB),CPU,[0%@1344,0%@1344,9%@1344,0%@1344,0%@1344,0%@1344],GR3D_FREQ,0%,cpu@50.656C,soc2@48.5C,soc0@49.406C,gpu@50.312C,tj@50.656C,soc1@49.281C,VDD_IN,5585mW/5805mW,VDD_CPU_GPU_CV,1305mW/1384mW,VDD_SOC,2373mW/2407mW
07-27-2026,10:12:10,RAM,897/7620MB,(lfb,16x4MB),SWAP,130/3810MB,(cached,2MB),CPU,[0%@1344,0%@1344,0%@1344,0%@1344,0%@1344,0%@1344],GR3D_FREQ,0%,cpu@50.406C,soc2@48.5C,soc0@49.312C,gpu@50.468C,tj@50.406C,soc1@49.5C,VDD_IN,5585mW/5805mW,VDD_CPU_GPU_CV,1305mW/1384mW,VDD_SOC,2376mW/2407mW
07-27-2026,10:12:10,RAM,897/7620MB,(lfb,16x4MB),SWAP,130/3810MB,(cached,2MB),CPU,[0%@1344,0%@1344,0%@1344,0%@1344,0%@1344,0%@1344],GR3D_FREQ,0%,cpu@50.468C,soc2@48.531C,soc0@49.468C,gpu@50.406C,tj@50.468C,soc1@49.531C,VDD_IN,5546mW/5805mW,VDD_CPU_GPU_CV,1305mW/1384mW,VDD_SOC,2376mW/2407mW
07-27-2026,10:12:10,RAM,897/7620MB,(lfb,16x4MB),SWAP,130/3810MB,(cached,2MB),CPU,[0%@1344,0%@1344,0%@1344,0%@1344,0%@1344,0%@1344],GR3D_FREQ,0%,cpu@50.5C,soc2@48.562C,soc0@49.593C,gpu@50.25C,tj@50.5C,soc1@49.5C,VDD_IN,5546mW/5804mW,VDD_CPU_GPU_CV,1305mW/1384mW,VDD_SOC,2376mW/2407mW
07-27-2026,10:12:10,RAM,897/7620MB,(lfb,16x4MB),SWAP,130/3810MB,(cached,2MB),CPU,[0%@1344,8%@1344,0%@1344,0%@1344,0%@1344,0%@1344],GR3D_FREQ,0%,cpu@50.625C,soc2@48.531C,soc0@49.281C,gpu@50.531C,tj@50.625C,soc1@49.687C,VDD_IN,5546mW/5804mW,VDD_CPU_GPU_CV,1305mW/1384mW,VDD_SOC,2376mW/2407mW
07-27-2026,10:12:10,RAM,897/7620MB,(lfb,16x4MB),SWAP,130/3810MB,(cached,2MB),CPU,[0%@1344,9%@1344,0%@1344,0%@1344,0%@1344,0%@1344],GR3D_FREQ,0%,cpu@50.656C,soc2@48.437C,soc0@49.343C,gpu@50.375C,tj@50.656C,soc1@49.343C,VDD_IN,5546mW/5804mW,VDD_CPU_GPU_CV,1305mW/1384mW,VDD_SOC,2376mW/2407mW
07-27-2026,10:12:10,RAM,897/7620MB,(lfb,16x4MB),SWAP,130/3810MB,(cached,2MB),CPU,[0%@1344,0%@1344,0%@1344,0%@1344,0%@1344,0%@1344],GR3D_FREQ,0%,cpu@50.468C,soc2@48.5C,soc0@49.406C,gpu@50.218C,tj@50.468C,soc1@49.5C,VDD_IN,5555mW/5804mW,VDD_CPU_GPU_CV,1305mW/1384mW,VDD_SOC,2376mW/2407mW
07-27-2026,10:12:10,RAM,897/7620MB,(lfb,16x4MB),SWAP,130/3810MB,(cached,2MB),CPU,[8%@1344,0%@1344,0%@1344,0%@1344,0%@1344,0%@1344],GR3D_FREQ,0%,cpu@50.5C,soc2@48.562C,soc0@49.531C,gpu@50.5C,tj@50.5C,soc1@49.531C,VDD_IN,5546mW/5804mW,VDD_CPU_GPU_CV,1305mW/1384mW,VDD_SOC,2376mW/2407mW
07-27-2026,10:12:10,RAM,897/7620MB,(lfb,16x4MB),SWAP,130/3810MB,(cached,2MB),CPU,[0%@1344,0%@1344,0%@1344,0%@1344,0%@1344,0%@1344],GR3D_FREQ,0%,cpu@50.656C,soc2@48.687C,soc0@49.375C,gpu@50.312C,tj@50.656C,soc1@49.718C,VDD_IN,5546mW/5804mW,VDD_CPU_GPU_CV,1307mW/1384mW,VDD_SOC,2376mW/2407mW
07-27-2026,10:12:11,RAM,897/7620MB,(lfb,16x4MB),SWAP,130/3810MB,(cached,2MB),CPU,[0%@1344,0%@1344,0%@1344,0%@1344,0%@1344,0%@1344],GR3D_FREQ,0%,cpu@50.75C,soc2@48.406C,soc0@49.343C,gpu@50.593C,tj@50.75C,soc1@49.687C,VDD_IN,5555mW/5804mW,VDD_CPU_GPU_CV,1307mW/1384mW,VDD_SOC,2376mW/2407mW
07-27-2026,10:12:11,RAM,897/7620MB,(lfb,16x4MB),SWAP,130/3810MB,(cached,2MB),CPU,[0%@1344,0%@1344,0%@1344,0%@1344,0%@1344,0%@1344],GR3D_FREQ,0%,cpu@50.468C,soc2@48.437C,soc0@49.312C,gpu@50.468C,tj@50.468C,soc1@49.468C,VDD_IN,5594mW/5804mW,VDD_CPU_GPU_CV,1305mW/1384mW,VDD_SOC,2376mW/2407mW
07-27-2026,10:12:11,RAM,897/7620MB,(lfb,16x4MB),SWAP,130/3810MB,(cached,2MB),CPU,[0%@1344,0%@1344,0%@1344,0%@1344,0%@1344,0%@1344],GR3D_FREQ,0%,cpu@50.5C,soc2@48.531C,soc0@49.312C,gpu@50.312C,tj@50.5C,soc1@49.531C,VDD_IN,5546mW/5804mW,VDD_CPU_GPU_CV,1305mW/1384mW,VDD_SOC,2376mW/2407mW
07-27-2026,10:12:11,RAM,897/7620MB,(lfb,16x4MB),SWAP,130/3810MB,(cached,2MB),CPU,[0%@1344,0%@1344,0%@1344,0%@1344,0%@1344,0%@1344],GR3D_FREQ,0%,cpu@50.468C,soc2@48.562C,soc0@49.531C,gpu@50.562C,tj@50.562C,soc1@49.562C,VDD_IN,5546mW/5803mW,VDD_CPU_GPU_CV,1305mW/1384mW,VDD_SOC,2376mW/2407mW
07-27-2026,10:12:11,RAM,897/7620MB,(lfb,16x4MB),SWAP,130/3810MB,(cached,2MB),CPU,[0%@1344,8%@1344,0%@1344,0%@1344,0%@1344,0%@1344],GR3D_FREQ,0%,cpu@50.718C,soc2@48.531C,soc0@49.25C,gpu@50.437C,tj@50.718C,soc1@49.656C,VDD_IN,5546mW/5803mW,VDD_CPU_GPU_CV,1305mW/1384mW,VDD_SOC,2376mW/2407mW
07-27-2026,10:12:11,RAM,897/7620MB,(lfb,16x4MB),SWAP,130/3810MB,(cached,2MB),CPU,[0%@1344,0%@1344,0%@1344,0%@1344,0%@1344,0%@1344],GR3D_FREQ,0%,cpu@50.875C,soc2@48.5C,soc0@49.281C,gpu@50.281C,tj@50.875C,soc1@49.718C,VDD_IN,5546mW/5803mW,VDD_CPU_GPU_CV,1305mW/1384mW,VDD_SOC,2376mW/2407mW
07-27-2026,10:12:11,RAM,897/7620MB,(lfb,16x4MB),SWAP,130/3810MB,(cached,2MB),CPU,[8%@1344,0%@1344,0%@1344,0%@1344,0%@1344,0%@1344],GR3D_FREQ,0%,cpu@50.468C,soc2@48.5C,soc0@49.437C,gpu@50.562C,tj@50.562C,soc1@49.437C,VDD_IN,5546mW/5803mW,VDD_CPU_GPU_CV,1305mW/1384mW,VDD_SOC,2376mW/2407mW
07-27-2026,10:12:11,RAM,897/7620MB,(lfb,16x4MB),SWAP,130/3810MB,(cached,2MB),CPU,[0%@1344,0%@1344,0%@1344,0%@1344,0%@1344,0%@1344],GR3D_FREQ,0%,cpu@50.468C,soc2@48.531C,soc0@49.531C,gpu@50.281C,tj@50.468C,soc1@49.531C,VDD_IN,5546mW/5803mW,VDD_CPU_GPU_CV,1305mW/1383mW,VDD_SOC,2376mW/2407mW
07-27-2026,10:12:11,RAM,897/7620MB,(lfb,16x4MB),SWAP,130/3810MB,(cached,2MB),CPU,[0%@1344,0%@1344,0%@1344,0%@1344,0%@1344,0%@1344],GR3D_FREQ,0%,cpu@50.593C,soc2@48.531C,soc0@49.312C,gpu@50.156C,tj@50.593C,soc1@49.656C,VDD_IN,5546mW/5803mW,VDD_CPU_GPU_CV,1305mW/1383mW,VDD_SOC,2376mW/2407mW
07-27-2026,10:12:11,RAM,897/7620MB,(lfb,16x4MB),SWAP,130/3810MB,(cached,2MB),CPU,[0%@1344,0%@1344,0%@1344,0%@1344,0%@1344,0%@1344],GR3D_FREQ,0%,cpu@50.75C,soc2@48.562C,soc0@49.312C,gpu@50.5C,tj@50.75C,soc1@49.625C,VDD_IN,5546mW/5803mW,VDD_CPU_GPU_CV,1305mW/1383mW,VDD_SOC,2376mW/2407mW
