07-27-2026,16:34:01,RAM,818/7620MB,(lfb,12x4MB),SWAP,130/3810MB,(cached,2MB),CPU,[0%@1344,0%@1344,8%@1344,0%@1344,0%@1344,0%@1344],GR3D_FREQ,0%,cpu@50.437C,soc2@48.5C,soc0@49.406C,gpu@50.625C,tj@50.625C,soc1@49.375C,VDD_IN,5594mW/5594mW,VDD_CPU_GPU_CV,1307mW/1307mW,VDD_SOC,2376mW/2376mW
07-27-2026,16:34:01,RAM,818/7620MB,(lfb,12x4MB),SWAP,130/3810MB,(cached,2MB),CPU,[0%@1344,0%@1344,0%@1344,0%@1344,0%@1344,0%@1344],GR3D_FREQ,0%,cpu@50.437C,soc2@48.656C,soc0@49.5C,gpu@50.343C,tj@50.437C,soc1@49.468C,VDD_IN,5594mW/5594mW,VDD_CPU_GPU_CV,1307mW/1307mW,VDD_SOC,2376mW/2376mW
07-27-2026,16:34:01,RAM,818/7620MB,(lfb,12x4MB),SWAP,130/3810MB,(cached,2MB),CPU,[0%@1344,0%@1344,0%@1344,0%@1344,0%@1344,0%@1344],GR3D_FREQ,0%,cpu@50.468C,soc2@48.656C,soc0@49.593C,gpu@50.218C,tj@50.812C,soc1@49.593C,VDD_IN,5594mW/5594mW,VDD_CPU_GPU_CV,1307mW/1307mW,VDD_SOC,2376mW/2376mW
07-27-2026,16:34:02,RAM,818/7620MB,(lfb,12x4MB),SWAP,130/3810MB,(cached,2MB),CPU,[0%@1344,0%@1344,0%@1344,0%@1344,0%@1344,0%@1344],GR3D_FREQ,0%,cpu@50.562C,soc2@48.75C,soc0@49.312C,gpu@50.687C,tj@50.687C,soc1@49.718C,VDD_IN,5555mW/5584mW,VDD_CPU_GPU_CV,1307mW/1307mW,VDD_SOC,2376mW/2376mW
07-27-2026,16:34:02,RAM,818/7620MB,(lfb,12x4MB),SWAP,130/3810MB,(cached,2MB),CPU,[0%@1344,9%@1344,0%@1344,0%@1344,0%@1344,0%@1344],GR3D_FREQ,0%,cpu@50.687C,soc2@48.562C,soc0@49.375C,gpu@50.25C,tj@50.687C,soc1@49.468C,VDD_IN,5594mW/5586mW,VDD_CPU_GPU_CV,1307mW/1307mW,VDD_SOC,2376mW/2376mW
07-27-2026,16:34:02,RAM,818/7620MB,(lfb,12x4MB),SWAP,130/3810MB,(cached,2MB),CPU,[0%@1344,0%@1344,0%@1344,0%@1344,0%@1344,0%@1344],GR3D_FREQ,0%,cpu@50.437C,soc2@48.593C,soc0@49.5C,gpu@50.75C,tj@50.75C,soc1@49.531C,VDD_IN,5594mW/5588mW,VDD_CPU_GPU_CV,1307mW/1307mW,VDD_SOC,2376mW/2376mW
07-27-2026,16:34:02,RAM,818/7620MB,(lfb,12x4MB),SWAP,130/3810MB,(cached,2MB),CPU,[0%@1344,0%@1344,0%@1344,0%@1344,0%@1344,0%@1344],GR3D_FREQ,0%,cpu@50.437C,soc2@48.625C,soc0@49.5C,gpu@50.562C,tj@50.562C,soc1@49.562C,VDD_IN,5594mW/5588mW,VDD_CPU_GPU_CV,1307mW/1307mW,VDD_SOC,2376mW/2376mW
07-27-2026,16:34:02,RAM,818/7620MB,(lfb,12x4MB),SWAP,130/3810MB,(cached,2MB),CPU,[0%@1344,0%@1344,0%@1344,0%@1344,0%@1344,0%@1344],GR3D_FREQ,0%,cpu@50.593C,soc2@48.656C,soc0@49.406C,gpu@50.312C,tj@50.593C,soc1@49.718C,VDD_IN,5555mW/5584mW,VDD_CPU_GPU_CV,1307mW/1307mW,VDD_SOC,2376mW/2376mW
07-27-2026,16:34:02,RAM,818/7620MB,(lfb,12x4MB),SWAP,130/3810MB,(cached,2MB),CPU,[0%@1344,0%@1344,0%@1344,0%@1344,0%@1344,0%@1344],GR3D_FREQ,0%,cpu@50.687C,soc2@48.781C,soc0@49.5C,gpu@50.75C,tj@50.75C,soc1@49.437C,VDD_IN,5555mW/5581mW,VDD_CPU_GPU_CV,1307mW/1307mW,VDD_SOC,2376mW/2376mW
07-27-2026,16:34:02,RAM,818/7620MB,(lfb,12x4MB),SWAP,130/3810MB,(cached,2MB),CPU,[0%@1344,0%@1344,0%@1344,0%@1344,0%@1344,0%@1344],GR3D_FREQ,0%,cpu@50.437C,soc2@48.562C,soc0@49.5C,gpu@50.562C,tj@50.562C,soc1@49.562C,VDD_IN,5555mW/5578mW,VDD_CPU_GPU_CV,1307mW/1307mW,VDD_SOC,2376mW/2376mW
07-27-2026,16:34:02,RAM,818/7620MB,(lfb,12x4MB),SWAP,130/3810MB,(cached,2MB),CPU,[0%@1344,0%@1344,0%@1344,0%@1344,0%@1344,0%@1344],GR3D_FREQ,0%,cpu@50.562C,soc2@48.625C,soc0@49.562C,gpu@50.25C,tj@50.562C,soc1@49.5C,VDD_IN,5555mW/5576mW,VDD_CPU_GPU_CV,1307mW/1307mW,VDD_SOC,2376mW/2376mW
07-27-2026,16:34:02,RAM,818/7620MB,(lfb,12x4MB),SWAP,130/3810MB,(cached,2MB),CPU,[0%@1344,9%@1344,0%@1344,0%@1344,0%@1344,0%@1344],GR3D_FREQ,0%,cpu@50.531C,soc2@48.593C,soc0@49.531C,gpu@50.687C,tj@50.875C,soc1@49.656C,VDD_IN,5555mW/5575mW,VDD_CPU_GPU_CV,1307mW/1307mW,VDD_SOC,2376mW/2376mW
07-27-2026,16:34:02,RAM,818/7620MB,(lfb,12x4MB),SWAP,130/3810MB,(cached,2MB),CPU,[0%@1344,0%@1344,0%@1344,0%@1344,0%@1344,0%@1344],GR3D_FREQ,0%,cpu@50.562C,soc2@48.656C,soc0@49.5C,gpu@50.281C,tj@50.562C,soc1@49.781C,VDD_IN,5555mW/5573mW,VDD_CPU_GPU_CV,1307mW/1307mW,VDD_SOC,2376mW/2376mW
07-27-2026,16:34:03,RAM,818/7620MB,(lfb,12x4MB),SWAP,130/3810MB,(cached,2MB),CPU,[0%@1344,0%@1344,0%@1344,0%@1344,0%@1344,0%@1344],GR3D_FREQ,0%,cpu@50.718C,soc2@48.562C,soc0@49.437C,gpu@50.187C,tj@50.718C,soc1@49.5C,VDD_IN,5555mW/5572mW,VDD_CPU_GPU_CV,1307mW/1307mW,VDD_SOC,2376mW/2376mW
07-27-2026,16:34:03,RAM,816/7620MB,(lfb,12x4MB),SWAP,130/3810MB,(cached,2MB),CPU,[0%@1344,0%@1344,0%@1344,0%@1344,0%@1344,9%@1344],GR3D_FREQ,0%,cpu@50.562C,soc2@48.531C,soc0@49.5C,gpu@50.687C,tj@50.687C,soc1@49.531C,VDD_IN,5594mW/5573mW,VDD_CPU_GPU_CV,1307mW/1307mW,VDD_SOC,2376mW/2376mW
07-27-2026,16:34:03,RAM,816/7620MB,(lfb,12x4MB),SWAP,130/3810MB,(cached,2MB),CPU,[0%@1344,0%@1344,0%@1344,0%@1344,0%@1344,0%@1344],GR3D_FREQ,0%,cpu@50.531C,soc2@48.656C,soc0@49.593C,gpu@50.25C,tj@50.531C,soc1@49.468C,VDD_IN,5594mW/5575mW,VDD_CPU_GPU_CV,1307mW/1307mW,VDD_SOC,2376mW/2376mW
07-27-2026,16:34:03,RAM,816/7620MB,(lfb,12x4MB),SWAP,130/3810MB,(cached,2MB),CPU,[0%@1344,0%@1344,0%@1344,0%@1344,0%@1344,0%@1344],GR3D_FREQ,0%,cpu@50.593C,soc2@48.531C,soc0@49.437C,gpu@50.25C,tj@50.593C,soc1@49.562C,VDD_IN,5594mW/5576mW,VDD_CPU_GPU_CV,1307mW/1307mW,VDD_SOC,2376mW/2376mW
07-27-2026,16:34:03,RAM,816/7620MB,(lfb,12x4MB),SWAP,130/3810MB,(cached,2MB),CPU,[0%@1344,0%@1344,0%@1344,0%@1344,0%@1344,0%@1344],GR3D_FREQ,0%,cpu@50.687C,soc2@48.562C,soc0@49.468C,gpu@50.656C,tj@50.687C,soc1@49.781C,VDD_IN,5555mW/5575mW,VDD_CPU_GPU_CV,1307mW/1307mW,VDD_SOC,2376mW/2376mW
07-27-2026,16:34:03,RAM,816/7620MB,(lfb,12x4MB),SWAP,130/3810MB,(cached,2MB),CPU,[0%@1344,0%@1344,0%@1344,0%@1344,0%@1344,0%@1344],GR3D_FREQ,0%,cpu@50.468C,soc2@48.531C,soc0@49.5C,gpu@50.25C,tj@50.468C,soc1@49.437C,VDD_IN,5555mW/5573mW,VDD_CPU_GPU_CV,1307mW/1307mW,VDD_SOC,2376mW/2376mW
07-27-2026,16:34:03,RAM,816/7620MB,(lfb,12x4MB),SWAP,130/3810MB,(cached,2MB),CPU,[0%@1344,0%@1344,0%@1344,0%@1344,0%@1344,0%@1344],GR3D_FREQ,0%,cpu@50.406C,soc2@48.562C,soc0@49.5C,gpu@50.718C,tj@50.718C,soc1@49.593C,VDD_IN,5555mW/5573mW,VDD_CPU_GPU_CV,1307mW/1307mW,VDD_SOC,2376mW/2376mW
07-27-2026,16:34:03,RAM,816/7620MB,(lfb,12x4MB),SWAP,130/3810MB,(cached,2MB),CPU,[0%@1344,9%@1344,0%@1344,0%@1344,0%@1344,0%@1344],GR3D_FREQ,0%,cpu@50.531C,soc2@48.531C,soc0@49.656C,gpu@50.625C,tj@50.625C,soc1@49.593C,VDD_IN,5555mW/5572mW,VDD_CPU_GPU_CV,1307mW/1307mW,VDD_SOC,2376mW/2376mW
07-27-2026,16:34:03,RAM,816/7620MB,(lfb,12x4MB),SWAP,130/3810MB,(cached,2MB),CPU,[0%@1344,0%@1344,0%@1344,0%@1344,0%@1344,0%@1344],GR3D_FREQ,0%,cpu@50.593C,soc2@48.781C,soc0@49.375C,gpu@50.25C,tj@50.593C,soc1@49.718C,VDD_IN,5594mW/5573mW,VDD_CPU_GPU_CV,1307mW/1307mW,VDD_SOC,2376mW/2376mW
07-27-2026,16:34:03,RAM,816/7620MB,(lfb,12x4MB),SWAP,130/3810MB,(cached,2MB),CPU,[0%@1344,0%@1344,0%@1344,0%@1344,0%@1344,0%@1344],GR3D_FREQ,0%,cpu@50.5C,soc2@48.531C,soc0@49.375C,gpu@50.718C,tj@50.718C,soc1@49.531C,VDD_IN,5555mW/5572mW,VDD_CPU_GPU_CV,1307mW/1307mW,VDD_SOC,2376mW/2376mW
07-27-2026,16:34:04,RAM,817/7620MB,(lfb,12x4MB),SWAP,130/3810MB,(cached,2MB),CPU,[0%@1344,0%@1344,9%@1344,0%@1344,0%@1344,9%@1344],GR3D_FREQ,0%,cpu@50.5C,soc2@48.593C,soc0@49.5C,gpu@50.25C,tj@50.625C,soc1@49.437C,VDD_IN,5594mW/5573mW,VDD_CPU_GPU_CV,1307mW/1307mW,VDD_SOC,2376mW/2376mW
07-27-2026,16:34:04,RAM,816/7620MB,(lfb,12x4MB),SWAP,130/3810MB,(cached,2MB),CPU,[9%@1344,0%@1344,0%@1344,0%@1344,0%@1344,0%@1344],GR3D_FREQ,0%,cpu@50.562C,soc2@48.687C,soc0@49.562C,gpu@50.25C,tj@50.562C,soc1@49.656C,VDD_IN,5594mW/5574mW,VDD_CPU_GPU_CV,1307mW/1307mW,VDD_SOC,2376mW/2376mW
07-27-2026,16:34:04,RAM,816/7620MB,(lfb,12x4MB),SWAP,130/3810MB,(cached,2MB),CPU,[9%@1344,0%@1344,0%@1344,0%@1344,0%@1344,0%@1344],GR3D_FREQ,0%,cpu@50.625C,soc2@48.687C,soc0@49.5C,gpu@50.75C,tj@50.75C,soc1@49.625C,VDD_IN,5594mW/5575mW,VDD_CPU_GPU_CV,1307mW/1307mW,VDD_SOC,2376mW/2376mW
07-27-2026,16:34:04,RAM,816/7620MB,(lfb,12x4MB),SWAP,130/3810MB,(cached,2MB),CPU,[8%@1344,0%@1344,0%@1344,0%@1344,0%@1344,0%@1344],GR3D_FREQ,0%,cpu@50.656C,soc2@48.625C,soc0@49.468C,gpu@50.312C,tj@50.656C,soc1@49.75C,VDD_IN,5555mW/5574mW,VDD_CPU_GPU_CV,1307mW/1307mW,VDD_SOC,2376mW/2376mW
07-27-2026,16:34:04,RAM,816/7620MB,(lfb,12x4MB),SWAP,130/3810MB,(cached,2MB),CPU,[0%@1344,0%@1344,0%@1344,0%@1344,0%@1344,0%@1344],GR3D_FREQ,0%,cpu@50.437C,soc2@48.531C,soc0@49.5C,gpu@50.25C,tj@50.437C,soc1@49.531C,VDD_IN,5555mW/5573mW,VDD_CPU_GPU_CV,1307mW/1307mW,VDD_SOC,2376mW/2376mW
07-27-2026,16:34:04,RAM,816/7620MB,(lfb,12x4MB),SWAP,130/3810MB,(cached,2MB),CPU,[0%@1344,0%@1344,0%@1344,0%@1344,0%@1344,0%@1344],GR3D_FREQ,0%,cpu@50.531C,soc2@48.562C,soc0@49.5C,gpu@50.718C,tj@50.718C,soc1@49.625C,VDD_IN,5555mW/5572mW,VDD_CPU_GPU_CV,1307mW/1307mW,VDD_SOC,2376mW/2376mW
07-27-2026,16:34:04,RAM,816/7620MB,(lfb,12x4MB),SWAP,130/3810MB,(cached,2MB),CPU,[0%@1344,0%@1344,0%@1344,0%@1344,0%@1344,0%@1344],GR3D_FREQ,0%,cpu@50.593C,soc2@48.625C,soc0@49.312C,gpu@50.343C,tj@50.593C,soc1@49.562C,VDD_IN,5555mW/5572mW,VDD_CPU_GPU_CV,1307mW/1307mW,VDD_SOC,2376mW/2376mW
07-27-2026,16:34:04,RAM,816/7620MB,(lfb,12x4MB),SWAP,130/3810MB,(cached,2MB),CPU,[0%@1344,0%@1344,0%@1344,0%@1344,0%@1344,0%@1344],GR3D_FREQ,0%,cpu@50.687C,soc2@48.625C,soc0@49.375C,gpu@50.218C,tj@50.687C,soc1@49.812C,VDD_IN,5555mW/5571mW,VDD_CPU_GPU_CV,1307mW/1307mW,VDD_SOC,2376mW/2376mW
07-27-2026,16:34:04,RAM,816/7620MB,(lfb,12x4MB),SWAP,130/3810MB,(cached,2MB),CPU,[0%@1344,0%@1344,0%@1344,0%@1344,0%@1344,0%@1344],GR3D_FREQ,0%,cpu@50.625C,soc2@48.531C,soc0@49.437C,gpu@50.625C,tj@50.625C,soc1@49.437C,VDD_IN,5555mW/5571mW,VDD_CPU_GPU_CV,1307mW/1307mW,VDD_SOC,2376mW/2376mW
07-27-2026,16:34:05,RAM,816/7620MB,(lfb,12x4MB),SWAP,130/3810MB,(cached,2MB),CPU,[0%@1344,9%@1344,0%@1344,0%@1344,0%@1344,0%@1344],GR3D_FREQ,0%,cpu@50.468C,soc2@48.531C,soc0@49.468C,gpu@50.281C,tj@50.468C,soc1@49.562C,VDD_IN,5555mW/5570mW,VDD_CPU_GPU_CV,1307mW/1307mW,VDD_SOC,2376mW/2376mW
07-27-2026,16:34:05,RAM,817/7620MB,(lfb,12x4MB),SWAP,130/3810MB,(cached,2MB),CPU,[0%@1344,0%@1344,0%@1344,0%@1344,16%@1344,0%@1344],GR3D_FREQ,0%,cpu@50.531C,soc2@48.593C,soc0@49.687C,gpu@50.25C,tj@50.531C,soc1@49.656C,VDD_IN,5594mW/5571mW,VDD_CPU_GPU_CV,1307mW/1307mW,VDD_SOC,2376mW/2376mW
07-27-2026,16:34:05,RAM,817/7620MB,(lfb,12x4MB),SWAP,130/3810MB,(cached,2MB),CPU,[0%@1344,0%@1344,0%@1344,0%@1344,0%@1344,0%@1344],GR3D_FREQ,0%,cpu@50.593C,soc2@48.656C,soc0@49.343C,gpu@50.343C,tj@50.593C,soc1@49.718C,VDD_IN,5594mW/5572mW,VDD_CPU_GPU_CV,1307mW/1307mW,VDD_SOC,2376mW/2376mW
07-27-2026,16:34:05,RAM,817/7620MB,(lfb,12x4MB),SWAP,130/3810MB,(cached,2MB),CPU,[0%@1344,0%@1344,0%@1344,0%@1344,0%@1344,0%@1344],GR3D_FREQ,0%,cpu@50.718C,soc2@48.593C,soc0@49.437C,gpu@50.312C,tj@50.718C,soc1@49.75C,VDD_IN,5555mW/5571mW,VDD_CPU_GPU_CV,1307mW/1307mW,VDD_SOC,2376mW/2376mW
07-27-2026,16:34:05,RAM,817/7620MB,(lfb,12x4MB),SWAP,130/3810MB,(cached,2MB),CPU,[0%@1344,0%@1344,0%@1344,0%@1344,0%@1344,0%@1344],GR3D_FREQ,0%,cpu@50.468C,soc2@48.625C,soc0@49.562C,gpu@50.781C,tj@50.781C,soc1@49.593C,VDD_IN,5555mW/5571mW,VDD_CPU_GPU_CV,1307mW/1307mW,VDD_SOC,2376mW/2376mW
07-27-2026,16:34:05,RAM,817/7620MB,(lfb,12x4MB),SWAP,130/3810MB,(cached,2MB),CPU,[0%@1344,0%@1344,0%@1344,0%@1344,0%@1344,0%@1344],GR3D_FREQ,0%,cpu@50.531C,soc2@48.687C,soc0@49.562C,gpu@50.343C,tj@50.531C,soc1@49.531C,VDD_IN,5555mW/5570mW,VDD_CPU_GPU_CV,1307mW/1307mW,VDD_SOC,2376mW/2376mW
07-27-2026,16:34:05,RAM,817/7620MB,(lfb,12x4MB),SWAP,130/3810MB,(cached,2MB),CPU,[0%@1344,0%@1344,0%@1344,0%@1344,0%@1344,0%@1344],GR3D_FREQ,0%,cpu@50.625C,soc2@48.687C,soc0@49.25C,gpu@50.281C,tj@50.625C,soc1@49.656C,VDD_IN,5555mW/5570mW,VDD_CPU_GPU_CV,1307mW/1307mW,VDD_SOC,2376mW/2376mW
07-27-2026,16:34:05,RAM,817/7620MB,(lfb,12x4MB),SWAP,130/3810MB,(cached,2MB),CPU,[0%@1344,0%@1344,0%@1344,0%@1344,0%@1344,0%@1344],GR3D_FREQ,0%,cpu@50.656C,soc2@48.687C,soc0@49.343C,gpu@50.781C,tj@50.781C,soc1@49.718C,VDD_IN,5555mW/5570mW,VDD_CPU_GPU_CV,1307mW/1307mW,VDD_SOC,2376mW/2376mW
07-27-2026,16:34:05,RAM,817/7620MB,(lfb,12x4MB),SWAP,130/3810MB,(cached,2MB),CPU,[0%@1344,0%@1344,0%@1344,0%@1344,0%@1344,0%@1344],GR3D_FREQ,0%,cpu@50.593C,soc2@48.593C,soc0@49.375C,gpu@50.25C,tj@50.562C,soc1@49.562C,VDD_IN,5555mW/5569mW,VDD_CPU_GPU_CV,1307mW/1307mW,VDD_SOC,2376mW/2376mW
07-27-2026,16:34:05,RAM,817/7620MB,(lfb,12x4MB),SWAP,130/3810MB,(cached,2MB),CPU,[0%@1344,0%@1344,0%@1344,0%@1344,0%@1344,0%@1344],GR3D_FREQ,0%,cpu@50.531C,soc2@48.593C,soc0@49.5C,gpu@50.281C,tj@50.531C,soc1@49.5C,VDD_IN,5555mW/5569mW,VDD_CPU_GPU_CV,1307mW/1307mW,VDD_SOC,2376mW/2376mW
07-27-2026,16:34:06,RAM,817/7620MB,(lfb,12x4MB),SWAP,130/3810MB,(cached,2MB),CPU,[0%@1344,0%@1344,8%@1344,0%@1344,0%@1344,0%@1344],GR3D_FREQ,0%,cpu@50.562C,soc2@48.625C,soc0@49.5C,gpu@50.718C,tj@50.718C,soc1@49.531C,VDD_IN,5594mW/5570mW,VDD_CPU_GPU_CV,1307mW/1307mW,VDD_SOC,2376mW/2376mW
07-27-2026,16:34:06,RAM,816/7620MB,(lfb,12x4MB),SWAP,130/3810MB,(cached,2MB),CPU,[0%@1344,0%@1344,0%@1344,0%@1344,0%@1344,8%@1344],GR3D_FREQ,0%,cpu@50.593C,soc2@48.656C,soc0@49.281C,gpu@50.343C,tj@50.593C,soc1@49.75C,VDD_IN,5594mW/5570mW,VDD_CPU_GPU_CV,1307mW/1307mW,VDD_SOC,2376mW/2376mW
07-27-2026,16:34:06,RAM,816/7620MB,(lfb,12x4MB),SWAP,130/3810MB,(cached,2MB),CPU,[0%@1344,0%@1344,0%@1344,0%@1344,0%@1344,0%@1344],GR3D_FREQ,0%,cpu@50.625C,soc2@48.562C,soc0@49.5C,gpu@50.25C,tj@50.625C,soc1@49.718C,VDD_IN,5594mW/5571mW,VDD_CPU_GPU_CV,1307mW/1307mW,VDD_SOC,2376mW/2376mW
07-27-2026,16:34:06,RAM,816/7620MB,(lfb,12x4MB),SWAP,130/3810MB,(cached,2MB),CPU,[9%@1344,0%@1344,0%@1344,0%@1344,0%@1344,0%@1344],GR3D_FREQ,0%,cpu@50.468C,soc2@48.562C,soc0@49.468C,gpu@50.312C,tj@50.468C,soc1@49.5C,VDD_IN,5594mW/5571mW,VDD_CPU_GPU_CV,1307mW/1307mW,VDD_SOC,2376mW/2376mW
07-27-2026,16:34:06,RAM,816/7620MB,(lfb,12x4MB),SWAP,130/3810MB,(cached,2MB),CPU,[0%@1344,0%@1344,0%@1344,0%@1344,0%@1344,0%@1344],GR3D_FREQ,0%,cpu@50.5C,soc2@48.593C,soc0@49.531C,gpu@50.375C,tj@50.5C,soc1@49.5C,VDD_IN,5555mW/5571mW,VDD_CPU_GPU_CV,1307mW/1307mW,VDD_SOC,2376mW/2376mW
07-27-2026,16:34:06,RAM,816/7620MB,(lfb,12x4MB),SWAP,130/3810MB,(cached,2MB),CPU,[0%@1344,0%@1344,0%@1344,0%@1344,0%@1344,0%@1344],GR3D_FREQ,0%,cpu@50.562C,soc2@48.625C,soc0@49.343C,gpu@50.25C,tj@50.562C,soc1@49.562C,VDD_IN,5555mW/5570mW,VDD_CPU_GPU_CV,1307mW/1307mW,VDD_SOC,2376mW/2376mW
07-27-2026,16:34:06,RAM,816/7620MB,(lfb,12x4MB),SWAP,130/3810MB,(cached,2MB),CPU,[0%@1344,0%@1344,0%@1344,0%@1344,0%@1344,0%@1344],GR3D_FREQ,0%,cpu@50.718C,soc2@48.75C,soc0@49.375C,gpu@50.343C,tj@50.718C,soc1@49.781C,VDD_IN,5594mW/5571mW,VDD_CPU_GPU_CV,1307mW/1307mW,VDD_SOC,2376mW/2376mW
07-27-2026,16:34:06,RAM,816/7620MB,(lfb,12x4MB),SWAP,130/3810MB,(cached,2MB),CPU,[9%@1344,0%@1344,0%@1344,0%@1344,0%@1344,0%@1344],GR3D_FREQ,0%,cpu@50.687C,soc2@48.593C,soc0@49.437C,gpu@50.312C,tj@50.468C,soc1@49.562C,VDD_IN,5594mW/5571mW,VDD_CPU_GPU_CV,1307mW/1307mW,VDD_SOC,2376mW/2376mW
07-27-2026,16:34:06,RAM,816/7620MB,(lfb,12x4MB),SWAP,130/3810MB,(cached,2MB),CPU,[0%@1344,0%@1344,0%@1344,0%@1344,0%@1344,0%@1344],GR3D_FREQ,0%,cpu@50.531C,soc2@48.562C,soc0@49.5C,gpu@50.218C,tj@50.531C,soc1@49.625C,VDD_IN,5594mW/5572mW,VDD_CPU_GPU_CV,1307mW/1307mW,VDD_SOC,2376mW/2376mW
07-27-2026,16:34:07,RAM,816/7620MB,(lfb,12x4MB),SWAP,130/3810MB,(cached,2MB),CPU,[0%@1344,0%@1344,0%@1344,0%@1344,0%@1344,0%@1344],GR3D_FREQ,0%,cpu@50.562C,soc2@48.562C,soc0@49.5C,gpu@50.312C,tj@50.562C,soc1@49.562C,VDD_IN,5594mW/5572mW,VDD_CPU_GPU_CV,1307mW/1307mW,VDD_SOC,2376mW/2376mW
07-27-2026,16:34:07,RAM,817/7620MB,(lfb,12x4MB),SWAP,130/3810MB,(cached,2MB),CPU,[0%@1344,0%@1344,0%@1344,0%@1344,0%@1344,0%@1344],GR3D_FREQ,0%,cpu@50.687C,soc2@48.656C,soc0@49.437C,gpu@50.218C,tj@50.687C,soc1@49.781C,VDD_IN,5594mW/5573mW,VDD_CPU_GPU_CV,1307mW/1307mW,VDD_SOC,2376mW/2376mW
07-27-2026,16:34:07,RAM,817/7620MB,(lfb,12x4MB),SWAP,130/3810MB,(cached,2MB),CPU,[0%@1344,0%@1344,0%@1344,0%@1344,0%@1344,0%@1344],GR3D_FREQ,0%,cpu@50.593C,soc2@48.531C,soc0@49.406C,gpu@50.375C,tj@50.593C,soc1@49.875C,VDD_IN,5594mW/5573mW,VDD_CPU_GPU_CV,1307mW/1307mW,VDD_SOC,2376mW/2376mW
07-27-2026,16:34:07,RAM,817/7620MB,(lfb,12x4MB),SWAP,130/3810MB,(cached,2MB),CPU,[0%@1344,0%@1344,0%@1344,0%@1344,0%@1344,0%@1344],GR3D_FREQ,0%,cpu@50.468C,soc2@48.687C,soc0@49.5C,gpu@50.343C,tj@50.468C,soc1@49.437C,VDD_IN,5594mW/5573mW,VDD_CPU_GPU_CV,1307mW/1307mW,VDD_SOC,2376mW/2376mW
07-27-2026,16:34:07,RAM,817/7620MB,(lfb,12x4MB),SWAP,130/3810MB,(cached,2MB),CPU,[0%@1344,0%@1344,0%@1344,0%@1344,0%@1344,0%@1344],GR3D_FREQ,0%,cpu@50.531C,soc2@48.562C,soc0@49.593C,gpu@50.312C,tj@50.531C,soc1@49.531C,VDD_IN,5555mW/5573mW,VDD_CPU_GPU_CV,1307mW/1307mW,VDD_SOC,2376mW/2376mW
07-27-2026,16:34:07,RAM,817/7620MB,(lfb,12x4MB),SWAP,130/3810MB,(cached,2MB),CPU,[0%@1344,0%@1344,0%@1344,0%@1344,0%@1344,0%@1344],GR3D_FREQ,0%,cpu@50.593C,soc2@48.656C,soc0@49.343C,gpu@50.375C,tj@50.593C,soc1@49.531C,VDD_IN,5555mW/5573mW,VDD_CPU_GPU_CV,1307mW/1307mW,VDD_SOC,2376mW/2376mW
07-27-2026,16:34:07,RAM,817/7620MB,(lfb,12x4MB),SWAP,130/3810MB,(cached,2MB),CPU,[9%@1344,0%@1344,0%@1344,0%@1344,0%@1344,0%@1344],GR3D_FREQ,0%,cpu@50.718C,soc2@48.687C,soc0@49.406C,gpu@50.25C,tj@50.718C,soc1@49.687C,VDD_IN,5555mW/5572mW,VDD_CPU_GPU_CV,1307mW/1307mW,VDD_SOC,2376mW/2376mW
07-27-2026,16:34:07,RAM,817/7620MB,(lfb,12x4MB),SWAP,130/3810MB,(cached,2MB),CPU,[0%@1344,0%@1344,0%@1344,0%@1344,0%@1344,0%@1344],GR3D_FREQ,0%,cpu@50.75C,soc2@48.531C,soc0@49.5C,gpu@50.25C,tj@50.75C,soc1@49.531C,VDD_IN,5555mW/5572mW,VDD_CPU_GPU_CV,1307mW/1307mW,VDD_SOC,2376mW/2376mW
07-27-2026,16:34:07,RAM,817/7620MB,(lfb,12x4MB),SWAP,130/3810MB,(cached,2MB),CPU,[0%@1344,0%@1344,0%@1344,0%@1344,0%@1344,0%@1344],GR3D_FREQ,0%,cpu@50.531C,soc2@48.625C,soc0@49.5C,gpu@50.375C,tj@50.531C,soc1@49.531C,VDD_IN,5555mW/5572mW,VDD_CPU_GPU_CV,1307mW/1307mW,VDD_SOC,2376mW/2376mW
07-27-2026,16:34:07,RAM,817/7620MB,(lfb,12x4MB),SWAP,130/3810MB,(cached,2MB),CPU,[0%@1344,0%@1344,0%@1344,0%@1344,0%@1344,0%@1344],GR3D_FREQ,0%,cpu@50.656C,soc2@48.687C,soc0@49.5C,gpu@50.281C,tj@50.656C,soc1@49.656C,VDD_IN,5555mW/5572mW,VDD_CPU_GPU_CV,1307mW/1307mW,VDD_SOC,2376mW/2376mW
07-27-2026,16:34:08,RAM,817/7620MB,(lfb,12x4MB),SWAP,130/3810MB,(cached,2MB),CPU,[0%@1344,0%@1344,0%@1344,0%@1344,0%@1344,0%@1344],GR3D_FREQ,0%,cpu@50.656C,soc2@48.656C,soc0@49.437C,gpu@50.5C,tj@50.656C,soc1@49.718C,VDD_IN,5555mW/5571mW,VDD_CPU_GPU_CV,1307mW/1307mW,VDD_SOC,2376mW/2376mW
07-27-2026,16:34:08,RAM,817/7620MB,(lfb,12x4MB),SWAP,130/3810MB,(cached,2MB),CPU,[0%@1344,0%@1344,0%@1344,0%@1344,0%@1344,8%@1344],GR3D_FREQ,0%,cpu@50.687C,soc2@48.468C,soc0@49.406C,gpu@50.375C,tj@50.687C,soc1@49.5C,VDD_IN,5594mW/5572mW,VDD_CPU_GPU_CV,1307mW/1307mW,VDD_SOC,2376mW/2376mW
07-27-2026,16:34:08,RAM,817/7620MB,(lfb,12x4MB),SWAP,130/3810MB,(cached,2MB),CPU,[9%@1344,0%@1344,0%@1344,0%@1344,0%@1344,0%@1344],GR3D_FREQ,0%,cpu@50.468C,soc2@48.593C,soc0@49.5C,gpu@50.25C,tj@50.468C,soc1@49.375C,VDD_IN,5555mW/5571mW,VDD_CPU_GPU_CV,1307mW/1307mW,VDD_SOC,2376mW/2376mW
07-27-2026,16:34:08,RAM,817/7620MB,(lfb,12x4MB),SWAP,130/3810MB,(cached,2MB),CPU,[0%@1344,0%@1344,0%@1344,0%@1344,0%@1344,0%@1344],GR3D_FREQ,0%,cpu@50.531C,soc2@48.593C,soc0@49.531C,gpu@50.375C,tj@50.531C,soc1@49.531C,VDD_IN,5555mW/5571mW,VDD_CPU_GPU_CV,1307mW/1307mW,VDD_SOC,2376mW/2376mW
07-27-2026,16:34:08,RAM,817/7620MB,(lfb,12x4MB),SWAP,130/3810MB,(cached,2MB),CPU,[0%@1344,0%@1344,0%@1344,0%@1344,0%@1344,0%@1344],GR3D_FREQ,0%,cpu@50.593C,soc2@48.687C,soc0@49.625C,gpu@50.281C,tj@50.593C,soc1@49.593C,VDD_IN,5555mW/5571mW,VDD_CPU_GPU_CV,1307mW/1307mW,VDD_SOC,2376mW/2376mW
07-27-2026,16:34:08,RAM,817/7620MB,(lfb,12x4MB),SWAP,130/3810MB,(cached,2MB),CPU,[0%@1344,0%@1344,0%@1344,0%@1344,0%@1344,0%@1344],GR3D_FREQ,0%,cpu@50.718C,soc2@48.625C,soc0@49.437C,gpu@50.25C,tj@50.718C,soc1@49.875C,VDD_IN,5555mW/5571mW,VDD_CPU_GPU_CV,1307mW/1307mW,VDD_SOC,2376mW/2376mW
07-27-2026,16:34:08,RAM,817/7620MB,(lfb,12x4MB),SWAP,130/3810MB,(cached,2MB),CPU,[0%@1344,0%@1344,0%@1344,0%@1344,0%@1344,0%@1344],GR3D_FREQ,0%,cpu@50.718C,soc2@48.468C,soc0@49.468C,gpu@50.437C,tj@50.468C,soc1@49.468C,VDD_IN,5555mW/5570mW,VDD_CPU_GPU_CV,1307mW/1307mW,VDD_SOC,2376mW/2376mW
07-27-2026,16:34:08,RAM,817/7620MB,(lfb,12x4MB),SWAP,130/3810MB,(cached,2MB),CPU,[0%@1344,0%@1344,0%@1344,0%@1344,0%@1344,0%@1344],GR3D_FREQ,0%,cpu@50.468C,soc2@48.562C,soc0@49.468C,gpu@50.312C,tj@50.468C,soc1@49.5C,VDD_IN,5555mW/5570mW,VDD_CPU_GPU_CV,1307mW/1307mW,VDD_SOC,2376mW/2376mW
07-27-2026,16:34:08,RAM,817/7620MB,(lfb,12x4MB),SWAP,130/3810MB,(cached,2MB),CPU,[16%@1344,0%@1344,0%@1344,0%@1344,0%@1344,0%@1344],GR3D_FREQ,0%,cpu@50.625C,soc2@48.656C,soc0@49.562C,gpu@50.25C,tj@50.625C,soc1@49.718C,VDD_IN,5555mW/5570mW,VDD_CPU_GPU_CV,1307mW/1307mW,VDD_SOC,2376mW/2376mW
07-27-2026,16:34:09,RAM,817/7620MB,(lfb,12x4MB),SWAP,130/3810MB,(cached,2MB),CPU,[0%@1344,0%@1344,0%@1344,0%@1344,0%@1344,0%@1344],GR3D_FREQ,0%,cpu@50.718C,soc2@48.687C,soc0@49.343C,gpu@50.437C,tj@50.718C,soc1@49.718C,VDD_IN,5555mW/5570mW,VDD_CPU_GPU_CV,1307mW/1307mW,VDD_SOC,2376mW/2376mW
07-27-2026,16:34:09,RAM,818/7620MB,(lfb,12x4MB),SWAP,130/3810MB,(cached,2MB),CPU,[0%@1344,0%@1344,0%@1344,0%@1344,0%@1344,15%@1344],GR3D_FREQ,0%,cpu@50.656C,soc2@48.593C,soc0@49.531C,gpu@50.312C,tj@50.656C,soc1@49.468C,VDD_IN,5594mW/5570mW,VDD_CPU_GPU_CV,1307mW/1307mW,VDD_SOC,2376mW/2376mW
07-27-2026,16:34:09,RAM,817/7620MB,(lfb,12x4MB),SWAP,130/3810MB,(cached,2MB),CPU,[0%@1344,0%@1344,0%@1344,0%@1344,0%@1344,0%@1344],GR3D_FREQ,0%,cpu@50.531C,soc2@48.593C,soc0@49.468C,gpu@50.281C,tj@50.531C,soc1@49.531C,VDD_IN,5555mW/5570mW,VDD_CPU_GPU_CV,1307mW/1307mW,VDD_SOC,2376mW/2376mW
07-27-2026,16:34:09,RAM,817/7620MB,(lfb,12x4MB),SWAP,130/3810MB,(cached,2MB),CPU,[0%@1344,0%@1344,0%@1344,0%@1344,0%@1344,0%@1344],GR3D_FREQ,0%,cpu@50.593C,soc2@48.562C,soc0@49.593C,gpu@50.437C,tj@50.593C,soc1@49.562C,VDD_IN,5555mW/5570mW,VDD_CPU_GPU_CV,1307mW/1307mW,VDD_SOC,2376mW/2376mW
07-27-2026,16:34:09,RAM,817/7620MB,(lfb,12x4MB),SWAP,130/3810MB,(cached,2MB),CPU,[0%@1344,0%@1344,0%@1344,0%@1344,0%@1344,0%@1344],GR3D_FREQ,0%,cpu@50.625C,soc2@48.656C,soc0@49.593C,gpu@50.25C,tj@50.625C,soc1@49.656C,VDD_IN,5555mW/5570mW,VDD_CPU_GPU_CV,1307mW/1307mW,VDD_SOC,2376mW/2376mW
07-27-2026,16:34:09,RAM,817/7620MB,(lfb,12x4MB),SWAP,130/3810MB,(cached,2MB),CPU,[0%@1344,0%@1344,0%@1344,0%@1344,0%@1344,0%@1344],GR3D_FREQ,0%,cpu@50.781C,soc2@48.718C,soc0@49.343C,gpu@50.5C,tj@50.625C,soc1@49.812C,VDD_IN,5555mW/5569mW,VDD_CPU_GPU_CV,1307mW/1307mW,VDD_SOC,2376mW/2376mW
07-27-2026,16:34:09,RAM,817/7620MB,(lfb,12x4MB),SWAP,130/3810MB,(cached,2MB),CPU,[0%@1344,0%@1344,0%@1344,0%@1344,0%@1344,0%@1344],GR3D_FREQ,0%,cpu@50.843C,soc2@48.531C,soc0@49.437C,gpu@50.375C,tj@50.468C,soc1@49.5C,VDD_IN,5555mW/5569mW,VDD_CPU_GPU_CV,1307mW/1307mW,VDD_SOC,2376mW/2376mW
07-27-2026,16:34:09,RAM,817/7620MB,(lfb,12x4MB),SWAP,130/3810MB,(cached,2MB),CPU,[0%@1344,0%@1344,0%@1344,0%@1344,0%@1344,0%@1344],GR3D_FREQ,0%,cpu@50.531C,soc2@48.625C,soc0@49.5C,gpu@50.281C,tj@50.531C,soc1@49.625C,VDD_IN,5555mW/5569mW,VDD_CPU_GPU_CV,1307mW/1307mW,VDD_SOC,2376mW/2376mW
07-27-2026,16:34:09,RAM,817/7620MB,(lfb,12x4MB),SWAP,130/3810MB,(cached,2MB),CPU,[0%@1344,0%@1344,0%@1344,8%@1344,0%@1344,0%@1344],GR3D_FREQ,0%,cpu@50.593C,soc2@48.656C,soc0@49.562C,gpu@50.468C,tj@50.593C,soc1@49.593C,VDD_IN,5555mW/5569mW,VDD_CPU_GPU_CV,1307mW/1307mW,VDD_SOC,2376mW/2376mW
07-27-2026,16:34:09,RAM,817/7620MB,(lfb,12x4MB),SWAP,130/3810MB,(cached,2MB),CPU,[0%@1344,0%@1344,0%@1344,0%@1344,0%@1344,0%@1344],GR3D_FREQ,0%,cpu@50.687C,soc2@48.656C,soc0@49.406C,gpu@50.312C,tj@50.687C,soc1@49.718C,VDD_IN,5555mW/5569mW,VDD_CPU_GPU_CV,1307mW/1307mW,VDD_SOC,2376mW/2376mW
07-27-2026,16:34:10,RAM,817/7620MB,(lfb,12x4MB),SWAP,130/3810MB,(cached,2MB),CPU,[0%@1344,0%@1344,0%@1344,0%@1344,0%@1344,0%@1344],GR3D_FREQ,0%,cpu@50.687C,soc2@48.625C,soc0@49.468C,gpu@50.281C,tj@50.687C,soc1@49.562C,VDD_IN,5555mW/5568mW,VDD_CPU_GPU_CV,1307mW/1307mW,VDD_SOC,2376mW/2376mW
07-27-2026,16:34:10,RAM,817/7620MB,(lfb,12x4MB),SWAP,130/3810MB,(cached,2MB),CPU,[0%@1344,0%@1344,0%@1344,0%@1344,0%@1344,0%@1344],GR3D_FREQ,0%,cpu@50.562C,soc2@48.531C,soc0@49.468C,gpu@50.375C,tj@50.562C,soc1@49.531C,VDD_IN,5555mW/5568mW,VDD_CPU_GPU_CV,1307mW/1307mW,VDD_SOC,2376mW/2376mW
07-27-2026,16:34:10,RAM,817/7620MB,(lfb,12x4MB),SWAP,130/3810MB,(cached,2MB),CPU,[9%@1344,0%@1344,0%@1344,0%@1344,0%@1344,0%@1344],GR3D_FREQ,0%,cpu@50.562C,soc2@48.593C,soc0@49.5C,gpu@50.25C,tj@50.562C,soc1@49.5C,VDD_IN,5555mW/5568mW,VDD_CPU_GPU_CV,1307mW/1307mW,VDD_SOC,2376mW/2376mW
07-27-2026,16:34:10,RAM,817/7620MB,(lfb,12x4MB),SWAP,130/3810MB,(cached,2MB),CPU,[0%@1344,0%@1344,0%@1344,0%@1344,0%@1344,0%@1344],GR3D_FREQ,0%,cpu@50.687C,soc2@48.656C,soc0@49.687C,gpu@50.593C,tj@50.687C,soc1@49.687C,VDD_IN,5555mW/5568mW,VDD_CPU_GPU_CV,1307mW/1307mW,VDD_SOC,2376mW/2376mW
07-27-2026,16:34:10,RAM,817/7620MB,(lfb,12x4MB),SWAP,130/3810MB,(cached,2MB),CPU,[0%@1344,0%@1344,0%@1344,0%@1344,0%@1344,0%@1344],GR3D_FREQ,0%,cpu@50.718C,soc2@48.718C,soc0@49.468C,gpu@50.375C,tj@50.718C,soc1@49.75C,VDD_IN,5555mW/5568mW,VDD_CPU_GPU_CV,1307mW/1307mW,VDD_SOC,2376mW/2376mW
07-27-2026,16:34:10,RAM,817/7620MB,(lfb,12x4MB),SWAP,130/3810MB,(cached,2MB),CPU,[0%@1344,0%@1344,0%@1344,0%@1344,0%@1344,0%@1344],GR3D_FREQ,0%,cpu@50.781C,soc2@48.625C,soc0@49.468C,gpu@50.312C,tj@50.781C,soc1@49.531C,VDD_IN,5555mW/5568mW,VDD_CPU_GPU_CV,1307mW/1307mW,VDD_SOC,2376mW/2376mW
07-27-2026,16:34:10,RAM,817/7620MB,(lfb,12x4MB),SWAP,130/3810MB,(cached,2MB),CPU,[0%@1344,0%@1344,0%@1344,0%@1344,0%@1344,0%@1344],GR3D_FREQ,0%,cpu@50.468C,soc2@48.531C,soc0@49.5C,gpu@50.531C,tj@50.531C,soc1@49.562C,VDD_IN,5555mW/5568mW,VDD_CPU_GPU_CV,1307mW/1307mW,VDD_SOC,2376mW/2376mW
07-27-2026,16:34:10,RAM,817/7620MB,(lfb,12x4MB),SWAP,130/3810MB,(cached,2MB),CPU,[0%@1344,0%@1344,0%@1344,0%@1344,0%@1344,0%@1344],GR3D_FREQ,0%,cpu@50.593C,soc2@48.625C,soc0@49.593C,gpu@50.343C,tj@50.593C,soc1@49.593C,VDD_IN,5555mW/5567mW,VDD_CPU_GPU_CV,1307mW/1307mW,VDD_SOC,2376mW/2376mW
07-27-2026,16:34:10,RAM,817/7620MB,(lfb,12x4MB),SWAP,130/3810MB,(cached,2MB),CPU,[0%@1344,0%@1344,0%@1344,0%@1344,0%@1344,0%@1344],GR3D_FREQ,0%,cpu@50.718C,soc2@48.781C,soc0@49.375C,gpu@50.375C,tj@50.718C,soc1@49.75C,VDD_IN,5555mW/5567mW,VDD_CPU_GPU_CV,1307mW/1307mW,VDD_SOC,2376mW/2376mW
07-27-2026,16:34:11,RAM,817/7620MB,(lfb,12x4MB),SWAP,130/3810MB,(cached,2MB),CPU,[0%@1344,0%@1344,0%@1344,0%@1344,0%@1344,0%@1344],GR3D_FREQ,0%,cpu@50.687C,soc2@48.531C,soc0@49.5C,gpu@50.5C,tj@50.687C,soc1@49.312C,VDD_IN,5555mW/5567mW,VDD_CPU_GPU_CV,1307mW/1307mW,VDD_SOC,2376mW/2376mW
07-27-2026,16:34:11,RAM,818/7620MB,(lfb,12x4MB),SWAP,130/3810MB,(cached,2MB),CPU,[0%@1344,0%@1344,0%@1344,0%@1344,0%@1344,8%@1344],GR3D_FREQ,0%,cpu@50.468C,soc2@48.625C,soc0@49.437C,gpu@50.375C,tj@50.468C,soc1@49.468C,VDD_IN,5555mW/5567mW,VDD_CPU_GPU_CV,1307mW/1307mW,VDD_SOC,2376mW/2376mW
07-27-2026,16:34:11,RAM,818/7620MB,(lfb,12x4MB),SWAP,130/3810MB,(cached,2MB),CPU,[0%@1344,0%@1344,0%@1344,0%@1344,0%@1344,0%@1344],GR3D_FREQ,0%,cpu@50.593C,soc2@48.625C,soc0@49.5C,gpu@50.562C,tj@50.593C,soc1@49.593C,VDD_IN,5555mW/5567mW,VDD_CPU_GPU_CV,1307mW/1307mW,VDD_SOC,2376mW/2376mW
07-27-2026,16:34:11,RAM,818/7620MB,(lfb,12x4MB),SWAP,130/3810MB,(cached,2MB),CPU,[0%@1344,0%@1344,0%@1344,0%@1344,0%@1344,0%@1344],GR3D_FREQ,0%,cpu@50.687C,soc2@48.625C,soc0@49.687C,gpu@50.5C,tj@50.687C,soc1@49.625C,VDD_IN,5555mW/5567mW,VDD_CPU_GPU_CV,1307mW/1307mW,VDD_SOC,2376mW/2376mW
07-27-2026,16:34:11,RAM,818/7620MB,(lfb,12x4MB),SWAP,130/3810MB,(cached,2MB),CPU,[0%@1344,0%@1344,0%@1344,0%@1344,0%@1344,0%@1344],GR3D_FREQ,0%,cpu@50.718C,soc2@48.593C,soc0@49.406C,gpu@50.343C,tj@50.718C,soc1@49.718C,VDD_IN,5555mW/5567mW,VDD_CPU_GPU_CV,1307mW/1307mW,VDD_SOC,2376mW/2376mW
07-27-2026,16:34:11,RAM,818/7620MB,(lfb,12x4MB),SWAP,130/3810MB,(cached,2MB),CPU,[0%@1344,0%@1344,0%@1344,0%@1344,0%@1344,0%@1344],GR3D_FREQ,0%,cpu@50.562C,soc2@48.531C,soc0@49.406C,gpu@50.625C,tj@50.625C,soc1@49.437C,VDD_IN,5555mW/5566mW,VDD_CPU_GPU_CV,1307mW/1307mW,VDD_SOC,2376mW/2376mW
07-27-2026,16:34:11,RAM,818/7620MB,(lfb,12x4MB),SWAP,130/3810MB,(cached,2MB),CPU,[0%@1344,0%@1344,0%@1344,0%@1344,0%@1344,0%@1344],GR3D_FREQ,0%,cpu@50.531C,soc2@48.625C,soc0@49.531C,gpu@50.468C,tj@50.531C,soc1@49.625C,VDD_IN,5555mW/5566mW,VDD_CPU_GPU_CV,1307mW/1307mW,VDD_SOC,2376mW/2376mW
07-27-2026,16:34:11,RAM,818/7620MB,(lfb,12x4MB),SWAP,130/3810MB,(cached,2MB),CPU,[0%@1344,0%@1344,0%@1344,0%@1344,0%@1344,0%@1344],GR3D_FREQ,0%,cpu@50.531C,soc2@48.656C,soc0@49.625C,gpu@50.281C,tj@50.562C,soc1@49.625C,VDD_IN,5555mW/5566mW,VDD_CPU_GPU_CV,1307mW/1307mW,VDD_SOC,2376mW/2376mW
07-27-2026,16:34:11,RAM,818/7620MB,(lfb,12x4MB),SWAP,130/3810MB,(cached,2MB),CPU,[0%@1344,0%@1344,0%@1344,0%@1344,0%@1344,0%@1344],GR3D_FREQ,0%,cpu@50.625C,soc2@48.656C,soc0@49.406C,gpu@50.625C,tj@50.625C,soc1@49.718C,VDD_IN,5594mW/5567mW,VDD_CPU_GPU_CV,1307mW/1307mW,VDD_SOC,2376mW/2376mW
07-27-2026,16:34:11,RAM,818/7620MB,(lfb,12x4MB),SWAP,130/3810MB,(cached,2MB),CPU,[0%@1344,0%@1344,0%@1344,0%@1344,0%@1344,0%@1344],GR3D_FREQ,0%,cpu@50.843C,soc2@48.562C,soc0@49.468C,gpu@50.562C,tj@50.656C,soc1@49.5C,VDD_IN,5555mW/5566mW,VDD_CPU_GPU_CV,1307mW/1307mW,VDD_SOC,2376mW/2376mW
07-27-2026,16:34:12,RAM,818/7620MB,(lfb,12x4MB),SWAP,130/3810MB,(cached,2MB),CPU,[9%@1344,0%@1344,0%@1344,0%@1344,0%@1344,0%@1344],GR3D_FREQ,0%,cpu@50.468C,soc2@48.531C,soc0@49.437C,gpu@50.343C,tj@50.468C,soc1@49.468C,VDD_IN,5594mW/5567mW,VDD_CPU_GPU_CV,1307mW/1307mW,VDD_SOC,2376mW/2376mW
07-27-2026,16:34:12,RAM,819/7620MB,(lfb,12x4MB),SWAP,130/3810MB,(cached,2MB),CPU,[0%@1344,0%@1344,9%@1344,0%@1344,0%@1344,0%@1344],GR3D_FREQ,0%,cpu@50.468C,soc2@48.562C,soc0@49.531C,gpu@50.5C,tj@50.5C,soc1@49.593C,VDD_IN,5594mW/5567mW,VDD_CPU_GPU_CV,1307mW/1307mW,VDD_SOC,2376mW/2376mW
07-27-2026,16:34:12,RAM,819/7620MB,(lfb,12x4MB),SWAP,130/3810MB,(cached,2MB),CPU,[0%@1344,0%@1344,0%@1344,0%@1344,0%@1344,0%@1344],GR3D_FREQ,0%,cpu@50.625C,soc2@48.687C,soc0@49.343C,gpu@50.375C,tj@50.625C,soc1@49.625C,VDD_IN,5594mW/5567mW,VDD_CPU_GPU_CV,1307mW/1307mW,VDD_SOC,2376mW/2376mW
07-27-2026,16:34:12,RAM,819/7620MB,(lfb,12x4MB),SWAP,130/3810MB,(cached,2MB),CPU,[0%@1344,0%@1344,0%@1344,0%@1344,0%@1344,0%@1344],GR3D_FREQ,0%,cpu@50.75C,soc2@48.718C,soc0@49.406C,gpu@50.656C,tj@50.75C,soc1@49.781C,VDD_IN,5594mW/5567mW,VDD_CPU_GPU_CV,1307mW/1307mW,VDD_SOC,2376mW/2376mW
07-27-2026,16:34:12,RAM,819/7620MB,(lfb,12x4MB),SWAP,130/3810MB,(cached,2MB),CPU,[0%@1344,0%@1344,0%@1344,0%@1344,0%@1344,0%@1344],GR3D_FREQ,0%,cpu@50.656C,soc2@48.562C,soc0@49.406C,gpu@50.5C,tj@50.531C,soc1@49.406C,VDD_IN,5555mW/5567mW,VDD_CPU_GPU_CV,1307mW/1307mW,VDD_SOC,2376mW/2376mW
07-27-2026,16:34:12,RAM,819/7620MB,(lfb,12x4MB),SWAP,130/3810MB,(cached,2MB),CPU,[0%@1344,0%@1344,0%@1344,0%@1344,0%@1344,0%@1344],GR3D_FREQ,0%,cpu@50.468C,soc2@48.562C,soc0@49.468C,gpu@50.375C,tj@50.468C,soc1@49.5C,VDD_IN,5555mW/5567mW,VDD_CPU_GPU_CV,1307mW/1307mW,VDD_SOC,2376mW/2376mW
07-27-2026,16:34:12,RAM,819/7620MB,(lfb,12x4MB),SWAP,130/3810MB,(cached,2MB),CPU,[9%@1344,0%@1344,0%@1344,0%@1344,0%@1344,0%@1344],GR3D_FREQ,0%,cpu@50.562C,soc2@48.531C,soc0@49.656C,gpu@50.687C,tj@50.687C,soc1@49.625C,VDD_IN,5555mW/5567mW,VDD_CPU_GPU_CV,1307mW/1307mW,VDD_SOC,2376mW/2376mW
07-27-2026,16:34:12,RAM,819/7620MB,(lfb,12x4MB),SWAP,130/3810MB,(cached,2MB),CPU,[0%@1344,0%@1344,0%@1344,0%@1344,0%@1344,0%@1344],GR3D_FREQ,0%,cpu@50.718C,soc2@48.687C,soc0@49.375C,gpu@50.5C,tj@50.718C,soc1@49.75C,VDD_IN,5555mW/5567mW,VDD_CPU_GPU_CV,1307mW/1307mW,VDD_SOC,2376mW/2376mW
07-27-2026,16:34:12,RAM,819/7620MB,(lfb,12x4MB),SWAP,130/3810MB,(cached,2MB),CPU,[9%@1344,8%@1344,0%@1344,0%@1344,0%@1344,0%@1344],GR3D_FREQ,0%,cpu@50.843C,soc2@48.593C,soc0@49.375C,gpu@50.406C,tj@50.843C,soc1@49.75C,VDD_IN,5555mW/5567mW,VDD_CPU_GPU_CV,1307mW/1307mW,VDD_SOC,2376mW/2376mW
07-27-2026,16:34:13,RAM,819/7620MB,(lfb,12x4MB),SWAP,130/3810MB,(cached,2MB),CPU,[0%@1344,0%@1344,0%@1344,0%@1344,0%@1344,0%@1344],GR3D_FREQ,0%,cpu@50.531C,soc2@48.593C,soc0@49.437C,gpu@50.656C,tj@50.656C,soc1@49.625C,VDD_IN,5555mW/5567mW,VDD_CPU_GPU_CV,1307mW/1307mW,VDD_SOC,2376mW/2376mW
07-27-2026,16:34:13,RAM,819/7620MB,(lfb,12x4MB),SWAP,130/3810MB,(cached,2MB),CPU,[0%@1344,0%@1344,0%@1344,0%@1344,0%@1344,0%@1344],GR3D_FREQ,0%,cpu@50.5C,soc2@48.531C,soc0@49.468C,gpu@50.437C,tj@50.5C,soc1@49.437C,VDD_IN,5555mW/5567mW,VDD_CPU_GPU_CV,1307mW/1307mW,VDD_SOC,2376mW/2376mW
07-27-2026,16:34:13,RAM,819/7620MB,(lfb,12x4MB),SWAP,130/3810MB,(cached,2MB),CPU,[0%@1344,0%@1344,0%@1344,0%@1344,0%@1344,9%@1344],GR3D_FREQ,0%,cpu@50.718C,soc2@48.75C,soc0@49.312C,gpu@50.281C,tj@50.718C,soc1@49.687C,VDD_IN,5555mW/5567mW,VDD_CPU_GPU_CV,1307mW/1307mW,VDD_SOC,2376mW/2376mW
07-27-2026,16:34:13,RAM,819/7620MB,(lfb,12x4MB),SWAP,130/3810MB,(cached,2MB),CPU,[9%@1344,0%@1344,0%@1344,0%@1344,0%@1344,0%@1344],GR3D_FREQ,0%,cpu@50.843C,soc2@48.562C,soc0@49.406C,gpu@50.531C,tj@50.843C,soc1@49.781C,VDD_IN,5555mW/5566mW,VDD_CPU_GPU_CV,1307mW/1307mW,VDD_SOC,2376mW/2376mW
07-27-2026,16:34:13,RAM,819/7620MB,(lfb,12x4MB),SWAP,130/3810MB,(cached,2MB),CPU,[0%@1344,0%@1344,0%@1344,0%@1344,0%@1344,0%@1344],GR3D_FREQ,0%,cpu@50.437C,soc2@48.593C,soc0@49.406C,gpu@50.343C,tj@50.437C,soc1@49.468C,VDD_IN,5555mW/5566mW,VDD_CPU_GPU_CV,1307mW/1307mW,VDD_SOC,2376mW/2376mW
07-27-2026,16:34:13,RAM,819/7620MB,(lfb,12x4MB),SWAP,130/3810MB,(cached,2MB),CPU,[0%@1344,0%@1344,0%@1344,0%@1344,0%@1344,9%@1344],GR3D_FREQ,0%,cpu@50.562C,soc2@48.562C,soc0@49.562C,gpu@50.812C,tj@50.812C,soc1@49.406C,VDD_IN,5594mW/5567mW,VDD_CPU_GPU_CV,1307mW/1307mW,VDD_SOC,2376mW/2376mW
07-27-2026,16:34:13,RAM,819/7620MB,(lfb,12x4MB),SWAP,130/3810MB,(cached,2MB),CPU,[0%@1344,0%@1344,0%@1344,0%@1344,0%@1344,0%@1344],GR3D_FREQ,0%,cpu@50.593C,soc2@48.531C,soc0@49.656C,gpu@50.562C,tj@50.593C,soc1@49.562C,VDD_IN,5594mW/5567mW,VDD_CPU_GPU_CV,1307mW/1307mW,VDD_SOC,2376mW/2376mW
07-27-2026,16:34:13,RAM,819/7620MB,(lfb,12x4MB),SWAP,130/3810MB,(cached,2MB),CPU,[8%@1344,0%@1344,0%@1344,0%@1344,0%@1344,0%@1344],GR3D_FREQ,0%,cpu@50.687C,soc2@48.656C,soc0@49.375C,gpu@50.406C,tj@50.687C,soc1@49.718C,VDD_IN,5555mW/5567mW,VDD_CPU_GPU_CV,1307mW/1307mW,VDD_SOC,2376mW/2376mW
07-27-2026,16:34:13,RAM,818/7620MB,(lfb,12x4MB),SWAP,130/3810MB,(cached,2MB),CPU,[9%@1344,0%@1344,0%@1344,0%@1344,0%@1344,0%@1344],GR3D_FREQ,0%,cpu@50.812C,soc2@48.531C,soc0@49.406C,gpu@50.781C,tj@50.812C,soc1@49.781C,VDD_IN,5555mW/5567mW,VDD_CPU_GPU_CV,1307mW/1307mW,VDD_SOC,2376mW/2376mW
07-27-2026,16:34:13,RAM,818/7620MB,(lfb,12x4MB),SWAP,130/3810MB,(cached,2MB),CPU,[0%@1344,0%@1344,0%@1344,0%@1344,0%@1344,0%@1344],GR3D_FREQ,0%,cpu@50.468C,soc2@48.531C,soc0@49.5C,gpu@50.468C,tj@50.468C,soc1@49.468C,VDD_IN,5555mW/5567mW,VDD_CPU_GPU_CV,1307mW/1307mW,VDD_SOC,2376mW/2376mW
07-27-2026,16:34:14,RAM,818/7620MB,(lfb,12x4MB),SWAP,130/3810MB,(cached,2MB),CPU,[0%@1344,0%@1344,0%@1344,0%@1344,0%@1344,0%@1344],GR3D_FREQ,0%,cpu@50.593C,soc2@48.687C,soc0@49.5C,gpu@50.375C,tj@50.593C,soc1@49.593C,VDD_IN,5555mW/5566mW,VDD_CPU_GPU_CV,1307mW/1307mW,VDD_SOC,2376mW/2376mW
07-27-2026,16:34:14,RAM,819/7620MB,(lfb,12x4MB),SWAP,130/3810MB,(cached,2MB),CPU,[9%@1344,0%@1344,0%@1344,0%@1344,16%@1344,0%@1344],GR3D_FREQ,0%,cpu@50.875C,soc2@48.625C,soc0@49.406C,gpu@50.687C,tj@50.875C,soc1@49.656C,VDD_IN,5594mW/5567mW,VDD_CPU_GPU_CV,1307mW/1307mW,VDD_SOC,2376mW/2376mW
07-27-2026,16:34:14,RAM,819/7620MB,(lfb,12x4MB),SWAP,130/3810MB,(cached,2MB),CPU,[0%@1344,0%@1344,0%@1344,0%@1344,0%@1344,0%@1344],GR3D_FREQ,0%,cpu@50.781C,soc2@48.531C,soc0@49.437C,gpu@50.5C,tj@50.781C,soc1@49.718C,VDD_IN,5594mW/5567mW,VDD_CPU_GPU_CV,1307mW/1307mW,VDD_SOC,2376mW/2376mW
07-27-2026,16:34:14,RAM,819/7620MB,(lfb,12x4MB),SWAP,130/3810MB,(cached,2MB),CPU,[0%@1344,0%@1344,0%@1344,0%@1344,0%@1344,0%@1344],GR3D_FREQ,0%,cpu@50.468C,soc2@48.562C,soc0@49.5C,gpu@50.187C,tj@50.468C,soc1@49.531C,VDD_IN,5555mW/5567mW,VDD_CPU_GPU_CV,1307mW/1307mW,VDD_SOC,2376mW/2376mW
07-27-2026,16:34:14,RAM,819/7620MB,(lfb,12x4MB),SWAP,130/3810MB,(cached,2MB),CPU,[0%@1344,0%@1344,0%@1344,8%@1344,0%@1344,0%@1344],GR3D_FREQ,0%,cpu@50.531C,soc2@48.531C,soc0@49.468C,gpu@50.687C,tj@50.687C,soc1@49.562C,VDD_IN,5555mW/5567mW,VDD_CPU_GPU_CV,1307mW/1307mW,VDD_SOC,2376mW/2376mW
07-27-2026,16:34:14,RAM,819/7620MB,(lfb,12x4MB),SWAP,130/3810MB,(cached,2MB),CPU,[0%@1344,0%@1344,0%@1344,0%@1344,0%@1344,0%@1344],GR3D_FREQ,0%,cpu@50.656C,soc2@48.625C,soc0@49.25C,gpu@50.468C,tj@50.656C,soc1@49.656C,VDD_IN,5555mW/5567mW,VDD_CPU_GPU_CV,1307mW/1307mW,VDD_SOC,2376mW/2376mW
07-27-2026,16:34:14,RAM,819/7620MB,(lfb,12x4MB),SWAP,130/3810MB,(cached,2MB),CPU,[0%@1344,0%@1344,0%@1344,0%@1344,0%@1344,0%@1344],GR3D_FREQ,0%,cpu@50.781C,soc2@48.656C,soc0@49.375C,gpu@50.156C,tj@50.781C,soc1@49.75C,VDD_IN,5555mW/5567mW,VDD_CPU_GPU_CV,1307mW/1307mW,VDD_SOC,2376mW/2376mW
07-27-2026,16:34:14,RAM,819/7620MB,(lfb,12x4MB),SWAP,130/3810MB,(cached,2MB),CPU,[0%@1344,0%@1344,0%@1344,0%@1344,0%@1344,0%@1344],GR3D_FREQ,0%,cpu@50.906C,soc2@48.593C,soc0@49.437C,gpu@50.531C,tj@50.906C,soc1@49.468C,VDD_IN,5555mW/5566mW,VDD_CPU_GPU_CV,1307mW/1307mW,VDD_SOC,2376mW/2376mW
07-27-2026,16:34:14,RAM,819/7620MB,(lfb,12x4MB),SWAP,130/3810MB,(cached,2MB),CPU,[0%@1344,0%@1344,0%@1344,0%@1344,0%@1344,0%@1344],GR3D_FREQ,0%,cpu@50.5C,soc2@48.5C,soc0@49.468C,gpu@50.468C,tj@50.5C,soc1@49.5C,VDD_IN,5555mW/5566mW,VDD_CPU_GPU_CV,1307mW/1307mW,VDD_SOC,2376mW/2376mW
07-27-2026,16:34:15,RAM,819/7620MB,(lfb,12x4MB),SWAP,130/3810MB,(cached,2MB),CPU,[0%@1344,0%@1344,0%@1344,0%@1344,0%@1344,0%@1344],GR3D_FREQ,0%,cpu@50.625C,soc2@48.718C,soc0@49.531C,gpu@50.781C,tj@50.781C,soc1@49.593C,VDD_IN,5555mW/5566mW,VDD_CPU_GPU_CV,1307mW/1307mW,VDD_SOC,2376mW/2376mW
07-27-2026,16:34:15,RAM,819/7620MB,(lfb,12x4MB),SWAP,130/3810MB,(cached,2MB),CPU,[0%@1344,0%@1344,0%@1344,0%@1344,0%@1344,0%@1344],GR3D_FREQ,0%,cpu@50.687C,soc2@48.625C,soc0@49.468C,gpu@50.625C,tj@50.687C,soc1@49.687C,VDD_IN,5555mW/5566mW,VDD_CPU_GPU_CV,1307mW/1307mW,VDD_SOC,2376mW/2376mW
07-27-2026,16:34:15,RAM,819/7620MB,(lfb,12x4MB),SWAP,130/3810MB,(cached,2MB),CPU,[0%@1344,0%@1344,9%@1344,0%@1344,0%@1344,0%@1344],GR3D_FREQ,0%,cpu@50.906C,soc2@48.531C,soc0@49.281C,gpu@50.406C,tj@50.906C,soc1@49.812C,VDD_IN,5594mW/5566mW,VDD_CPU_GPU_CV,1307mW/1307mW,VDD_SOC,2376mW/2376mW
07-27-2026,16:34:15,RAM,815/7620MB,(lfb,12x4MB),SWAP,130/3810MB,(cached,2MB),CPU,[0%@1344,9%@1344,0%@1344,0%@1344,0%@1344,60%@1344],GR3D_FREQ,0%,cpu@50.781C,soc2@48.531C,soc0@49.406C,gpu@50.718C,tj@50.781C,soc1@49.531C,VDD_IN,5753mW/5568mW,VDD_CPU_GPU_CV,1386mW/1308mW,VDD_SOC,2376mW/2376mW
07-27-2026,16:34:15,RAM,815/7620MB,(lfb,12x4MB),SWAP,130/3810MB,(cached,2MB),CPU,[9%@1344,0%@1344,0%@1344,0%@1344,0%@1344,0%@1344],GR3D_FREQ,0%,cpu@50.625C,soc2@48.562C,soc0@49.593C,gpu@50.531C,tj@50.625C,soc1@49.531C,VDD_IN,5713mW/5569mW,VDD_CPU_GPU_CV,1386mW/1308mW,VDD_SOC,2376mW/2376mW
07-27-2026,16:34:15,RAM,817/7620MB,(lfb,12x4MB),SWAP,130/3810MB,(cached,2MB),CPU,[0%@1344,0%@1344,0%@1344,0%@1344,0%@1344,0%@1344],GR3D_FREQ,0%,cpu@50.687C,soc2@48.687C,soc0@49.312C,gpu@50.468C,tj@50.687C,soc1@49.718C,VDD_IN,5674mW/5570mW,VDD_CPU_GPU_CV,1346mW/1308mW,VDD_SOC,2376mW/2376mW
07-27-2026,16:34:15,RAM,817/7620MB,(lfb,12x4MB),SWAP,130/3810MB,(cached,2MB),CPU,[0%@1344,0%@1344,0%@1344,0%@1344,0%@1344,0%@1344],GR3D_FREQ,0%,cpu@50.75C,soc2@48.687C,soc0@49.468C,gpu@50.687C,tj@50.75C,soc1@49.875C,VDD_IN,5674mW/5570mW,VDD_CPU_GPU_CV,1346mW/1309mW,VDD_SOC,2376mW/2376mW
07-27-2026,16:34:15,RAM,817/7620MB,(lfb,12x4MB),SWAP,130/3810MB,(cached,2MB),CPU,[0%@1344,0%@1344,0%@1344,0%@1344,0%@1344,0%@1344],GR3D_FREQ,0%,cpu@50.843C,soc2@48.625C,soc0@49.406C,gpu@50.468C,tj@50.843C,soc1@49.5C,VDD_IN,5674mW/5571mW,VDD_CPU_GPU_CV,1346mW/1309mW,VDD_SOC,2376mW/2376mW
07-27-2026,16:34:15,RAM,817/7620MB,(lfb,12x4MB),SWAP,130/3810MB,(cached,2MB),CPU,[0%@1344,0%@1344,0%@1344,0%@1344,0%@1344,0%@1344],GR3D_FREQ,0%,cpu@50.5C,soc2@48.625C,soc0@49.5C,gpu@50.156C,tj@50.5C,soc1@49.562C,VDD_IN,5674mW/5572mW,VDD_CPU_GPU_CV,1307mW/1309mW,VDD_SOC,2376mW/2376mW
07-27-2026,16:34:15,RAM,818/7620MB,(lfb,12x4MB),SWAP,130/3810MB,(cached,2MB),CPU,[9%@1344,0%@1344,0%@1344,0%@1344,0%@1344,0%@1344],GR3D_FREQ,0%,cpu@50.625C,soc2@48.625C,soc0@49.5C,gpu@50.656C,tj@50.656C,soc1@49.625C,VDD_IN,5634mW/5572mW,VDD_CPU_GPU_CV,1307mW/1309mW,VDD_SOC,2376mW/2376mW
07-27-2026,16:34:16,RAM,818/7620MB,(lfb,12x4MB),SWAP,130/3810MB,(cached,2MB),CPU,[8%@1344,0%@1344,0%@1344,0%@1344,0%@1344,0%@1344],GR3D_FREQ,0%,cpu@50.718C,soc2@48.593C,soc0@49.343C,gpu@50.531C,tj@50.718C,soc1@49.593C,VDD_IN,5634mW/5573mW,VDD_CPU_GPU_CV,1307mW/1309mW,VDD_SOC,2376mW/2376mW
07-27-2026,16:34:16,RAM,820/7620MB,(lfb,12x4MB),SWAP,130/3810MB,(cached,2MB),CPU,[0%@1344,0%@1344,0%@1344,0%@1344,0%@1344,0%@1344],GR3D_FREQ,0%,cpu@50.937C,soc2@48.593C,soc0@49.5C,gpu@50.187C,tj@50.937C,soc1@49.875C,VDD_IN,5634mW/5573mW,VDD_CPU_GPU_CV,1307mW/1309mW,VDD_SOC,2376mW/2376mW
07-27-2026,16:34:16,RAM,822/7620MB,(lfb,12x4MB),SWAP,130/3810MB,(cached,2MB),CPU,[9%@1344,0%@1344,8%@1344,9%@1344,0%@1344,0%@1344],GR3D_FREQ,0%,cpu@50.531C,soc2@48.562C,soc0@49.406C,gpu@50.656C,tj@50.656C,soc1@49.468C,VDD_IN,5683mW/5574mW,VDD_CPU_GPU_CV,1309mW/1309mW,VDD_SOC,2380mW/2376mW
07-27-2026,16:34:16,RAM,828/7620MB,(lfb,12x4MB),SWAP,130/3810MB,(cached,2MB),CPU,[0%@1344,0%@1344,0%@1344,0%@1344,0%@1344,0%@1344],GR3D_FREQ,0%,cpu@50.687C,soc2@48.562C,soc0@49.593C,gpu@50.437C,tj@50.687C,soc1@49.562C,VDD_IN,5683mW/5575mW,VDD_CPU_GPU_CV,1309mW/1309mW,VDD_SOC,2380mW/2376mW
07-27-2026,16:34:16,RAM,827/7620MB,(lfb,12x4MB),SWAP,130/3810MB,(cached,2MB),CPU,[0%@1344,0%@1344,0%@1344,0%@1344,0%@1344,9%@1344],GR3D_FREQ,0%,cpu@50.718C,soc2@48.562C,soc0@49.375C,gpu@50.187C,tj@50.781C,soc1@49.656C,VDD_IN,5723mW/5576mW,VDD_CPU_GPU_CV,1349mW/1309mW,VDD_SOC,2380mW/2376mW
07-27-2026,16:34:16,RAM,828/7620MB,(lfb,12x4MB),SWAP,130/3810MB,(cached,2MB),CPU,[10%@1344,9%@1344,8%@1344,0%@1344,0%@1344,10%@1344],GR3D_FREQ,0%,cpu@50.843C,soc2@48.687C,soc0@49.468C,gpu@50.656C,tj@50.843C,soc1@49.781C,VDD_IN,5723mW/5577mW,VDD_CPU_GPU_CV,1349mW/1310mW,VDD_SOC,2380mW/2376mW
07-27-2026,16:34:16,RAM,827/7620MB,(lfb,12x4MB),SWAP,130/3810MB,(cached,2MB),CPU,[16%@1344,0%@1344,0%@1344,0%@1344,0%@1344,9%@1344],GR3D_FREQ,0%,cpu@50.5C,soc2@48.562C,soc0@49.531C,gpu@50.437C,tj@50.5C,soc1@49.437C,VDD_IN,5723mW/5578mW,VDD_CPU_GPU_CV,1349mW/1310mW,VDD_SOC,2380mW/2376mW
07-27-2026,16:34:16,RAM,828/7620MB,(lfb,12x4MB),SWAP,130/3810MB,(cached,2MB),CPU,[0%@1344,0%@1344,0%@1344,0%@1344,0%@1344,0%@1344],GR3D_FREQ,0%,cpu@50.625C,soc2@48.562C,soc0@49.468C,gpu@50.312C,tj@50.625C,soc1@49.625C,VDD_IN,5762mW/5579mW,VDD_CPU_GPU_CV,1349mW/1310mW,VDD_SOC,2380mW/2376mW
07-27-2026,16:34:16,RAM,828/7620MB,(lfb,12x4MB),SWAP,130/3810MB,(cached,2MB),CPU,[16%@1344,8%@1344,0%@1344,0%@1344,0%@1344,10%@1344],GR3D_FREQ,0%,cpu@50.718C,soc2@48.75C,soc0@49.312C,gpu@50.531C,tj@50.718C,soc1@49.687C,VDD_IN,5762mW/5581mW,VDD_CPU_GPU_CV,1388mW/1311mW,VDD_SOC,2380mW/2376mW
07-27-2026,16:34:17,RAM,827/7620MB,(lfb,12x4MB),SWAP,130/3810MB,(cached,2MB),CPU,[18%@1344,0%@1344,0%@1344,0%@1344,0%@1344,16%@1344],GR3D_FREQ,0%,cpu@50.718C,soc2@48.75C,soc0@49.343C,gpu@50.375C,tj@50.687C,soc1@49.406C,VDD_IN,5762mW/5582mW,VDD_CPU_GPU_CV,1388mW/1311mW,VDD_SOC,2380mW/2376mW
07-27-2026,16:34:17,RAM,828/7620MB,(lfb,12x4MB),SWAP,130/3810MB,(cached,2MB),CPU,[0%@1344,0%@1344,0%@1344,0%@1344,0%@1344,0%@1344],GR3D_FREQ,0%,cpu@50.5C,soc2@48.562C,soc0@49.375C,gpu@50.281C,tj@50.5C,soc1@49.531C,VDD_IN,5762mW/5583mW,VDD_CPU_GPU_CV,1388mW/1312mW,VDD_SOC,2380mW/2376mW
07-27-2026,16:34:17,RAM,828/7620MB,(lfb,12x4MB),SWAP,130/3810MB,(cached,2MB),CPU,[10%@1344,0%@1344,0%@1344,0%@1344,0%@1344,16%@1344],GR3D_FREQ,0%,cpu@50.593C,soc2@48.593C,soc0@49.468C,gpu@50.281C,tj@50.593C,soc1@49.593C,VDD_IN,5842mW/5585mW,VDD_CPU_GPU_CV,1388mW/1312mW,VDD_SOC,2420mW/2377mW
07-27-2026,16:34:17,RAM,828/7620MB,(lfb,12x4MB),SWAP,130/3810MB,(cached,2MB),CPU,[0%@1344,0%@1344,0%@1344,0%@1344,0%@1344,0%@1344],GR3D_FREQ,0%,cpu@50.687C,soc2@48.625C,soc0@49.281C,gpu@50.375C,tj@50.687C,soc1@49.718C,VDD_IN,5921mW/5587mW,VDD_CPU_GPU_CV,1388mW/1313mW,VDD_SOC,2420mW/2377mW
07-27-2026,16:34:17,RAM,828/7620MB,(lfb,12x4MB),SWAP,130/3810MB,(cached,2MB),CPU,[9%@1344,9%@1344,0%@1344,0%@1344,0%@1344,16%@1344],GR3D_FREQ,0%,cpu@50.656C,soc2@48.781C,soc0@49.375C,gpu@50.281C,tj@50.656C,soc1@49.812C,VDD_IN,5961mW/5589mW,VDD_CPU_GPU_CV,1388mW/1313mW,VDD_SOC,2420mW/2377mW
07-27-2026,16:34:17,RAM,828/7620MB,(lfb,12x4MB),SWAP,130/3810MB,(cached,2MB),CPU,[10%@1344,0%@1344,0%@1344,0%@1344,0%@1344,0%@1344],GR3D_FREQ,0%,cpu@50.531C,soc2@48.593C,soc0@49.406C,gpu@50.25C,tj@50.531C,soc1@49.468C,VDD_IN,5921mW/5592mW,VDD_CPU_GPU_CV,1388mW/1314mW,VDD_SOC,2420mW/2377mW
07-27-2026,16:34:17,RAM,828/7620MB,(lfb,12x4MB),SWAP,130/3810MB,(cached,2MB),CPU,[0%@1344,8%@1344,0%@1344,0%@1344,0%@1344,18%@1344],GR3D_FREQ,0%,cpu@50.5C,soc2@48.625C,soc0@49.5C,gpu@50.25C,tj@50.5C,soc1@49.656C,VDD_IN,5882mW/5594mW,VDD_CPU_GPU_CV,1388mW/1314mW,VDD_SOC,2420mW/2378mW
07-27-2026,16:34:17,RAM,828/7620MB,(lfb,12x4MB),SWAP,130/3810MB,(cached,2MB),CPU,[18%@1344,0%@1344,0%@1344,0%@1344,0%@1344,9%@1344],GR3D_FREQ,0%,cpu@50.625C,soc2@48.718C,soc0@49.281C,gpu@50.281C,tj@50.625C,soc1@49.593C,VDD_IN,5842mW/5595mW,VDD_CPU_GPU_CV,1388mW/1315mW,VDD_SOC,2380mW/2378mW
07-27-2026,16:34:17,RAM,828/7620MB,(lfb,12x4MB),SWAP,130/3810MB,(cached,2MB),CPU,[16%@1344,0%@1344,0%@1344,0%@1344,0%@1344,0%@1344],GR3D_FREQ,0%,cpu@50.468C,soc2@48.656C,soc0@49.5C,gpu@50.531C,tj@50.75C,soc1@49.625C,VDD_IN,5842mW/5597mW,VDD_CPU_GPU_CV,1388mW/1315mW,VDD_SOC,2420mW/2378mW
07-27-2026,16:34:17,RAM,828/7620MB,(lfb,12x4MB),SWAP,130/3810MB,(cached,2MB),CPU,[18%@1344,0%@1344,0%@1344,0%@1344,0%@1344,18%@1344],GR3D_FREQ,0%,cpu@50.906C,soc2@48.531C,soc0@49.531C,gpu@50.406C,tj@50.906C,soc1@49.593C,VDD_IN,5842mW/5598mW,VDD_CPU_GPU_CV,1388mW/1316mW,VDD_SOC,2380mW/2378mW
07-27-2026,16:34:18,RAM,827/7620MB,(lfb,12x4MB),SWAP,130/3810MB,(cached,2MB),CPU,[18%@1344,0%@1344,0%@1344,0%@1344,0%@1344,0%@1344],GR3D_FREQ,0%,cpu@50.906C,soc2@48.687C,soc0@49.375C,gpu@50.312C,tj@50.906C,soc1@49.718C,VDD_IN,5842mW/5600mW,VDD_CPU_GPU_CV,1388mW/1316mW,VDD_SOC,2380mW/2378mW
07-27-2026,16:34:18,RAM,827/7620MB,(lfb,12x4MB),SWAP,130/3810MB,(cached,2MB),CPU,[0%@1344,0%@1344,0%@1344,8%@1344,0%@1344,9%@1344],GR3D_FREQ,0%,cpu@50.5C,soc2@48.625C,soc0@49.468C,gpu@50.25C,tj@50.5C,soc1@49.5C,VDD_IN,5842mW/5601mW,VDD_CPU_GPU_CV,1388mW/1316mW,VDD_SOC,2380mW/2378mW
07-27-2026,16:34:18,RAM,827/7620MB,(lfb,12x4MB),SWAP,130/3810MB,(cached,2MB),CPU,[9%@1344,16%@1344,0%@1344,9%@1344,0%@1344,9%@1344],GR3D_FREQ,0%,cpu@50.656C,soc2@48.593C,soc0@49.5C,gpu@50.25C,tj@50.656C,soc1@49.5C,VDD_IN,5842mW/5603mW,VDD_CPU_GPU_CV,1428mW/1317mW,VDD_SOC,2380mW/2378mW
07-27-2026,16:34:18,RAM,827/7620MB,(lfb,12x4MB),SWAP,130/3810MB,(cached,2MB),CPU,[9%@1344,0%@1344,0%@1344,0%@1344,0%@1344,0%@1344],GR3D_FREQ,0%,cpu@50.781C,soc2@48.656C,soc0@49.593C,gpu@50.312C,tj@50.781C,soc1@49.625C,VDD_IN,5842mW/5604mW,VDD_CPU_GPU_CV,1388mW/1318mW,VDD_SOC,2380mW/2378mW
07-27-2026,16:34:18,RAM,827/7620MB,(lfb,12x4MB),SWAP,130/3810MB,(cached,2MB),CPU,[10%@1344,18%@1344,0%@1344,0%@1344,0%@1344,0%@1344],GR3D_FREQ,0%,cpu@50.843C,soc2@48.812C,soc0@49.343C,gpu@50.218C,tj@50.843C,soc1@49.843C,VDD_IN,5802mW/5606mW,VDD_CPU_GPU_CV,1388mW/1318mW,VDD_SOC,2380mW/2378mW
07-27-2026,16:34:18,RAM,827/7620MB,(lfb,12x4MB),SWAP,130/3810MB,(cached,2MB),CPU,[0%@1344,0%@1344,0%@1344,0%@1344,0%@1344,0%@1344],GR3D_FREQ,0%,cpu@50.968C,soc2@48.562C,soc0@49.468C,gpu@50.718C,tj@50.718C,soc1@49.593C,VDD_IN,5802mW/5607mW,VDD_CPU_GPU_CV,1388mW/1319mW,VDD_SOC,2380mW/2378mW
07-27-2026,16:34:18,RAM,827/7620MB,(lfb,12x4MB),SWAP,130/3810MB,(cached,2MB),CPU,[18%@1344,9%@1344,0%@1344,0%@1344,0%@1344,0%@1344],GR3D_FREQ,0%,cpu@50.593C,soc2@48.531C,soc0@49.5C,gpu@50.281C,tj@50.593C,soc1@49.5C,VDD_IN,5802mW/5608mW,VDD_CPU_GPU_CV,1388mW/1319mW,VDD_SOC,2380mW/2378mW
07-27-2026,16:34:18,RAM,827/7620MB,(lfb,12x4MB),SWAP,130/3810MB,(cached,2MB),CPU,[9%@1344,10%@1344,0%@1344,0%@1344,0%@1344,0%@1344],GR3D_FREQ,0%,cpu@50.781C,soc2@48.687C,soc0@49.656C,gpu@50.281C,tj@50.781C,soc1@49.687C,VDD_IN,5802mW/5609mW,VDD_CPU_GPU_CV,1388mW/1319mW,VDD_SOC,2380mW/2378mW
07-27-2026,16:34:18,RAM,827/7620MB,(lfb,12x4MB),SWAP,130/3810MB,(cached,2MB),CPU,[10%@1344,9%@1344,0%@1344,0%@1344,0%@1344,0%@1344],GR3D_FREQ,0%,cpu@50.812C,soc2@48.687C,soc0@49.406C,gpu@50.687C,tj@50.812C,soc1@49.781C,VDD_IN,5802mW/5610mW,VDD_CPU_GPU_CV,1388mW/1320mW,VDD_SOC,2380mW/2378mW
07-27-2026,16:34:19,RAM,827/7620MB,(lfb,12x4MB),SWAP,130/3810MB,(cached,2MB),CPU,[16%@1344,9%@1344,0%@1344,0%@1344,0%@1344,0%@1344],GR3D_FREQ,0%,cpu@50.656C,soc2@48.625C,soc0@49.406C,gpu@50.531C,tj@50.531C,soc1@49.5C,VDD_IN,5802mW/5612mW,VDD_CPU_GPU_CV,1388mW/1320mW,VDD_SOC,2380mW/2378mW
07-27-2026,16:34:19,RAM,827/7620MB,(lfb,12x4MB),SWAP,130/3810MB,(cached,2MB),CPU,[9%@1344,10%@1344,0%@1344,0%@1344,0%@1344,0%@1344],GR3D_FREQ,0%,cpu@50.5C,soc2@48.625C,soc0@49.468C,gpu@50.781C,tj@50.781C,soc1@49.625C,VDD_IN,5802mW/5613mW,VDD_CPU_GPU_CV,1388mW/1321mW,VDD_SOC,2380mW/2378mW
07-27-2026,16:34:19,RAM,827/7620MB,(lfb,12x4MB),SWAP,130/3810MB,(cached,2MB),CPU,[10%@1344,0%@1344,0%@1344,0%@1344,0%@1344,9%@1344],GR3D_FREQ,0%,cpu@50.718C,soc2@48.687C,soc0@49.625C,gpu@50.625C,tj@50.718C,soc1@49.718C,VDD_IN,5802mW/5614mW,VDD_CPU_GPU_CV,1428mW/1321mW,VDD_SOC,2420mW/2378mW
07-27-2026,16:34:19,RAM,828/7620MB,(lfb,12x4MB),SWAP,130/3810MB,(cached,2MB),CPU,[9%@1344,18%@1344,0%@1344,0%@1344,0%@1344,0%@1344],GR3D_FREQ,0%,cpu@50.687C,soc2@48.718C,soc0@49.375C,gpu@50.406C,tj@50.687C,soc1@49.75C,VDD_IN,5802mW/5615mW,VDD_CPU_GPU_CV,1388mW/1322mW,VDD_SOC,2420mW/2379mW
07-27-2026,16:34:19,RAM,827/7620MB,(lfb,12x4MB),SWAP,130/3810MB,(cached,2MB),CPU,[9%@1344,0%@1344,0%@1344,0%@1344,0%@1344,0%@1344],GR3D_FREQ,0%,cpu@50.812C,soc2@48.593C,soc0@49.375C,gpu@50.875C,tj@50.875C,soc1@49.468C,VDD_IN,5802mW/5616mW,VDD_CPU_GPU_CV,1388mW/1322mW,VDD_SOC,2420mW/2379mW
07-27-2026,16:34:19,RAM,827/7620MB,(lfb,12x4MB),SWAP,130/3810MB,(cached,2MB),CPU,[16%@1344,18%@1344,0%@1344,0%@1344,0%@1344,0%@1344],GR3D_FREQ,0%,cpu@50.593C,soc2@48.656C,soc0@49.468C,gpu@50.562C,tj@50.593C,soc1@49.468C,VDD_IN,5802mW/5617mW,VDD_CPU_GPU_CV,1388mW/1322mW,VDD_SOC,2420mW/2379mW
07-27-2026,16:34:19,RAM,828/7620MB,(lfb,12x4MB),SWAP,130/3810MB,(cached,2MB),CPU,[0%@1344,0%@1344,0%@1344,0%@1344,0%@1344,9%@1344],GR3D_FREQ,0%,cpu@50.687C,soc2@48.718C,soc0@49.5C,gpu@50.437C,tj@50.687C,soc1@49.687C,VDD_IN,5802mW/5618mW,VDD_CPU_GPU_CV,1388mW/1323mW,VDD_SOC,2380mW/2379mW
07-27-2026,16:34:19,RAM,827/7620MB,(lfb,12x4MB),SWAP,130/3810MB,(cached,2MB),CPU,[9%@1344,16%@1344,0%@1344,0%@1344,0%@1344,8%@1344],GR3D_FREQ,0%,cpu@50.562C,soc2@48.531C,soc0@49.531C,gpu@50.718C,tj@50.718C,soc1@49.531C,VDD_IN,5802mW/5619mW,VDD_CPU_GPU_CV,1388mW/1323mW,VDD_SOC,2380mW/2379mW
07-27-2026,16:34:19,RAM,827/7620MB,(lfb,12x4MB),SWAP,130/3810MB,(cached,2MB),CPU,[9%@1344,18%@1344,0%@1344,0%@1344,0%@1344,0%@1344],GR3D_FREQ,0%,cpu@50.468C,soc2@48.531C,soc0@49.5C,gpu@50.562C,tj@50.875C,soc1@49.593C,VDD_IN,5802mW/5620mW,VDD_CPU_GPU_CV,1388mW/1324mW,VDD_SOC,2380mW/2379mW
07-27-2026,16:34:19,RAM,828/7620MB,(lfb,12x4MB),SWAP,130/3810MB,(cached,2MB),CPU,[0%@1344,0%@1344,0%@1344,0%@1344,0%@1344,9%@1344],GR3D_FREQ,0%,cpu@50.937C,soc2@48.687C,soc0@49.437C,gpu@50.25C,tj@50.937C,soc1@49.687C,VDD_IN,5802mW/5621mW,VDD_CPU_GPU_CV,1388mW/1324mW,VDD_SOC,2380mW/2379mW
07-27-2026,16:34:20,RAM,828/7620MB,(lfb,12x4MB),SWAP,130/3810MB,(cached,2MB),CPU,[0%@1344,18%@1344,9%@1344,0%@1344,0%@1344,8%@1344],GR3D_FREQ,0%,cpu@50.562C,soc2@48.656C,soc0@49.406C,gpu@50.75C,tj@50.75C,soc1@49.843C,VDD_IN,5802mW/5622mW,VDD_CPU_GPU_CV,1388mW/1324mW,VDD_SOC,2380mW/2379mW
07-27-2026,16:34:20,RAM,827/7620MB,(lfb,12x4MB),SWAP,130/3810MB,(cached,2MB),CPU,[10%@1344,9%@1344,0%@1344,0%@1344,0%@1344,0%@1344],GR3D_FREQ,0%,cpu@50.468C,soc2@48.593C,soc0@49.5C,gpu@50.468C,tj@50.468C,soc1@49.437C,VDD_IN,5802mW/5623mW,VDD_CPU_GPU_CV,1388mW/1325mW,VDD_SOC,2380mW/2379mW
07-27-2026,16:34:20,RAM,828/7620MB,(lfb,12x4MB),SWAP,130/3810MB,(cached,2MB),CPU,[0%@1344,9%@1344,0%@1344,0%@1344,0%@1344,0%@1344],GR3D_FREQ,0%,cpu@50.812C,soc2@48.625C,soc0@49.593C,gpu@50.343C,tj@50.812C,soc1@49.625C,VDD_IN,5802mW/5624mW,VDD_CPU_GPU_CV,1428mW/1325mW,VDD_SOC,2380mW/2379mW
07-27-2026,16:34:20,RAM,828/7620MB,(lfb,12x4MB),SWAP,130/3810MB,(cached,2MB),CPU,[10%@1344,9%@1344,0%@1344,0%@1344,0%@1344,9%@1344],GR3D_FREQ,0%,cpu@50.937C,soc2@48.687C,soc0@49.656C,gpu@50.562C,tj@50.937C,soc1@49.718C,VDD_IN,5802mW/5625mW,VDD_CPU_GPU_CV,1428mW/1326mW,VDD_SOC,2380mW/2379mW
07-27-2026,16:34:20,RAM,828/7620MB,(lfb,12x4MB),SWAP,130/3810MB,(cached,2MB),CPU,[9%@1344,18%@1344,8%@1344,0%@1344,0%@1344,0%@1344],GR3D_FREQ,0%,cpu@50.937C,soc2@48.531C,soc0@49.375C,gpu@50.375C,tj@50.937C,soc1@49.531C,VDD_IN,5802mW/5626mW,VDD_CPU_GPU_CV,1388mW/1326mW,VDD_SOC,2380mW/2379mW
07-27-2026,16:34:20,RAM,828/7620MB,(lfb,12x4MB),SWAP,130/3810MB,(cached,2MB),CPU,[0%@1344,9%@1344,0%@1344,0%@1344,0%@1344,9%@1344],GR3D_FREQ,0%,cpu@50.437C,soc2@48.593C,soc0@49.375C,gpu@50.343C,tj@50.718C,soc1@49.562C,VDD_IN,5802mW/5627mW,VDD_CPU_GPU_CV,1388mW/1326mW,VDD_SOC,2380mW/2379mW
07-27-2026,16:34:20,RAM,828/7620MB,(lfb,12x4MB),SWAP,130/3810MB,(cached,2MB),CPU,[18%@1344,10%@1344,0%@1344,0%@1344,9%@1344,0%@1344],GR3D_FREQ,0%,cpu@50.656C,soc2@48.593C,soc0@49.531C,gpu@50.281C,tj@50.656C,soc1@49.468C,VDD_IN,5802mW/5628mW,VDD_CPU_GPU_CV,1388mW/1327mW,VDD_SOC,2380mW/2379mW
07-27-2026,16:34:20,RAM,828/7620MB,(lfb,12x4MB),SWAP,130/3810MB,(cached,2MB),CPU,[9%@1344,9%@1344,0%@1344,0%@1344,0%@1344,0%@1344],GR3D_FREQ,0%,cpu@50.843C,soc2@48.656C,soc0@49.281C,gpu@50.468C,tj@50.843C,soc1@49.656C,VDD_IN,5802mW/5629mW,VDD_CPU_GPU_CV,1388mW/1327mW,VDD_SOC,2380mW/2379mW
07-27-2026,16:34:20,RAM,828/7620MB,(lfb,12x4MB),SWAP,130/3810MB,(cached,2MB),CPU,[0%@1344,18%@1344,0%@1344,0%@1344,0%@1344,0%@1344],GR3D_FREQ,0%,cpu@50.906C,soc2@48.562C,soc0@49.437C,gpu@50.375C,tj@50.906C,soc1@49.937C,VDD_IN,5802mW/5630mW,VDD_CPU_GPU_CV,1388mW/1327mW,VDD_SOC,2380mW/2379mW
07-27-2026,16:34:21,RAM,828/7620MB,(lfb,12x4MB),SWAP,130/3810MB,(cached,2MB),CPU,[18%@1344,0%@1344,0%@1344,0%@1344,0%@1344,0%@1344],GR3D_FREQ,0%,cpu@50.625C,soc2@48.625C,soc0@49.468C,gpu@50.281C,tj@50.625C,soc1@49.531C,VDD_IN,5802mW/5631mW,VDD_CPU_GPU_CV,1388mW/1328mW,VDD_SOC,2380mW/2379mW
07-27-2026,16:34:21,RAM,828/7620MB,(lfb,12x4MB),SWAP,130/3810MB,(cached,2MB),CPU,[9%@1344,9%@1344,0%@1344,0%@1344,0%@1344,0%@1344],GR3D_FREQ,0%,cpu@50.656C,soc2@48.656C,soc0@49.5C,gpu@50.187C,tj@50.656C,soc1@49.562C,VDD_IN,5802mW/5632mW,VDD_CPU_GPU_CV,1388mW/1328mW,VDD_SOC,2380mW/2379mW
07-27-2026,16:34:21,RAM,828/7620MB,(lfb,12x4MB),SWAP,130/3810MB,(cached,2MB),CPU,[0%@1344,18%@1344,9%@1344,0%@1344,16%@1344,9%@1344],GR3D_FREQ,0%,cpu@50.906C,soc2@48.687C,soc0@49.437C,gpu@50.406C,tj@50.906C,soc1@49.656C,VDD_IN,5802mW/5633mW,VDD_CPU_GPU_CV,1388mW/1328mW,VDD_SOC,2420mW/2379mW
07-27-2026,16:34:21,RAM,828/7620MB,(lfb,12x4MB),SWAP,130/3810MB,(cached,2MB),CPU,[9%@1344,0%@1344,0%@1344,0%@1344,0%@1344,0%@1344],GR3D_FREQ,0%,cpu@50.781C,soc2@48.625C,soc0@49.468C,gpu@50.281C,tj@50.781C,soc1@49.875C,VDD_IN,5802mW/5634mW,VDD_CPU_GPU_CV,1388mW/1329mW,VDD_SOC,2420mW/2380mW
07-27-2026,16:34:21,RAM,828/7620MB,(lfb,12x4MB),SWAP,130/3810MB,(cached,2MB),CPU,[18%@1344,16%@1344,0%@1344,0%@1344,0%@1344,0%@1344],GR3D_FREQ,0%,cpu@50.656C,soc2@48.562C,soc0@49.437C,gpu@50.218C,tj@50.656C,soc1@49.531C,VDD_IN,5802mW/5635mW,VDD_CPU_GPU_CV,1388mW/1329mW,VDD_SOC,2420mW/2380mW
07-27-2026,16:34:21,RAM,828/7620MB,(lfb,12x4MB),SWAP,130/3810MB,(cached,2MB),CPU,[16%@1344,9%@1344,0%@1344,0%@1344,0%@1344,0%@1344],GR3D_FREQ,0%,cpu@50.625C,soc2@48.812C,soc0@49.406C,gpu@50.343C,tj@50.625C,soc1@49.781C,VDD_IN,5802mW/5636mW,VDD_CPU_GPU_CV,1388mW/1329mW,VDD_SOC,2420mW/2380mW
07-27-2026,16:34:21,RAM,827/7620MB,(lfb,12x4MB),SWAP,130/3810MB,(cached,2MB),CPU,[0%@1344,10%@1344,0%@1344,0%@1344,0%@1344,0%@1344],GR3D_FREQ,0%,cpu@50.75C,soc2@48.531C,soc0@49.5C,gpu@50.437C,tj@50.75C,soc1@49.531C,VDD_IN,5802mW/5636mW,VDD_CPU_GPU_CV,1388mW/1330mW,VDD_SOC,2420mW/2380mW
07-27-2026,16:34:21,RAM,828/7620MB,(lfb,12x4MB),SWAP,130/3810MB,(cached,2MB),CPU,[10%@1344,9%@1344,0%@1344,0%@1344,0%@1344,0%@1344],GR3D_FREQ,0%,cpu@50.593C,soc2@48.562C,soc0@49.5C,gpu@50.375C,tj@50.593C,soc1@49.625C,VDD_IN,5802mW/5637mW,VDD_CPU_GPU_CV,1388mW/1330mW,VDD_SOC,2380mW/2380mW
07-27-2026,16:34:21,RAM,827/7620MB,(lfb,12x4MB),SWAP,130/3810MB,(cached,2MB),CPU,[9%@1344,10%@1344,0%@1344,0%@1344,0%@1344,0%@1344],GR3D_FREQ,0%,cpu@51.031C,soc2@48.75C,soc0@49.625C,gpu@50.312C,tj@51.031C,soc1@49.656C,VDD_IN,5802mW/5638mW,VDD_CPU_GPU_CV,1388mW/1330mW,VDD_SOC,2380mW/2380mW
07-27-2026,16:34:21,RAM,828/7620MB,(lfb,12x4MB),SWAP,130/3810MB,(cached,2MB),CPU,[10%@1344,9%@1344,0%@1344,0%@1344,0%@1344,0%@1344],GR3D_FREQ,0%,cpu@51.062C,soc2@48.656C,soc0@49.437C,gpu@50.312C,tj@51.062C,soc1@49.875C,VDD_IN,5802mW/5639mW,VDD_CPU_GPU_CV,1388mW/1331mW,VDD_SOC,2380mW/2380mW
07-27-2026,16:34:22,RAM,827/7620MB,(lfb,12x4MB),SWAP,130/3810MB,(cached,2MB),CPU,[9%@1344,9%@1344,9%@1344,0%@1344,0%@1344,9%@1344],GR3D_FREQ,0%,cpu@50.718C,soc2@48.718C,soc0@49.468C,gpu@50.406C,tj@50.718C,soc1@49.531C,VDD_IN,5842mW/5640mW,VDD_CPU_GPU_CV,1388mW/1331mW,VDD_SOC,2380mW/2380mW
07-27-2026,16:34:22,RAM,827/7620MB,(lfb,12x4MB),SWAP,130/3810MB,(cached,2MB),CPU,[16%@1344,10%@1344,0%@1344,0%@1344,0%@1344,0%@1344],GR3D_FREQ,0%,cpu@50.468C,soc2@48.625C,soc0@49.5C,gpu@50.281C,tj@50.468C,soc1@49.562C,VDD_IN,5842mW/5641mW,VDD_CPU_GPU_CV,1388mW/1331mW,VDD_SOC,2380mW/2380mW
07-27-2026,16:34:22,RAM,827/7620MB,(lfb,12x4MB),SWAP,130/3810MB,(cached,2MB),CPU,[18%@1344,9%@1344,0%@1344,9%@1344,9%@1344,0%@1344],GR3D_FREQ,0%,cpu@50.781C,soc2@48.687C,soc0@49.656C,gpu@50.187C,tj@50.781C,soc1@49.75C,VDD_IN,5842mW/5642mW,VDD_CPU_GPU_CV,1428mW/1332mW,VDD_SOC,2420mW/2380mW
07-27-2026,16:34:22,RAM,827/7620MB,(lfb,12x4MB),SWAP,130/3810MB,(cached,2MB),CPU,[0%@1344,10%@1344,0%@1344,0%@1344,0%@1344,8%@1344],GR3D_FREQ,0%,cpu@51C,soc2@48.687C,soc0@49.312C,gpu@50.687C,tj@51C,soc1@49.75C,VDD_IN,5842mW/5643mW,VDD_CPU_GPU_CV,1428mW/1332mW,VDD_SOC,2380mW/2380mW
07-27-2026,16:34:22,RAM,826/7620MB,(lfb,12x4MB),SWAP,130/3810MB,(cached,2MB),CPU,[18%@1344,0%@1344,0%@1344,0%@1344,0%@1344,0%@1344],GR3D_FREQ,0%,cpu@50.468C,soc2@48.562C,soc0@49.5C,gpu@50.25C,tj@50.468C,soc1@49.437C,VDD_IN,5842mW/5644mW,VDD_CPU_GPU_CV,1428mW/1333mW,VDD_SOC,2380mW/2380mW
07-27-2026,16:34:22,RAM,825/7620MB,(lfb,12x4MB),SWAP,130/3810MB,(cached,2MB),CPU,[10%@1344,0%@1344,0%@1344,0%@1344,0%@1344,0%@1344],GR3D_FREQ,0%,cpu@50.531C,soc2@48.531C,soc0@49.562C,gpu@50.25C,tj@50.687C,soc1@49.531C,VDD_IN,5842mW/5645mW,VDD_CPU_GPU_CV,1388mW/1333mW,VDD_SOC,2380mW/2380mW
07-27-2026,16:34:22,RAM,824/7620MB,(lfb,12x4MB),SWAP,130/3810MB,(cached,2MB),CPU,[18%@1344,0%@1344,0%@1344,0%@1344,0%@1344,0%@1344],GR3D_FREQ,0%,cpu@50.812C,soc2@48.718C,soc0@49.75C,gpu@50.687C,tj@50.812C,soc1@49.562C,VDD_IN,5802mW/5646mW,VDD_CPU_GPU_CV,1388mW/1333mW,VDD_SOC,2380mW/2380mW
07-27-2026,16:34:22,RAM,823/7620MB,(lfb,12x4MB),SWAP,130/3810MB,(cached,2MB),CPU,[10%@1344,0%@1344,0%@1344,0%@1344,0%@1344,0%@1344],GR3D_FREQ,0%,cpu@50.906C,soc2@48.656C,soc0@49.406C,gpu@50.5C,tj@50.906C,soc1@49.718C,VDD_IN,5802mW/5647mW,VDD_CPU_GPU_CV,1388mW/1333mW,VDD_SOC,2380mW/2380mW
07-27-2026,16:34:22,RAM,823/7620MB,(lfb,12x4MB),SWAP,130/3810MB,(cached,2MB),CPU,[10%@1344,0%@1344,0%@1344,0%@1344,0%@1344,0%@1344],GR3D_FREQ,0%,cpu@50.468C,soc2@48.625C,soc0@49.5C,gpu@50.906C,tj@50.906C,soc1@49.468C,VDD_IN,5802mW/5647mW,VDD_CPU_GPU_CV,1388mW/1334mW,VDD_SOC,2380mW/2380mW
07-27-2026,16:34:23,RAM,823/7620MB,(lfb,12x4MB),SWAP,130/3810MB,(cached,2MB),CPU,[18%@1344,0%@1344,0%@1344,0%@1344,0%@1344,0%@1344],GR3D_FREQ,0%,cpu@50.656C,soc2@48.656C,soc0@49.468C,gpu@50.625C,tj@50.656C,soc1@49.468C,VDD_IN,5802mW/5648mW,VDD_CPU_GPU_CV,1388mW/1334mW,VDD_SOC,2380mW/2380mW
07-27-2026,16:34:23,RAM,824/7620MB,(lfb,12x4MB),SWAP,130/3810MB,(cached,2MB),CPU,[27%@1344,0%@1344,0%@1344,0%@1344,0%@1344,0%@1344],GR3D_FREQ,0%,cpu@50.75C,soc2@48.718C,soc0@49.687C,gpu@50.468C,tj@50.75C,soc1@49.625C,VDD_IN,5802mW/5649mW,VDD_CPU_GPU_CV,1388mW/1334mW,VDD_SOC,2380mW/2380mW
07-27-2026,16:34:23,RAM,824/7620MB,(lfb,12x4MB),SWAP,130/3810MB,(cached,2MB),CPU,[10%@1344,0%@1344,0%@1344,0%@1344,0%@1344,0%@1344],GR3D_FREQ,0%,cpu@50.875C,soc2@48.75C,soc0@49.437C,gpu@50.781C,tj@50.875C,soc1@49.781C,VDD_IN,5802mW/5650mW,VDD_CPU_GPU_CV,1388mW/1335mW,VDD_SOC,2420mW/2381mW
07-27-2026,16:34:23,RAM,825/7620MB,(lfb,12x4MB),SWAP,130/3810MB,(cached,2MB),CPU,[18%@1344,0%@1344,0%@1344,0%@1344,9%@1344,0%@1344],GR3D_FREQ,0%,cpu@50.875C,soc2@48.531C,soc0@49.5C,gpu@50.593C,tj@50.875C,soc1@49.468C,VDD_IN,5802mW/5650mW,VDD_CPU_GPU_CV,1388mW/1335mW,VDD_SOC,2420mW/2381mW
07-27-2026,16:34:23,RAM,825/7620MB,(lfb,12x4MB),SWAP,130/3810MB,(cached,2MB),CPU,[25%@1344,0%@1344,0%@1344,0%@1344,0%@1344,0%@1344],GR3D_FREQ,0%,cpu@50.625C,soc2@48.718C,soc0@49.375C,gpu@50.312C,tj@50.625C,soc1@49.687C,VDD_IN,5802mW/5651mW,VDD_CPU_GPU_CV,1388mW/1335mW,VDD_SOC,2420mW/2381mW
07-27-2026,16:34:23,RAM,825/7620MB,(lfb,12x4MB),SWAP,130/3810MB,(cached,2MB),CPU,[27%@1344,0%@1344,0%@1344,0%@1344,0%@1344,0%@1344],GR3D_FREQ,0%,cpu@50.781C,soc2@48.718C,soc0@49.406C,gpu@50.718C,tj@50.781C,soc1@49.781C,VDD_IN,5802mW/5652mW,VDD_CPU_GPU_CV,1428mW/1335mW,VDD_SOC,2420mW/2381mW
07-27-2026,16:34:23,RAM,825/7620MB,(lfb,12x4MB),SWAP,130/3810MB,(cached,2MB),CPU,[10%@1344,0%@1344,0%@1344,0%@1344,0%@1344,0%@1344],GR3D_FREQ,0%,cpu@50.468C,soc2@48.562C,soc0@49.468C,gpu@50.531C,tj@50.531C,soc1@49.468C,VDD_IN,5802mW/5653mW,VDD_CPU_GPU_CV,1428mW/1336mW,VDD_SOC,2420mW/2381mW
07-27-2026,16:34:23,RAM,825/7620MB,(lfb,12x4MB),SWAP,130/3810MB,(cached,2MB),CPU,[18%@1344,9%@1344,0%@1344,0%@1344,0%@1344,0%@1344],GR3D_FREQ,0%,cpu@50.593C,soc2@48.656C,soc0@49.593C,gpu@50.218C,tj@50.593C,soc1@49.593C,VDD_IN,5802mW/5653mW,VDD_CPU_GPU_CV,1388mW/1336mW,VDD_SOC,2380mW/2381mW
07-27-2026,16:34:23,RAM,825/7620MB,(lfb,12x4MB),SWAP,130/3810MB,(cached,2MB),CPU,[11%@1344,0%@1344,0%@1344,0%@1344,0%@1344,0%@1344],GR3D_FREQ,0%,cpu@50.656C,soc2@48.562C,soc0@49.687C,gpu@50.687C,tj@51.062C,soc1@49.75C,VDD_IN,5802mW/5654mW,VDD_CPU_GPU_CV,1388mW/1336mW,VDD_SOC,2380mW/2381mW
07-27-2026,16:34:23,RAM,825/7620MB,(lfb,12x4MB),SWAP,130/3810MB,(cached,2MB),CPU,[16%@1344,18%@1344,0%@1344,0%@1344,0%@1344,0%@1344],GR3D_FREQ,0%,cpu@50.625C,soc2@48.718C,soc0@49.406C,gpu@50.406C,tj@50.625C,soc1@49.843C,VDD_IN,5802mW/5655mW,VDD_CPU_GPU_CV,1388mW/1337mW,VDD_SOC,2380mW/2381mW
07-27-2026,16:34:24,RAM,825/7620MB,(lfb,12x4MB),SWAP,130/3810MB,(cached,2MB),CPU,[18%@1344,0%@1344,0%@1344,0%@1344,0%@1344,0%@1344],GR3D_FREQ,0%,cpu@50.562C,soc2@48.562C,soc0@49.468C,gpu@50.406C,tj@50.562C,soc1@49.468C,VDD_IN,5802mW/5655mW,VDD_CPU_GPU_CV,1388mW/1337mW,VDD_SOC,2380mW/2381mW
07-27-2026,16:34:24,RAM,825/7620MB,(lfb,12x4MB),SWAP,130/3810MB,(cached,2MB),CPU,[10%@1344,0%@1344,0%@1344,0%@1344,0%@1344,0%@1344],GR3D_FREQ,0%,cpu@50.5C,soc2@48.656C,soc0@49.5C,gpu@50.718C,tj@50.718C,soc1@49.531C,VDD_IN,5802mW/5656mW,VDD_CPU_GPU_CV,1388mW/1337mW,VDD_SOC,2380mW/2381mW
07-27-2026,16:34:24,RAM,825/7620MB,(lfb,12x4MB),SWAP,130/3810MB,(cached,2MB),CPU,[18%@1344,0%@1344,0%@1344,0%@1344,9%@1344,0%@1344],GR3D_FREQ,0%,cpu@50.968C,soc2@48.562C,soc0@49.718C,gpu@50.5C,tj@50.968C,soc1@49.718C,VDD_IN,5802mW/5657mW,VDD_CPU_GPU_CV,1428mW/1338mW,VDD_SOC,2380mW/2381mW
07-27-2026,16:34:24,RAM,825/7620MB,(lfb,12x4MB),SWAP,130/3810MB,(cached,2MB),CPU,[11%@1344,0%@1344,0%@1344,0%@1344,0%@1344,0%@1344],GR3D_FREQ,0%,cpu@50.687C,soc2@48.718C,soc0@49.406C,gpu@50.406C,tj@50.687C,soc1@49.781C,VDD_IN,5802mW/5657mW,VDD_CPU_GPU_CV,1388mW/1338mW,VDD_SOC,2380mW/2381mW
07-27-2026,16:34:24,RAM,825/7620MB,(lfb,12x4MB),SWAP,130/3810MB,(cached,2MB),CPU,[23%@1344,10%@1344,0%@1344,0%@1344,0%@1344,0%@1344],GR3D_FREQ,0%,cpu@50.75C,soc2@48.593C,soc0@49.468C,gpu@50.562C,tj@50.562C,soc1@49.562C,VDD_IN,5802mW/5658mW,VDD_CPU_GPU_CV,1388mW/1338mW,VDD_SOC,2380mW/2381mW
07-27-2026,16:34:24,RAM,824/7620MB,(lfb,12x4MB),SWAP,130/3810MB,(cached,2MB),CPU,[10%@1344,9%@1344,0%@1344,0%@1344,0%@1344,0%@1344],GR3D_FREQ,0%,cpu@50.562C,soc2@48.593C,soc0@49.562C,gpu@50.5C,tj@50.562C,soc1@49.562C,VDD_IN,5802mW/5659mW,VDD_CPU_GPU_CV,1388mW/1338mW,VDD_SOC,2380mW/2381mW
07-27-2026,16:34:24,RAM,824/7620MB,(lfb,12x4MB),SWAP,130/3810MB,(cached,2MB),CPU,[18%@1344,0%@1344,0%@1344,0%@1344,0%@1344,0%@1344],GR3D_FREQ,0%,cpu@50.875C,soc2@48.75C,soc0@49.562C,gpu@50.406C,tj@50.875C,soc1@49.718C,VDD_IN,5802mW/5659mW,VDD_CPU_GPU_CV,1388mW/1338mW,VDD_SOC,2380mW/2381mW
07-27-2026,16:34:24,RAM,824/7620MB,(lfb,12x4MB),SWAP,130/3810MB,(cached,2MB),CPU,[20%@1344,0%@1344,0%@1344,0%@1344,0%@1344,0%@1344],GR3D_FREQ,0%,cpu@50.531C,soc2@48.781C,soc0@49.437C,gpu@50.687C,tj@50.687C,soc1@49.781C,VDD_IN,5802mW/5660mW,VDD_CPU_GPU_CV,1388mW/1339mW,VDD_SOC,2380mW/2381mW
07-27-2026,16:34:24,RAM,824/7620MB,(lfb,12x4MB),SWAP,130/3810MB,(cached,2MB),CPU,[0%@1344,0%@1344,0%@1344,0%@1344,9%@1344,0%@1344],GR3D_FREQ,0%,cpu@50.656C,soc2@48.531C,soc0@49.406C,gpu@50.5C,tj@50.531C,soc1@49.531C,VDD_IN,5802mW/5661mW,VDD_CPU_GPU_CV,1388mW/1339mW,VDD_SOC,2380mW/2381mW
07-27-2026,16:34:25,RAM,824/7620MB,(lfb,12x4MB),SWAP,130/3810MB,(cached,2MB),CPU,[18%@1344,0%@1344,0%@1344,0%@1344,0%@1344,0%@1344],GR3D_FREQ,0%,cpu@50.562C,soc2@48.531C,soc0@49.5C,gpu@50.375C,tj@50.562C,soc1@49.593C,VDD_IN,5802mW/5661mW,VDD_CPU_GPU_CV,1388mW/1339mW,VDD_SOC,2380mW/2381mW
07-27-2026,16:34:25,RAM,824/7620MB,(lfb,12x4MB),SWAP,130/3810MB,(cached,2MB),CPU,[18%@1344,0%@1344,0%@1344,0%@1344,0%@1344,0%@1344],GR3D_FREQ,0%,cpu@50.812C,soc2@48.656C,soc0@49.593C,gpu@50.5C,tj@50.812C,soc1@49.593C,VDD_IN,5762mW/5662mW,VDD_CPU_GPU_CV,1388mW/1339mW,VDD_SOC,2380mW/2381mW
07-27-2026,16:34:25,RAM,824/7620MB,(lfb,12x4MB),SWAP,130/3810MB,(cached,2MB),CPU,[0%@1344,16%@1344,0%@1344,0%@1344,0%@1344,0%@1344],GR3D_FREQ,0%,cpu@50.875C,soc2@48.718C,soc0@49.5C,gpu@50.531C,tj@50.875C,soc1@49.718C,VDD_IN,5762mW/5662mW,VDD_CPU_GPU_CV,1388mW/1340mW,VDD_SOC,2380mW/2381mW
07-27-2026,16:34:25,RAM,825/7620MB,(lfb,12x4MB),SWAP,130/3810MB,(cached,2MB),CPU,[27%@1344,0%@1344,0%@1344,0%@1344,0%@1344,0%@1344],GR3D_FREQ,0%,cpu@50.687C,soc2@48.625C,soc0@49.593C,gpu@50.656C,tj@50.687C,soc1@49.656C,VDD_IN,5802mW/5663mW,VDD_CPU_GPU_CV,1388mW/1340mW,VDD_SOC,2420mW/2381mW
07-27-2026,16:34:25,RAM,825/7620MB,(lfb,12x4MB),SWAP,130/3810MB,(cached,2MB),CPU,[20%@1344,0%@1344,0%@1344,0%@1344,0%@1344,0%@1344],GR3D_FREQ,0%,cpu@50.781C,soc2@48.781C,soc0@49.656C,gpu@50.468C,tj@50.781C,soc1@49.593C,VDD_IN,5802mW/5663mW,VDD_CPU_GPU_CV,1428mW/1340mW,VDD_SOC,2420mW/2382mW
07-27-2026,16:34:25,RAM,825/7620MB,(lfb,12x4MB),SWAP,130/3810MB,(cached,2MB),CPU,[10%@1344,0%@1344,0%@1344,0%@1344,16%@1344,0%@1344],GR3D_FREQ,0%,cpu@50.812C,soc2@48.718C,soc0@49.437C,gpu@50.343C,tj@50.812C,soc1@49.781C,VDD_IN,5802mW/5664mW,VDD_CPU_GPU_CV,1428mW/1341mW,VDD_SOC,2420mW/2382mW
07-27-2026,16:34:25,RAM,825/7620MB,(lfb,12x4MB),SWAP,130/3810MB,(cached,2MB),CPU,[30%@1344,0%@1344,0%@1344,0%@1344,0%@1344,0%@1344],GR3D_FREQ,0%,cpu@50.562C,soc2@48.593C,soc0@49.5C,gpu@50.718C,tj@50.718C,soc1@49.562C,VDD_IN,5842mW/5665mW,VDD_CPU_GPU_CV,1388mW/1341mW,VDD_SOC,2420mW/2382mW
07-27-2026,16:34:25,RAM,825/7620MB,(lfb,12x4MB),SWAP,130/3810MB,(cached,2MB),CPU,[18%@1344,0%@1344,0%@1344,9%@1344,0%@1344,0%@1344],GR3D_FREQ,0%,cpu@50.687C,soc2@48.625C,soc0@49.5C,gpu@50.5C,tj@50.687C,soc1@49.656C,VDD_IN,5802mW/5665mW,VDD_CPU_GPU_CV,1388mW/1341mW,VDD_SOC,2380mW/2382mW
07-27-2026,16:34:25,RAM,825/7620MB,(lfb,12x4MB),SWAP,130/3810MB,(cached,2MB),CPU,[18%@1344,0%@1344,0%@1344,0%@1344,0%@1344,0%@1344],GR3D_FREQ,0%,cpu@50.75C,soc2@48.687C,soc0@49.593C,gpu@50.312C,tj@50.75C,soc1@49.593C,VDD_IN,5802mW/5666mW,VDD_CPU_GPU_CV,1388mW/1341mW,VDD_SOC,2380mW/2382mW
07-27-2026,16:34:25,RAM,825/7620MB,(lfb,12x4MB),SWAP,130/3810MB,(cached,2MB),CPU,[0%@1344,16%@1344,0%@1344,0%@1344,0%@1344,0%@1344],GR3D_FREQ,0%,cpu@50.906C,soc2@48.718C,soc0@49.406C,gpu@50.312C,tj@50.906C,soc1@49.75C,VDD_IN,5802mW/5667mW,VDD_CPU_GPU_CV,1388mW/1341mW,VDD_SOC,2380mW/2382mW
07-27-2026,16:34:26,RAM,825/7620MB,(lfb,12x4MB),SWAP,130/3810MB,(cached,2MB),CPU,[0%@1344,10%@1344,8%@1344,0%@1344,0%@1344,0%@1344],GR3D_FREQ,0%,cpu@50.781C,soc2@48.625C,soc0@49.5C,gpu@50.437C,tj@50.562C,soc1@49.5C,VDD_IN,5802mW/5667mW,VDD_CPU_GPU_CV,1388mW/1342mW,VDD_SOC,2380mW/2382mW
07-27-2026,16:34:26,RAM,825/7620MB,(lfb,12x4MB),SWAP,130/3810MB,(cached,2MB),CPU,[10%@1344,0%@1344,0%@1344,0%@1344,0%@1344,0%@1344],GR3D_FREQ,0%,cpu@50.625C,soc2@48.531C,soc0@49.656C,gpu@50.343C,tj@50.625C,soc1@49.562C,VDD_IN,5802mW/5668mW,VDD_CPU_GPU_CV,1388mW/1342mW,VDD_SOC,2380mW/2382mW
07-27-2026,16:34:26,RAM,825/7620MB,(lfb,12x4MB),SWAP,130/3810MB,(cached,2MB),CPU,[0%@1344,18%@1344,9%@1344,9%@1344,9%@1344,0%@1344],GR3D_FREQ,0%,cpu@50.718C,soc2@48.75C,soc0@49.593C,gpu@50.281C,tj@50.718C,soc1@49.687C,VDD_IN,5802mW/5668mW,VDD_CPU_GPU_CV,1388mW/1342mW,VDD_SOC,2380mW/2382mW
07-27-2026,16:34:26,RAM,825/7620MB,(lfb,12x4MB),SWAP,130/3810MB,(cached,2MB),CPU,[9%@1344,9%@1344,0%@1344,0%@1344,0%@1344,0%@1344],GR3D_FREQ,0%,cpu@50.812C,soc2@48.656C,soc0@49.406C,gpu@50.437C,tj@50.75C,soc1@49.812C,VDD_IN,5802mW/5669mW,VDD_CPU_GPU_CV,1388mW/1342mW,VDD_SOC,2380mW/2382mW
07-27-2026,16:34:26,RAM,825/7620MB,(lfb,12x4MB),SWAP,130/3810MB,(cached,2MB),CPU,[0%@1344,18%@1344,0%@1344,0%@1344,0%@1344,0%@1344],GR3D_FREQ,0%,cpu@50.843C,soc2@48.531C,soc0@49.5C,gpu@50.343C,tj@50.843C,soc1@49.468C,VDD_IN,5802mW/5669mW,VDD_CPU_GPU_CV,1388mW/1342mW,VDD_SOC,2380mW/2382mW
07-27-2026,16:34:26,RAM,825/7620MB,(lfb,12x4MB),SWAP,130/3810MB,(cached,2MB),CPU,[16%@1344,0%@1344,0%@1344,0%@1344,0%@1344,0%@1344],GR3D_FREQ,0%,cpu@50.531C,soc2@48.75C,soc0@49.5C,gpu@50.312C,tj@50.531C,soc1@49.625C,VDD_IN,5802mW/5670mW,VDD_CPU_GPU_CV,1388mW/1343mW,VDD_SOC,2380mW/2382mW
07-27-2026,16:34:26,RAM,825/7620MB,(lfb,12x4MB),SWAP,130/3810MB,(cached,2MB),CPU,[9%@1344,18%@1344,8%@1344,0%@1344,0%@1344,9%@1344],GR3D_FREQ,0%,cpu@50.75C,soc2@48.718C,soc0@49.531C,gpu@50.468C,tj@50.75C,soc1@49.718C,VDD_IN,5802mW/5671mW,VDD_CPU_GPU_CV,1388mW/1343mW,VDD_SOC,2380mW/2382mW
07-27-2026,16:34:26,RAM,825/7620MB,(lfb,12x4MB),SWAP,130/3810MB,(cached,2MB),CPU,[0%@1344,0%@1344,0%@1344,0%@1344,0%@1344,0%@1344],GR3D_FREQ,0%,cpu@50.781C,soc2@48.718C,soc0@49.375C,gpu@50.312C,tj@50.781C,soc1@49.812C,VDD_IN,5802mW/5671mW,VDD_CPU_GPU_CV,1388mW/1343mW,VDD_SOC,2380mW/2382mW
07-27-2026,16:34:26,RAM,825/7620MB,(lfb,12x4MB),SWAP,130/3810MB,(cached,2MB),CPU,[0%@1344,10%@1344,0%@1344,0%@1344,0%@1344,0%@1344],GR3D_FREQ,0%,cpu@50.718C,soc2@48.656C,soc0@49.468C,gpu@50.281C,tj@50.718C,soc1@49.5C,VDD_IN,5802mW/5672mW,VDD_CPU_GPU_CV,1388mW/1343mW,VDD_SOC,2380mW/2382mW
07-27-2026,16:34:27,RAM,825/7620MB,(lfb,12x4MB),SWAP,130/3810MB,(cached,2MB),CPU,[9%@1344,9%@1344,0%@1344,0%@1344,0%@1344,0%@1344],GR3D_FREQ,0%,cpu@50.468C,soc2@48.593C,soc0@49.531C,gpu@50.75C,tj@50.75C,soc1@49.5C,VDD_IN,5802mW/5672mW,VDD_CPU_GPU_CV,1388mW/1343mW,VDD_SOC,2380mW/2382mW
07-27-2026,16:34:27,RAM,825/7620MB,(lfb,12x4MB),SWAP,130/3810MB,(cached,2MB),CPU,[16%@1344,0%@1344,0%@1344,0%@1344,0%@1344,0%@1344],GR3D_FREQ,0%,cpu@50.593C,soc2@48.593C,soc0@49.656C,gpu@50.312C,tj@50.593C,soc1@49.625C,VDD_IN,5802mW/5673mW,VDD_CPU_GPU_CV,1388mW/1343mW,VDD_SOC,2380mW/2382mW
07-27-2026,16:34:27,RAM,825/7620MB,(lfb,12x4MB),SWAP,130/3810MB,(cached,2MB),CPU,[25%@1344,16%@1344,0%@1344,0%@1344,0%@1344,0%@1344],GR3D_FREQ,0%,cpu@50.562C,soc2@48.625C,soc0@49.5C,gpu@50.468C,tj@50.562C,soc1@49.593C,VDD_IN,5802mW/5673mW,VDD_CPU_GPU_CV,1388mW/1344mW,VDD_SOC,2380mW/2382mW
07-27-2026,16:34:27,RAM,825/7620MB,(lfb,12x4MB),SWAP,130/3810MB,(cached,2MB),CPU,[9%@1344,10%@1344,9%@1344,9%@1344,9%@1344,0%@1344],GR3D_FREQ,0%,cpu@50.718C,soc2@48.593C,soc0@49.5C,gpu@50.343C,tj@50.718C,soc1@49.718C,VDD_IN,5802mW/5674mW,VDD_CPU_GPU_CV,1428mW/1344mW,VDD_SOC,2420mW/2382mW
07-27-2026,16:34:27,RAM,826/7620MB,(lfb,12x4MB),SWAP,130/3810MB,(cached,2MB),CPU,[18%@1344,10%@1344,0%@1344,0%@1344,0%@1344,0%@1344],GR3D_FREQ,0%,cpu@50.906C,soc2@48.687C,soc0@49.437C,gpu@50.312C,tj@50.906C,soc1@49.718C,VDD_IN,5842mW/5674mW,VDD_CPU_GPU_CV,1428mW/1344mW,VDD_SOC,2420mW/2382mW
07-27-2026,16:34:27,RAM,825/7620MB,(lfb,12x4MB),SWAP,130/3810MB,(cached,2MB),CPU,[0%@1344,9%@1344,15%@1344,0%@1344,0%@1344,0%@1344],GR3D_FREQ,0%,cpu@50.906C,soc2@48.781C,soc0@49.437C,gpu@50.25C,tj@50.906C,soc1@49.843C,VDD_IN,5802mW/5675mW,VDD_CPU_GPU_CV,1428mW/1345mW,VDD_SOC,2420mW/2382mW
07-27-2026,16:34:27,RAM,826/7620MB,(lfb,12x4MB),SWAP,130/3810MB,(cached,2MB),CPU,[18%@1344,16%@1344,0%@1344,0%@1344,0%@1344,0%@1344],GR3D_FREQ,0%,cpu@50.562C,soc2@48.656C,soc0@49.531C,gpu@50.312C,tj@50.687C,soc1@49.562C,VDD_IN,5802mW/5675mW,VDD_CPU_GPU_CV,1388mW/1345mW,VDD_SOC,2380mW/2382mW
07-27-2026,16:34:27,RAM,825/7620MB,(lfb,12x4MB),SWAP,130/3810MB,(cached,2MB),CPU,[11%@1344,0%@1344,0%@1344,0%@1344,0%@1344,0%@1344],GR3D_FREQ,0%,cpu@50.75C,soc2@48.687C,soc0@49.468C,gpu@50.312C,tj@50.75C,soc1@49.687C,VDD_IN,5802mW/5676mW,VDD_CPU_GPU_CV,1388mW/1345mW,VDD_SOC,2380mW/2382mW
07-27-2026,16:34:27,RAM,825/7620MB,(lfb,12x4MB),SWAP,130/3810MB,(cached,2MB),CPU,[25%@1344,0%@1344,0%@1344,0%@1344,0%@1344,0%@1344],GR3D_FREQ,0%,cpu@50.812C,soc2@48.781C,soc0@49.375C,gpu@50.906C,tj@50.906C,soc1@49.718C,VDD_IN,5802mW/5676mW,VDD_CPU_GPU_CV,1388mW/1345mW,VDD_SOC,2380mW/2382mW
07-27-2026,16:34:28,RAM,825/7620MB,(lfb,12x4MB),SWAP,130/3810MB,(cached,2MB),CPU,[10%@1344,0%@1344,0%@1344,0%@1344,0%@1344,0%@1344],GR3D_FREQ,0%,cpu@50.906C,soc2@48.75C,soc0@49.437C,gpu@50.656C,tj@50.906C,soc1@49.781C,VDD_IN,5802mW/5677mW,VDD_CPU_GPU_CV,1388mW/1345mW,VDD_SOC,2380mW/2382mW
07-27-2026,16:34:28,RAM,825/7620MB,(lfb,12x4MB),SWAP,130/3810MB,(cached,2MB),CPU,[10%@1344,0%@1344,0%@1344,0%@1344,0%@1344,0%@1344],GR3D_FREQ,0%,cpu@50.656C,soc2@48.531C,soc0@49.437C,gpu@50.281C,tj@50.656C,soc1@49.531C,VDD_IN,5802mW/5677mW,VDD_CPU_GPU_CV,1388mW/1346mW,VDD_SOC,2380mW/2382mW
07-27-2026,16:34:28,RAM,825/7620MB,(lfb,12x4MB),SWAP,130/3810MB,(cached,2MB),CPU,[18%@1344,0%@1344,0%@1344,0%@1344,0%@1344,0%@1344],GR3D_FREQ,0%,cpu@50.656C,soc2@48.562C,soc0@49.625C,gpu@50.875C,tj@50.875C,soc1@49.562C,VDD_IN,5802mW/5678mW,VDD_CPU_GPU_CV,1388mW/1346mW,VDD_SOC,2380mW/2382mW
07-27-2026,16:34:28,RAM,825/7620MB,(lfb,12x4MB),SWAP,130/3810MB,(cached,2MB),CPU,[18%@1344,0%@1344,0%@1344,0%@1344,9%@1344,0%@1344],GR3D_FREQ,0%,cpu@50.843C,soc2@48.75C,soc0@49.312C,gpu@50.656C,tj@50.843C,soc1@49.781C,VDD_IN,5802mW/5678mW,VDD_CPU_GPU_CV,1388mW/1346mW,VDD_SOC,2380mW/2382mW
07-27-2026,16:34:28,RAM,826/7620MB,(lfb,12x4MB),SWAP,130/3810MB,(cached,2MB),CPU,[25%@1344,8%@1344,0%@1344,0%@1344,0%@1344,0%@1344],GR3D_FREQ,0%,cpu@50.906C,soc2@48.718C,soc0@49.437C,gpu@50.5C,tj@50.906C,soc1@49.843C,VDD_IN,5802mW/5679mW,VDD_CPU_GPU_CV,1388mW/1346mW,VDD_SOC,2380mW/2382mW
07-27-2026,16:34:28,RAM,826/7620MB,(lfb,12x4MB),SWAP,130/3810MB,(cached,2MB),CPU,[11%@1344,0%@1344,0%@1344,0%@1344,0%@1344,0%@1344],GR3D_FREQ,0%,cpu@50.562C,soc2@48.687C,soc0@49.5C,gpu@50.781C,tj@50.781C,soc1@49.593C,VDD_IN,5802mW/5679mW,VDD_CPU_GPU_CV,1388mW/1346mW,VDD_SOC,2380mW/2382mW
07-27-2026,16:34:28,RAM,826/7620MB,(lfb,12x4MB),SWAP,130/3810MB,(cached,2MB),CPU,[18%@1344,0%@1344,0%@1344,0%@1344,0%@1344,0%@1344],GR3D_FREQ,0%,cpu@50.656C,soc2@48.625C,soc0@49.593C,gpu@50.562C,tj@50.656C,soc1@49.593C,VDD_IN,5802mW/5680mW,VDD_CPU_GPU_CV,1388mW/1346mW,VDD_SOC,2380mW/2382mW
07-27-2026,16:34:28,RAM,825/7620MB,(lfb,12x4MB),SWAP,130/3810MB,(cached,2MB),CPU,[10%@1344,9%@1344,0%@1344,0%@1344,0%@1344,0%@1344],GR3D_FREQ,0%,cpu@50.718C,soc2@48.718C,soc0@49.562C,gpu@50.468C,tj@50.718C,soc1@49.718C,VDD_IN,5802mW/5680mW,VDD_CPU_GPU_CV,1388mW/1347mW,VDD_SOC,2380mW/2382mW
07-27-2026,16:34:28,RAM,825/7620MB,(lfb,12x4MB),SWAP,130/3810MB,(cached,2MB),CPU,[25%@1344,0%@1344,0%@1344,0%@1344,0%@1344,0%@1344],GR3D_FREQ,0%,cpu@50.812C,soc2@48.812C,soc0@49.375C,gpu@50.75C,tj@50.75C,soc1@49.906C,VDD_IN,5762mW/5681mW,VDD_CPU_GPU_CV,1388mW/1347mW,VDD_SOC,2380mW/2382mW
07-27-2026,16:34:28,RAM,825/7620MB,(lfb,12x4MB),SWAP,130/3810MB,(cached,2MB),CPU,[10%@1344,8%@1344,0%@1344,0%@1344,0%@1344,0%@1344],GR3D_FREQ,0%,cpu@50.593C,soc2@48.562C,soc0@49.437C,gpu@50.531C,tj@50.593C,soc1@49.562C,VDD_IN,5762mW/5681mW,VDD_CPU_GPU_CV,1388mW/1347mW,VDD_SOC,2380mW/2382mW
07-27-2026,16:34:29,RAM,825/7620MB,(lfb,12x4MB),SWAP,130/3810MB,(cached,2MB),CPU,[25%@1344,0%@1344,0%@1344,0%@1344,0%@1344,0%@1344],GR3D_FREQ,0%,cpu@50.593C,soc2@48.656C,soc0@49.562C,gpu@50.468C,tj@50.593C,soc1@49.593C,VDD_IN,5762mW/5681mW,VDD_CPU_GPU_CV,1388mW/1347mW,VDD_SOC,2380mW/2382mW
07-27-2026,16:34:29,RAM,825/7620MB,(lfb,12x4MB),SWAP,130/3810MB,(cached,2MB),CPU,[27%@1344,0%@1344,0%@1344,0%@1344,0%@1344,0%@1344],GR3D_FREQ,0%,cpu@50.562C,soc2@48.75C,soc0@49.437C,gpu@50.625C,tj@50.625C,soc1@49.875C,VDD_IN,5802mW/5682mW,VDD_CPU_GPU_CV,1388mW/1347mW,VDD_SOC,2380mW/2382mW
07-27-2026,16:34:29,RAM,825/7620MB,(lfb,12x4MB),SWAP,130/3810MB,(cached,2MB),CPU,[10%@1344,0%@1344,0%@1344,0%@1344,0%@1344,0%@1344],GR3D_FREQ,0%,cpu@50.625C,soc2@48.656C,soc0@49.5C,gpu@50.531C,tj@50.625C,soc1@49.531C,VDD_IN,5802mW/5682mW,VDD_CPU_GPU_CV,1388mW/1347mW,VDD_SOC,2380mW/2382mW
07-27-2026,16:34:29,RAM,825/7620MB,(lfb,12x4MB),SWAP,130/3810MB,(cached,2MB),CPU,[16%@1344,0%@1344,10%@1344,0%@1344,0%@1344,0%@1344],GR3D_FREQ,0%,cpu@50.781C,soc2@48.718C,soc0@49.593C,gpu@50.906C,tj@50.906C,soc1@49.687C,VDD_IN,5802mW/5683mW,VDD_CPU_GPU_CV,1428mW/1348mW,VDD_SOC,2420mW/2382mW
07-27-2026,16:34:29,RAM,824/7620MB,(lfb,12x4MB),SWAP,130/3810MB,(cached,2MB),CPU,[0%@1344,0%@1344,9%@1344,0%@1344,0%@1344,0%@1344],GR3D_FREQ,0%,cpu@50.906C,soc2@48.718C,soc0@49.468C,gpu@50.718C,tj@50.906C,soc1@49.75C,VDD_IN,5802mW/5683mW,VDD_CPU_GPU_CV,1428mW/1348mW,VDD_SOC,2420mW/2382mW
07-27-2026,16:34:29,RAM,823/7620MB,(lfb,12x4MB),SWAP,130/3810MB,(cached,2MB),CPU,[0%@1344,0%@1344,10%@1344,0%@1344,0%@1344,0%@1344],GR3D_FREQ,0%,cpu@50.687C,soc2@48.687C,soc0@49.468C,gpu@50.562C,tj@50.687C,soc1@49.968C,VDD_IN,5802mW/5684mW,VDD_CPU_GPU_CV,1428mW/1348mW,VDD_SOC,2420mW/2383mW
07-27-2026,16:34:29,RAM,822/7620MB,(lfb,12x4MB),SWAP,130/3810MB,(cached,2MB),CPU,[25%@1344,9%@1344,9%@1344,0%@1344,0%@1344,0%@1344],GR3D_FREQ,0%,cpu@50.5C,soc2@48.593C,soc0@49.5C,gpu@50.812C,tj@50.812C,soc1@49.593C,VDD_IN,5802mW/5684mW,VDD_CPU_GPU_CV,1388mW/1348mW,VDD_SOC,2420mW/2383mW
07-27-2026,16:34:29,RAM,821/7620MB,(lfb,12x4MB),SWAP,130/3810MB,(cached,2MB),CPU,[9%@1344,0%@1344,10%@1344,0%@1344,0%@1344,0%@1344],GR3D_FREQ,0%,cpu@50.843C,soc2@48.625C,soc0@49.687C,gpu@50.687C,tj@50.843C,soc1@49.593C,VDD_IN,5802mW/5684mW,VDD_CPU_GPU_CV,1428mW/1349mW,VDD_SOC,2420mW/2383mW
07-27-2026,16:34:29,RAM,820/7620MB,(lfb,12x4MB),SWAP,130/3810MB,(cached,2MB),CPU,[10%@1344,8%@1344,0%@1344,0%@1344,0%@1344,0%@1344],GR3D_FREQ,0%,cpu@50.781C,soc2@48.781C,soc0@49.437C,gpu@50.406C,tj@50.781C,soc1@49.75C,VDD_IN,5802mW/5685mW,VDD_CPU_GPU_CV,1428mW/1349mW,VDD_SOC,2380mW/2383mW
07-27-2026,16:34:30,RAM,819/7620MB,(lfb,12x4MB),SWAP,130/3810MB,(cached,2MB),CPU,[0%@1344,0%@1344,10%@1344,0%@1344,0%@1344,0%@1344],GR3D_FREQ,0%,cpu@50.968C,soc2@48.625C,soc0@49.406C,gpu@50.343C,tj@50.968C,soc1@49.625C,VDD_IN,5802mW/5685mW,VDD_CPU_GPU_CV,1388mW/1349mW,VDD_SOC,2380mW/2383mW
07-27-2026,16:34:30,RAM,819/7620MB,(lfb,12x4MB),SWAP,130/3810MB,(cached,2MB),CPU,[16%@1344,0%@1344,16%@1344,0%@1344,0%@1344,0%@1344],GR3D_FREQ,0%,cpu@50.531C,soc2@48.593C,soc0@49.5C,gpu@50.593C,tj@50.593C,soc1@49.531C,VDD_IN,5802mW/5686mW,VDD_CPU_GPU_CV,1388mW/1349mW,VDD_SOC,2380mW/2383mW
07-27-2026,16:34:30,RAM,819/7620MB,(lfb,12x4MB),SWAP,130/3810MB,(cached,2MB),CPU,[10%@1344,0%@1344,9%@1344,0%@1344,0%@1344,0%@1344],GR3D_FREQ,0%,cpu@50.781C,soc2@48.625C,soc0@49.562C,gpu@50.468C,tj@50.781C,soc1@49.625C,VDD_IN,5802mW/5686mW,VDD_CPU_GPU_CV,1388mW/1349mW,VDD_SOC,2380mW/2383mW
07-27-2026,16:34:30,RAM,820/7620MB,(lfb,12x4MB),SWAP,130/3810MB,(cached,2MB),CPU,[0%@1344,9%@1344,18%@1344,9%@1344,9%@1344,0%@1344],GR3D_FREQ,0%,cpu@50.875C,soc2@48.781C,soc0@49.5C,gpu@50.312C,tj@50.875C,soc1@49.718C,VDD_IN,5802mW/5687mW,VDD_CPU_GPU_CV,1428mW/1350mW,VDD_SOC,2380mW/2383mW
07-27-2026,16:34:30,RAM,820/7620MB,(lfb,12x4MB),SWAP,130/3810MB,(cached,2MB),CPU,[0%@1344,0%@1344,18%@1344,0%@1344,0%@1344,0%@1344],GR3D_FREQ,0%,cpu@50.968C,soc2@48.625C,soc0@49.437C,gpu@50.562C,tj@50.968C,soc1@49.937C,VDD_IN,5802mW/5687mW,VDD_CPU_GPU_CV,1388mW/1350mW,VDD_SOC,2380mW/2383mW
07-27-2026,16:34:30,RAM,820/7620MB,(lfb,12x4MB),SWAP,130/3810MB,(cached,2MB),CPU,[10%@1344,0%@1344,0%@1344,0%@1344,0%@1344,0%@1344],GR3D_FREQ,0%,cpu@50.531C,soc2@48.593C,soc0@49.437C,gpu@50.468C,tj@50.625C,soc1@49.5C,VDD_IN,5802mW/5687mW,VDD_CPU_GPU_CV,1388mW/1350mW,VDD_SOC,2380mW/2383mW
07-27-2026,16:34:30,RAM,820/7620MB,(lfb,12x4MB),SWAP,130/3810MB,(cached,2MB),CPU,[9%@1344,0%@1344,10%@1344,0%@1344,0%@1344,0%@1344],GR3D_FREQ,0%,cpu@50.656C,soc2@48.718C,soc0@49.656C,gpu@50.375C,tj@50.656C,soc1@49.718C,VDD_IN,5802mW/5688mW,VDD_CPU_GPU_CV,1388mW/1350mW,VDD_SOC,2380mW/2383mW
07-27-2026,16:34:30,RAM,820/7620MB,(lfb,12x4MB),SWAP,130/3810MB,(cached,2MB),CPU,[10%@1344,0%@1344,9%@1344,0%@1344,0%@1344,0%@1344],GR3D_FREQ,0%,cpu@50.843C,soc2@48.625C,soc0@49.5C,gpu@50.312C,tj@50.843C,soc1@49.625C,VDD_IN,5802mW/5688mW,VDD_CPU_GPU_CV,1388mW/1350mW,VDD_SOC,2380mW/2383mW
07-27-2026,16:34:30,RAM,820/7620MB,(lfb,12x4MB),SWAP,130/3810MB,(cached,2MB),CPU,[0%@1344,8%@1344,18%@1344,0%@1344,0%@1344,0%@1344],GR3D_FREQ,0%,cpu@50.937C,soc2@48.593C,soc0@49.5C,gpu@50.375C,tj@50.937C,soc1@49.843C,VDD_IN,5802mW/5689mW,VDD_CPU_GPU_CV,1388mW/1350mW,VDD_SOC,2380mW/2383mW
07-27-2026,16:34:30,RAM,820/7620MB,(lfb,12x4MB),SWAP,130/3810MB,(cached,2MB),CPU,[16%@1344,0%@1344,0%@1344,0%@1344,0%@1344,0%@1344],GR3D_FREQ,0%,cpu@50.593C,soc2@48.625C,soc0@49.468C,gpu@50.25C,tj@50.593C,soc1@49.625C,VDD_IN,5802mW/5689mW,VDD_CPU_GPU_CV,1388mW/1351mW,VDD_SOC,2380mW/2383mW
07-27-2026,16:34:31,RAM,820/7620MB,(lfb,12x4MB),SWAP,130/3810MB,(cached,2MB),CPU,[9%@1344,8%@1344,16%@1344,9%@1344,0%@1344,0%@1344],GR3D_FREQ,0%,cpu@50.687C,soc2@48.718C,soc0@49.468C,gpu@50.437C,tj@50.687C,soc1@49.781C,VDD_IN,5802mW/5690mW,VDD_CPU_GPU_CV,1388mW/1351mW,VDD_SOC,2380mW/2383mW
07-27-2026,16:34:31,RAM,820/7620MB,(lfb,12x4MB),SWAP,130/3810MB,(cached,2MB),CPU,[10%@1344,0%@1344,18%@1344,0%@1344,0%@1344,0%@1344],GR3D_FREQ,0%,cpu@50.781C,soc2@48.625C,soc0@49.468C,gpu@50.343C,tj@50.781C,soc1@49.812C,VDD_IN,5802mW/5690mW,VDD_CPU_GPU_CV,1388mW/1351mW,VDD_SOC,2420mW/2383mW
07-27-2026,16:34:31,RAM,820/7620MB,(lfb,12x4MB),SWAP,130/3810MB,(cached,2MB),CPU,[0%@1344,0%@1344,0%@1344,0%@1344,0%@1344,0%@1344],GR3D_FREQ,0%,cpu@50.531C,soc2@48.593C,soc0@49.531C,gpu@50.625C,tj@50.625C,soc1@49.593C,VDD_IN,5802mW/5690mW,VDD_CPU_GPU_CV,1388mW/1351mW,VDD_SOC,2420mW/2383mW
07-27-2026,16:34:31,RAM,821/7620MB,(lfb,12x4MB),SWAP,130/3810MB,(cached,2MB),CPU,[0%@1344,0%@1344,18%@1344,9%@1344,0%@1344,8%@1344],GR3D_FREQ,0%,cpu@50.593C,soc2@48.656C,soc0@49.5C,gpu@50.437C,tj@50.593C,soc1@49.593C,VDD_IN,5842mW/5691mW,VDD_CPU_GPU_CV,1428mW/1351mW,VDD_SOC,2420mW/2383mW
07-27-2026,16:34:31,RAM,821/7620MB,(lfb,12x4MB),SWAP,130/3810MB,(cached,2MB),CPU,[18%@1344,0%@1344,9%@1344,0%@1344,0%@1344,0%@1344],GR3D_FREQ,0%,cpu@50.562C,soc2@48.656C,soc0@49.375C,gpu@50.406C,tj@50.562C,soc1@49.718C,VDD_IN,5802mW/5691mW,VDD_CPU_GPU_CV,1428mW/1351mW,VDD_SOC,2420mW/2383mW
07-27-2026,16:34:31,RAM,820/7620MB,(lfb,12x4MB),SWAP,130/3810MB,(cached,2MB),CPU,[9%@1344,0%@1344,10%@1344,0%@1344,0%@1344,0%@1344],GR3D_FREQ,0%,cpu@50.812C,soc2@48.781C,soc0@49.437C,gpu@50.625C,tj@50.812C,soc1@49.593C,VDD_IN,5802mW/5692mW,VDD_CPU_GPU_CV,1428mW/1352mW,VDD_SOC,2420mW/2383mW
07-27-2026,16:34:31,RAM,821/7620MB,(lfb,12x4MB),SWAP,130/3810MB,(cached,2MB),CPU,[0%@1344,0%@1344,9%@1344,0%@1344,0%@1344,0%@1344],GR3D_FREQ,0%,cpu@50.562C,soc2@48.625C,soc0@49.5C,gpu@50.437C,tj@50.562C,soc1@49.593C,VDD_IN,5802mW/5692mW,VDD_CPU_GPU_CV,1388mW/1352mW,VDD_SOC,2420mW/2384mW
07-27-2026,16:34:31,RAM,820/7620MB,(lfb,12x4MB),SWAP,130/3810MB,(cached,2MB),CPU,[9%@1344,9%@1344,10%@1344,0%@1344,0%@1344,0%@1344],GR3D_FREQ,0%,cpu@50.656C,soc2@48.687C,soc0@49.656C,gpu@50.406C,tj@50.656C,soc1@49.718C,VDD_IN,5802mW/5692mW,VDD_CPU_GPU_CV,1388mW/1352mW,VDD_SOC,2380mW/2383mW
07-27-2026,16:34:31,RAM,820/7620MB,(lfb,12x4MB),SWAP,130/3810MB,(cached,2MB),CPU,[9%@1344,0%@1344,9%@1344,0%@1344,0%@1344,0%@1344],GR3D_FREQ,0%,cpu@51.062C,soc2@48.656C,soc0@49.718C,gpu@50.281C,tj@51.062C,soc1@49.718C,VDD_IN,5802mW/5693mW,VDD_CPU_GPU_CV,1388mW/1352mW,VDD_SOC,2380mW/2383mW
07-27-2026,16:34:32,RAM,821/7620MB,(lfb,12x4MB),SWAP,130/3810MB,(cached,2MB),CPU,[10%@1344,0%@1344,9%@1344,0%@1344,0%@1344,0%@1344],GR3D_FREQ,0%,cpu@50.718C,soc2@48.75C,soc0@49.5C,gpu@50.375C,tj@50.718C,soc1@49.937C,VDD_IN,5802mW/5693mW,VDD_CPU_GPU_CV,1388mW/1352mW,VDD_SOC,2380mW/2383mW
07-27-2026,16:34:32,RAM,821/7620MB,(lfb,12x4MB),SWAP,130/3810MB,(cached,2MB),CPU,[9%@1344,0%@1344,10%@1344,0%@1344,0%@1344,0%@1344],GR3D_FREQ,0%,cpu@50.656C,soc2@48.625C,soc0@49.562C,gpu@50.406C,tj@50.656C,soc1@49.625C,VDD_IN,5842mW/5694mW,VDD_CPU_GPU_CV,1388mW/1352mW,VDD_SOC,2380mW/2383mW
07-27-2026,16:34:32,RAM,821/7620MB,(lfb,12x4MB),SWAP,130/3810MB,(cached,2MB),CPU,[0%@1344,0%@1344,9%@1344,0%@1344,0%@1344,0%@1344],GR3D_FREQ,0%,cpu@50.593C,soc2@48.593C,soc0@49.625C,gpu@50.312C,tj@50.593C,soc1@49.718C,VDD_IN,5802mW/5694mW,VDD_CPU_GPU_CV,1388mW/1352mW,VDD_SOC,2380mW/2383mW
07-27-2026,16:34:32,RAM,821/7620MB,(lfb,12x4MB),SWAP,130/3810MB,(cached,2MB),CPU,[25%@1344,0%@1344,10%@1344,8%@1344,0%@1344,0%@1344],GR3D_FREQ,0%,cpu@50.937C,soc2@48.75C,soc0@49.468C,gpu@50.406C,tj@50.937C,soc1@49.812C,VDD_IN,5802mW/5694mW,VDD_CPU_GPU_CV,1388mW/1353mW,VDD_SOC,2380mW/2383mW
07-27-2026,16:34:32,RAM,821/7620MB,(lfb,12x4MB),SWAP,130/3810MB,(cached,2MB),CPU,[9%@1344,9%@1344,9%@1344,0%@1344,9%@1344,0%@1344],GR3D_FREQ,0%,cpu@50.781C,soc2@48.781C,soc0@49.468C,gpu@50.312C,tj@50.781C,soc1@50C,VDD_IN,5802mW/5695mW,VDD_CPU_GPU_CV,1388mW/1353mW,VDD_SOC,2380mW/2383mW
07-27-2026,16:34:32,RAM,821/7620MB,(lfb,12x4MB),SWAP,130/3810MB,(cached,2MB),CPU,[10%@1344,0%@1344,0%@1344,0%@1344,0%@1344,0%@1344],GR3D_FREQ,0%,cpu@50.468C,soc2@48.718C,soc0@49.5C,gpu@50.281C,tj@50.468C,soc1@49.656C,VDD_IN,5802mW/5695mW,VDD_CPU_GPU_CV,1388mW/1353mW,VDD_SOC,2380mW/2383mW
07-27-2026,16:34:32,RAM,821/7620MB,(lfb,12x4MB),SWAP,130/3810MB,(cached,2MB),CPU,[0%@1344,9%@1344,18%@1344,0%@1344,0%@1344,0%@1344],GR3D_FREQ,0%,cpu@50.5C,soc2@48.625C,soc0@49.562C,gpu@50.718C,tj@50.812C,soc1@49.718C,VDD_IN,5802mW/5695mW,VDD_CPU_GPU_CV,1388mW/1353mW,VDD_SOC,2380mW/2383mW
07-27-2026,16:34:32,RAM,821/7620MB,(lfb,12x4MB),SWAP,130/3810MB,(cached,2MB),CPU,[16%@1344,0%@1344,9%@1344,0%@1344,0%@1344,9%@1344],GR3D_FREQ,0%,cpu@51C,soc2@48.562C,soc0@49.343C,gpu@50.406C,tj@51C,soc1@49.718C,VDD_IN,5802mW/5696mW,VDD_CPU_GPU_CV,1388mW/1353mW,VDD_SOC,2380mW/2383mW
07-27-2026,16:34:32,RAM,821/7620MB,(lfb,12x4MB),SWAP,130/3810MB,(cached,2MB),CPU,[0%@1344,0%@1344,0%@1344,0%@1344,0%@1344,0%@1344],GR3D_FREQ,0%,cpu@51.062C,soc2@48.562C,soc0@49.468C,gpu@50.25C,tj@51.062C,soc1@49.843C,VDD_IN,5802mW/5696mW,VDD_CPU_GPU_CV,1388mW/1353mW,VDD_SOC,2380mW/2383mW
07-27-2026,16:34:32,RAM,821/7620MB,(lfb,12x4MB),SWAP,130/3810MB,(cached,2MB),CPU,[9%@1344,9%@1344,16%@1344,0%@1344,0%@1344,0%@1344],GR3D_FREQ,0%,cpu@50.75C,soc2@48.562C,soc0@49.5C,gpu@50.406C,tj@50.75C,soc1@49.656C,VDD_IN,5802mW/5697mW,VDD_CPU_GPU_CV,1388mW/1353mW,VDD_SOC,2380mW/2383mW
07-27-2026,16:34:33,RAM,821/7620MB,(lfb,12x4MB),SWAP,130/3810MB,(cached,2MB),CPU,[16%@1344,9%@1344,0%@1344,0%@1344,0%@1344,0%@1344],GR3D_FREQ,0%,cpu@50.781C,soc2@48.75C,soc0@49.468C,gpu@50.343C,tj@50.781C,soc1@49.812C,VDD_IN,5802mW/5697mW,VDD_CPU_GPU_CV,1388mW/1353mW,VDD_SOC,2380mW/2383mW
07-27-2026,16:34:33,RAM,821/7620MB,(lfb,12x4MB),SWAP,130/3810MB,(cached,2MB),CPU,[10%@1344,10%@1344,0%@1344,0%@1344,0%@1344,0%@1344],GR3D_FREQ,0%,cpu@50.843C,soc2@48.687C,soc0@49.437C,gpu@50.531C,tj@50.781C,soc1@49.625C,VDD_IN,5802mW/5697mW,VDD_CPU_GPU_CV,1388mW/1354mW,VDD_SOC,2380mW/2383mW
07-27-2026,16:34:33,RAM,821/7620MB,(lfb,12x4MB),SWAP,130/3810MB,(cached,2MB),CPU,[9%@1344,9%@1344,0%@1344,0%@1344,0%@1344,0%@1344],GR3D_FREQ,0%,cpu@50.625C,soc2@48.562C,soc0@49.562C,gpu@50.375C,tj@50.625C,soc1@49.593C,VDD_IN,5802mW/5698mW,VDD_CPU_GPU_CV,1388mW/1354mW,VDD_SOC,2380mW/2383mW
07-27-2026,16:34:33,RAM,821/7620MB,(lfb,12x4MB),SWAP,130/3810MB,(cached,2MB),CPU,[0%@1344,9%@1344,0%@1344,9%@1344,0%@1344,0%@1344],GR3D_FREQ,0%,cpu@50.75C,soc2@48.656C,soc0@49.656C,gpu@50.25C,tj@50.75C,soc1@49.593C,VDD_IN,5802mW/5698mW,VDD_CPU_GPU_CV,1428mW/1354mW,VDD_SOC,2420mW/2383mW
07-27-2026,16:34:33,RAM,821/7620MB,(lfb,12x4MB),SWAP,130/3810MB,(cached,2MB),CPU,[0%@1344,10%@1344,9%@1344,0%@1344,0%@1344,0%@1344],GR3D_FREQ,0%,cpu@50.781C,soc2@48.75C,soc0@49.437C,gpu@50.812C,tj@50.812C,soc1@49.718C,VDD_IN,5802mW/5698mW,VDD_CPU_GPU_CV,1388mW/1354mW,VDD_SOC,2420mW/2384mW
07-27-2026,16:34:33,RAM,821/7620MB,(lfb,12x4MB),SWAP,130/3810MB,(cached,2MB),CPU,[18%@1344,16%@1344,0%@1344,0%@1344,9%@1344,0%@1344],GR3D_FREQ,0%,cpu@50.75C,soc2@48.718C,soc0@49.437C,gpu@50.343C,tj@50.75C,soc1@49.562C,VDD_IN,5802mW/5699mW,VDD_CPU_GPU_CV,1388mW/1354mW,VDD_SOC,2420mW/2384mW
07-27-2026,16:34:33,RAM,821/7620MB,(lfb,12x4MB),SWAP,130/3810MB,(cached,2MB),CPU,[9%@1344,9%@1344,0%@1344,0%@1344,0%@1344,0%@1344],GR3D_FREQ,0%,cpu@50.625C,soc2@48.718C,soc0@49.5C,gpu@50.281C,tj@50.625C,soc1@49.625C,VDD_IN,5802mW/5699mW,VDD_CPU_GPU_CV,1388mW/1354mW,VDD_SOC,2420mW/2384mW
07-27-2026,16:34:33,RAM,821/7620MB,(lfb,12x4MB),SWAP,130/3810MB,(cached,2MB),CPU,[9%@1344,10%@1344,0%@1344,0%@1344,0%@1344,0%@1344],GR3D_FREQ,0%,cpu@50.687C,soc2@48.75C,soc0@49.656C,gpu@50.812C,tj@50.812C,soc1@49.75C,VDD_IN,5802mW/5699mW,VDD_CPU_GPU_CV,1388mW/1354mW,VDD_SOC,2380mW/2384mW
07-27-2026,16:34:33,RAM,821/7620MB,(lfb,12x4MB),SWAP,130/3810MB,(cached,2MB),CPU,[18%@1344,9%@1344,0%@1344,0%@1344,0%@1344,0%@1344],GR3D_FREQ,0%,cpu@50.812C,soc2@48.875C,soc0@49.406C,gpu@50.625C,tj@50.75C,soc1@49.75C,VDD_IN,5802mW/5700mW,VDD_CPU_GPU_CV,1388mW/1354mW,VDD_SOC,2380mW/2384mW
07-27-2026,16:34:34,RAM,821/7620MB,(lfb,12x4MB),SWAP,130/3810MB,(cached,2MB),CPU,[0%@1344,16%@1344,8%@1344,0%@1344,0%@1344,0%@1344],GR3D_FREQ,0%,cpu@50.843C,soc2@48.687C,soc0@49.406C,gpu@50.312C,tj@50.843C,soc1@49.593C,VDD_IN,5802mW/5700mW,VDD_CPU_GPU_CV,1388mW/1355mW,VDD_SOC,2380mW/2384mW
07-27-2026,16:34:34,RAM,821/7620MB,(lfb,12x4MB),SWAP,130/3810MB,(cached,2MB),CPU,[16%@1344,0%@1344,0%@1344,0%@1344,9%@1344,0%@1344],GR3D_FREQ,0%,cpu@50.562C,soc2@48.593C,soc0@49.531C,gpu@50.75C,tj@50.75C,soc1@49.531C,VDD_IN,5802mW/5700mW,VDD_CPU_GPU_CV,1388mW/1355mW,VDD_SOC,2380mW/2384mW
07-27-2026,16:34:34,RAM,821/7620MB,(lfb,12x4MB),SWAP,130/3810MB,(cached,2MB),CPU,[0%@1344,16%@1344,0%@1344,0%@1344,0%@1344,0%@1344],GR3D_FREQ,0%,cpu@50.625C,soc2@48.75C,soc0@49.656C,gpu@50.562C,tj@50.625C,soc1@49.75C,VDD_IN,5762mW/5701mW,VDD_CPU_GPU_CV,1388mW/1355mW,VDD_SOC,2380mW/2384mW
07-27-2026,16:34:34,RAM,821/7620MB,(lfb,12x4MB),SWAP,130/3810MB,(cached,2MB),CPU,[0%@1344,0%@1344,0%@1344,0%@1344,0%@1344,0%@1344],GR3D_FREQ,0%,cpu@50.625C,soc2@48.718C,soc0@49.468C,gpu@50.5C,tj@50.625C,soc1@49.812C,VDD_IN,5762mW/5701mW,VDD_CPU_GPU_CV,1388mW/1355mW,VDD_SOC,2380mW/2384mW
07-27-2026,16:34:34,RAM,822/7620MB,(lfb,12x4MB),SWAP,130/3810MB,(cached,2MB),CPU,[9%@1344,18%@1344,9%@1344,0%@1344,0%@1344,9%@1344],GR3D_FREQ,0%,cpu@50.75C,soc2@48.656C,soc0@49.562C,gpu@50.687C,tj@50.75C,soc1@49.625C,VDD_IN,5802mW/5701mW,VDD_CPU_GPU_CV,1388mW/1355mW,VDD_SOC,2380mW/2384mW
07-27-2026,16:34:34,RAM,822/7620MB,(lfb,12x4MB),SWAP,130/3810MB,(cached,2MB),CPU,[0%@1344,9%@1344,0%@1344,0%@1344,0%@1344,0%@1344],GR3D_FREQ,0%,cpu@50.687C,soc2@48.625C,soc0@49.531C,gpu@50.593C,tj@50.687C,soc1@49.593C,VDD_IN,5802mW/5701mW,VDD_CPU_GPU_CV,1388mW/1355mW,VDD_SOC,2380mW/2384mW
07-27-2026,16:34:34,RAM,822/7620MB,(lfb,12x4MB),SWAP,130/3810MB,(cached,2MB),CPU,[0%@1344,0%@1344,0%@1344,0%@1344,9%@1344,0%@1344],GR3D_FREQ,0%,cpu@50.718C,soc2@48.656C,soc0@49.656C,gpu@50.468C,tj@50.718C,soc1@49.718C,VDD_IN,5762mW/5702mW,VDD_CPU_GPU_CV,1388mW/1355mW,VDD_SOC,2380mW/2384mW
07-27-2026,16:34:34,RAM,815/7620MB,(lfb,12x4MB),SWAP,130/3810MB,(cached,2MB),CPU,[0%@1344,0%@1344,0%@1344,9%@1344,9%@1344,0%@1344],GR3D_FREQ,0%,cpu@51.062C,soc2@48.656C,soc0@49.468C,gpu@50.718C,tj@51.062C,soc1@49.718C,VDD_IN,5762mW/5702mW,VDD_CPU_GPU_CV,1388mW/1355mW,VDD_SOC,2380mW/2384mW
07-27-2026,16:34:34,RAM,814/7620MB,(lfb,12x4MB),SWAP,130/3810MB,(cached,2MB),CPU,[0%@1344,0%@1344,0%@1344,0%@1344,0%@1344,0%@1344],GR3D_FREQ,0%,cpu@50.625C,soc2@48.625C,soc0@49.468C,gpu@50.437C,tj@50.625C,soc1@49.625C,VDD_IN,5723mW/5702mW,VDD_CPU_GPU_CV,1346mW/1355mW,VDD_SOC,2380mW/2384mW
07-27-2026,16:34:34,RAM,814/7620MB,(lfb,12x4MB),SWAP,130/3810MB,(cached,2MB),CPU,[0%@1344,0%@1344,0%@1344,0%@1344,0%@1344,0%@1344],GR3D_FREQ,0%,cpu@50.625C,soc2@48.656C,soc0@49.5C,gpu@50.437C,tj@50.625C,soc1@49.531C,VDD_IN,5674mW/5702mW,VDD_CPU_GPU_CV,1346mW/1355mW,VDD_SOC,2376mW/2384mW
07-27-2026,16:34:35,RAM,814/7620MB,(lfb,12x4MB),SWAP,130/3810MB,(cached,2MB),CPU,[0%@1344,0%@1344,0%@1344,0%@1344,0%@1344,0%@1344],GR3D_FREQ,0%,cpu@50.593C,soc2@48.656C,soc0@49.531C,gpu@50.656C,tj@50.656C,soc1@49.656C,VDD_IN,5674mW/5702mW,VDD_CPU_GPU_CV,1346mW/1355mW,VDD_SOC,2376mW/2384mW
07-27-2026,16:34:35,RAM,814/7620MB,(lfb,12x4MB),SWAP,130/3810MB,(cached,2MB),CPU,[0%@1344,0%@1344,0%@1344,0%@1344,0%@1344,0%@1344],GR3D_FREQ,0%,cpu@50.906C,soc2@48.75C,soc0@49.656C,gpu@50.468C,tj@50.906C,soc1@49.75C,VDD_IN,5634mW/5701mW,VDD_CPU_GPU_CV,1307mW/1355mW,VDD_SOC,2376mW/2384mW
07-27-2026,16:34:35,RAM,814/7620MB,(lfb,12x4MB),SWAP,130/3810MB,(cached,2MB),CPU,[0%@1344,0%@1344,0%@1344,0%@1344,0%@1344,0%@1344],GR3D_FREQ,0%,cpu@50.562C,soc2@48.75C,soc0@49.5C,gpu@50.468C,tj@50.562C,soc1@49.812C,VDD_IN,5634mW/5701mW,VDD_CPU_GPU_CV,1307mW/1355mW,VDD_SOC,2376mW/2384mW
07-27-2026,16:34:35,RAM,815/7620MB,(lfb,12x4MB),SWAP,130/3810MB,(cached,2MB),CPU,[0%@1344,0%@1344,0%@1344,0%@1344,0%@1344,9%@1344],GR3D_FREQ,0%,cpu@50.812C,soc2@48.625C,soc0@49.5C,gpu@50.625C,tj@50.812C,soc1@49.625C,VDD_IN,5634mW/5701mW,VDD_CPU_GPU_CV,1307mW/1355mW,VDD_SOC,2376mW/2384mW
07-27-2026,16:34:35,RAM,814/7620MB,(lfb,12x4MB),SWAP,130/3810MB,(cached,2MB),CPU,[0%@1344,0%@1344,0%@1344,0%@1344,0%@1344,0%@1344],GR3D_FREQ,0%,cpu@50.468C,soc2@48.718C,soc0@49.625C,gpu@50.562C,tj@50.562C,soc1@49.593C,VDD_IN,5634mW/5701mW,VDD_CPU_GPU_CV,1307mW/1355mW,VDD_SOC,2376mW/2384mW
07-27-2026,16:34:35,RAM,814/7620MB,(lfb,12x4MB),SWAP,130/3810MB,(cached,2MB),CPU,[0%@1344,0%@1344,0%@1344,0%@1344,0%@1344,0%@1344],GR3D_FREQ,0%,cpu@50.593C,soc2@48.718C,soc0@49.593C,gpu@50.375C,tj@50.593C,soc1@49.718C,VDD_IN,5634mW/5701mW,VDD_CPU_GPU_CV,1307mW/1354mW,VDD_SOC,2376mW/2384mW
07-27-2026,16:34:35,RAM,814/7620MB,(lfb,12x4MB),SWAP,130/3810MB,(cached,2MB),CPU,[0%@1344,0%@1344,0%@1344,0%@1344,0%@1344,0%@1344],GR3D_FREQ,0%,cpu@51.125C,soc2@48.812C,soc0@49.531C,gpu@50.562C,tj@51.125C,soc1@49.718C,VDD_IN,5634mW/5700mW,VDD_CPU_GPU_CV,1307mW/1354mW,VDD_SOC,2376mW/2383mW
07-27-2026,16:34:35,RAM,814/7620MB,(lfb,12x4MB),SWAP,130/3810MB,(cached,2MB),CPU,[0%@1344,0%@1344,0%@1344,0%@1344,0%@1344,0%@1344],GR3D_FREQ,0%,cpu@50.718C,soc2@48.593C,soc0@49.5C,gpu@50.531C,tj@50.718C,soc1@49.656C,VDD_IN,5634mW/5700mW,VDD_CPU_GPU_CV,1307mW/1354mW,VDD_SOC,2376mW/2383mW
07-27-2026,16:34:35,RAM,814/7620MB,(lfb,12x4MB),SWAP,130/3810MB,(cached,2MB),CPU,[0%@1344,0%@1344,0%@1344,0%@1344,0%@1344,0%@1344],GR3D_FREQ,0%,cpu@50.468C,soc2@48.656C,soc0@49.5C,gpu@50.718C,tj@50.718C,soc1@49.656C,VDD_IN,5634mW/5700mW,VDD_CPU_GPU_CV,1307mW/1354mW,VDD_SOC,2376mW/2383mW
07-27-2026,16:34:36,RAM,814/7620MB,(lfb,12x4MB),SWAP,130/3810MB,(cached,2MB),CPU,[0%@1344,0%@1344,0%@1344,0%@1344,0%@1344,0%@1344],GR3D_FREQ,0%,cpu@50.625C,soc2@48.656C,soc0@49.531C,gpu@50.531C,tj@50.625C,soc1@49.656C,VDD_IN,5634mW/5700mW,VDD_CPU_GPU_CV,1307mW/1354mW,VDD_SOC,2376mW/2383mW
07-27-2026,16:34:36,RAM,814/7620MB,(lfb,12x4MB),SWAP,130/3810MB,(cached,2MB),CPU,[0%@1344,9%@1344,0%@1344,0%@1344,0%@1344,0%@1344],GR3D_FREQ,0%,cpu@50.562C,soc2@48.75C,soc0@49.812C,gpu@50.5C,tj@50.968C,soc1@49.75C,VDD_IN,5634mW/5700mW,VDD_CPU_GPU_CV,1307mW/1354mW,VDD_SOC,2376mW/2383mW
07-27-2026,16:34:36,RAM,814/7620MB,(lfb,12x4MB),SWAP,130/3810MB,(cached,2MB),CPU,[0%@1344,0%@1344,0%@1344,0%@1344,0%@1344,0%@1344],GR3D_FREQ,0%,cpu@50.593C,soc2@48.843C,soc0@49.5C,gpu@50.687C,tj@50.687C,soc1@49.718C,VDD_IN,5594mW/5699mW,VDD_CPU_GPU_CV,1307mW/1354mW,VDD_SOC,2376mW/2383mW
07-27-2026,16:34:36,RAM,814/7620MB,(lfb,12x4MB),SWAP,130/3810MB,(cached,2MB),CPU,[8%@1344,0%@1344,0%@1344,0%@1344,0%@1344,0%@1344],GR3D_FREQ,0%,cpu@50.687C,soc2@48.687C,soc0@49.625C,gpu@50.5C,tj@50.687C,soc1@49.656C,VDD_IN,5594mW/5699mW,VDD_CPU_GPU_CV,1307mW/1353mW,VDD_SOC,2376mW/2383mW
07-27-2026,16:34:36,RAM,814/7620MB,(lfb,12x4MB),SWAP,130/3810MB,(cached,2MB),CPU,[0%@1344,0%@1344,0%@1344,9%@1344,0%@1344,0%@1344],GR3D_FREQ,0%,cpu@50.468C,soc2@48.718C,soc0@49.562C,gpu@50.375C,tj@50.468C,soc1@49.625C,VDD_IN,5634mW/5699mW,VDD_CPU_GPU_CV,1307mW/1353mW,VDD_SOC,2376mW/2383mW
07-27-2026,16:34:36,RAM,814/7620MB,(lfb,12x4MB),SWAP,130/3810MB,(cached,2MB),CPU,[9%@1344,0%@1344,0%@1344,0%@1344,0%@1344,0%@1344],GR3D_FREQ,0%,cpu@50.593C,soc2@48.687C,soc0@49.718C,gpu@50.687C,tj@50.687C,soc1@49.625C,VDD_IN,5594mW/5698mW,VDD_CPU_GPU_CV,1307mW/1353mW,VDD_SOC,2376mW/2383mW
07-27-2026,16:34:36,RAM,814/7620MB,(lfb,12x4MB),SWAP,130/3810MB,(cached,2MB),CPU,[0%@1344,0%@1344,0%@1344,0%@1344,0%@1344,0%@1344],GR3D_FREQ,0%,cpu@50.687C,soc2@48.75C,soc0@49.5C,gpu@50.5C,tj@50.687C,soc1@49.812C,VDD_IN,5594mW/5698mW,VDD_CPU_GPU_CV,1307mW/1353mW,VDD_SOC,2376mW/2383mW
07-27-2026,16:34:36,RAM,814/7620MB,(lfb,12x4MB),SWAP,130/3810MB,(cached,2MB),CPU,[0%@1344,0%@1344,0%@1344,0%@1344,0%@1344,0%@1344],GR3D_FREQ,0%,cpu@50.625C,soc2@48.593C,soc0@49.437C,gpu@50.406C,tj@50.625C,soc1@49.562C,VDD_IN,5594mW/5698mW,VDD_CPU_GPU_CV,1307mW/1353mW,VDD_SOC,2376mW/2383mW
07-27-2026,16:34:36,RAM,814/7620MB,(lfb,12x4MB),SWAP,130/3810MB,(cached,2MB),CPU,[0%@1344,0%@1344,0%@1344,0%@1344,0%@1344,0%@1344],GR3D_FREQ,0%,cpu@50.562C,soc2@48.593C,soc0@49.468C,gpu@50.718C,tj@50.718C,soc1@49.562C,VDD_IN,5594mW/5697mW,VDD_CPU_GPU_CV,1307mW/1353mW,VDD_SOC,2376mW/2383mW
07-27-2026,16:34:36,RAM,814/7620MB,(lfb,12x4MB),SWAP,130/3810MB,(cached,2MB),CPU,[0%@1344,0%@1344,0%@1344,0%@1344,0%@1344,0%@1344],GR3D_FREQ,0%,cpu@50.593C,soc2@48.656C,soc0@49.656C,gpu@50.531C,tj@50.593C,soc1@49.656C,VDD_IN,5594mW/5697mW,VDD_CPU_GPU_CV,1307mW/1353mW,VDD_SOC,2376mW/2383mW
07-27-2026,16:34:37,RAM,814/7620MB,(lfb,12x4MB),SWAP,130/3810MB,(cached,2MB),CPU,[0%@1344,0%@1344,0%@1344,0%@1344,0%@1344,0%@1344],GR3D_FREQ,0%,cpu@51.062C,soc2@48.625C,soc0@49.781C,gpu@50.843C,tj@51.062C,soc1@49.718C,VDD_IN,5594mW/5697mW,VDD_CPU_GPU_CV,1307mW/1353mW,VDD_SOC,2376mW/2383mW
07-27-2026,16:34:37,RAM,814/7620MB,(lfb,12x4MB),SWAP,130/3810MB,(cached,2MB),CPU,[0%@1344,0%@1344,0%@1344,0%@1344,0%@1344,0%@1344],GR3D_FREQ,0%,cpu@50.625C,soc2@48.531C,soc0@49.562C,gpu@50.656C,tj@50.656C,soc1@49.875C,VDD_IN,5594mW/5697mW,VDD_CPU_GPU_CV,1307mW/1352mW,VDD_SOC,2376mW/2383mW
07-27-2026,16:34:37,RAM,814/7620MB,(lfb,12x4MB),SWAP,130/3810MB,(cached,2MB),CPU,[0%@1344,0%@1344,0%@1344,0%@1344,0%@1344,0%@1344],GR3D_FREQ,0%,cpu@50.812C,soc2@48.562C,soc0@49.5C,gpu@50.5C,tj@50.812C,soc1@49.531C,VDD_IN,5594mW/5696mW,VDD_CPU_GPU_CV,1307mW/1352mW,VDD_SOC,2376mW/2383mW
07-27-2026,16:34:37,RAM,815/7620MB,(lfb,12x4MB),SWAP,130/3810MB,(cached,2MB),CPU,[0%@1344,0%@1344,8%@1344,9%@1344,0%@1344,0%@1344],GR3D_FREQ,0%,cpu@50.5C,soc2@48.656C,soc0@49.5C,gpu@50.812C,tj@50.812C,soc1@49.687C,VDD_IN,5594mW/5696mW,VDD_CPU_GPU_CV,1307mW/1352mW,VDD_SOC,2376mW/2383mW
07-27-2026,16:34:37,RAM,815/7620MB,(lfb,12x4MB),SWAP,130/3810MB,(cached,2MB),CPU,[0%@1344,9%@1344,0%@1344,0%@1344,0%@1344,0%@1344],GR3D_FREQ,0%,cpu@50.625C,soc2@48.656C,soc0@49.656C,gpu@50.625C,tj@50.625C,soc1@49.687C,VDD_IN,5594mW/5696mW,VDD_CPU_GPU_CV,1307mW/1352mW,VDD_SOC,2376mW/2383mW
07-27-2026,16:34:37,RAM,815/7620MB,(lfb,12x4MB),SWAP,130/3810MB,(cached,2MB),CPU,[0%@1344,0%@1344,0%@1344,0%@1344,0%@1344,0%@1344],GR3D_FREQ,0%,cpu@50.593C,soc2@48.718C,soc0@49.437C,gpu@50.5C,tj@50.593C,soc1@49.781C,VDD_IN,5594mW/5695mW,VDD_CPU_GPU_CV,1307mW/1352mW,VDD_SOC,2376mW/2383mW
07-27-2026,16:34:37,RAM,815/7620MB,(lfb,12x4MB),SWAP,130/3810MB,(cached,2MB),CPU,[0%@1344,0%@1344,0%@1344,0%@1344,0%@1344,0%@1344],GR3D_FREQ,0%,cpu@50.812C,soc2@48.687C,soc0@49.437C,gpu@50.718C,tj@50.812C,soc1@49.562C,VDD_IN,5594mW/5695mW,VDD_CPU_GPU_CV,1307mW/1352mW,VDD_SOC,2376mW/2383mW
07-27-2026,16:34:37,RAM,815/7620MB,(lfb,12x4MB),SWAP,130/3810MB,(cached,2MB),CPU,[0%@1344,0%@1344,0%@1344,0%@1344,0%@1344,0%@1344],GR3D_FREQ,0%,cpu@50.5C,soc2@48.687C,soc0@49.5C,gpu@50.531C,tj@50.531C,soc1@49.562C,VDD_IN,5555mW/5695mW,VDD_CPU_GPU_CV,1307mW/1352mW,VDD_SOC,2376mW/2383mW
07-27-2026,16:34:37,RAM,815/7620MB,(lfb,12x4MB),SWAP,130/3810MB,(cached,2MB),CPU,[0%@1344,0%@1344,0%@1344,0%@1344,0%@1344,0%@1344],GR3D_FREQ,0%,cpu@50.562C,soc2@48.656C,soc0@49.656C,gpu@50.5C,tj@50.562C,soc1@49.687C,VDD_IN,5555mW/5694mW,VDD_CPU_GPU_CV,1307mW/1351mW,VDD_SOC,2376mW/2383mW
07-27-2026,16:34:38,RAM,815/7620MB,(lfb,12x4MB),SWAP,130/3810MB,(cached,2MB),CPU,[0%@1344,0%@1344,0%@1344,0%@1344,0%@1344,0%@1344],GR3D_FREQ,0%,cpu@50.593C,soc2@48.656C,soc0@49.843C,gpu@50.687C,tj@51.031C,soc1@49.75C,VDD_IN,5555mW/5694mW,VDD_CPU_GPU_CV,1307mW/1351mW,VDD_SOC,2376mW/2383mW
07-27-2026,16:34:38,RAM,815/7620MB,(lfb,12x4MB),SWAP,130/3810MB,(cached,2MB),CPU,[0%@1344,0%@1344,0%@1344,0%@1344,0%@1344,0%@1344],GR3D_FREQ,0%,cpu@50.718C,soc2@48.781C,soc0@49.437C,gpu@50.656C,tj@50.718C,soc1@49.843C,VDD_IN,5555mW/5693mW,VDD_CPU_GPU_CV,1307mW/1351mW,VDD_SOC,2376mW/2383mW
07-27-2026,16:34:38,RAM,815/7620MB,(lfb,12x4MB),SWAP,130/3810MB,(cached,2MB),CPU,[0%@1344,0%@1344,0%@1344,0%@1344,0%@1344,0%@1344],GR3D_FREQ,0%,cpu@50.593C,soc2@48.593C,soc0@49.531C,gpu@50.25C,tj@50.531C,soc1@49.718C,VDD_IN,5555mW/5693mW,VDD_CPU_GPU_CV,1307mW/1351mW,VDD_SOC,2376mW/2383mW
07-27-2026,16:34:38,RAM,815/7620MB,(lfb,12x4MB),SWAP,130/3810MB,(cached,2MB),CPU,[0%@1344,9%@1344,0%@1344,0%@1344,0%@1344,0%@1344],GR3D_FREQ,0%,cpu@50.687C,soc2@48.781C,soc0@49.656C,gpu@50.718C,tj@50.718C,soc1@49.593C,VDD_IN,5555mW/5693mW,VDD_CPU_GPU_CV,1307mW/1351mW,VDD_SOC,2376mW/2383mW
07-27-2026,16:34:38,RAM,815/7620MB,(lfb,12x4MB),SWAP,130/3810MB,(cached,2MB),CPU,[0%@1344,0%@1344,0%@1344,9%@1344,9%@1344,0%@1344],GR3D_FREQ,0%,cpu@50.625C,soc2@48.625C,soc0@49.687C,gpu@50.531C,tj@50.625C,soc1@49.687C,VDD_IN,5594mW/5692mW,VDD_CPU_GPU_CV,1307mW/1351mW,VDD_SOC,2376mW/2383mW
07-27-2026,16:34:38,RAM,815/7620MB,(lfb,12x4MB),SWAP,130/3810MB,(cached,2MB),CPU,[0%@1344,0%@1344,0%@1344,0%@1344,0%@1344,0%@1344],GR3D_FREQ,0%,cpu@50.625C,soc2@48.625C,soc0@49.437C,gpu@50.843C,tj@50.843C,soc1@49.781C,VDD_IN,5594mW/5692mW,VDD_CPU_GPU_CV,1307mW/1351mW,VDD_SOC,2376mW/2383mW
07-27-2026,16:34:38,RAM,815/7620MB,(lfb,12x4MB),SWAP,130/3810MB,(cached,2MB),CPU,[0%@1344,9%@1344,0%@1344,0%@1344,0%@1344,0%@1344],GR3D_FREQ,0%,cpu@50.75C,soc2@48.562C,soc0@49.531C,gpu@50.562C,tj@50.75C,soc1@49.875C,VDD_IN,5555mW/5692mW,VDD_CPU_GPU_CV,1307mW/1351mW,VDD_SOC,2376mW/2383mW
07-27-2026,16:34:38,RAM,815/7620MB,(lfb,12x4MB),SWAP,130/3810MB,(cached,2MB),CPU,[0%@1344,0%@1344,0%@1344,0%@1344,0%@1344,8%@1344],GR3D_FREQ,0%,cpu@50.437C,soc2@48.593C,soc0@49.531C,gpu@50.531C,tj@50.531C,soc1@49.625C,VDD_IN,5555mW/5691mW,VDD_CPU_GPU_CV,1307mW/1350mW,VDD_SOC,2376mW/2383mW
07-27-2026,16:34:38,RAM,814/7620MB,(lfb,12x4MB),SWAP,130/3810MB,(cached,2MB),CPU,[0%@1344,0%@1344,0%@1344,0%@1344,0%@1344,0%@1344],GR3D_FREQ,0%,cpu@50.562C,soc2@48.625C,soc0@49.5C,gpu@50.812C,tj@50.812C,soc1@49.593C,VDD_IN,5555mW/5691mW,VDD_CPU_GPU_CV,1307mW/1350mW,VDD_SOC,2376mW/2383mW
07-27-2026,16:34:38,RAM,814/7620MB,(lfb,12x4MB),SWAP,130/3810MB,(cached,2MB),CPU,[0%@1344,0%@1344,0%@1344,0%@1344,0%@1344,0%@1344],GR3D_FREQ,0%,cpu@50.656C,soc2@48.718C,soc0@49.5C,gpu@50.625C,tj@50.656C,soc1@49.593C,VDD_IN,5555mW/5691mW,VDD_CPU_GPU_CV,1307mW/1350mW,VDD_SOC,2376mW/2383mW
07-27-2026,16:34:39,RAM,814/7620MB,(lfb,12x4MB),SWAP,130/3810MB,(cached,2MB),CPU,[0%@1344,9%@1344,0%@1344,0%@1344,0%@1344,0%@1344],GR3D_FREQ,0%,cpu@50.812C,soc2@48.75C,soc0@49.468C,gpu@50.312C,tj@50.812C,soc1@49.906C,VDD_IN,5555mW/5690mW,VDD_CPU_GPU_CV,1307mW/1350mW,VDD_SOC,2376mW/2383mW
07-27-2026,16:34:39,RAM,814/7620MB,(lfb,12x4MB),SWAP,130/3810MB,(cached,2MB),CPU,[0%@1344,8%@1344,0%@1344,0%@1344,0%@1344,0%@1344],GR3D_FREQ,0%,cpu@50.718C,soc2@48.656C,soc0@49.5C,gpu@50.75C,tj@50.75C,soc1@49.562C,VDD_IN,5555mW/5690mW,VDD_CPU_GPU_CV,1307mW/1350mW,VDD_SOC,2376mW/2383mW
07-27-2026,16:34:39,RAM,814/7620MB,(lfb,12x4MB),SWAP,130/3810MB,(cached,2MB),CPU,[0%@1344,0%@1344,0%@1344,0%@1344,0%@1344,0%@1344],GR3D_FREQ,0%,cpu@50.687C,soc2@48.718C,soc0@49.562C,gpu@50.625C,tj@50.687C,soc1@49.656C,VDD_IN,5555mW/5689mW,VDD_CPU_GPU_CV,1307mW/1350mW,VDD_SOC,2376mW/2383mW
07-27-2026,16:34:39,RAM,814/7620MB,(lfb,12x4MB),SWAP,130/3810MB,(cached,2MB),CPU,[0%@1344,0%@1344,0%@1344,0%@1344,0%@1344,0%@1344],GR3D_FREQ,0%,cpu@50.593C,soc2@48.75C,soc0@49.718C,gpu@50.281C,tj@50.593C,soc1@49.687C,VDD_IN,5555mW/5689mW,VDD_CPU_GPU_CV,1307mW/1350mW,VDD_SOC,2376mW/2383mW
07-27-2026,16:34:39,RAM,815/7620MB,(lfb,12x4MB),SWAP,130/3810MB,(cached,2MB),CPU,[0%@1344,0%@1344,0%@1344,0%@1344,0%@1344,9%@1344],GR3D_FREQ,0%,cpu@50.718C,soc2@48.718C,soc0@49.343C,gpu@50.75C,tj@50.75C,soc1@49.781C,VDD_IN,5594mW/5689mW,VDD_CPU_GPU_CV,1307mW/1350mW,VDD_SOC,2376mW/2383mW
07-27-2026,16:34:39,RAM,815/7620MB,(lfb,12x4MB),SWAP,130/3810MB,(cached,2MB),CPU,[0%@1344,9%@1344,0%@1344,0%@1344,0%@1344,0%@1344],GR3D_FREQ,0%,cpu@50.718C,soc2@48.625C,soc0@49.468C,gpu@50.562C,tj@50.718C,soc1@49.937C,VDD_IN,5555mW/5688mW,VDD_CPU_GPU_CV,1307mW/1349mW,VDD_SOC,2376mW/2383mW
07-27-2026,16:34:39,RAM,815/7620MB,(lfb,12x4MB),SWAP,130/3810MB,(cached,2MB),CPU,[0%@1344,0%@1344,0%@1344,0%@1344,0%@1344,0%@1344],GR3D_FREQ,0%,cpu@50.5C,soc2@48.593C,soc0@49.593C,gpu@50.25C,tj@50.5C,soc1@49.531C,VDD_IN,5594mW/5688mW,VDD_CPU_GPU_CV,1307mW/1349mW,VDD_SOC,2376mW/2383mW
07-27-2026,16:34:39,RAM,815/7620MB,(lfb,12x4MB),SWAP,130/3810MB,(cached,2MB),CPU,[0%@1344,0%@1344,0%@1344,0%@1344,0%@1344,0%@1344],GR3D_FREQ,0%,cpu@50.593C,soc2@48.687C,soc0@49.593C,gpu@50.687C,tj@50.687C,soc1@49.656C,VDD_IN,5555mW/5688mW,VDD_CPU_GPU_CV,1307mW/1349mW,VDD_SOC,2376mW/2383mW
07-27-2026,16:34:39,RAM,815/7620MB,(lfb,12x4MB),SWAP,130/3810MB,(cached,2MB),CPU,[0%@1344,0%@1344,0%@1344,0%@1344,0%@1344,0%@1344],GR3D_FREQ,0%,cpu@50.625C,soc2@48.656C,soc0@49.468C,gpu@50.5C,tj@50.625C,soc1@49.718C,VDD_IN,5555mW/5687mW,VDD_CPU_GPU_CV,1307mW/1349mW,VDD_SOC,2376mW/2383mW
07-27-2026,16:34:40,RAM,815/7620MB,(lfb,12x4MB),SWAP,130/3810MB,(cached,2MB),CPU,[0%@1344,0%@1344,0%@1344,0%@1344,0%@1344,0%@1344],GR3D_FREQ,0%,cpu@50.718C,soc2@48.656C,soc0@49.5C,gpu@50.875C,tj@50.875C,soc1@49.75C,VDD_IN,5555mW/5687mW,VDD_CPU_GPU_CV,1307mW/1349mW,VDD_SOC,2376mW/2383mW
07-27-2026,16:34:40,RAM,815/7620MB,(lfb,12x4MB),SWAP,130/3810MB,(cached,2MB),CPU,[0%@1344,0%@1344,0%@1344,0%@1344,0%@1344,0%@1344],GR3D_FREQ,0%,cpu@50.468C,soc2@48.562C,soc0@49.5C,gpu@50.718C,tj@50.718C,soc1@49.531C,VDD_IN,5555mW/5687mW,VDD_CPU_GPU_CV,1307mW/1349mW,VDD_SOC,2376mW/2383mW
07-27-2026,16:34:40,RAM,815/7620MB,(lfb,12x4MB),SWAP,130/3810MB,(cached,2MB),CPU,[8%@1344,0%@1344,0%@1344,0%@1344,0%@1344,0%@1344],GR3D_FREQ,0%,cpu@50.562C,soc2@48.656C,soc0@49.625C,gpu@50.312C,tj@50.562C,soc1@49.531C,VDD_IN,5555mW/5686mW,VDD_CPU_GPU_CV,1307mW/1349mW,VDD_SOC,2376mW/2383mW
07-27-2026,16:34:40,RAM,815/7620MB,(lfb,12x4MB),SWAP,130/3810MB,(cached,2MB),CPU,[0%@1344,0%@1344,0%@1344,0%@1344,0%@1344,0%@1344],GR3D_FREQ,0%,cpu@50.593C,soc2@48.656C,soc0@49.687C,gpu@50.843C,tj@50.843C,soc1@49.656C,VDD_IN,5555mW/5686mW,VDD_CPU_GPU_CV,1307mW/1349mW,VDD_SOC,2376mW/2383mW
07-27-2026,16:34:40,RAM,816/7620MB,(lfb,12x4MB),SWAP,130/3810MB,(cached,2MB),CPU,[0%@1344,0%@1344,0%@1344,9%@1344,8%@1344,0%@1344],GR3D_FREQ,0%,cpu@50.75C,soc2@48.718C,soc0@49.5C,gpu@50.625C,tj@50.75C,soc1@49.75C,VDD_IN,5594mW/5686mW,VDD_CPU_GPU_CV,1307mW/1349mW,VDD_SOC,2376mW/2383mW
07-27-2026,16:34:40,RAM,816/7620MB,(lfb,12x4MB),SWAP,130/3810MB,(cached,2MB),CPU,[0%@1344,0%@1344,0%@1344,0%@1344,0%@1344,0%@1344],GR3D_FREQ,0%,cpu@50.656C,soc2@48.593C,soc0@49.531C,gpu@50.312C,tj@50.656C,soc1@49.937C,VDD_IN,5594mW/5685mW,VDD_CPU_GPU_CV,1307mW/1348mW,VDD_SOC,2376mW/2383mW
07-27-2026,16:34:40,RAM,816/7620MB,(lfb,12x4MB),SWAP,130/3810MB,(cached,2MB),CPU,[0%@1344,0%@1344,0%@1344,0%@1344,0%@1344,0%@1344],GR3D_FREQ,0%,cpu@50.593C,soc2@48.625C,soc0@49.5C,gpu@50.781C,tj@50.781C,soc1@49.531C,VDD_IN,5555mW/5685mW,VDD_CPU_GPU_CV,1307mW/1348mW,VDD_SOC,2376mW/2383mW
07-27-2026,16:34:40,RAM,816/7620MB,(lfb,12x4MB),SWAP,130/3810MB,(cached,2MB),CPU,[0%@1344,0%@1344,0%@1344,0%@1344,0%@1344,0%@1344],GR3D_FREQ,0%,cpu@50.593C,soc2@48.75C,soc0@49.625C,gpu@50.593C,tj@50.593C,soc1@49.656C,VDD_IN,5555mW/5685mW,VDD_CPU_GPU_CV,1307mW/1348mW,VDD_SOC,2376mW/2383mW
07-27-2026,16:34:40,RAM,816/7620MB,(lfb,12x4MB),SWAP,130/3810MB,(cached,2MB),CPU,[0%@1344,0%@1344,0%@1344,0%@1344,0%@1344,0%@1344],GR3D_FREQ,0%,cpu@50.656C,soc2@48.687C,soc0@49.406C,gpu@50.281C,tj@50.656C,soc1@49.687C,VDD_IN,5555mW/5684mW,VDD_CPU_GPU_CV,1307mW/1348mW,VDD_SOC,2376mW/2383mW
07-27-2026,16:34:40,RAM,816/7620MB,(lfb,12x4MB),SWAP,130/3810MB,(cached,2MB),CPU,[0%@1344,0%@1344,0%@1344,0%@1344,0%@1344,0%@1344],GR3D_FREQ,0%,cpu@50.718C,soc2@48.75C,soc0@49.437C,gpu@50.812C,tj@50.812C,soc1@49.906C,VDD_IN,5555mW/5684mW,VDD_CPU_GPU_CV,1307mW/1348mW,VDD_SOC,2376mW/2382mW
07-27-2026,16:34:41,RAM,816/7620MB,(lfb,12x4MB),SWAP,130/3810MB,(cached,2MB),CPU,[8%@1344,0%@1344,0%@1344,0%@1344,0%@1344,0%@1344],GR3D_FREQ,0%,cpu@50.75C,soc2@48.562C,soc0@49.562C,gpu@50.437C,tj@50.656C,soc1@49.562C,VDD_IN,5555mW/5684mW,VDD_CPU_GPU_CV,1307mW/1348mW,VDD_SOC,2376mW/2382mW
07-27-2026,16:34:41,RAM,816/7620MB,(lfb,12x4MB),SWAP,130/3810MB,(cached,2MB),CPU,[0%@1344,0%@1344,0%@1344,0%@1344,0%@1344,0%@1344],GR3D_FREQ,0%,cpu@50.593C,soc2@48.625C,soc0@49.593C,gpu@50.25C,tj@50.593C,soc1@49.562C,VDD_IN,5555mW/5683mW,VDD_CPU_GPU_CV,1307mW/1348mW,VDD_SOC,2376mW/2382mW
07-27-2026,16:34:41,RAM,816/7620MB,(lfb,12x4MB),SWAP,130/3810MB,(cached,2MB),CPU,[0%@1344,9%@1344,0%@1344,0%@1344,0%@1344,0%@1344],GR3D_FREQ,0%,cpu@50.593C,soc2@48.656C,soc0@49.562C,gpu@50.781C,tj@50.781C,soc1@49.75C,VDD_IN,5555mW/5683mW,VDD_CPU_GPU_CV,1307mW/1348mW,VDD_SOC,2376mW/2382mW
07-27-2026,16:34:41,RAM,816/7620MB,(lfb,12x4MB),SWAP,130/3810MB,(cached,2MB),CPU,[0%@1344,0%@1344,0%@1344,0%@1344,0%@1344,0%@1344],GR3D_FREQ,0%,cpu@50.687C,soc2@48.75C,soc0@49.437C,gpu@50.312C,tj@50.687C,soc1@49.781C,VDD_IN,5555mW/5683mW,VDD_CPU_GPU_CV,1307mW/1348mW,VDD_SOC,2376mW/2382mW
07-27-2026,16:34:41,RAM,816/7620MB,(lfb,12x4MB),SWAP,130/3810MB,(cached,2MB),CPU,[8%@1344,0%@1344,0%@1344,0%@1344,0%@1344,0%@1344],GR3D_FREQ,0%,cpu@50.781C,soc2@48.593C,soc0@49.437C,gpu@50.156C,tj@50.781C,soc1@49.5C,VDD_IN,5555mW/5682mW,VDD_CPU_GPU_CV,1307mW/1347mW,VDD_SOC,2376mW/2382mW
07-27-2026,16:34:41,RAM,816/7620MB,(lfb,12x4MB),SWAP,130/3810MB,(cached,2MB),CPU,[0%@1344,0%@1344,0%@1344,0%@1344,0%@1344,0%@1344],GR3D_FREQ,0%,cpu@50.562C,soc2@48.656C,soc0@49.531C,gpu@50.687C,tj@50.687C,soc1@49.562C,VDD_IN,5555mW/5682mW,VDD_CPU_GPU_CV,1307mW/1347mW,VDD_SOC,2376mW/2382mW
07-27-2026,16:34:41,RAM,816/7620MB,(lfb,12x4MB),SWAP,130/3810MB,(cached,2MB),CPU,[0%@1344,0%@1344,0%@1344,0%@1344,0%@1344,0%@1344],GR3D_FREQ,0%,cpu@50.625C,soc2@48.718C,soc0@49.625C,gpu@50.281C,tj@50.625C,soc1@49.531C,VDD_IN,5555mW/5682mW,VDD_CPU_GPU_CV,1307mW/1347mW,VDD_SOC,2376mW/2382mW
07-27-2026,16:34:41,RAM,816/7620MB,(lfb,12x4MB),SWAP,130/3810MB,(cached,2MB),CPU,[0%@1344,0%@1344,0%@1344,0%@1344,0%@1344,0%@1344],GR3D_FREQ,0%,cpu@50.687C,soc2@48.656C,soc0@49.437C,gpu@50.937C,tj@50.937C,soc1@49.718C,VDD_IN,5555mW/5681mW,VDD_CPU_GPU_CV,1307mW/1347mW,VDD_SOC,2376mW/2382mW
07-27-2026,16:34:41,RAM,816/7620MB,(lfb,12x4MB),SWAP,130/3810MB,(cached,2MB),CPU,[0%@1344,0%@1344,0%@1344,0%@1344,0%@1344,0%@1344],GR3D_FREQ,0%,cpu@50.812C,soc2@48.718C,soc0@49.437C,gpu@50.718C,tj@50.812C,soc1@49.781C,VDD_IN,5555mW/5681mW,VDD_CPU_GPU_CV,1307mW/1347mW,VDD_SOC,2376mW/2382mW
07-27-2026,16:34:42,RAM,816/7620MB,(lfb,12x4MB),SWAP,130/3810MB,(cached,2MB),CPU,[0%@1344,8%@1344,0%@1344,0%@1344,0%@1344,0%@1344],GR3D_FREQ,0%,cpu@50.718C,soc2@48.593C,soc0@49.468C,gpu@50.312C,tj@50.718C,soc1@49.531C,VDD_IN,5555mW/5681mW,VDD_CPU_GPU_CV,1307mW/1347mW,VDD_SOC,2376mW/2382mW
07-27-2026,16:34:42,RAM,816/7620MB,(lfb,12x4MB),SWAP,130/3810MB,(cached,2MB),CPU,[0%@1344,0%@1344,0%@1344,0%@1344,0%@1344,0%@1344],GR3D_FREQ,0%,cpu@50.625C,soc2@48.718C,soc0@49.593C,gpu@50.843C,tj@50.843C,soc1@49.656C,VDD_IN,5555mW/5680mW,VDD_CPU_GPU_CV,1307mW/1347mW,VDD_SOC,2376mW/2382mW
07-27-2026,16:34:42,RAM,816/7620MB,(lfb,12x4MB),SWAP,130/3810MB,(cached,2MB),CPU,[9%@1344,0%@1344,0%@1344,0%@1344,0%@1344,0%@1344],GR3D_FREQ,0%,cpu@50.656C,soc2@48.625C,soc0@49.625C,gpu@50.281C,tj@50.656C,soc1@49.687C,VDD_IN,5555mW/5680mW,VDD_CPU_GPU_CV,1307mW/1347mW,VDD_SOC,2376mW/2382mW
07-27-2026,16:34:42,RAM,816/7620MB,(lfb,12x4MB),SWAP,130/3810MB,(cached,2MB),CPU,[0%@1344,0%@1344,0%@1344,0%@1344,0%@1344,0%@1344],GR3D_FREQ,0%,cpu@50.656C,soc2@48.781C,soc0@49.5C,gpu@50.281C,tj@50.656C,soc1@49.843C,VDD_IN,5594mW/5680mW,VDD_CPU_GPU_CV,1307mW/1347mW,VDD_SOC,2376mW/2382mW
07-27-2026,16:34:42,RAM,816/7620MB,(lfb,12x4MB),SWAP,130/3810MB,(cached,2MB),CPU,[0%@1344,0%@1344,0%@1344,0%@1344,8%@1344,0%@1344],GR3D_FREQ,0%,cpu@50.812C,soc2@48.656C,soc0@49.406C,gpu@50.843C,tj@50.843C,soc1@49.625C,VDD_IN,5634mW/5680mW,VDD_CPU_GPU_CV,1307mW/1347mW,VDD_SOC,2376mW/2382mW
07-27-2026,16:34:42,RAM,816/7620MB,(lfb,12x4MB),SWAP,130/3810MB,(cached,2MB),CPU,[0%@1344,0%@1344,0%@1344,0%@1344,0%@1344,0%@1344],GR3D_FREQ,0%,cpu@50.531C,soc2@48.625C,soc0@49.562C,gpu@50.375C,tj@50.531C,soc1@49.593C,VDD_IN,5634mW/5680mW,VDD_CPU_GPU_CV,1307mW/1346mW,VDD_SOC,2376mW/2382mW
07-27-2026,16:34:42,RAM,816/7620MB,(lfb,12x4MB),SWAP,130/3810MB,(cached,2MB),CPU,[0%@1344,0%@1344,0%@1344,0%@1344,0%@1344,0%@1344],GR3D_FREQ,0%,cpu@50.562C,soc2@48.625C,soc0@49.562C,gpu@50.312C,tj@50.593C,soc1@49.593C,VDD_IN,5634mW/5680mW,VDD_CPU_GPU_CV,1307mW/1346mW,VDD_SOC,2376mW/2382mW
07-27-2026,16:34:42,RAM,816/7620MB,(lfb,12x4MB),SWAP,130/3810MB,(cached,2MB),CPU,[0%@1344,0%@1344,0%@1344,0%@1344,0%@1344,0%@1344],GR3D_FREQ,0%,cpu@50.687C,soc2@48.687C,soc0@49.531C,gpu@50.781C,tj@50.781C,soc1@49.718C,VDD_IN,5594mW/5679mW,VDD_CPU_GPU_CV,1305mW/1346mW,VDD_SOC,2376mW/2382mW
07-27-2026,16:34:42,RAM,816/7620MB,(lfb,12x4MB),SWAP,130/3810MB,(cached,2MB),CPU,[0%@1344,0%@1344,0%@1344,0%@1344,0%@1344,0%@1344],GR3D_FREQ,0%,cpu@50.656C,soc2@48.718C,soc0@49.562C,gpu@50.343C,tj@50.656C,soc1@49.843C,VDD_IN,5594mW/5679mW,VDD_CPU_GPU_CV,1307mW/1346mW,VDD_SOC,2376mW/2382mW
07-27-2026,16:34:42,RAM,816/7620MB,(lfb,12x4MB),SWAP,130/3810MB,(cached,2MB),CPU,[9%@1344,0%@1344,0%@1344,0%@1344,0%@1344,0%@1344],GR3D_FREQ,0%,cpu@50.468C,soc2@48.593C,soc0@49.5C,gpu@50.281C,tj@50.468C,soc1@49.656C,VDD_IN,5585mW/5679mW,VDD_CPU_GPU_CV,1305mW/1346mW,VDD_SOC,2376mW/2382mW
07-27-2026,16:34:43,RAM,816/7620MB,(lfb,12x4MB),SWAP,130/3810MB,(cached,2MB),CPU,[0%@1344,0%@1344,0%@1344,0%@1344,0%@1344,0%@1344],GR3D_FREQ,0%,cpu@50.468C,soc2@48.593C,soc0@49.687C,gpu@50.718C,tj@50.718C,soc1@49.562C,VDD_IN,5594mW/5679mW,VDD_CPU_GPU_CV,1305mW/1346mW,VDD_SOC,2376mW/2382mW
07-27-2026,16:34:43,RAM,816/7620MB,(lfb,12x4MB),SWAP,130/3810MB,(cached,2MB),CPU,[0%@1344,0%@1344,0%@1344,0%@1344,0%@1344,0%@1344],GR3D_FREQ,0%,cpu@50.625C,soc2@48.718C,soc0@49.718C,gpu@50.343C,tj@50.625C,soc1@49.718C,VDD_IN,5594mW/5678mW,VDD_CPU_GPU_CV,1305mW/1346mW,VDD_SOC,2376mW/2382mW
07-27-2026,16:34:43,RAM,816/7620MB,(lfb,12x4MB),SWAP,130/3810MB,(cached,2MB),CPU,[0%@1344,0%@1344,0%@1344,0%@1344,0%@1344,0%@1344],GR3D_FREQ,0%,cpu@50.75C,soc2@48.718C,soc0@49.593C,gpu@50.25C,tj@50.656C,soc1@49.812C,VDD_IN,5555mW/5678mW,VDD_CPU_GPU_CV,1305mW/1346mW,VDD_SOC,2376mW/2382mW
07-27-2026,16:34:43,RAM,816/7620MB,(lfb,12x4MB),SWAP,130/3810MB,(cached,2MB),CPU,[0%@1344,0%@1344,0%@1344,0%@1344,0%@1344,0%@1344],GR3D_FREQ,0%,cpu@50.781C,soc2@48.531C,soc0@49.5C,gpu@50.375C,tj@50.781C,soc1@49.531C,VDD_IN,5555mW/5678mW,VDD_CPU_GPU_CV,1305mW/1346mW,VDD_SOC,2376mW/2382mW
07-27-2026,16:34:43,RAM,816/7620MB,(lfb,12x4MB),SWAP,130/3810MB,(cached,2MB),CPU,[0%@1344,0%@1344,0%@1344,0%@1344,0%@1344,0%@1344],GR3D_FREQ,0%,cpu@50.562C,soc2@48.531C,soc0@49.562C,gpu@50.343C,tj@50.562C,soc1@49.468C,VDD_IN,5594mW/5678mW,VDD_CPU_GPU_CV,1307mW/1345mW,VDD_SOC,2376mW/2382mW
07-27-2026,16:34:43,RAM,815/7620MB,(lfb,12x4MB),SWAP,130/3810MB,(cached,2MB),CPU,[0%@1344,0%@1344,0%@1344,0%@1344,0%@1344,0%@1344],GR3D_FREQ,0%,cpu@50.531C,soc2@48.687C,soc0@49.562C,gpu@50.812C,tj@50.812C,soc1@49.593C,VDD_IN,5594mW/5677mW,VDD_CPU_GPU_CV,1307mW/1345mW,VDD_SOC,2376mW/2382mW
07-27-2026,16:34:43,RAM,815/7620MB,(lfb,12x4MB),SWAP,130/3810MB,(cached,2MB),CPU,[0%@1344,0%@1344,0%@1344,0%@1344,0%@1344,0%@1344],GR3D_FREQ,0%,cpu@50.781C,soc2@48.718C,soc0@49.437C,gpu@50.375C,tj@50.781C,soc1@49.75C,VDD_IN,5555mW/5677mW,VDD_CPU_GPU_CV,1305mW/1345mW,VDD_SOC,2376mW/2382mW
07-27-2026,16:34:43,RAM,815/7620MB,(lfb,12x4MB),SWAP,130/3810MB,(cached,2MB),CPU,[0%@1344,0%@1344,0%@1344,0%@1344,0%@1344,0%@1344],GR3D_FREQ,0%,cpu@50.781C,soc2@48.718C,soc0@49.531C,gpu@50.312C,tj@50.781C,soc1@49.875C,VDD_IN,5555mW/5677mW,VDD_CPU_GPU_CV,1307mW/1345mW,VDD_SOC,2376mW/2382mW
07-27-2026,16:34:43,RAM,815/7620MB,(lfb,12x4MB),SWAP,130/3810MB,(cached,2MB),CPU,[0%@1344,0%@1344,0%@1344,0%@1344,0%@1344,0%@1344],GR3D_FREQ,0%,cpu@50.593C,soc2@48.718C,soc0@49.5C,gpu@50.812C,tj@50.812C,soc1@49.5C,VDD_IN,5555mW/5676mW,VDD_CPU_GPU_CV,1307mW/1345mW,VDD_SOC,2376mW/2382mW
07-27-2026,16:34:43,RAM,815/7620MB,(lfb,12x4MB),SWAP,130/3810MB,(cached,2MB),CPU,[0%@1344,0%@1344,0%@1344,0%@1344,0%@1344,0%@1344],GR3D_FREQ,0%,cpu@50.5C,soc2@48.75C,soc0@49.531C,gpu@50.375C,tj@50.5C,soc1@49.718C,VDD_IN,5555mW/5676mW,VDD_CPU_GPU_CV,1307mW/1345mW,VDD_SOC,2376mW/2382mW
07-27-2026,16:34:44,RAM,815/7620MB,(lfb,12x4MB),SWAP,130/3810MB,(cached,2MB),CPU,[0%@1344,0%@1344,0%@1344,0%@1344,0%@1344,0%@1344],GR3D_FREQ,0%,cpu@50.656C,soc2@48.625C,soc0@49.656C,gpu@50.281C,tj@50.656C,soc1@49.687C,VDD_IN,5555mW/5676mW,VDD_CPU_GPU_CV,1307mW/1345mW,VDD_SOC,2376mW/2382mW
07-27-2026,16:34:44,RAM,815/7620MB,(lfb,12x4MB),SWAP,130/3810MB,(cached,2MB),CPU,[0%@1344,0%@1344,0%@1344,0%@1344,0%@1344,0%@1344],GR3D_FREQ,0%,cpu@50.75C,soc2@48.843C,soc0@49.437C,gpu@50.781C,tj@50.781C,soc1@49.781C,VDD_IN,5555mW/5676mW,VDD_CPU_GPU_CV,1305mW/1345mW,VDD_SOC,2376mW/2382mW
07-27-2026,16:34:44,RAM,815/7620MB,(lfb,12x4MB),SWAP,130/3810MB,(cached,2MB),CPU,[0%@1344,0%@1344,0%@1344,0%@1344,0%@1344,0%@1344],GR3D_FREQ,0%,cpu@50.75C,soc2@48.593C,soc0@49.562C,gpu@50.312C,tj@50.75C,soc1@49.5C,VDD_IN,5555mW/5675mW,VDD_CPU_GPU_CV,1307mW/1345mW,VDD_SOC,2376mW/2382mW
07-27-2026,16:34:44,RAM,815/7620MB,(lfb,12x4MB),SWAP,130/3810MB,(cached,2MB),CPU,[0%@1344,0%@1344,0%@1344,0%@1344,0%@1344,0%@1344],GR3D_FREQ,0%,cpu@50.625C,soc2@48.656C,soc0@49.531C,gpu@50.312C,tj@50.625C,soc1@49.562C,VDD_IN,5555mW/5675mW,VDD_CPU_GPU_CV,1307mW/1345mW,VDD_SOC,2376mW/2382mW
07-27-2026,16:34:44,RAM,816/7620MB,(lfb,12x4MB),SWAP,130/3810MB,(cached,2MB),CPU,[0%@1344,0%@1344,0%@1344,9%@1344,0%@1344,0%@1344],GR3D_FREQ,0%,cpu@50.656C,soc2@48.625C,soc0@49.687C,gpu@50.437C,tj@50.656C,soc1@49.593C,VDD_IN,5594mW/5675mW,VDD_CPU_GPU_CV,1305mW/1345mW,VDD_SOC,2376mW/2382mW
07-27-2026,16:34:44,RAM,816/7620MB,(lfb,12x4MB),SWAP,130/3810MB,(cached,2MB),CPU,[0%@1344,0%@1344,0%@1344,0%@1344,0%@1344,0%@1344],GR3D_FREQ,0%,cpu@50.75C,soc2@48.781C,soc0@49.468C,gpu@50.312C,tj@50.75C,soc1@49.781C,VDD_IN,5555mW/5674mW,VDD_CPU_GPU_CV,1307mW/1344mW,VDD_SOC,2376mW/2382mW
07-27-2026,16:34:44,RAM,816/7620MB,(lfb,12x4MB),SWAP,130/3810MB,(cached,2MB),CPU,[0%@1344,0%@1344,0%@1344,0%@1344,0%@1344,0%@1344],GR3D_FREQ,0%,cpu@50.687C,soc2@48.656C,soc0@49.5C,gpu@50.25C,tj@50.687C,soc1@49.531C,VDD_IN,5555mW/5674mW,VDD_CPU_GPU_CV,1305mW/1344mW,VDD_SOC,2376mW/2382mW
07-27-2026,16:34:44,RAM,816/7620MB,(lfb,12x4MB),SWAP,130/3810MB,(cached,2MB),CPU,[0%@1344,0%@1344,0%@1344,0%@1344,0%@1344,0%@1344],GR3D_FREQ,0%,cpu@50.593C,soc2@48.625C,soc0@49.531C,gpu@50.406C,tj@50.593C,soc1@49.593C,VDD_IN,5555mW/5674mW,VDD_CPU_GPU_CV,1305mW/1344mW,VDD_SOC,2376mW/2382mW
07-27-2026,16:34:44,RAM,816/7620MB,(lfb,12x4MB),SWAP,130/3810MB,(cached,2MB),CPU,[9%@1344,0%@1344,0%@1344,0%@1344,0%@1344,0%@1344],GR3D_FREQ,0%,cpu@50.562C,soc2@48.625C,soc0@49.687C,gpu@50.343C,tj@50.562C,soc1@49.625C,VDD_IN,5555mW/5674mW,VDD_CPU_GPU_CV,1305mW/1344mW,VDD_SOC,2376mW/2382mW
07-27-2026,16:34:45,RAM,816/7620MB,(lfb,12x4MB),SWAP,130/3810MB,(cached,2MB),CPU,[0%@1344,0%@1344,0%@1344,0%@1344,0%@1344,0%@1344],GR3D_FREQ,0%,cpu@50.625C,soc2@48.687C,soc0@49.656C,gpu@50.25C,tj@50.625C,soc1@49.718C,VDD_IN,5555mW/5673mW,VDD_CPU_GPU_CV,1305mW/1344mW,VDD_SOC,2376mW/2382mW
07-27-2026,16:34:45,RAM,816/7620MB,(lfb,12x4MB),SWAP,130/3810MB,(cached,2MB),CPU,[0%@1344,0%@1344,0%@1344,0%@1344,0%@1344,0%@1344],GR3D_FREQ,0%,cpu@50.781C,soc2@48.75C,soc0@49.468C,gpu@50.375C,tj@50.781C,soc1@49.781C,VDD_IN,5555mW/5673mW,VDD_CPU_GPU_CV,1305mW/1344mW,VDD_SOC,2376mW/2382mW
07-27-2026,16:34:45,RAM,816/7620MB,(lfb,12x4MB),SWAP,130/3810MB,(cached,2MB),CPU,[0%@1344,0%@1344,0%@1344,0%@1344,0%@1344,0%@1344],GR3D_FREQ,0%,cpu@50.75C,soc2@48.562C,soc0@49.5C,gpu@50.312C,tj@50.75C,soc1@49.593C,VDD_IN,5555mW/5673mW,VDD_CPU_GPU_CV,1307mW/1344mW,VDD_SOC,2376mW/2382mW
07-27-2026,16:34:45,RAM,816/7620MB,(lfb,12x4MB),SWAP,130/3810MB,(cached,2MB),CPU,[9%@1344,0%@1344,0%@1344,0%@1344,0%@1344,0%@1344],GR3D_FREQ,0%,cpu@50.562C,soc2@48.656C,soc0@49.562C,gpu@50.812C,tj@50.812C,soc1@49.656C,VDD_IN,5555mW/5672mW,VDD_CPU_GPU_CV,1307mW/1344mW,VDD_SOC,2376mW/2382mW
07-27-2026,16:34:45,RAM,817/7620MB,(lfb,12x4MB),SWAP,130/3810MB,(cached,2MB),CPU,[0%@1344,0%@1344,0%@1344,8%@1344,0%@1344,0%@1344],GR3D_FREQ,0%,cpu@50.625C,soc2@48.687C,soc0@49.718C,gpu@50.375C,tj@50.625C,soc1@49.656C,VDD_IN,5555mW/5672mW,VDD_CPU_GPU_CV,1307mW/1344mW,VDD_SOC,2376mW/2382mW
07-27-2026,16:34:45,RAM,816/7620MB,(lfb,12x4MB),SWAP,130/3810MB,(cached,2MB),CPU,[0%@1344,0%@1344,0%@1344,0%@1344,0%@1344,0%@1344],GR3D_FREQ,0%,cpu@50.718C,soc2@48.718C,soc0@49.375C,gpu@50.25C,tj@50.718C,soc1@49.812C,VDD_IN,5555mW/5672mW,VDD_CPU_GPU_CV,1307mW/1344mW,VDD_SOC,2376mW/2382mW
07-27-2026,16:34:45,RAM,816/7620MB,(lfb,12x4MB),SWAP,130/3810MB,(cached,2MB),CPU,[0%@1344,0%@1344,0%@1344,0%@1344,0%@1344,0%@1344],GR3D_FREQ,0%,cpu@50.812C,soc2@48.656C,soc0@49.5C,gpu@50.437C,tj@50.812C,soc1@49.593C,VDD_IN,5546mW/5672mW,VDD_CPU_GPU_CV,1307mW/1344mW,VDD_SOC,2376mW/2382mW
07-27-2026,16:34:45,RAM,816/7620MB,(lfb,12x4MB),SWAP,130/3810MB,(cached,2MB),CPU,[0%@1344,0%@1344,0%@1344,0%@1344,0%@1344,0%@1344],GR3D_FREQ,0%,cpu@50.531C,soc2@48.625C,soc0@49.5C,gpu@50.312C,tj@50.531C,soc1@49.562C,VDD_IN,5555mW/5671mW,VDD_CPU_GPU_CV,1307mW/1343mW,VDD_SOC,2376mW/2382mW
07-27-2026,16:34:45,RAM,816/7620MB,(lfb,12x4MB),SWAP,130/3810MB,(cached,2MB),CPU,[9%@1344,0%@1344,0%@1344,0%@1344,0%@1344,0%@1344],GR3D_FREQ,0%,cpu@50.562C,soc2@48.656C,soc0@49.656C,gpu@50.375C,tj@50.562C,soc1@49.593C,VDD_IN,5555mW/5671mW,VDD_CPU_GPU_CV,1307mW/1343mW,VDD_SOC,2376mW/2382mW
07-27-2026,16:34:45,RAM,816/7620MB,(lfb,12x4MB),SWAP,130/3810MB,(cached,2MB),CPU,[0%@1344,0%@1344,0%@1344,0%@1344,0%@1344,0%@1344],GR3D_FREQ,0%,cpu@50.75C,soc2@48.656C,soc0@49.718C,gpu@50.343C,tj@50.75C,soc1@49.656C,VDD_IN,5555mW/5671mW,VDD_CPU_GPU_CV,1307mW/1343mW,VDD_SOC,2376mW/2382mW
07-27-2026,16:34:46,RAM,816/7620MB,(lfb,12x4MB),SWAP,130/3810MB,(cached,2MB),CPU,[0%@1344,0%@1344,0%@1344,0%@1344,0%@1344,0%@1344],GR3D_FREQ,0%,cpu@50.718C,soc2@48.718C,soc0@49.468C,gpu@50.375C,tj@50.718C,soc1@49.781C,VDD_IN,5555mW/5670mW,VDD_CPU_GPU_CV,1307mW/1343mW,VDD_SOC,2376mW/2382mW
07-27-2026,16:34:46,RAM,816/7620MB,(lfb,12x4MB),SWAP,130/3810MB,(cached,2MB),CPU,[0%@1344,0%@1344,0%@1344,0%@1344,0%@1344,0%@1344],GR3D_FREQ,0%,cpu@50.843C,soc2@48.531C,soc0@49.5C,gpu@50.25C,tj@50.843C,soc1@49.593C,VDD_IN,5555mW/5670mW,VDD_CPU_GPU_CV,1307mW/1343mW,VDD_SOC,2376mW/2382mW
07-27-2026,16:34:46,RAM,816/7620MB,(lfb,12x4MB),SWAP,130/3810MB,(cached,2MB),CPU,[0%@1344,0%@1344,0%@1344,0%@1344,0%@1344,0%@1344],GR3D_FREQ,0%,cpu@50.468C,soc2@48.656C,soc0@49.5C,gpu@50.406C,tj@50.468C,soc1@49.468C,VDD_IN,5555mW/5670mW,VDD_CPU_GPU_CV,1307mW/1343mW,VDD_SOC,2376mW/2382mW
07-27-2026,16:34:46,RAM,816/7620MB,(lfb,12x4MB),SWAP,130/3810MB,(cached,2MB),CPU,[0%@1344,0%@1344,0%@1344,0%@1344,0%@1344,0%@1344],GR3D_FREQ,0%,cpu@50.593C,soc2@48.687C,soc0@49.718C,gpu@50.312C,tj@50.593C,soc1@49.718C,VDD_IN,5555mW/5670mW,VDD_CPU_GPU_CV,1307mW/1343mW,VDD_SOC,2376mW/2382mW
07-27-2026,16:34:46,RAM,817/7620MB,(lfb,12x4MB),SWAP,130/3810MB,(cached,2MB),CPU,[0%@1344,0%@1344,0%@1344,9%@1344,0%@1344,0%@1344],GR3D_FREQ,0%,cpu@50.781C,soc2@48.718C,soc0@49.406C,gpu@50.5C,tj@50.781C,soc1@49.781C,VDD_IN,5594mW/5669mW,VDD_CPU_GPU_CV,1307mW/1343mW,VDD_SOC,2376mW/2382mW
07-27-2026,16:34:46,RAM,817/7620MB,(lfb,12x4MB),SWAP,130/3810MB,(cached,2MB),CPU,[9%@1344,0%@1344,0%@1344,0%@1344,0%@1344,0%@1344],GR3D_FREQ,0%,cpu@50.875C,soc2@48.593C,soc0@49.531C,gpu@50.343C,tj@50.75C,soc1@49.5C,VDD_IN,5555mW/5669mW,VDD_CPU_GPU_CV,1307mW/1343mW,VDD_SOC,2376mW/2382mW
07-27-2026,16:34:46,RAM,817/7620MB,(lfb,12x4MB),SWAP,130/3810MB,(cached,2MB),CPU,[0%@1344,0%@1344,0%@1344,0%@1344,0%@1344,0%@1344],GR3D_FREQ,0%,cpu@50.5C,soc2@48.687C,soc0@49.5C,gpu@50.312C,tj@50.5C,soc1@49.5C,VDD_IN,5555mW/5669mW,VDD_CPU_GPU_CV,1307mW/1343mW,VDD_SOC,2376mW/2382mW
07-27-2026,16:34:46,RAM,817/7620MB,(lfb,12x4MB),SWAP,130/3810MB,(cached,2MB),CPU,[0%@1344,0%@1344,0%@1344,0%@1344,0%@1344,0%@1344],GR3D_FREQ,0%,cpu@50.625C,soc2@48.656C,soc0@49.625C,gpu@50.437C,tj@50.625C,soc1@49.656C,VDD_IN,5555mW/5669mW,VDD_CPU_GPU_CV,1307mW/1343mW,VDD_SOC,2376mW/2382mW
07-27-2026,16:34:46,RAM,817/7620MB,(lfb,12x4MB),SWAP,130/3810MB,(cached,2MB),CPU,[9%@1344,0%@1344,0%@1344,0%@1344,0%@1344,0%@1344],GR3D_FREQ,0%,cpu@50.656C,soc2@48.718C,soc0@49.687C,gpu@50.343C,tj@50.656C,soc1@49.718C,VDD_IN,5555mW/5668mW,VDD_CPU_GPU_CV,1307mW/1343mW,VDD_SOC,2376mW/2382mW
07-27-2026,16:34:47,RAM,817/7620MB,(lfb,12x4MB),SWAP,130/3810MB,(cached,2MB),CPU,[0%@1344,0%@1344,0%@1344,0%@1344,0%@1344,0%@1344],GR3D_FREQ,0%,cpu@50.75C,soc2@48.718C,soc0@49.437C,gpu@50.312C,tj@50.75C,soc1@49.875C,VDD_IN,5555mW/5668mW,VDD_CPU_GPU_CV,1307mW/1342mW,VDD_SOC,2376mW/2382mW
07-27-2026,16:34:47,RAM,817/7620MB,(lfb,12x4MB),SWAP,130/3810MB,(cached,2MB),CPU,[0%@1344,0%@1344,0%@1344,0%@1344,0%@1344,0%@1344],GR3D_FREQ,0%,cpu@50.843C,soc2@48.656C,soc0@49.468C,gpu@50.437C,tj@50.843C,soc1@49.5C,VDD_IN,5555mW/5668mW,VDD_CPU_GPU_CV,1307mW/1342mW,VDD_SOC,2376mW/2382mW
07-27-2026,16:34:47,RAM,815/7620MB,(lfb,12x4MB),SWAP,130/3810MB,(cached,2MB),CPU,[8%@1344,0%@1344,0%@1344,0%@1344,0%@1344,9%@1344],GR3D_FREQ,0%,cpu@50.593C,soc2@48.593C,soc0@49.5C,gpu@50.281C,tj@50.593C,soc1@49.562C,VDD_IN,5594mW/5668mW,VDD_CPU_GPU_CV,1307mW/1342mW,VDD_SOC,2376mW/2382mW
07-27-2026,16:34:47,RAM,815/7620MB,(lfb,12x4MB),SWAP,130/3810MB,(cached,2MB),CPU,[0%@1344,0%@1344,0%@1344,0%@1344,0%@1344,0%@1344],GR3D_FREQ,0%,cpu@50.562C,soc2@48.593C,soc0@49.687C,gpu@50.312C,tj@50.656C,soc1@49.687C,VDD_IN,5594mW/5668mW,VDD_CPU_GPU_CV,1307mW/1342mW,VDD_SOC,2376mW/2382mW
07-27-2026,16:34:47,RAM,815/7620MB,(lfb,12x4MB),SWAP,130/3810MB,(cached,2MB),CPU,[0%@1344,0%@1344,0%@1344,0%@1344,0%@1344,9%@1344],GR3D_FREQ,0%,cpu@50.781C,soc2@48.718C,soc0@49.468C,gpu@50.5C,tj@50.781C,soc1@49.718C,VDD_IN,5594mW/5667mW,VDD_CPU_GPU_CV,1307mW/1342mW,VDD_SOC,2376mW/2382mW
07-27-2026,16:34:47,RAM,815/7620MB,(lfb,12x4MB),SWAP,130/3810MB,(cached,2MB),CPU,[0%@1344,0%@1344,0%@1344,9%@1344,0%@1344,0%@1344],GR3D_FREQ,0%,cpu@50.781C,soc2@48.531C,soc0@49.468C,gpu@50.312C,tj@50.718C,soc1@49.5C,VDD_IN,5594mW/5667mW,VDD_CPU_GPU_CV,1307mW/1342mW,VDD_SOC,2376mW/2382mW
07-27-2026,16:34:47,RAM,815/7620MB,(lfb,12x4MB),SWAP,130/3810MB,(cached,2MB),CPU,[0%@1344,0%@1344,0%@1344,0%@1344,0%@1344,0%@1344],GR3D_FREQ,0%,cpu@50.562C,soc2@48.562C,soc0@49.5C,gpu@50.593C,tj@50.562C,soc1@49.5C,VDD_IN,5594mW/5667mW,VDD_CPU_GPU_CV,1307mW/1342mW,VDD_SOC,2376mW/2382mW
07-27-2026,16:34:47,RAM,815/7620MB,(lfb,12x4MB),SWAP,130/3810MB,(cached,2MB),CPU,[0%@1344,0%@1344,0%@1344,0%@1344,0%@1344,0%@1344],GR3D_FREQ,0%,cpu@50.625C,soc2@48.656C,soc0@49.531C,gpu@50.468C,tj@50.625C,soc1@49.625C,VDD_IN,5594mW/5667mW,VDD_CPU_GPU_CV,1307mW/1342mW,VDD_SOC,2376mW/2382mW
07-27-2026,16:34:47,RAM,815/7620MB,(lfb,12x4MB),SWAP,130/3810MB,(cached,2MB),CPU,[0%@1344,0%@1344,0%@1344,0%@1344,0%@1344,0%@1344],GR3D_FREQ,0%,cpu@50.75C,soc2@48.781C,soc0@49.75C,gpu@50.343C,tj@50.75C,soc1@49.812C,VDD_IN,5594mW/5667mW,VDD_CPU_GPU_CV,1307mW/1342mW,VDD_SOC,2376mW/2382mW
07-27-2026,16:34:47,RAM,815/7620MB,(lfb,12x4MB),SWAP,130/3810MB,(cached,2MB),CPU,[0%@1344,0%@1344,0%@1344,0%@1344,0%@1344,0%@1344],GR3D_FREQ,0%,cpu@50.75C,soc2@48.75C,soc0@49.406C,gpu@50.531C,tj@50.75C,soc1@49.875C,VDD_IN,5634mW/5667mW,VDD_CPU_GPU_CV,1307mW/1342mW,VDD_SOC,2376mW/2382mW
07-27-2026,16:34:48,RAM,815/7620MB,(lfb,12x4MB),SWAP,130/3810MB,(cached,2MB),CPU,[0%@1344,0%@1344,0%@1344,0%@1344,0%@1344,0%@1344],GR3D_FREQ,0%,cpu@50.718C,soc2@48.593C,soc0@49.5C,gpu@50.468C,tj@50.531C,soc1@49.593C,VDD_IN,5713mW/5667mW,VDD_CPU_GPU_CV,1307mW/1342mW,VDD_SOC,2376mW/2381mW
07-27-2026,16:34:48,RAM,815/7620MB,(lfb,12x4MB),SWAP,130/3810MB,(cached,2MB),CPU,[9%@1344,0%@1344,0%@1344,0%@1344,0%@1344,0%@1344],GR3D_FREQ,0%,cpu@50.562C,soc2@48.562C,soc0@49.593C,gpu@50.406C,tj@50.562C,soc1@49.593C,VDD_IN,5713mW/5667mW,VDD_CPU_GPU_CV,1307mW/1342mW,VDD_SOC,2376mW/2381mW
07-27-2026,16:34:48,RAM,815/7620MB,(lfb,12x4MB),SWAP,130/3810MB,(cached,2MB),CPU,[0%@1344,0%@1344,0%@1344,0%@1344,0%@1344,0%@1344],GR3D_FREQ,0%,cpu@50.625C,soc2@48.625C,soc0@49.687C,gpu@50.5C,tj@50.625C,soc1@49.593C,VDD_IN,5753mW/5667mW,VDD_CPU_GPU_CV,1307mW/1341mW,VDD_SOC,2376mW/2381mW
07-27-2026,16:34:48,RAM,815/7620MB,(lfb,12x4MB),SWAP,130/3810MB,(cached,2MB),CPU,[0%@1344,0%@1344,0%@1344,0%@1344,0%@1344,0%@1344],GR3D_FREQ,0%,cpu@50.781C,soc2@48.75C,soc0@49.5C,gpu@50.406C,tj@50.781C,soc1@49.812C,VDD_IN,5753mW/5667mW,VDD_CPU_GPU_CV,1305mW/1341mW,VDD_SOC,2376mW/2381mW
07-27-2026,16:34:48,RAM,815/7620MB,(lfb,12x4MB),SWAP,130/3810MB,(cached,2MB),CPU,[9%@1344,0%@1344,9%@1344,0%@1344,0%@1344,0%@1344],GR3D_FREQ,0%,cpu@50.906C,soc2@48.468C,soc0@49.5C,gpu@50.281C,tj@50.906C,soc1@49.843C,VDD_IN,5753mW/5667mW,VDD_CPU_GPU_CV,1307mW/1341mW,VDD_SOC,2376mW/2381mW
07-27-2026,16:34:48,RAM,815/7620MB,(lfb,12x4MB),SWAP,130/3810MB,(cached,2MB),CPU,[0%@1344,0%@1344,0%@1344,0%@1344,0%@1344,0%@1344],GR3D_FREQ,0%,cpu@50.468C,soc2@48.625C,soc0@49.531C,gpu@50.5C,tj@50.5C,soc1@49.562C,VDD_IN,5713mW/5668mW,VDD_CPU_GPU_CV,1305mW/1341mW,VDD_SOC,2376mW/2381mW
07-27-2026,16:34:48,RAM,815/7620MB,(lfb,12x4MB),SWAP,130/3810MB,(cached,2MB),CPU,[0%@1344,0%@1344,0%@1344,0%@1344,0%@1344,0%@1344],GR3D_FREQ,0%,cpu@50.562C,soc2@48.562C,soc0@49.531C,gpu@50.312C,tj@50.562C,soc1@49.687C,VDD_IN,5674mW/5668mW,VDD_CPU_GPU_CV,1305mW/1341mW,VDD_SOC,2376mW/2381mW
07-27-2026,16:34:48,RAM,815/7620MB,(lfb,12x4MB),SWAP,130/3810MB,(cached,2MB),CPU,[0%@1344,0%@1344,0%@1344,0%@1344,0%@1344,0%@1344],GR3D_FREQ,0%,cpu@50.812C,soc2@48.718C,soc0@49.437C,gpu@50.562C,tj@50.812C,soc1@49.625C,VDD_IN,5634mW/5667mW,VDD_CPU_GPU_CV,1305mW/1341mW,VDD_SOC,2376mW/2381mW
07-27-2026,16:34:48,RAM,815/7620MB,(lfb,12x4MB),SWAP,130/3810MB,(cached,2MB),CPU,[0%@1344,0%@1344,0%@1344,0%@1344,0%@1344,0%@1344],GR3D_FREQ,0%,cpu@50.875C,soc2@48.812C,soc0@49.5C,gpu@50.468C,tj@50.875C,soc1@49.718C,VDD_IN,5634mW/5667mW,VDD_CPU_GPU_CV,1307mW/1341mW,VDD_SOC,2376mW/2381mW
07-27-2026,16:34:49,RAM,815/7620MB,(lfb,12x4MB),SWAP,130/3810MB,(cached,2MB),CPU,[0%@1344,0%@1344,0%@1344,0%@1344,0%@1344,0%@1344],GR3D_FREQ,0%,cpu@50.687C,soc2@48.656C,soc0@49.531C,gpu@50.312C,tj@50.687C,soc1@49.531C,VDD_IN,5634mW/5667mW,VDD_CPU_GPU_CV,1307mW/1341mW,VDD_SOC,2376mW/2381mW
07-27-2026,16:34:49,RAM,815/7620MB,(lfb,12x4MB),SWAP,130/3810MB,(cached,2MB),CPU,[0%@1344,0%@1344,0%@1344,0%@1344,0%@1344,0%@1344],GR3D_FREQ,0%,cpu@50.656C,soc2@48.656C,soc0@49.562C,gpu@50.593C,tj@50.656C,soc1@49.593C,VDD_IN,5594mW/5667mW,VDD_CPU_GPU_CV,1307mW/1341mW,VDD_SOC,2376mW/2381mW
07-27-2026,16:34:49,RAM,815/7620MB,(lfb,12x4MB),SWAP,130/3810MB,(cached,2MB),CPU,[9%@1344,0%@1344,0%@1344,0%@1344,0%@1344,0%@1344],GR3D_FREQ,0%,cpu@50.593C,soc2@48.687C,soc0@49.687C,gpu@50.437C,tj@50.593C,soc1@49.625C,VDD_IN,5594mW/5667mW,VDD_CPU_GPU_CV,1305mW/1341mW,VDD_SOC,2376mW/2381mW
07-27-2026,16:34:49,RAM,815/7620MB,(lfb,12x4MB),SWAP,130/3810MB,(cached,2MB),CPU,[0%@1344,0%@1344,0%@1344,0%@1344,0%@1344,0%@1344],GR3D_FREQ,0%,cpu@50.875C,soc2@48.75C,soc0@49.406C,gpu@50.343C,tj@50.875C,soc1@49.906C,VDD_IN,5594mW/5667mW,VDD_CPU_GPU_CV,1307mW/1341mW,VDD_SOC,2376mW/2381mW
07-27-2026,16:34:49,RAM,815/7620MB,(lfb,12x4MB),SWAP,130/3810MB,(cached,2MB),CPU,[0%@1344,0%@1344,0%@1344,0%@1344,0%@1344,0%@1344],GR3D_FREQ,0%,cpu@50.812C,soc2@48.656C,soc0@49.468C,gpu@50.5C,tj@50.812C,soc1@49.843C,VDD_IN,5594mW/5667mW,VDD_CPU_GPU_CV,1307mW/1341mW,VDD_SOC,2376mW/2381mW
07-27-2026,16:34:49,RAM,815/7620MB,(lfb,12x4MB),SWAP,130/3810MB,(cached,2MB),CPU,[0%@1344,0%@1344,0%@1344,0%@1344,9%@1344,0%@1344],GR3D_FREQ,0%,cpu@50.687C,soc2@48.656C,soc0@49.593C,gpu@50.375C,tj@50.687C,soc1@49.593C,VDD_IN,5594mW/5667mW,VDD_CPU_GPU_CV,1307mW/1341mW,VDD_SOC,2376mW/2381mW
07-27-2026,16:34:49,RAM,815/7620MB,(lfb,12x4MB),SWAP,130/3810MB,(cached,2MB),CPU,[0%@1344,0%@1344,0%@1344,0%@1344,0%@1344,0%@1344],GR3D_FREQ,0%,cpu@50.656C,soc2@48.687C,soc0@49.625C,gpu@50.625C,tj@50.656C,soc1@49.75C,VDD_IN,5594mW/5666mW,VDD_CPU_GPU_CV,1307mW/1340mW,VDD_SOC,2376mW/2381mW
07-27-2026,16:34:49,RAM,815/7620MB,(lfb,12x4MB),SWAP,130/3810MB,(cached,2MB),CPU,[0%@1344,0%@1344,0%@1344,0%@1344,0%@1344,0%@1344],GR3D_FREQ,0%,cpu@50.75C,soc2@48.812C,soc0@49.5C,gpu@50.468C,tj@50.781C,soc1@49.781C,VDD_IN,5555mW/5666mW,VDD_CPU_GPU_CV,1307mW/1340mW,VDD_SOC,2376mW/2381mW
07-27-2026,16:34:49,RAM,815/7620MB,(lfb,12x4MB),SWAP,130/3810MB,(cached,2MB),CPU,[0%@1344,0%@1344,0%@1344,0%@1344,0%@1344,0%@1344],GR3D_FREQ,0%,cpu@50.812C,soc2@48.75C,soc0@49.468C,gpu@50.375C,tj@50.812C,soc1@49.843C,VDD_IN,5555mW/5666mW,VDD_CPU_GPU_CV,1307mW/1340mW,VDD_SOC,2376mW/2381mW
07-27-2026,16:34:49,RAM,815/7620MB,(lfb,12x4MB),SWAP,130/3810MB,(cached,2MB),CPU,[0%@1344,0%@1344,0%@1344,0%@1344,0%@1344,0%@1344],GR3D_FREQ,0%,cpu@50.937C,soc2@48.625C,soc0@49.437C,gpu@50.593C,tj@50.593C,soc1@49.625C,VDD_IN,5555mW/5666mW,VDD_CPU_GPU_CV,1307mW/1340mW,VDD_SOC,2376mW/2381mW
07-27-2026,16:34:50,RAM,815/7620MB,(lfb,12x4MB),SWAP,130/3810MB,(cached,2MB),CPU,[0%@1344,0%@1344,0%@1344,0%@1344,0%@1344,0%@1344],GR3D_FREQ,0%,cpu@50.562C,soc2@48.625C,soc0@49.531C,gpu@50.468C,tj@50.562C,soc1@49.656C,VDD_IN,5555mW/5665mW,VDD_CPU_GPU_CV,1307mW/1340mW,VDD_SOC,2376mW/2381mW
07-27-2026,16:34:50,RAM,815/7620MB,(lfb,12x4MB),SWAP,130/3810MB,(cached,2MB),CPU,[0%@1344,0%@1344,0%@1344,0%@1344,0%@1344,0%@1344],GR3D_FREQ,0%,cpu@50.656C,soc2@48.718C,soc0@49.718C,gpu@50.343C,tj@50.656C,soc1@49.718C,VDD_IN,5555mW/5665mW,VDD_CPU_GPU_CV,1307mW/1340mW,VDD_SOC,2376mW/2381mW
07-27-2026,16:34:50,RAM,815/7620MB,(lfb,12x4MB),SWAP,130/3810MB,(cached,2MB),CPU,[0%@1344,0%@1344,0%@1344,0%@1344,0%@1344,0%@1344],GR3D_FREQ,0%,cpu@50.812C,soc2@48.75C,soc0@49.5C,gpu@50.531C,tj@50.812C,soc1@49.687C,VDD_IN,5555mW/5665mW,VDD_CPU_GPU_CV,1307mW/1340mW,VDD_SOC,2376mW/2381mW
07-27-2026,16:34:50,RAM,815/7620MB,(lfb,12x4MB),SWAP,130/3810MB,(cached,2MB),CPU,[0%@1344,0%@1344,0%@1344,0%@1344,0%@1344,0%@1344],GR3D_FREQ,0%,cpu@50.937C,soc2@48.593C,soc0@49.406C,gpu@50.562C,tj@50.937C,soc1@49.875C,VDD_IN,5555mW/5665mW,VDD_CPU_GPU_CV,1307mW/1340mW,VDD_SOC,2376mW/2381mW
07-27-2026,16:34:50,RAM,816/7620MB,(lfb,12x4MB),SWAP,130/3810MB,(cached,2MB),CPU,[0%@1344,0%@1344,0%@1344,9%@1344,0%@1344,0%@1344],GR3D_FREQ,0%,cpu@50.531C,soc2@48.625C,soc0@49.5C,gpu@50.406C,tj@50.531C,soc1@49.625C,VDD_IN,5594mW/5665mW,VDD_CPU_GPU_CV,1307mW/1340mW,VDD_SOC,2376mW/2381mW
07-27-2026,16:34:50,RAM,815/7620MB,(lfb,12x4MB),SWAP,130/3810MB,(cached,2MB),CPU,[0%@1344,0%@1344,0%@1344,0%@1344,0%@1344,0%@1344],GR3D_FREQ,0%,cpu@50.718C,soc2@48.562C,soc0@49.593C,gpu@50.531C,tj@50.718C,soc1@49.5C,VDD_IN,5555mW/5664mW,VDD_CPU_GPU_CV,1307mW/1340mW,VDD_SOC,2376mW/2381mW
07-27-2026,16:34:50,RAM,815/7620MB,(lfb,12x4MB),SWAP,130/3810MB,(cached,2MB),CPU,[0%@1344,0%@1344,0%@1344,0%@1344,0%@1344,0%@1344],GR3D_FREQ,0%,cpu@50.718C,soc2@48.625C,soc0@49.437C,gpu@50.531C,tj@50.718C,soc1@49.687C,VDD_IN,5555mW/5664mW,VDD_CPU_GPU_CV,1307mW/1340mW,VDD_SOC,2376mW/2381mW
07-27-2026,16:34:50,RAM,815/7620MB,(lfb,12x4MB),SWAP,130/3810MB,(cached,2MB),CPU,[9%@1344,0%@1344,0%@1344,0%@1344,0%@1344,0%@1344],GR3D_FREQ,0%,cpu@50.812C,soc2@48.875C,soc0@49.343C,gpu@50.718C,tj@50.812C,soc1@49.875C,VDD_IN,5555mW/5664mW,VDD_CPU_GPU_CV,1307mW/1340mW,VDD_SOC,2376mW/2381mW
07-27-2026,16:34:50,RAM,815/7620MB,(lfb,12x4MB),SWAP,130/3810MB,(cached,2MB),CPU,[0%@1344,0%@1344,0%@1344,0%@1344,0%@1344,0%@1344],GR3D_FREQ,0%,cpu@50.937C,soc2@48.562C,soc0@49.468C,gpu@50.5C,tj@50.937C,soc1@49.531C,VDD_IN,5555mW/5664mW,VDD_CPU_GPU_CV,1307mW/1340mW,VDD_SOC,2376mW/2381mW
07-27-2026,16:34:51,RAM,815/7620MB,(lfb,12x4MB),SWAP,130/3810MB,(cached,2MB),CPU,[0%@1344,0%@1344,0%@1344,0%@1344,0%@1344,0%@1344],GR3D_FREQ,0%,cpu@50.593C,soc2@48.656C,soc0@49.562C,gpu@50.437C,tj@50.593C,soc1@49.656C,VDD_IN,5555mW/5663mW,VDD_CPU_GPU_CV,1307mW/1340mW,VDD_SOC,2376mW/2381mW
07-27-2026,16:34:51,RAM,815/7620MB,(lfb,12x4MB),SWAP,130/3810MB,(cached,2MB),CPU,[0%@1344,0%@1344,0%@1344,0%@1344,0%@1344,0%@1344],GR3D_FREQ,0%,cpu@50.656C,soc2@48.687C,soc0@49.562C,gpu@50.687C,tj@50.687C,soc1@49.625C,VDD_IN,5555mW/5663mW,VDD_CPU_GPU_CV,1307mW/1339mW,VDD_SOC,2376mW/2381mW
07-27-2026,16:34:51,RAM,815/7620MB,(lfb,12x4MB),SWAP,130/3810MB,(cached,2MB),CPU,[0%@1344,0%@1344,0%@1344,0%@1344,0%@1344,0%@1344],GR3D_FREQ,0%,cpu@50.812C,soc2@48.656C,soc0@49.375C,gpu@50.562C,tj@50.812C,soc1@49.75C,VDD_IN,5555mW/5663mW,VDD_CPU_GPU_CV,1307mW/1339mW,VDD_SOC,2376mW/2381mW
07-27-2026,16:34:51,RAM,815/7620MB,(lfb,12x4MB),SWAP,130/3810MB,(cached,2MB),CPU,[0%@1344,0%@1344,0%@1344,0%@1344,0%@1344,0%@1344],GR3D_FREQ,0%,cpu@50.937C,soc2@48.593C,soc0@49.5C,gpu@50.437C,tj@50.937C,soc1@49.656C,VDD_IN,5555mW/5663mW,VDD_CPU_GPU_CV,1307mW/1339mW,VDD_SOC,2376mW/2381mW
07-27-2026,16:34:51,RAM,815/7620MB,(lfb,12x4MB),SWAP,130/3810MB,(cached,2MB),CPU,[0%@1344,0%@1344,0%@1344,0%@1344,0%@1344,0%@1344],GR3D_FREQ,0%,cpu@50.5C,soc2@48.687C,soc0@49.5C,gpu@50.656C,tj@50.656C,soc1@49.625C,VDD_IN,5555mW/5662mW,VDD_CPU_GPU_CV,1307mW/1339mW,VDD_SOC,2376mW/2381mW
07-27-2026,16:34:51,RAM,816/7620MB,(lfb,12x4MB),SWAP,130/3810MB,(cached,2MB),CPU,[0%@1344,0%@1344,0%@1344,9%@1344,0%@1344,0%@1344],GR3D_FREQ,0%,cpu@50.656C,soc2@48.625C,soc0@49.593C,gpu@50.5C,tj@50.656C,soc1@49.531C,VDD_IN,5555mW/5662mW,VDD_CPU_GPU_CV,1307mW/1339mW,VDD_SOC,2376mW/2381mW
07-27-2026,16:34:51,RAM,816/7620MB,(lfb,12x4MB),SWAP,130/3810MB,(cached,2MB),CPU,[0%@1344,0%@1344,0%@1344,0%@1344,0%@1344,0%@1344],GR3D_FREQ,0%,cpu@50.687C,soc2@48.656C,soc0@49.75C,gpu@50.875C,tj@50.875C,soc1@49.718C,VDD_IN,5555mW/5662mW,VDD_CPU_GPU_CV,1307mW/1339mW,VDD_SOC,2376mW/2381mW
07-27-2026,16:34:51,RAM,816/7620MB,(lfb,12x4MB),SWAP,130/3810MB,(cached,2MB),CPU,[16%@1344,0%@1344,0%@1344,0%@1344,0%@1344,0%@1344],GR3D_FREQ,0%,cpu@50.812C,soc2@48.75C,soc0@49.5C,gpu@50.625C,tj@50.812C,soc1@49.875C,VDD_IN,5555mW/5662mW,VDD_CPU_GPU_CV,1307mW/1339mW,VDD_SOC,2376mW/2381mW
07-27-2026,16:34:51,RAM,816/7620MB,(lfb,12x4MB),SWAP,130/3810MB,(cached,2MB),CPU,[0%@1344,0%@1344,0%@1344,0%@1344,0%@1344,0%@1344],GR3D_FREQ,0%,cpu@50.437C,soc2@48.625C,soc0@49.437C,gpu@50.5C,tj@50.5C,soc1@49.531C,VDD_IN,5555mW/5662mW,VDD_CPU_GPU_CV,1307mW/1339mW,VDD_SOC,2376mW/2381mW
07-27-2026,16:34:51,RAM,816/7620MB,(lfb,12x4MB),SWAP,130/3810MB,(cached,2MB),CPU,[0%@1344,0%@1344,0%@1344,0%@1344,0%@1344,0%@1344],GR3D_FREQ,0%,cpu@50.656C,soc2@48.625C,soc0@49.562C,gpu@50.781C,tj@50.781C,soc1@49.562C,VDD_IN,5555mW/5661mW,VDD_CPU_GPU_CV,1307mW/1339mW,VDD_SOC,2376mW/2381mW
07-27-2026,16:34:52,RAM,816/7620MB,(lfb,12x4MB),SWAP,130/3810MB,(cached,2MB),CPU,[0%@1344,0%@1344,0%@1344,0%@1344,0%@1344,0%@1344],GR3D_FREQ,0%,cpu@50.781C,soc2@48.718C,soc0@49.656C,gpu@50.562C,tj@50.781C,soc1@49.656C,VDD_IN,5555mW/5661mW,VDD_CPU_GPU_CV,1307mW/1339mW,VDD_SOC,2376mW/2381mW
07-27-2026,16:34:52,RAM,816/7620MB,(lfb,12x4MB),SWAP,130/3810MB,(cached,2MB),CPU,[0%@1344,0%@1344,0%@1344,0%@1344,0%@1344,0%@1344],GR3D_FREQ,0%,cpu@50.906C,soc2@48.843C,soc0@49.5C,gpu@50.375C,tj@50.906C,soc1@49.781C,VDD_IN,5546mW/5661mW,VDD_CPU_GPU_CV,1305mW/1339mW,VDD_SOC,2376mW/2381mW
07-27-2026,16:34:52,RAM,816/7620MB,(lfb,12x4MB),SWAP,130/3810MB,(cached,2MB),CPU,[0%@1344,0%@1344,0%@1344,0%@1344,0%@1344,0%@1344],GR3D_FREQ,0%,cpu@51.031C,soc2@48.531C,soc0@49.5C,gpu@50.687C,tj@51.031C,soc1@49.5C,VDD_IN,5546mW/5661mW,VDD_CPU_GPU_CV,1305mW/1339mW,VDD_SOC,2376mW/2381mW
07-27-2026,16:34:52,RAM,816/7620MB,(lfb,12x4MB),SWAP,130/3810MB,(cached,2MB),CPU,[0%@1344,0%@1344,0%@1344,0%@1344,0%@1344,0%@1344],GR3D_FREQ,0%,cpu@50.5C,soc2@48.625C,soc0@49.593C,gpu@50.562C,tj@50.562C,soc1@49.531C,VDD_IN,5555mW/5660mW,VDD_CPU_GPU_CV,1305mW/1339mW,VDD_SOC,2376mW/2381mW
07-27-2026,16:34:52,RAM,816/7620MB,(lfb,12x4MB),SWAP,130/3810MB,(cached,2MB),CPU,[0%@1344,0%@1344,0%@1344,0%@1344,0%@1344,0%@1344],GR3D_FREQ,0%,cpu@50.656C,soc2@48.75C,soc0@49.625C,gpu@50.312C,tj@50.656C,soc1@49.625C,VDD_IN,5594mW/5660mW,VDD_CPU_GPU_CV,1307mW/1339mW,VDD_SOC,2376mW/2381mW
07-27-2026,16:34:52,RAM,816/7620MB,(lfb,12x4MB),SWAP,130/3810MB,(cached,2MB),CPU,[0%@1344,0%@1344,8%@1344,0%@1344,0%@1344,0%@1344],GR3D_FREQ,0%,cpu@50.906C,soc2@48.781C,soc0@49.75C,gpu@50.656C,tj@50.906C,soc1@49.718C,VDD_IN,5594mW/5660mW,VDD_CPU_GPU_CV,1307mW/1339mW,VDD_SOC,2376mW/2381mW
07-27-2026,16:34:52,RAM,816/7620MB,(lfb,12x4MB),SWAP,130/3810MB,(cached,2MB),CPU,[0%@1344,0%@1344,0%@1344,0%@1344,0%@1344,0%@1344],GR3D_FREQ,0%,cpu@50.812C,soc2@48.812C,soc0@49.531C,gpu@50.437C,tj@50.812C,soc1@49.718C,VDD_IN,5594mW/5660mW,VDD_CPU_GPU_CV,1305mW/1338mW,VDD_SOC,2376mW/2381mW
07-27-2026,16:34:52,RAM,816/7620MB,(lfb,12x4MB),SWAP,130/3810MB,(cached,2MB),CPU,[0%@1344,0%@1344,0%@1344,0%@1344,0%@1344,0%@1344],GR3D_FREQ,0%,cpu@50.5C,soc2@48.531C,soc0@49.531C,gpu@50.25C,tj@50.5C,soc1@49.625C,VDD_IN,5585mW/5660mW,VDD_CPU_GPU_CV,1305mW/1338mW,VDD_SOC,2376mW/2381mW
07-27-2026,16:34:52,RAM,816/7620MB,(lfb,12x4MB),SWAP,130/3810MB,(cached,2MB),CPU,[0%@1344,0%@1344,0%@1344,0%@1344,0%@1344,0%@1344],GR3D_FREQ,0%,cpu@50.5C,soc2@48.656C,soc0@49.531C,gpu@50.687C,tj@50.687C,soc1@49.718C,VDD_IN,5594mW/5660mW,VDD_CPU_GPU_CV,1305mW/1338mW,VDD_SOC,2376mW/2381mW
07-27-2026,16:34:53,RAM,816/7620MB,(lfb,12x4MB),SWAP,130/3810MB,(cached,2MB),CPU,[9%@1344,0%@1344,0%@1344,10%@1344,0%@1344,0%@1344],GR3D_FREQ,0%,cpu@50.875C,soc2@48.687C,soc0@49.656C,gpu@50.562C,tj@50.875C,soc1@49.656C,VDD_IN,5634mW/5660mW,VDD_CPU_GPU_CV,1305mW/1338mW,VDD_SOC,2376mW/2381mW
07-27-2026,16:34:53,RAM,816/7620MB,(lfb,12x4MB),SWAP,130/3810MB,(cached,2MB),CPU,[0%@1344,0%@1344,0%@1344,0%@1344,0%@1344,0%@1344],GR3D_FREQ,0%,cpu@50.875C,soc2@48.687C,soc0@49.5C,gpu@50.843C,tj@50.875C,soc1@49.781C,VDD_IN,5674mW/5660mW,VDD_CPU_GPU_CV,1307mW/1338mW,VDD_SOC,2376mW/2381mW
07-27-2026,16:34:53,RAM,816/7620MB,(lfb,12x4MB),SWAP,130/3810MB,(cached,2MB),CPU,[0%@1344,0%@1344,0%@1344,8%@1344,0%@1344,0%@1344],GR3D_FREQ,0%,cpu@50.968C,soc2@48.625C,soc0@49.531C,gpu@50.562C,tj@50.968C,soc1@49.625C,VDD_IN,5704mW/5660mW,VDD_CPU_GPU_CV,1307mW/1338mW,VDD_SOC,2376mW/2381mW
07-27-2026,16:34:53,RAM,816/7620MB,(lfb,12x4MB),SWAP,130/3810MB,(cached,2MB),CPU,[0%@1344,0%@1344,0%@1344,0%@1344,0%@1344,0%@1344],GR3D_FREQ,0%,cpu@50.437C,soc2@48.562C,soc0@49.593C,gpu@50.281C,tj@50.437C,soc1@49.625C,VDD_IN,5713mW/5660mW,VDD_CPU_GPU_CV,1307mW/1338mW,VDD_SOC,2376mW/2381mW
07-27-2026,16:34:53,RAM,816/7620MB,(lfb,12x4MB),SWAP,130/3810MB,(cached,2MB),CPU,[0%@1344,0%@1344,0%@1344,0%@1344,0%@1344,0%@1344],GR3D_FREQ,0%,cpu@50.687C,soc2@48.75C,soc0@49.625C,gpu@50.812C,tj@50.812C,soc1@49.625C,VDD_IN,5793mW/5660mW,VDD_CPU_GPU_CV,1307mW/1338mW,VDD_SOC,2376mW/2381mW
07-27-2026,16:34:53,RAM,816/7620MB,(lfb,12x4MB),SWAP,130/3810MB,(cached,2MB),CPU,[0%@1344,0%@1344,0%@1344,9%@1344,0%@1344,0%@1344],GR3D_FREQ,0%,cpu@50.843C,soc2@48.718C,soc0@49.75C,gpu@50.625C,tj@50.843C,soc1@49.687C,VDD_IN,5832mW/5661mW,VDD_CPU_GPU_CV,1307mW/1338mW,VDD_SOC,2376mW/2381mW
07-27-2026,16:34:53,RAM,816/7620MB,(lfb,12x4MB),SWAP,130/3810MB,(cached,2MB),CPU,[8%@1344,0%@1344,0%@1344,0%@1344,0%@1344,0%@1344],GR3D_FREQ,0%,cpu@50.937C,soc2@48.781C,soc0@49.468C,gpu@50.343C,tj@50.937C,soc1@49.75C,VDD_IN,5872mW/5661mW,VDD_CPU_GPU_CV,1307mW/1338mW,VDD_SOC,2376mW/2381mW
07-27-2026,16:34:53,RAM,816/7620MB,(lfb,12x4MB),SWAP,130/3810MB,(cached,2MB),CPU,[0%@1344,0%@1344,0%@1344,0%@1344,0%@1344,0%@1344],GR3D_FREQ,0%,cpu@50.468C,soc2@48.593C,soc0@49.562C,gpu@50.718C,tj@50.718C,soc1@49.593C,VDD_IN,5872mW/5661mW,VDD_CPU_GPU_CV,1307mW/1338mW,VDD_SOC,2376mW/2381mW
07-27-2026,16:34:53,RAM,816/7620MB,(lfb,12x4MB),SWAP,130/3810MB,(cached,2MB),CPU,[0%@1344,0%@1344,0%@1344,0%@1344,0%@1344,0%@1344],GR3D_FREQ,0%,cpu@50.593C,soc2@48.593C,soc0@49.593C,gpu@50.562C,tj@50.75C,soc1@49.656C,VDD_IN,5872mW/5662mW,VDD_CPU_GPU_CV,1305mW/1338mW,VDD_SOC,2376mW/2381mW
07-27-2026,16:34:53,RAM,816/7620MB,(lfb,12x4MB),SWAP,130/3810MB,(cached,2MB),CPU,[0%@1344,8%@1344,0%@1344,9%@1344,0%@1344,0%@1344],GR3D_FREQ,0%,cpu@50.75C,soc2@48.812C,soc0@49.718C,gpu@50.281C,tj@50.75C,soc1@49.562C,VDD_IN,5912mW/5662mW,VDD_CPU_GPU_CV,1305mW/1338mW,VDD_SOC,2376mW/2381mW
07-27-2026,16:34:54,RAM,816/7620MB,(lfb,12x4MB),SWAP,130/3810MB,(cached,2MB),CPU,[9%@1344,0%@1344,0%@1344,0%@1344,0%@1344,0%@1344],GR3D_FREQ,0%,cpu@50.875C,soc2@48.781C,soc0@49.437C,gpu@50.75C,tj@50.875C,soc1@49.718C,VDD_IN,5912mW/5663mW,VDD_CPU_GPU_CV,1305mW/1338mW,VDD_SOC,2376mW/2381mW
07-27-2026,16:34:54,RAM,816/7620MB,(lfb,12x4MB),SWAP,130/3810MB,(cached,2MB),CPU,[0%@1344,0%@1344,0%@1344,9%@1344,0%@1344,0%@1344],GR3D_FREQ,0%,cpu@51.093C,soc2@48.562C,soc0@49.5C,gpu@50.5C,tj@51.093C,soc1@49.625C,VDD_IN,5912mW/5663mW,VDD_CPU_GPU_CV,1305mW/1338mW,VDD_SOC,2416mW/2381mW
07-27-2026,16:34:54,RAM,816/7620MB,(lfb,12x4MB),SWAP,130/3810MB,(cached,2MB),CPU,[0%@1344,0%@1344,0%@1344,0%@1344,0%@1344,0%@1344],GR3D_FREQ,0%,cpu@50.437C,soc2@48.562C,soc0@49.5C,gpu@50.343C,tj@50.437C,soc1@49.656C,VDD_IN,5912mW/5664mW,VDD_CPU_GPU_CV,1305mW/1337mW,VDD_SOC,2416mW/2381mW
07-27-2026,16:34:54,RAM,816/7620MB,(lfb,12x4MB),SWAP,130/3810MB,(cached,2MB),CPU,[0%@1344,0%@1344,0%@1344,0%@1344,0%@1344,0%@1344],GR3D_FREQ,0%,cpu@50.656C,soc2@48.625C,soc0@49.5C,gpu@50.625C,tj@50.656C,soc1@49.656C,VDD_IN,5823mW/5664mW,VDD_CPU_GPU_CV,1305mW/1337mW,VDD_SOC,2376mW/2381mW
07-27-2026,16:34:54,RAM,816/7620MB,(lfb,12x4MB),SWAP,130/3810MB,(cached,2MB),CPU,[0%@1344,0%@1344,0%@1344,0%@1344,0%@1344,0%@1344],GR3D_FREQ,0%,cpu@50.812C,soc2@48.843C,soc0@49.718C,gpu@50.406C,tj@50.812C,soc1@49.781C,VDD_IN,5783mW/5664mW,VDD_CPU_GPU_CV,1305mW/1337mW,VDD_SOC,2376mW/2381mW
07-27-2026,16:34:54,RAM,816/7620MB,(lfb,12x4MB),SWAP,130/3810MB,(cached,2MB),CPU,[0%@1344,0%@1344,0%@1344,9%@1344,0%@1344,9%@1344],GR3D_FREQ,0%,cpu@50.937C,soc2@48.687C,soc0@49.437C,gpu@50.25C,tj@50.937C,soc1@49.812C,VDD_IN,5744mW/5665mW,VDD_CPU_GPU_CV,1305mW/1337mW,VDD_SOC,2376mW/2381mW
07-27-2026,16:34:54,RAM,816/7620MB,(lfb,12x4MB),SWAP,130/3810MB,(cached,2MB),CPU,[0%@1344,0%@1344,0%@1344,0%@1344,0%@1344,0%@1344],GR3D_FREQ,0%,cpu@50.437C,soc2@48.687C,soc0@49.5C,gpu@50.656C,tj@50.656C,soc1@49.687C,VDD_IN,5704mW/5665mW,VDD_CPU_GPU_CV,1305mW/1337mW,VDD_SOC,2376mW/2381mW
07-27-2026,16:34:54,RAM,816/7620MB,(lfb,12x4MB),SWAP,130/3810MB,(cached,2MB),CPU,[0%@1344,0%@1344,0%@1344,0%@1344,0%@1344,0%@1344],GR3D_FREQ,0%,cpu@50.562C,soc2@48.718C,soc0@49.531C,gpu@50.343C,tj@50.593C,soc1@49.656C,VDD_IN,5665mW/5665mW,VDD_CPU_GPU_CV,1305mW/1337mW,VDD_SOC,2376mW/2381mW
07-27-2026,16:34:54,RAM,816/7620MB,(lfb,12x4MB),SWAP,130/3810MB,(cached,2MB),CPU,[0%@1344,0%@1344,0%@1344,0%@1344,0%@1344,0%@1344],GR3D_FREQ,0%,cpu@50.625C,soc2@48.718C,soc0@49.75C,gpu@50.843C,tj@50.843C,soc1@49.656C,VDD_IN,5625mW/5665mW,VDD_CPU_GPU_CV,1305mW/1337mW,VDD_SOC,2376mW/2381mW
07-27-2026,16:34:55,RAM,816/7620MB,(lfb,12x4MB),SWAP,130/3810MB,(cached,2MB),CPU,[0%@1344,0%@1344,0%@1344,0%@1344,0%@1344,0%@1344],GR3D_FREQ,0%,cpu@50.906C,soc2@48.781C,soc0@49.375C,gpu@50.562C,tj@50.906C,soc1@49.781C,VDD_IN,5625mW/5664mW,VDD_CPU_GPU_CV,1305mW/1337mW,VDD_SOC,2373mW/2381mW
07-27-2026,16:34:55,RAM,816/7620MB,(lfb,12x4MB),SWAP,130/3810MB,(cached,2MB),CPU,[0%@1344,0%@1344,0%@1344,0%@1344,0%@1344,0%@1344],GR3D_FREQ,0%,cpu@50.593C,soc2@48.718C,soc0@49.5C,gpu@50.312C,tj@50.437C,soc1@49.625C,VDD_IN,5625mW/5664mW,VDD_CPU_GPU_CV,1305mW/1337mW,VDD_SOC,2373mW/2381mW
07-27-2026,16:34:55,RAM,816/7620MB,(lfb,12x4MB),SWAP,130/3810MB,(cached,2MB),CPU,[0%@1344,0%@1344,0%@1344,0%@1344,0%@1344,0%@1344],GR3D_FREQ,0%,cpu@50.5C,soc2@48.531C,soc0@49.593C,gpu@50.843C,tj@50.843C,soc1@49.531C,VDD_IN,5585mW/5664mW,VDD_CPU_GPU_CV,1305mW/1337mW,VDD_SOC,2373mW/2381mW
07-27-2026,16:34:55,RAM,816/7620MB,(lfb,12x4MB),SWAP,130/3810MB,(cached,2MB),CPU,[0%@1344,0%@1344,0%@1344,0%@1344,0%@1344,0%@1344],GR3D_FREQ,0%,cpu@50.687C,soc2@48.687C,soc0@49.531C,gpu@50.625C,tj@50.687C,soc1@49.718C,VDD_IN,5585mW/5664mW,VDD_CPU_GPU_CV,1305mW/1337mW,VDD_SOC,2376mW/2381mW
07-27-2026,16:34:55,RAM,816/7620MB,(lfb,12x4MB),SWAP,130/3810MB,(cached,2MB),CPU,[0%@1344,0%@1344,0%@1344,0%@1344,0%@1344,0%@1344],GR3D_FREQ,0%,cpu@50.812C,soc2@48.656C,soc0@49.468C,gpu@50.343C,tj@50.812C,soc1@49.75C,VDD_IN,5585mW/5664mW,VDD_CPU_GPU_CV,1305mW/1337mW,VDD_SOC,2376mW/2381mW
07-27-2026,16:34:55,RAM,817/7620MB,(lfb,12x4MB),SWAP,130/3810MB,(cached,2MB),CPU,[9%@1344,0%@1344,8%@1344,0%@1344,0%@1344,0%@1344],GR3D_FREQ,0%,cpu@51C,soc2@48.812C,soc0@49.406C,gpu@50.718C,tj@51C,soc1@49.843C,VDD_IN,5585mW/5664mW,VDD_CPU_GPU_CV,1305mW/1337mW,VDD_SOC,2376mW/2381mW
07-27-2026,16:34:55,RAM,816/7620MB,(lfb,12x4MB),SWAP,130/3810MB,(cached,2MB),CPU,[0%@1344,0%@1344,0%@1344,0%@1344,0%@1344,0%@1344],GR3D_FREQ,0%,cpu@50.5C,soc2@48.656C,soc0@49.5C,gpu@50.343C,tj@50.625C,soc1@49.593C,VDD_IN,5585mW/5664mW,VDD_CPU_GPU_CV,1305mW/1337mW,VDD_SOC,2376mW/2381mW
07-27-2026,16:34:55,RAM,816/7620MB,(lfb,12x4MB),SWAP,130/3810MB,(cached,2MB),CPU,[0%@1344,0%@1344,0%@1344,0%@1344,0%@1344,0%@1344],GR3D_FREQ,0%,cpu@50.562C,soc2@48.593C,soc0@49.562C,gpu@50.281C,tj@50.75C,soc1@49.718C,VDD_IN,5585mW/5663mW,VDD_CPU_GPU_CV,1305mW/1337mW,VDD_SOC,2376mW/2381mW
07-27-2026,16:34:55,RAM,816/7620MB,(lfb,12x4MB),SWAP,130/3810MB,(cached,2MB),CPU,[0%@1344,0%@1344,0%@1344,0%@1344,0%@1344,0%@1344],GR3D_FREQ,0%,cpu@50.718C,soc2@48.718C,soc0@49.687C,gpu@50.781C,tj@50.781C,soc1@49.656C,VDD_IN,5555mW/5663mW,VDD_CPU_GPU_CV,1305mW/1337mW,VDD_SOC,2376mW/2381mW
07-27-2026,16:34:55,RAM,816/7620MB,(lfb,12x4MB),SWAP,130/3810MB,(cached,2MB),CPU,[0%@1344,0%@1344,0%@1344,0%@1344,0%@1344,0%@1344],GR3D_FREQ,0%,cpu@50.843C,soc2@48.781C,soc0@49.437C,gpu@50.25C,tj@50.843C,soc1@49.75C,VDD_IN,5555mW/5663mW,VDD_CPU_GPU_CV,1305mW/1336mW,VDD_SOC,2376mW/2381mW
07-27-2026,16:34:56,RAM,816/7620MB,(lfb,12x4MB),SWAP,130/3810MB,(cached,2MB),CPU,[0%@1344,0%@1344,0%@1344,0%@1344,0%@1344,0%@1344],GR3D_FREQ,0%,cpu@50.656C,soc2@48.687C,soc0@49.531C,gpu@50.375C,tj@50.656C,soc1@49.906C,VDD_IN,5546mW/5663mW,VDD_CPU_GPU_CV,1305mW/1336mW,VDD_SOC,2376mW/2381mW
07-27-2026,16:34:56,RAM,816/7620MB,(lfb,12x4MB),SWAP,130/3810MB,(cached,2MB),CPU,[0%@1344,0%@1344,0%@1344,0%@1344,0%@1344,0%@1344],GR3D_FREQ,0%,cpu@50.468C,soc2@48.718C,soc0@49.625C,gpu@50.718C,tj@50.718C,soc1@49.687C,VDD_IN,5546mW/5663mW,VDD_CPU_GPU_CV,1305mW/1336mW,VDD_SOC,2376mW/2381mW
07-27-2026,16:34:56,RAM,816/7620MB,(lfb,12x4MB),SWAP,130/3810MB,(cached,2MB),CPU,[0%@1344,0%@1344,0%@1344,0%@1344,0%@1344,0%@1344],GR3D_FREQ,0%,cpu@50.625C,soc2@48.656C,soc0@49.593C,gpu@50.281C,tj@50.625C,soc1@49.687C,VDD_IN,5546mW/5662mW,VDD_CPU_GPU_CV,1305mW/1336mW,VDD_SOC,2376mW/2381mW
07-27-2026,16:34:56,RAM,816/7620MB,(lfb,12x4MB),SWAP,130/3810MB,(cached,2MB),CPU,[0%@1344,0%@1344,0%@1344,0%@1344,0%@1344,0%@1344],GR3D_FREQ,0%,cpu@50.875C,soc2@48.75C,soc0@49.468C,gpu@50.281C,tj@50.875C,soc1@49.718C,VDD_IN,5546mW/5662mW,VDD_CPU_GPU_CV,1305mW/1336mW,VDD_SOC,2376mW/2381mW
07-27-2026,16:34:56,RAM,816/7620MB,(lfb,12x4MB),SWAP,130/3810MB,(cached,2MB),CPU,[0%@1344,0%@1344,0%@1344,0%@1344,0%@1344,0%@1344],GR3D_FREQ,0%,cpu@51.062C,soc2@48.562C,soc0@49.5C,gpu@50.593C,tj@51.062C,soc1@49.875C,VDD_IN,5555mW/5662mW,VDD_CPU_GPU_CV,1305mW/1336mW,VDD_SOC,2376mW/2381mW
07-27-2026,16:34:56,RAM,817/7620MB,(lfb,12x4MB),SWAP,130/3810MB,(cached,2MB),CPU,[9%@1344,0%@1344,0%@1344,0%@1344,9%@1344,0%@1344],GR3D_FREQ,0%,cpu@50.468C,soc2@48.625C,soc0@49.5C,gpu@50.343C,tj@50.468C,soc1@49.5C,VDD_IN,5594mW/5662mW,VDD_CPU_GPU_CV,1305mW/1336mW,VDD_SOC,2376mW/2381mW
07-27-2026,16:34:56,RAM,817/7620MB,(lfb,12x4MB),SWAP,130/3810MB,(cached,2MB),CPU,[0%@1344,0%@1344,0%@1344,0%@1344,0%@1344,0%@1344],GR3D_FREQ,0%,cpu@50.531C,soc2@48.593C,soc0@49.562C,gpu@50.781C,tj@50.781C,soc1@49.562C,VDD_IN,5546mW/5662mW,VDD_CPU_GPU_CV,1305mW/1336mW,VDD_SOC,2376mW/2381mW
07-27-2026,16:34:56,RAM,817/7620MB,(lfb,12x4MB),SWAP,130/3810MB,(cached,2MB),CPU,[0%@1344,0%@1344,0%@1344,0%@1344,0%@1344,0%@1344],GR3D_FREQ,0%,cpu@50.906C,soc2@48.718C,soc0@49.781C,gpu@50.406C,tj@50.906C,soc1@49.625C,VDD_IN,5546mW/5661mW,VDD_CPU_GPU_CV,1305mW/1336mW,VDD_SOC,2376mW/2381mW
07-27-2026,16:34:56,RAM,817/7620MB,(lfb,12x4MB),SWAP,130/3810MB,(cached,2MB),CPU,[9%@1344,0%@1344,0%@1344,0%@1344,0%@1344,0%@1344],GR3D_FREQ,0%,cpu@50.937C,soc2@48.687C,soc0@49.5C,gpu@50.281C,tj@50.937C,soc1@49.843C,VDD_IN,5546mW/5661mW,VDD_CPU_GPU_CV,1305mW/1336mW,VDD_SOC,2376mW/2381mW
07-27-2026,16:34:57,RAM,817/7620MB,(lfb,12x4MB),SWAP,130/3810MB,(cached,2MB),CPU,[8%@1344,0%@1344,0%@1344,0%@1344,0%@1344,0%@1344],GR3D_FREQ,0%,cpu@50.625C,soc2@48.562C,soc0@49.531C,gpu@50.812C,tj@50.812C,soc1@49.843C,VDD_IN,5546mW/5661mW,VDD_CPU_GPU_CV,1305mW/1336mW,VDD_SOC,2373mW/2381mW
07-27-2026,16:34:57,RAM,817/7620MB,(lfb,12x4MB),SWAP,130/3810MB,(cached,2MB),CPU,[0%@1344,0%@1344,0%@1344,0%@1344,0%@1344,0%@1344],GR3D_FREQ,0%,cpu@50.468C,soc2@48.687C,soc0@49.531C,gpu@50.343C,tj@50.468C,soc1@49.625C,VDD_IN,5546mW/5661mW,VDD_CPU_GPU_CV,1305mW/1336mW,VDD_SOC,2373mW/2381mW
07-27-2026,16:34:57,RAM,817/7620MB,(lfb,12x4MB),SWAP,130/3810MB,(cached,2MB),CPU,[0%@1344,0%@1344,0%@1344,0%@1344,0%@1344,0%@1344],GR3D_FREQ,0%,cpu@50.593C,soc2@48.75C,soc0@49.625C,gpu@50.281C,tj@50.656C,soc1@49.625C,VDD_IN,5546mW/5660mW,VDD_CPU_GPU_CV,1305mW/1336mW,VDD_SOC,2373mW/2381mW
07-27-2026,16:34:57,RAM,817/7620MB,(lfb,12x4MB),SWAP,130/3810MB,(cached,2MB),CPU,[0%@1344,0%@1344,0%@1344,0%@1344,0%@1344,0%@1344],GR3D_FREQ,0%,cpu@50.875C,soc2@48.781C,soc0@49.406C,gpu@50.75C,tj@50.875C,soc1@49.687C,VDD_IN,5546mW/5660mW,VDD_CPU_GPU_CV,1305mW/1336mW,VDD_SOC,2373mW/2381mW
07-27-2026,16:34:57,RAM,817/7620MB,(lfb,12x4MB),SWAP,130/3810MB,(cached,2MB),CPU,[0%@1344,0%@1344,0%@1344,0%@1344,0%@1344,0%@1344],GR3D_FREQ,0%,cpu@50.562C,soc2@48.687C,soc0@49.437C,gpu@50.281C,tj@50.562C,soc1@49.812C,VDD_IN,5546mW/5660mW,VDD_CPU_GPU_CV,1305mW/1336mW,VDD_SOC,2373mW/2381mW
07-27-2026,16:34:57,RAM,817/7620MB,(lfb,12x4MB),SWAP,130/3810MB,(cached,2MB),CPU,[0%@1344,0%@1344,0%@1344,0%@1344,0%@1344,0%@1344],GR3D_FREQ,0%,cpu@50.687C,soc2@48.718C,soc0@49.437C,gpu@50.312C,tj@50.593C,soc1@49.5C,VDD_IN,5546mW/5660mW,VDD_CPU_GPU_CV,1305mW/1336mW,VDD_SOC,2373mW/2381mW
07-27-2026,16:34:57,RAM,816/7620MB,(lfb,12x4MB),SWAP,130/3810MB,(cached,2MB),CPU,[0%@1344,0%@1344,0%@1344,9%@1344,9%@1344,8%@1344],GR3D_FREQ,0%,cpu@50.437C,soc2@48.593C,soc0@49.562C,gpu@50.343C,tj@50.437C,soc1@49.656C,VDD_IN,5585mW/5660mW,VDD_CPU_GPU_CV,1305mW/1336mW,VDD_SOC,2376mW/2381mW
07-27-2026,16:34:57,RAM,816/7620MB,(lfb,12x4MB),SWAP,130/3810MB,(cached,2MB),CPU,[8%@1344,0%@1344,0%@1344,0%@1344,0%@1344,0%@1344],GR3D_FREQ,0%,cpu@50.875C,soc2@48.656C,soc0@49.75C,gpu@50.281C,tj@50.875C,soc1@49.718C,VDD_IN,5546mW/5659mW,VDD_CPU_GPU_CV,1305mW/1335mW,VDD_SOC,2376mW/2381mW
07-27-2026,16:34:57,RAM,816/7620MB,(lfb,12x4MB),SWAP,130/3810MB,(cached,2MB),CPU,[0%@1344,0%@1344,0%@1344,0%@1344,0%@1344,0%@1344],GR3D_FREQ,0%,cpu@50.937C,soc2@48.875C,soc0@49.406C,gpu@50.25C,tj@50.937C,soc1@49.781C,VDD_IN,5546mW/5659mW,VDD_CPU_GPU_CV,1305mW/1335mW,VDD_SOC,2376mW/2381mW
07-27-2026,16:34:57,RAM,816/7620MB,(lfb,12x4MB),SWAP,130/3810MB,(cached,2MB),CPU,[0%@1344,0%@1344,0%@1344,0%@1344,0%@1344,0%@1344],GR3D_FREQ,0%,cpu@50.687C,soc2@48.625C,soc0@49.468C,gpu@50.375C,tj@50.687C,soc1@49.468C,VDD_IN,5546mW/5659mW,VDD_CPU_GPU_CV,1305mW/1335mW,VDD_SOC,2376mW/2381mW
07-27-2026,16:34:58,RAM,816/7620MB,(lfb,12x4MB),SWAP,130/3810MB,(cached,2MB),CPU,[0%@1344,0%@1344,0%@1344,0%@1344,0%@1344,0%@1344],GR3D_FREQ,0%,cpu@50.5C,soc2@48.718C,soc0@49.5C,gpu@50.343C,tj@50.5C,soc1@49.562C,VDD_IN,5546mW/5659mW,VDD_CPU_GPU_CV,1305mW/1335mW,VDD_SOC,2376mW/2381mW
07-27-2026,16:34:58,RAM,817/7620MB,(lfb,12x4MB),SWAP,130/3810MB,(cached,2MB),CPU,[0%@1344,0%@1344,18%@1344,0%@1344,0%@1344,0%@1344],GR3D_FREQ,0%,cpu@50.5C,soc2@48.593C,soc0@49.593C,gpu@50.906C,tj@50.906C,soc1@49.687C,VDD_IN,5634mW/5659mW,VDD_CPU_GPU_CV,1305mW/1335mW,VDD_SOC,2376mW/2381mW
07-27-2026,16:34:58,RAM,817/7620MB,(lfb,12x4MB),SWAP,130/3810MB,(cached,2MB),CPU,[0%@1344,0%@1344,0%@1344,0%@1344,0%@1344,0%@1344],GR3D_FREQ,0%,cpu@50.937C,soc2@48.656C,soc0@49.406C,gpu@50.343C,tj@50.937C,soc1@49.687C,VDD_IN,5704mW/5659mW,VDD_CPU_GPU_CV,1305mW/1335mW,VDD_SOC,2376mW/2381mW
07-27-2026,16:34:58,RAM,817/7620MB,(lfb,12x4MB),SWAP,130/3810MB,(cached,2MB),CPU,[0%@1344,0%@1344,0%@1344,0%@1344,0%@1344,0%@1344],GR3D_FREQ,0%,cpu@50.562C,soc2@48.687C,soc0@49.5C,gpu@50.343C,tj@50.562C,soc1@49.937C,VDD_IN,5744mW/5659mW,VDD_CPU_GPU_CV,1305mW/1335mW,VDD_SOC,2376mW/2381mW
07-27-2026,16:34:58,RAM,817/7620MB,(lfb,12x4MB),SWAP,130/3810MB,(cached,2MB),CPU,[0%@1344,0%@1344,8%@1344,0%@1344,0%@1344,0%@1344],GR3D_FREQ,0%,cpu@50.781C,soc2@48.656C,soc0@49.5C,gpu@50.406C,tj@50.781C,soc1@49.625C,VDD_IN,5793mW/5659mW,VDD_CPU_GPU_CV,1305mW/1335mW,VDD_SOC,2376mW/2381mW
07-27-2026,16:34:58,RAM,817/7620MB,(lfb,12x4MB),SWAP,130/3810MB,(cached,2MB),CPU,[0%@1344,0%@1344,0%@1344,8%@1344,0%@1344,0%@1344],GR3D_FREQ,0%,cpu@50.5C,soc2@48.656C,soc0@49.625C,gpu@50.375C,tj@50.5C,soc1@49.687C,VDD_IN,5872mW/5660mW,VDD_CPU_GPU_CV,1305mW/1335mW,VDD_SOC,2416mW/2381mW
07-27-2026,16:34:58,RAM,817/7620MB,(lfb,12x4MB),SWAP,130/3810MB,(cached,2MB),CPU,[8%@1344,0%@1344,9%@1344,0%@1344,0%@1344,0%@1344],GR3D_FREQ,0%,cpu@50.718C,soc2@48.656C,soc0@49.656C,gpu@50.343C,tj@50.718C,soc1@49.625C,VDD_IN,5863mW/5660mW,VDD_CPU_GPU_CV,1305mW/1335mW,VDD_SOC,2416mW/2381mW
07-27-2026,16:34:58,RAM,817/7620MB,(lfb,12x4MB),SWAP,130/3810MB,(cached,2MB),CPU,[0%@1344,0%@1344,0%@1344,0%@1344,0%@1344,0%@1344],GR3D_FREQ,0%,cpu@50.968C,soc2@48.687C,soc0@49.437C,gpu@50.437C,tj@50.968C,soc1@49.687C,VDD_IN,5912mW/5661mW,VDD_CPU_GPU_CV,1305mW/1335mW,VDD_SOC,2376mW/2381mW
07-27-2026,16:34:58,RAM,817/7620MB,(lfb,12x4MB),SWAP,130/3810MB,(cached,2MB),CPU,[0%@1344,8%@1344,0%@1344,0%@1344,0%@1344,0%@1344],GR3D_FREQ,0%,cpu@50.687C,soc2@48.593C,soc0@49.5C,gpu@50.375C,tj@50.687C,soc1@49.437C,VDD_IN,5912mW/5661mW,VDD_CPU_GPU_CV,1305mW/1335mW,VDD_SOC,2376mW/2381mW
07-27-2026,16:34:59,RAM,817/7620MB,(lfb,12x4MB),SWAP,130/3810MB,(cached,2MB),CPU,[0%@1344,9%@1344,0%@1344,0%@1344,0%@1344,0%@1344],GR3D_FREQ,0%,cpu@50.5C,soc2@48.562C,soc0@49.468C,gpu@50.25C,tj@50.5C,soc1@49.593C,VDD_IN,5912mW/5661mW,VDD_CPU_GPU_CV,1305mW/1335mW,VDD_SOC,2376mW/2381mW
07-27-2026,16:34:59,RAM,817/7620MB,(lfb,12x4MB),SWAP,130/3810MB,(cached,2MB),CPU,[0%@1344,0%@1344,0%@1344,0%@1344,0%@1344,0%@1344],GR3D_FREQ,0%,cpu@50.5C,soc2@48.531C,soc0@49.625C,gpu@50.437C,tj@50.5C,soc1@49.562C,VDD_IN,5902mW/5662mW,VDD_CPU_GPU_CV,1305mW/1335mW,VDD_SOC,2376mW/2381mW
07-27-2026,16:34:59,RAM,817/7620MB,(lfb,12x4MB),SWAP,130/3810MB,(cached,2MB),CPU,[0%@1344,0%@1344,0%@1344,0%@1344,0%@1344,0%@1344],GR3D_FREQ,0%,cpu@50.812C,soc2@48.718C,soc0@49.687C,gpu@50.375C,tj@50.812C,soc1@49.75C,VDD_IN,5832mW/5662mW,VDD_CPU_GPU_CV,1305mW/1335mW,VDD_SOC,2376mW/2381mW
07-27-2026,16:34:59,RAM,817/7620MB,(lfb,12x4MB),SWAP,130/3810MB,(cached,2MB),CPU,[0%@1344,0%@1344,0%@1344,0%@1344,0%@1344,0%@1344],GR3D_FREQ,0%,cpu@50.593C,soc2@48.812C,soc0@49.468C,gpu@50.437C,tj@50.593C,soc1@49.906C,VDD_IN,5753mW/5662mW,VDD_CPU_GPU_CV,1305mW/1335mW,VDD_SOC,2376mW/2381mW
07-27-2026,16:34:59,RAM,817/7620MB,(lfb,12x4MB),SWAP,130/3810MB,(cached,2MB),CPU,[0%@1344,0%@1344,0%@1344,0%@1344,0%@1344,0%@1344],GR3D_FREQ,0%,cpu@50.812C,soc2@48.781C,soc0@49.5C,gpu@50.437C,tj@50.531C,soc1@49.5C,VDD_IN,5713mW/5662mW,VDD_CPU_GPU_CV,1305mW/1335mW,VDD_SOC,2376mW/2381mW
07-27-2026,16:34:59,RAM,817/7620MB,(lfb,12x4MB),SWAP,130/3810MB,(cached,2MB),CPU,[0%@1344,0%@1344,0%@1344,0%@1344,0%@1344,0%@1344],GR3D_FREQ,0%,cpu@50.468C,soc2@48.593C,soc0@49.531C,gpu@50.281C,tj@50.468C,soc1@49.593C,VDD_IN,5665mW/5662mW,VDD_CPU_GPU_CV,1305mW/1335mW,VDD_SOC,2376mW/2381mW
07-27-2026,16:34:59,RAM,817/7620MB,(lfb,12x4MB),SWAP,130/3810MB,(cached,2MB),CPU,[0%@1344,0%@1344,0%@1344,9%@1344,0%@1344,0%@1344],GR3D_FREQ,0%,cpu@50.5C,soc2@48.656C,soc0@49.625C,gpu@50.468C,tj@50.875C,soc1@49.562C,VDD_IN,5674mW/5662mW,VDD_CPU_GPU_CV,1305mW/1334mW,VDD_SOC,2376mW/2381mW
07-27-2026,16:34:59,RAM,816/7620MB,(lfb,12x4MB),SWAP,130/3810MB,(cached,2MB),CPU,[0%@1344,0%@1344,0%@1344,0%@1344,0%@1344,0%@1344],GR3D_FREQ,0%,cpu@50.593C,soc2@48.687C,soc0@49.437C,gpu@50.375C,tj@50.593C,soc1@49.718C,VDD_IN,5634mW/5662mW,VDD_CPU_GPU_CV,1305mW/1334mW,VDD_SOC,2376mW/2381mW
07-27-2026,16:34:59,RAM,816/7620MB,(lfb,12x4MB),SWAP,130/3810MB,(cached,2MB),CPU,[0%@1344,0%@1344,0%@1344,0%@1344,0%@1344,0%@1344],GR3D_FREQ,0%,cpu@50.718C,soc2@48.562C,soc0@49.531C,gpu@50.312C,tj@50.718C,soc1@49.593C,VDD_IN,5634mW/5662mW,VDD_CPU_GPU_CV,1305mW/1334mW,VDD_SOC,2376mW/2381mW
07-27-2026,16:34:59,RAM,816/7620MB,(lfb,12x4MB),SWAP,130/3810MB,(cached,2MB),CPU,[0%@1344,0%@1344,0%@1344,0%@1344,0%@1344,0%@1344],GR3D_FREQ,0%,cpu@50.562C,soc2@48.687C,soc0@49.5C,gpu@50.5C,tj@50.562C,soc1@49.718C,VDD_IN,5585mW/5662mW,VDD_CPU_GPU_CV,1305mW/1334mW,VDD_SOC,2376mW/2381mW
07-27-2026,16:35:00,RAM,816/7620MB,(lfb,12x4MB),SWAP,130/3810MB,(cached,2MB),CPU,[0%@1344,0%@1344,0%@1344,0%@1344,0%@1344,0%@1344],GR3D_FREQ,0%,cpu@50.562C,soc2@48.781C,soc0@49.562C,gpu@50.406C,tj@50.562C,soc1@49.593C,VDD_IN,5585mW/5662mW,VDD_CPU_GPU_CV,1305mW/1334mW,VDD_SOC,2376mW/2381mW
07-27-2026,16:35:00,RAM,816/7620MB,(lfb,12x4MB),SWAP,130/3810MB,(cached,2MB),CPU,[0%@1344,0%@1344,0%@1344,0%@1344,0%@1344,0%@1344],GR3D_FREQ,0%,cpu@50.937C,soc2@48.781C,soc0@49.75C,gpu@50.25C,tj@50.937C,soc1@49.718C,VDD_IN,5585mW/5662mW,VDD_CPU_GPU_CV,1305mW/1334mW,VDD_SOC,2376mW/2381mW
07-27-2026,16:35:00,RAM,816/7620MB,(lfb,12x4MB),SWAP,130/3810MB,(cached,2MB),CPU,[9%@1344,9%@1344,0%@1344,0%@1344,0%@1344,0%@1344],GR3D_FREQ,0%,cpu@50.593C,soc2@48.781C,soc0@49.437C,gpu@50.437C,tj@50.593C,soc1@49.781C,VDD_IN,5585mW/5662mW,VDD_CPU_GPU_CV,1305mW/1334mW,VDD_SOC,2376mW/2381mW
07-27-2026,16:35:00,RAM,816/7620MB,(lfb,12x4MB),SWAP,130/3810MB,(cached,2MB),CPU,[0%@1344,0%@1344,0%@1344,0%@1344,0%@1344,0%@1344],GR3D_FREQ,0%,cpu@50.812C,soc2@48.593C,soc0@49.468C,gpu@50.375C,tj@50.812C,soc1@49.5C,VDD_IN,5585mW/5662mW,VDD_CPU_GPU_CV,1305mW/1334mW,VDD_SOC,2376mW/2381mW
07-27-2026,16:35:00,RAM,816/7620MB,(lfb,12x4MB),SWAP,130/3810MB,(cached,2MB),CPU,[0%@1344,0%@1344,0%@1344,0%@1344,0%@1344,0%@1344],GR3D_FREQ,0%,cpu@50.468C,soc2@48.656C,soc0@49.593C,gpu@50.5C,tj@50.5C,soc1@49.656C,VDD_IN,5546mW/5661mW,VDD_CPU_GPU_CV,1305mW/1334mW,VDD_SOC,2376mW/2381mW
07-27-2026,16:35:00,RAM,817/7620MB,(lfb,12x4MB),SWAP,130/3810MB,(cached,2MB),CPU,[0%@1344,0%@1344,0%@1344,0%@1344,0%@1344,16%@1344],GR3D_FREQ,0%,cpu@50.625C,soc2@48.718C,soc0@49.656C,gpu@50.437C,tj@50.625C,soc1@49.656C,VDD_IN,5585mW/5661mW,VDD_CPU_GPU_CV,1305mW/1334mW,VDD_SOC,2376mW/2381mW
07-27-2026,16:35:00,RAM,817/7620MB,(lfb,12x4MB),SWAP,130/3810MB,(cached,2MB),CPU,[0%@1344,0%@1344,0%@1344,0%@1344,0%@1344,0%@1344],GR3D_FREQ,0%,cpu@50.531C,soc2@48.718C,soc0@49.437C,gpu@50.343C,tj@50.531C,soc1@49.687C,VDD_IN,5585mW/5661mW,VDD_CPU_GPU_CV,1305mW/1334mW,VDD_SOC,2376mW/2381mW
07-27-2026,16:35:00,RAM,817/7620MB,(lfb,12x4MB),SWAP,130/3810MB,(cached,2MB),CPU,[0%@1344,0%@1344,0%@1344,0%@1344,0%@1344,0%@1344],GR3D_FREQ,0%,cpu@50.718C,soc2@48.562C,soc0@49.468C,gpu@50.5C,tj@50.718C,soc1@49.468C,VDD_IN,5594mW/5661mW,VDD_CPU_GPU_CV,1307mW/1334mW,VDD_SOC,2376mW/2381mW
07-27-2026,16:35:00,RAM,816/7620MB,(lfb,12x4MB),SWAP,130/3810MB,(cached,2MB),CPU,[0%@1344,0%@1344,0%@1344,0%@1344,0%@1344,0%@1344],GR3D_FREQ,0%,cpu@50.437C,soc2@48.687C,soc0@49.625C,gpu@50.437C,tj@50.437C,soc1@49.531C,VDD_IN,5555mW/5661mW,VDD_CPU_GPU_CV,1305mW/1334mW,VDD_SOC,2376mW/2381mW
07-27-2026,16:35:01,RAM,816/7620MB,(lfb,12x4MB),SWAP,130/3810MB,(cached,2MB),CPU,[0%@1344,0%@1344,0%@1344,0%@1344,0%@1344,0%@1344],GR3D_FREQ,0%,cpu@50.5C,soc2@48.593C,soc0@49.625C,gpu@50.375C,tj@50.5C,soc1@49.687C,VDD_IN,5555mW/5661mW,VDD_CPU_GPU_CV,1307mW/1334mW,VDD_SOC,2376mW/2381mW
07-27-2026,16:35:01,RAM,816/7620MB,(lfb,12x4MB),SWAP,130/3810MB,(cached,2MB),CPU,[0%@1344,0%@1344,0%@1344,0%@1344,0%@1344,0%@1344],GR3D_FREQ,0%,cpu@50.937C,soc2@48.718C,soc0@49.687C,gpu@50.468C,tj@50.937C,soc1@49.718C,VDD_IN,5546mW/5660mW,VDD_CPU_GPU_CV,1305mW/1334mW,VDD_SOC,2376mW/2381mW
07-27-2026,16:35:01,RAM,816/7620MB,(lfb,12x4MB),SWAP,130/3810MB,(cached,2MB),CPU,[0%@1344,9%@1344,0%@1344,0%@1344,0%@1344,0%@1344],GR3D_FREQ,0%,cpu@50.687C,soc2@48.75C,soc0@49.5C,gpu@50.406C,tj@50.687C,soc1@49.843C,VDD_IN,5555mW/5660mW,VDD_CPU_GPU_CV,1305mW/1334mW,VDD_SOC,2376mW/2381mW
07-27-2026,16:35:01,RAM,816/7620MB,(lfb,12x4MB),SWAP,130/3810MB,(cached,2MB),CPU,[0%@1344,0%@1344,0%@1344,0%@1344,0%@1344,0%@1344],GR3D_FREQ,0%,cpu@50.375C,soc2@48.625C,soc0@49.468C,gpu@50.312C,tj@50.375C,soc1@49.531C,VDD_IN,5546mW/5660mW,VDD_CPU_GPU_CV,1305mW/1334mW,VDD_SOC,2376mW/2381mW
07-27-2026,16:35:01,RAM,816/7620MB,(lfb,12x4MB),SWAP,130/3810MB,(cached,2MB),CPU,[0%@1344,0%@1344,0%@1344,0%@1344,0%@1344,0%@1344],GR3D_FREQ,0%,cpu@50.468C,soc2@48.625C,soc0@49.562C,gpu@50.468C,tj@50.468C,soc1@49.625C,VDD_IN,5555mW/5660mW,VDD_CPU_GPU_CV,1305mW/1334mW,VDD_SOC,2376mW/2381mW
07-27-2026,16:35:01,RAM,816/7620MB,(lfb,12x4MB),SWAP,130/3810MB,(cached,2MB),CPU,[0%@1344,0%@1344,0%@1344,0%@1344,0%@1344,0%@1344],GR3D_FREQ,0%,cpu@50.593C,soc2@48.656C,soc0@49.687C,gpu@50.375C,tj@50.593C,soc1@49.5C,VDD_IN,5555mW/5660mW,VDD_CPU_GPU_CV,1305mW/1334mW,VDD_SOC,2376mW/2380mW
07-27-2026,16:35:01,RAM,816/7620MB,(lfb,12x4MB),SWAP,130/3810MB,(cached,2MB),CPU,[0%@1344,0%@1344,0%@1344,0%@1344,9%@1344,0%@1344],GR3D_FREQ,0%,cpu@50.687C,soc2@48.843C,soc0@49.468C,gpu@50.593C,tj@50.687C,soc1@49.812C,VDD_IN,5585mW/5660mW,VDD_CPU_GPU_CV,1305mW/1334mW,VDD_SOC,2376mW/2380mW
07-27-2026,16:35:01,RAM,816/7620MB,(lfb,12x4MB),SWAP,130/3810MB,(cached,2MB),CPU,[0%@1344,0%@1344,0%@1344,0%@1344,0%@1344,0%@1344],GR3D_FREQ,0%,cpu@50.718C,soc2@48.593C,soc0@49.468C,gpu@50.437C,tj@50.718C,soc1@49.625C,VDD_IN,5585mW/5659mW,VDD_CPU_GPU_CV,1305mW/1333mW,VDD_SOC,2376mW/2380mW
07-27-2026,16:35:01,RAM,816/7620MB,(lfb,12x4MB),SWAP,130/3810MB,(cached,2MB),CPU,[0%@1344,0%@1344,0%@1344,0%@1344,0%@1344,0%@1344],GR3D_FREQ,0%,cpu@50.468C,soc2@48.656C,soc0@49.5C,gpu@50.312C,tj@50.468C,soc1@49.437C,VDD_IN,5555mW/5659mW,VDD_CPU_GPU_CV,1305mW/1333mW,VDD_SOC,2376mW/2380mW
07-27-2026,16:35:01,RAM,816/7620MB,(lfb,12x4MB),SWAP,130/3810MB,(cached,2MB),CPU,[0%@1344,0%@1344,0%@1344,0%@1344,0%@1344,0%@1344],GR3D_FREQ,0%,cpu@50.531C,soc2@48.656C,soc0@49.562C,gpu@50.468C,tj@50.531C,soc1@49.625C,VDD_IN,5555mW/5659mW,VDD_CPU_GPU_CV,1305mW/1333mW,VDD_SOC,2376mW/2380mW
07-27-2026,16:35:02,RAM,816/7620MB,(lfb,12x4MB),SWAP,130/3810MB,(cached,2MB),CPU,[0%@1344,0%@1344,0%@1344,0%@1344,0%@1344,0%@1344],GR3D_FREQ,0%,cpu@50.625C,soc2@48.625C,soc0@49.5C,gpu@50.468C,tj@50.937C,soc1@49.687C,VDD_IN,5555mW/5659mW,VDD_CPU_GPU_CV,1307mW/1333mW,VDD_SOC,2376mW/2380mW
07-27-2026,16:35:02,RAM,816/7620MB,(lfb,12x4MB),SWAP,130/3810MB,(cached,2MB),CPU,[0%@1344,0%@1344,0%@1344,0%@1344,0%@1344,0%@1344],GR3D_FREQ,0%,cpu@50.656C,soc2@48.812C,soc0@49.5C,gpu@50.281C,tj@50.656C,soc1@49.843C,VDD_IN,5555mW/5659mW,VDD_CPU_GPU_CV,1305mW/1333mW,VDD_SOC,2376mW/2380mW
07-27-2026,16:35:02,RAM,816/7620MB,(lfb,12x4MB),SWAP,130/3810MB,(cached,2MB),CPU,[0%@1344,0%@1344,0%@1344,0%@1344,0%@1344,0%@1344],GR3D_FREQ,0%,cpu@50.593C,soc2@48.593C,soc0@49.468C,gpu@50.5C,tj@50.562C,soc1@49.687C,VDD_IN,5546mW/5659mW,VDD_CPU_GPU_CV,1305mW/1333mW,VDD_SOC,2376mW/2380mW
07-27-2026,16:35:02,RAM,816/7620MB,(lfb,12x4MB),SWAP,130/3810MB,(cached,2MB),CPU,[9%@1344,0%@1344,0%@1344,0%@1344,0%@1344,0%@1344],GR3D_FREQ,0%,cpu@50.468C,soc2@48.656C,soc0@49.562C,gpu@50.531C,tj@50.531C,soc1@49.562C,VDD_IN,5546mW/5658mW,VDD_CPU_GPU_CV,1305mW/1333mW,VDD_SOC,2376mW/2380mW
07-27-2026,16:35:02,RAM,816/7620MB,(lfb,12x4MB),SWAP,130/3810MB,(cached,2MB),CPU,[0%@1344,0%@1344,0%@1344,0%@1344,0%@1344,0%@1344],GR3D_FREQ,0%,cpu@50.562C,soc2@48.593C,soc0@49.812C,gpu@50.593C,tj@50.593C,soc1@49.562C,VDD_IN,5546mW/5658mW,VDD_CPU_GPU_CV,1305mW/1333mW,VDD_SOC,2376mW/2380mW
07-27-2026,16:35:02,RAM,816/7620MB,(lfb,12x4MB),SWAP,130/3810MB,(cached,2MB),CPU,[0%@1344,0%@1344,8%@1344,0%@1344,0%@1344,0%@1344],GR3D_FREQ,0%,cpu@50.656C,soc2@48.781C,soc0@49.343C,gpu@50.593C,tj@50.656C,soc1@49.687C,VDD_IN,5546mW/5658mW,VDD_CPU_GPU_CV,1305mW/1333mW,VDD_SOC,2376mW/2380mW
07-27-2026,16:35:02,RAM,817/7620MB,(lfb,12x4MB),SWAP,130/3810MB,(cached,2MB),CPU,[0%@1344,0%@1344,0%@1344,0%@1344,0%@1344,0%@1344],GR3D_FREQ,0%,cpu@50.718C,soc2@48.625C,soc0@49.437C,gpu@50.343C,tj@50.718C,soc1@49.875C,VDD_IN,5585mW/5658mW,VDD_CPU_GPU_CV,1305mW/1333mW,VDD_SOC,2376mW/2380mW
07-27-2026,16:35:02,RAM,817/7620MB,(lfb,12x4MB),SWAP,130/3810MB,(cached,2MB),CPU,[0%@1344,0%@1344,0%@1344,0%@1344,0%@1344,0%@1344],GR3D_FREQ,0%,cpu@50.5C,soc2@48.625C,soc0@49.531C,gpu@50.687C,tj@50.687C,soc1@49.5C,VDD_IN,5585mW/5658mW,VDD_CPU_GPU_CV,1305mW/1333mW,VDD_SOC,2376mW/2380mW
07-27-2026,16:35:02,RAM,817/7620MB,(lfb,12x4MB),SWAP,130/3810MB,(cached,2MB),CPU,[0%@1344,0%@1344,0%@1344,0%@1344,0%@1344,0%@1344],GR3D_FREQ,0%,cpu@50.593C,soc2@48.812C,soc0@49.562C,gpu@50.468C,tj@50.593C,soc1@49.562C,VDD_IN,5546mW/5658mW,VDD_CPU_GPU_CV,1305mW/1333mW,VDD_SOC,2376mW/2380mW
07-27-2026,16:35:02,RAM,817/7620MB,(lfb,12x4MB),SWAP,130/3810MB,(cached,2MB),CPU,[0%@1344,8%@1344,0%@1344,0%@1344,0%@1344,0%@1344],GR3D_FREQ,0%,cpu@50.562C,soc2@48.625C,soc0@49.375C,gpu@50.406C,tj@50.562C,soc1@49.625C,VDD_IN,5546mW/5657mW,VDD_CPU_GPU_CV,1305mW/1333mW,VDD_SOC,2376mW/2380mW
07-27-2026,16:35:03,RAM,817/7620MB,(lfb,12x4MB),SWAP,130/3810MB,(cached,2MB),CPU,[0%@1344,0%@1344,0%@1344,0%@1344,0%@1344,0%@1344],GR3D_FREQ,0%,cpu@50.718C,soc2@48.531C,soc0@49.468C,gpu@50.562C,tj@50.718C,soc1@49.812C,VDD_IN,5555mW/5657mW,VDD_CPU_GPU_CV,1305mW/1333mW,VDD_SOC,2376mW/2380mW
07-27-2026,16:35:03,RAM,817/7620MB,(lfb,12x4MB),SWAP,130/3810MB,(cached,2MB),CPU,[0%@1344,0%@1344,0%@1344,0%@1344,0%@1344,0%@1344],GR3D_FREQ,0%,cpu@50.625C,soc2@48.562C,soc0@49.5C,gpu@50.437C,tj@50.625C,soc1@49.437C,VDD_IN,5546mW/5657mW,VDD_CPU_GPU_CV,1305mW/1333mW,VDD_SOC,2376mW/2380mW
07-27-2026,16:35:03,RAM,817/7620MB,(lfb,12x4MB),SWAP,130/3810MB,(cached,2MB),CPU,[0%@1344,0%@1344,0%@1344,0%@1344,0%@1344,20%@1344],GR3D_FREQ,0%,cpu@50.531C,soc2@48.656C,soc0@49.531C,gpu@50.718C,tj@50.718C,soc1@49.5C,VDD_IN,5665mW/5657mW,VDD_CPU_GPU_CV,1305mW/1333mW,VDD_SOC,2376mW/2380mW
07-27-2026,16:35:03,RAM,817/7620MB,(lfb,12x4MB),SWAP,130/3810MB,(cached,2MB),CPU,[0%@1344,0%@1344,0%@1344,0%@1344,0%@1344,0%@1344],GR3D_FREQ,0%,cpu@50.593C,soc2@48.75C,soc0@49.656C,gpu@50.5C,tj@50.593C,soc1@49.593C,VDD_IN,5753mW/5657mW,VDD_CPU_GPU_CV,1305mW/1333mW,VDD_SOC,2376mW/2380mW
07-27-2026,16:35:03,RAM,817/7620MB,(lfb,12x4MB),SWAP,130/3810MB,(cached,2MB),CPU,[0%@1344,0%@1344,0%@1344,0%@1344,0%@1344,0%@1344],GR3D_FREQ,0%,cpu@50.687C,soc2@48.656C,soc0@49.468C,gpu@50.468C,tj@50.687C,soc1@49.75C,VDD_IN,5783mW/5657mW,VDD_CPU_GPU_CV,1305mW/1333mW,VDD_SOC,2376mW/2380mW
07-27-2026,16:35:03,RAM,817/7620MB,(lfb,12x4MB),SWAP,130/3810MB,(cached,2MB),CPU,[0%@1344,0%@1344,9%@1344,9%@1344,0%@1344,9%@1344],GR3D_FREQ,0%,cpu@50.906C,soc2@48.593C,soc0@49.468C,gpu@50.75C,tj@50.906C,soc1@49.875C,VDD_IN,5832mW/5658mW,VDD_CPU_GPU_CV,1305mW/1333mW,VDD_SOC,2376mW/2380mW
07-27-2026,16:35:03,RAM,817/7620MB,(lfb,12x4MB),SWAP,130/3810MB,(cached,2MB),CPU,[0%@1344,0%@1344,0%@1344,0%@1344,0%@1344,0%@1344],GR3D_FREQ,0%,cpu@50.468C,soc2@48.625C,soc0@49.531C,gpu@50.562C,tj@50.562C,soc1@49.593C,VDD_IN,5872mW/5658mW,VDD_CPU_GPU_CV,1305mW/1333mW,VDD_SOC,2376mW/2380mW
07-27-2026,16:35:03,RAM,817/7620MB,(lfb,12x4MB),SWAP,130/3810MB,(cached,2MB),CPU,[0%@1344,8%@1344,0%@1344,0%@1344,0%@1344,0%@1344],GR3D_FREQ,0%,cpu@50.468C,soc2@48.656C,soc0@49.593C,gpu@50.5C,tj@50.5C,soc1@49.593C,VDD_IN,5872mW/5658mW,VDD_CPU_GPU_CV,1305mW/1333mW,VDD_SOC,2376mW/2380mW
07-27-2026,16:35:03,RAM,817/7620MB,(lfb,12x4MB),SWAP,130/3810MB,(cached,2MB),CPU,[9%@1344,0%@1344,0%@1344,0%@1344,0%@1344,0%@1344],GR3D_FREQ,0%,cpu@50.625C,soc2@48.625C,soc0@49.5C,gpu@50.687C,tj@50.687C,soc1@49.625C,VDD_IN,5912mW/5659mW,VDD_CPU_GPU_CV,1305mW/1332mW,VDD_SOC,2416mW/2380mW
07-27-2026,16:35:04,RAM,817/7620MB,(lfb,12x4MB),SWAP,130/3810MB,(cached,2MB),CPU,[0%@1344,0%@1344,0%@1344,0%@1344,0%@1344,0%@1344],GR3D_FREQ,0%,cpu@50.718C,soc2@48.843C,soc0@49.406C,gpu@50.562C,tj@50.718C,soc1@49.906C,VDD_IN,5912mW/5659mW,VDD_CPU_GPU_CV,1305mW/1332mW,VDD_SOC,2416mW/2380mW
07-27-2026,16:35:04,RAM,817/7620MB,(lfb,12x4MB),SWAP,130/3810MB,(cached,2MB),CPU,[0%@1344,0%@1344,0%@1344,0%@1344,0%@1344,0%@1344],GR3D_FREQ,0%,cpu@50.687C,soc2@48.593C,soc0@49.562C,gpu@50.843C,tj@50.593C,soc1@49.437C,VDD_IN,5912mW/5660mW,VDD_CPU_GPU_CV,1305mW/1332mW,VDD_SOC,2376mW/2380mW
07-27-2026,16:35:04,RAM,817/7620MB,(lfb,12x4MB),SWAP,130/3810MB,(cached,2MB),CPU,[0%@1344,9%@1344,0%@1344,0%@1344,0%@1344,0%@1344],GR3D_FREQ,0%,cpu@50.531C,soc2@48.687C,soc0@49.562C,gpu@50.718C,tj@50.718C,soc1@49.625C,VDD_IN,5823mW/5660mW,VDD_CPU_GPU_CV,1305mW/1332mW,VDD_SOC,2376mW/2380mW
07-27-2026,16:35:04,RAM,817/7620MB,(lfb,12x4MB),SWAP,130/3810MB,(cached,2MB),CPU,[0%@1344,0%@1344,0%@1344,0%@1344,0%@1344,0%@1344],GR3D_FREQ,0%,cpu@50.593C,soc2@48.593C,soc0@49.656C,gpu@50.562C,tj@50.593C,soc1@49.625C,VDD_IN,5793mW/5660mW,VDD_CPU_GPU_CV,1305mW/1332mW,VDD_SOC,2376mW/2380mW
07-27-2026,16:35:04,RAM,817/7620MB,(lfb,12x4MB),SWAP,130/3810MB,(cached,2MB),CPU,[0%@1344,0%@1344,0%@1344,0%@1344,0%@1344,0%@1344],GR3D_FREQ,0%,cpu@50.656C,soc2@48.718C,soc0@49.312C,gpu@50.75C,tj@50.75C,soc1@49.781C,VDD_IN,5753mW/5660mW,VDD_CPU_GPU_CV,1305mW/1332mW,VDD_SOC,2376mW/2380mW
07-27-2026,16:35:04,RAM,817/7620MB,(lfb,12x4MB),SWAP,130/3810MB,(cached,2MB),CPU,[0%@1344,0%@1344,0%@1344,0%@1344,0%@1344,0%@1344],GR3D_FREQ,0%,cpu@50.687C,soc2@48.5C,soc0@49.5C,gpu@50.656C,tj@50.687C,soc1@49.937C,VDD_IN,5704mW/5660mW,VDD_CPU_GPU_CV,1305mW/1332mW,VDD_SOC,2376mW/2380mW
07-27-2026,16:35:04,RAM,817/7620MB,(lfb,12x4MB),SWAP,130/3810MB,(cached,2MB),CPU,[0%@1344,0%@1344,0%@1344,0%@1344,0%@1344,0%@1344],GR3D_FREQ,0%,cpu@50.5C,soc2@48.625C,soc0@49.562C,gpu@50.5C,tj@50.5C,soc1@49.531C,VDD_IN,5674mW/5660mW,VDD_CPU_GPU_CV,1305mW/1332mW,VDD_SOC,2376mW/2380mW
07-27-2026,16:35:04,RAM,817/7620MB,(lfb,12x4MB),SWAP,130/3810MB,(cached,2MB),CPU,[9%@1344,0%@1344,0%@1344,0%@1344,0%@1344,0%@1344],GR3D_FREQ,0%,cpu@50.531C,soc2@48.625C,soc0@49.562C,gpu@50.812C,tj@50.812C,soc1@49.718C,VDD_IN,5674mW/5660mW,VDD_CPU_GPU_CV,1305mW/1332mW,VDD_SOC,2376mW/2380mW
07-27-2026,16:35:04,RAM,816/7620MB,(lfb,12x4MB),SWAP,130/3810MB,(cached,2MB),CPU,[0%@1344,0%@1344,0%@1344,0%@1344,0%@1344,0%@1344],GR3D_FREQ,0%,cpu@50.625C,soc2@48.75C,soc0@49.375C,gpu@50.593C,tj@50.625C,soc1@49.562C,VDD_IN,5625mW/5660mW,VDD_CPU_GPU_CV,1305mW/1332mW,VDD_SOC,2376mW/2380mW
07-27-2026,16:35:04,RAM,816/7620MB,(lfb,12x4MB),SWAP,130/3810MB,(cached,2MB),CPU,[0%@1344,0%@1344,0%@1344,0%@1344,0%@1344,0%@1344],GR3D_FREQ,0%,cpu@50.593C,soc2@48.781C,soc0@49.375C,gpu@50.25C,tj@50.593C,soc1@49.812C,VDD_IN,5625mW/5660mW,VDD_CPU_GPU_CV,1305mW/1332mW,VDD_SOC,2376mW/2380mW
07-27-2026,16:35:05,RAM,816/7620MB,(lfb,12x4MB),SWAP,130/3810MB,(cached,2MB),CPU,[0%@1344,0%@1344,0%@1344,0%@1344,0%@1344,0%@1344],GR3D_FREQ,0%,cpu@50.781C,soc2@48.656C,soc0@49.5C,gpu@50.718C,tj@50.781C,soc1@49.468C,VDD_IN,5585mW/5660mW,VDD_CPU_GPU_CV,1305mW/1332mW,VDD_SOC,2376mW/2380mW
07-27-2026,16:35:05,RAM,816/7620MB,(lfb,12x4MB),SWAP,130/3810MB,(cached,2MB),CPU,[0%@1344,9%@1344,0%@1344,0%@1344,0%@1344,0%@1344],GR3D_FREQ,0%,cpu@50.468C,soc2@48.656C,soc0@49.562C,gpu@50.562C,tj@50.562C,soc1@49.718C,VDD_IN,5585mW/5660mW,VDD_CPU_GPU_CV,1305mW/1332mW,VDD_SOC,2376mW/2380mW
07-27-2026,16:35:05,RAM,816/7620MB,(lfb,12x4MB),SWAP,130/3810MB,(cached,2MB),CPU,[0%@1344,0%@1344,0%@1344,0%@1344,0%@1344,0%@1344],GR3D_FREQ,0%,cpu@50.593C,soc2@48.687C,soc0@49.625C,gpu@50.343C,tj@50.593C,soc1@49.593C,VDD_IN,5594mW/5660mW,VDD_CPU_GPU_CV,1305mW/1332mW,VDD_SOC,2376mW/2380mW
07-27-2026,16:35:05,RAM,816/7620MB,(lfb,12x4MB),SWAP,130/3810MB,(cached,2MB),CPU,[0%@1344,0%@1344,0%@1344,0%@1344,0%@1344,0%@1344],GR3D_FREQ,0%,cpu@50.75C,soc2@48.625C,soc0@49.468C,gpu@50.687C,tj@50.75C,soc1@49.75C,VDD_IN,5594mW/5660mW,VDD_CPU_GPU_CV,1305mW/1332mW,VDD_SOC,2376mW/2380mW
07-27-2026,16:35:05,RAM,816/7620MB,(lfb,12x4MB),SWAP,130/3810MB,(cached,2MB),CPU,[0%@1344,0%@1344,0%@1344,0%@1344,0%@1344,0%@1344],GR3D_FREQ,0%,cpu@50.687C,soc2@48.531C,soc0@49.437C,gpu@50.468C,tj@50.687C,soc1@49.562C,VDD_IN,5594mW/5660mW,VDD_CPU_GPU_CV,1305mW/1332mW,VDD_SOC,2376mW/2380mW
07-27-2026,16:35:05,RAM,817/7620MB,(lfb,12x4MB),SWAP,130/3810MB,(cached,2MB),CPU,[0%@1344,0%@1344,0%@1344,0%@1344,8%@1344,0%@1344],GR3D_FREQ,0%,cpu@50.593C,soc2@48.531C,soc0@49.406C,gpu@50.25C,tj@50.593C,soc1@49.531C,VDD_IN,5594mW/5660mW,VDD_CPU_GPU_CV,1305mW/1332mW,VDD_SOC,2376mW/2380mW
07-27-2026,16:35:05,RAM,816/7620MB,(lfb,12x4MB),SWAP,130/3810MB,(cached,2MB),CPU,[0%@1344,9%@1344,0%@1344,0%@1344,0%@1344,0%@1344],GR3D_FREQ,0%,cpu@50.687C,soc2@48.531C,soc0@49.562C,gpu@50.718C,tj@50.718C,soc1@49.656C,VDD_IN,5585mW/5660mW,VDD_CPU_GPU_CV,1305mW/1332mW,VDD_SOC,2376mW/2380mW
07-27-2026,16:35:05,RAM,816/7620MB,(lfb,12x4MB),SWAP,130/3810MB,(cached,2MB),CPU,[0%@1344,0%@1344,0%@1344,0%@1344,0%@1344,0%@1344],GR3D_FREQ,0%,cpu@50.593C,soc2@48.687C,soc0@49.625C,gpu@50.312C,tj@50.593C,soc1@49.781C,VDD_IN,5594mW/5659mW,VDD_CPU_GPU_CV,1307mW/1332mW,VDD_SOC,2376mW/2380mW
07-27-2026,16:35:05,RAM,816/7620MB,(lfb,12x4MB),SWAP,130/3810MB,(cached,2MB),CPU,[0%@1344,0%@1344,0%@1344,0%@1344,0%@1344,0%@1344],GR3D_FREQ,0%,cpu@50.718C,soc2@48.687C,soc0@49.531C,gpu@50.843C,tj@50.843C,soc1@49.687C,VDD_IN,5546mW/5659mW,VDD_CPU_GPU_CV,1307mW/1332mW,VDD_SOC,2376mW/2380mW
07-27-2026,16:35:06,RAM,816/7620MB,(lfb,12x4MB),SWAP,130/3810MB,(cached,2MB),CPU,[0%@1344,0%@1344,0%@1344,0%@1344,0%@1344,0%@1344],GR3D_FREQ,0%,cpu@50.718C,soc2@48.625C,soc0@49.5C,gpu@50.531C,tj@50.718C,soc1@49.531C,VDD_IN,5555mW/5659mW,VDD_CPU_GPU_CV,1307mW/1332mW,VDD_SOC,2376mW/2380mW
07-27-2026,16:35:06,RAM,816/7620MB,(lfb,12x4MB),SWAP,130/3810MB,(cached,2MB),CPU,[0%@1344,8%@1344,0%@1344,0%@1344,0%@1344,0%@1344],GR3D_FREQ,0%,cpu@50.562C,soc2@48.687C,soc0@49.531C,gpu@50.218C,tj@50.562C,soc1@49.687C,VDD_IN,5555mW/5659mW,VDD_CPU_GPU_CV,1307mW/1332mW,VDD_SOC,2376mW/2380mW
07-27-2026,16:35:06,RAM,816/7620MB,(lfb,12x4MB),SWAP,130/3810MB,(cached,2MB),CPU,[0%@1344,0%@1344,0%@1344,0%@1344,0%@1344,0%@1344],GR3D_FREQ,0%,cpu@50.593C,soc2@48.625C,soc0@49.593C,gpu@50.718C,tj@50.718C,soc1@49.687C,VDD_IN,5555mW/5659mW,VDD_CPU_GPU_CV,1307mW/1331mW,VDD_SOC,2376mW/2380mW
07-27-2026,16:35:06,RAM,816/7620MB,(lfb,12x4MB),SWAP,130/3810MB,(cached,2MB),CPU,[0%@1344,0%@1344,0%@1344,0%@1344,0%@1344,0%@1344],GR3D_FREQ,0%,cpu@50.718C,soc2@48.687C,soc0@49.437C,gpu@50.531C,tj@50.718C,soc1@49.687C,VDD_IN,5546mW/5659mW,VDD_CPU_GPU_CV,1305mW/1331mW,VDD_SOC,2376mW/2380mW
07-27-2026,16:35:06,RAM,816/7620MB,(lfb,12x4MB),SWAP,130/3810MB,(cached,2MB),CPU,[0%@1344,0%@1344,0%@1344,0%@1344,0%@1344,0%@1344],GR3D_FREQ,0%,cpu@50.75C,soc2@48.656C,soc0@49.406C,gpu@50.281C,tj@50.718C,soc1@49.562C,VDD_IN,5546mW/5658mW,VDD_CPU_GPU_CV,1307mW/1331mW,VDD_SOC,2376mW/2380mW
07-27-2026,16:35:06,RAM,816/7620MB,(lfb,12x4MB),SWAP,130/3810MB,(cached,2MB),CPU,[0%@1344,0%@1344,0%@1344,0%@1344,0%@1344,0%@1344],GR3D_FREQ,0%,cpu@50.562C,soc2@48.656C,soc0@49.531C,gpu@50.75C,tj@50.75C,soc1@49.562C,VDD_IN,5546mW/5658mW,VDD_CPU_GPU_CV,1305mW/1331mW,VDD_SOC,2376mW/2380mW
07-27-2026,16:35:06,RAM,817/7620MB,(lfb,12x4MB),SWAP,130/3810MB,(cached,2MB),CPU,[0%@1344,0%@1344,0%@1344,9%@1344,0%@1344,0%@1344],GR3D_FREQ,0%,cpu@50.562C,soc2@48.625C,soc0@49.562C,gpu@50.312C,tj@50.562C,soc1@49.687C,VDD_IN,5585mW/5658mW,VDD_CPU_GPU_CV,1305mW/1331mW,VDD_SOC,2376mW/2380mW
07-27-2026,16:35:06,RAM,817/7620MB,(lfb,12x4MB),SWAP,130/3810MB,(cached,2MB),CPU,[0%@1344,0%@1344,0%@1344,0%@1344,0%@1344,0%@1344],GR3D_FREQ,0%,cpu@50.687C,soc2@48.656C,soc0@49.75C,gpu@50.25C,tj@50.687C,soc1@49.75C,VDD_IN,5546mW/5658mW,VDD_CPU_GPU_CV,1305mW/1331mW,VDD_SOC,2376mW/2380mW
07-27-2026,16:35:06,RAM,817/7620MB,(lfb,12x4MB),SWAP,130/3810MB,(cached,2MB),CPU,[8%@1344,0%@1344,0%@1344,0%@1344,0%@1344,0%@1344],GR3D_FREQ,0%,cpu@50.812C,soc2@48.656C,soc0@49.5C,gpu@50.718C,tj@50.812C,soc1@49.718C,VDD_IN,5546mW/5658mW,VDD_CPU_GPU_CV,1305mW/1331mW,VDD_SOC,2376mW/2380mW
07-27-2026,16:35:06,RAM,817/7620MB,(lfb,12x4MB),SWAP,130/3810MB,(cached,2MB),CPU,[0%@1344,0%@1344,0%@1344,0%@1344,0%@1344,0%@1344],GR3D_FREQ,0%,cpu@50.75C,soc2@48.531C,soc0@49.5C,gpu@50.312C,tj@50.75C,soc1@49.531C,VDD_IN,5546mW/5657mW,VDD_CPU_GPU_CV,1305mW/1331mW,VDD_SOC,2376mW/2380mW
07-27-2026,16:35:07,RAM,817/7620MB,(lfb,12x4MB),SWAP,130/3810MB,(cached,2MB),CPU,[0%@1344,0%@1344,0%@1344,0%@1344,0%@1344,0%@1344],GR3D_FREQ,0%,cpu@50.468C,soc2@48.562C,soc0@49.531C,gpu@50.25C,tj@50.468C,soc1@49.562C,VDD_IN,5546mW/5657mW,VDD_CPU_GPU_CV,1305mW/1331mW,VDD_SOC,2376mW/2380mW
07-27-2026,16:35:07,RAM,817/7620MB,(lfb,12x4MB),SWAP,130/3810MB,(cached,2MB),CPU,[8%@1344,8%@1344,0%@1344,0%@1344,0%@1344,0%@1344],GR3D_FREQ,0%,cpu@50.562C,soc2@48.625C,soc0@49.593C,gpu@50.687C,tj@50.687C,soc1@49.5C,VDD_IN,5555mW/5657mW,VDD_CPU_GPU_CV,1307mW/1331mW,VDD_SOC,2376mW/2380mW
07-27-2026,16:35:07,RAM,817/7620MB,(lfb,12x4MB),SWAP,130/3810MB,(cached,2MB),CPU,[0%@1344,0%@1344,0%@1344,0%@1344,0%@1344,0%@1344],GR3D_FREQ,0%,cpu@50.75C,soc2@48.718C,soc0@49.437C,gpu@50.25C,tj@50.75C,soc1@49.687C,VDD_IN,5555mW/5657mW,VDD_CPU_GPU_CV,1307mW/1331mW,VDD_SOC,2376mW/2380mW
07-27-2026,16:35:07,RAM,817/7620MB,(lfb,12x4MB),SWAP,130/3810MB,(cached,2MB),CPU,[0%@1344,0%@1344,9%@1344,0%@1344,0%@1344,0%@1344],GR3D_FREQ,0%,cpu@50.718C,soc2@48.625C,soc0@49.437C,gpu@50.218C,tj@50.718C,soc1@49.812C,VDD_IN,5546mW/5657mW,VDD_CPU_GPU_CV,1305mW/1331mW,VDD_SOC,2376mW/2380mW
07-27-2026,16:35:07,RAM,817/7620MB,(lfb,12x4MB),SWAP,130/3810MB,(cached,2MB),CPU,[0%@1344,0%@1344,0%@1344,0%@1344,0%@1344,9%@1344],GR3D_FREQ,0%,cpu@50.75C,soc2@48.687C,soc0@49.5C,gpu@50.375C,tj@50.531C,soc1@49.593C,VDD_IN,5546mW/5657mW,VDD_CPU_GPU_CV,1305mW/1331mW,VDD_SOC,2376mW/2380mW
07-27-2026,16:35:07,RAM,817/7620MB,(lfb,12x4MB),SWAP,130/3810MB,(cached,2MB),CPU,[0%@1344,0%@1344,0%@1344,0%@1344,0%@1344,0%@1344],GR3D_FREQ,0%,cpu@50.718C,soc2@48.562C,soc0@49.531C,gpu@50.312C,tj@50.718C,soc1@49.593C,VDD_IN,5594mW/5657mW,VDD_CPU_GPU_CV,1305mW/1331mW,VDD_SOC,2376mW/2380mW
07-27-2026,16:35:07,RAM,817/7620MB,(lfb,12x4MB),SWAP,130/3810MB,(cached,2MB),CPU,[0%@1344,0%@1344,0%@1344,9%@1344,0%@1344,0%@1344],GR3D_FREQ,0%,cpu@50.562C,soc2@48.656C,soc0@49.656C,gpu@50.781C,tj@50.781C,soc1@49.562C,VDD_IN,5585mW/5656mW,VDD_CPU_GPU_CV,1305mW/1331mW,VDD_SOC,2376mW/2380mW
07-27-2026,16:35:07,RAM,817/7620MB,(lfb,12x4MB),SWAP,130/3810MB,(cached,2MB),CPU,[0%@1344,0%@1344,0%@1344,0%@1344,0%@1344,0%@1344],GR3D_FREQ,0%,cpu@50.843C,soc2@48.781C,soc0@49.375C,gpu@50.375C,tj@50.843C,soc1@49.75C,VDD_IN,5585mW/5656mW,VDD_CPU_GPU_CV,1305mW/1331mW,VDD_SOC,2376mW/2380mW
07-27-2026,16:35:07,RAM,817/7620MB,(lfb,12x4MB),SWAP,130/3810MB,(cached,2MB),CPU,[0%@1344,9%@1344,0%@1344,0%@1344,0%@1344,0%@1344],GR3D_FREQ,0%,cpu@50.906C,soc2@48.656C,soc0@49.5C,gpu@50.25C,tj@50.843C,soc1@49.531C,VDD_IN,5555mW/5656mW,VDD_CPU_GPU_CV,1305mW/1331mW,VDD_SOC,2376mW/2380mW
07-27-2026,16:35:08,RAM,817/7620MB,(lfb,12x4MB),SWAP,130/3810MB,(cached,2MB),CPU,[0%@1344,0%@1344,0%@1344,0%@1344,0%@1344,0%@1344],GR3D_FREQ,0%,cpu@50.531C,soc2@48.562C,soc0@49.437C,gpu@50.406C,tj@50.75C,soc1@49.593C,VDD_IN,5546mW/5656mW,VDD_CPU_GPU_CV,1305mW/1331mW,VDD_SOC,2376mW/2380mW
07-27-2026,16:35:08,RAM,817/7620MB,(lfb,12x4MB),SWAP,130/3810MB,(cached,2MB),CPU,[8%@1344,0%@1344,0%@1344,0%@1344,0%@1344,0%@1344],GR3D_FREQ,0%,cpu@50.625C,soc2@48.718C,soc0@49.531C,gpu@50.312C,tj@50.625C,soc1@49.718C,VDD_IN,5546mW/5656mW,VDD_CPU_GPU_CV,1305mW/1331mW,VDD_SOC,2376mW/2380mW
07-27-2026,16:35:08,RAM,816/7620MB,(lfb,12x4MB),SWAP,130/3810MB,(cached,2MB),CPU,[0%@1344,0%@1344,0%@1344,0%@1344,0%@1344,0%@1344],GR3D_FREQ,0%,cpu@50.781C,soc2@48.656C,soc0@49.343C,gpu@50.25C,tj@50.781C,soc1@49.718C,VDD_IN,5585mW/5656mW,VDD_CPU_GPU_CV,1305mW/1331mW,VDD_SOC,2376mW/2380mW
07-27-2026,16:35:08,RAM,816/7620MB,(lfb,12x4MB),SWAP,130/3810MB,(cached,2MB),CPU,[0%@1344,0%@1344,0%@1344,0%@1344,0%@1344,0%@1344],GR3D_FREQ,0%,cpu@50.718C,soc2@48.625C,soc0@49.531C,gpu@50.437C,tj@50.718C,soc1@49.906C,VDD_IN,5585mW/5656mW,VDD_CPU_GPU_CV,1305mW/1331mW,VDD_SOC,2376mW/2380mW
07-27-2026,16:35:08,RAM,815/7620MB,(lfb,12x4MB),SWAP,130/3810MB,(cached,2MB),CPU,[0%@1344,0%@1344,0%@1344,9%@1344,0%@1344,0%@1344],GR3D_FREQ,0%,cpu@50.593C,soc2@48.656C,soc0@49.406C,gpu@50.343C,tj@50.593C,soc1@49.562C,VDD_IN,5665mW/5656mW,VDD_CPU_GPU_CV,1305mW/1331mW,VDD_SOC,2376mW/2380mW
07-27-2026,16:35:08,RAM,815/7620MB,(lfb,12x4MB),SWAP,130/3810MB,(cached,2MB),CPU,[0%@1344,0%@1344,8%@1344,0%@1344,0%@1344,0%@1344],GR3D_FREQ,0%,cpu@50.531C,soc2@48.718C,soc0@49.531C,gpu@50.25C,tj@50.531C,soc1@49.531C,VDD_IN,5704mW/5656mW,VDD_CPU_GPU_CV,1305mW/1331mW,VDD_SOC,2376mW/2380mW
07-27-2026,16:35:08,RAM,815/7620MB,(lfb,12x4MB),SWAP,130/3810MB,(cached,2MB),CPU,[0%@1344,0%@1344,0%@1344,0%@1344,0%@1344,0%@1344],GR3D_FREQ,0%,cpu@50.718C,soc2@48.687C,soc0@49.781C,gpu@50.406C,tj@50.718C,soc1@49.75C,VDD_IN,5704mW/5656mW,VDD_CPU_GPU_CV,1305mW/1331mW,VDD_SOC,2376mW/2380mW
07-27-2026,16:35:08,RAM,815/7620MB,(lfb,12x4MB),SWAP,130/3810MB,(cached,2MB),CPU,[0%@1344,0%@1344,0%@1344,0%@1344,0%@1344,0%@1344],GR3D_FREQ,0%,cpu@50.843C,soc2@48.75C,soc0@49.375C,gpu@50.281C,tj@50.843C,soc1@49.718C,VDD_IN,5744mW/5656mW,VDD_CPU_GPU_CV,1305mW/1331mW,VDD_SOC,2376mW/2380mW
07-27-2026,16:35:08,RAM,815/7620MB,(lfb,12x4MB),SWAP,130/3810MB,(cached,2MB),CPU,[0%@1344,9%@1344,0%@1344,0%@1344,0%@1344,0%@1344],GR3D_FREQ,0%,cpu@50.875C,soc2@48.593C,soc0@49.437C,gpu@50.406C,tj@50.875C,soc1@49.812C,VDD_IN,5744mW/5656mW,VDD_CPU_GPU_CV,1305mW/1330mW,VDD_SOC,2376mW/2380mW
07-27-2026,16:35:08,RAM,815/7620MB,(lfb,12x4MB),SWAP,130/3810MB,(cached,2MB),CPU,[0%@1344,0%@1344,0%@1344,0%@1344,0%@1344,0%@1344],GR3D_FREQ,0%,cpu@50.593C,soc2@48.687C,soc0@49.562C,gpu@50.343C,tj@50.593C,soc1@49.406C,VDD_IN,5744mW/5656mW,VDD_CPU_GPU_CV,1305mW/1330mW,VDD_SOC,2376mW/2380mW
07-27-2026,16:35:09,RAM,815/7620MB,(lfb,12x4MB),SWAP,130/3810MB,(cached,2MB),CPU,[0%@1344,0%@1344,0%@1344,0%@1344,0%@1344,0%@1344],GR3D_FREQ,0%,cpu@50.718C,soc2@48.656C,soc0@49.593C,gpu@50.281C,tj@50.718C,soc1@49.718C,VDD_IN,5744mW/5656mW,VDD_CPU_GPU_CV,1305mW/1330mW,VDD_SOC,2376mW/2380mW
07-27-2026,16:35:09,RAM,815/7620MB,(lfb,12x4MB),SWAP,130/3810MB,(cached,2MB),CPU,[0%@1344,0%@1344,0%@1344,0%@1344,0%@1344,0%@1344],GR3D_FREQ,0%,cpu@50.75C,soc2@48.625C,soc0@49.468C,gpu@50.531C,tj@50.75C,soc1@49.625C,VDD_IN,5783mW/5656mW,VDD_CPU_GPU_CV,1305mW/1330mW,VDD_SOC,2376mW/2380mW
07-27-2026,16:35:09,RAM,815/7620MB,(lfb,12x4MB),SWAP,130/3810MB,(cached,2MB),CPU,[0%@1344,9%@1344,0%@1344,0%@1344,0%@1344,0%@1344],GR3D_FREQ,0%,cpu@50.843C,soc2@48.812C,soc0@49.5C,gpu@50.312C,tj@50.843C,soc1@49.781C,VDD_IN,5783mW/5657mW,VDD_CPU_GPU_CV,1305mW/1330mW,VDD_SOC,2376mW/2380mW
07-27-2026,16:35:09,RAM,815/7620MB,(lfb,12x4MB),SWAP,130/3810MB,(cached,2MB),CPU,[0%@1344,0%@1344,0%@1344,0%@1344,0%@1344,0%@1344],GR3D_FREQ,0%,cpu@50.937C,soc2@48.625C,soc0@49.468C,gpu@50.25C,tj@50.625C,soc1@49.5C,VDD_IN,5783mW/5657mW,VDD_CPU_GPU_CV,1305mW/1330mW,VDD_SOC,2376mW/2380mW
07-27-2026,16:35:09,RAM,815/7620MB,(lfb,12x4MB),SWAP,130/3810MB,(cached,2MB),CPU,[0%@1344,0%@1344,0%@1344,0%@1344,0%@1344,0%@1344],GR3D_FREQ,0%,cpu@50.593C,soc2@48.687C,soc0@49.531C,gpu@50.437C,tj@50.593C,soc1@49.468C,VDD_IN,5783mW/5657mW,VDD_CPU_GPU_CV,1305mW/1330mW,VDD_SOC,2416mW/2380mW
07-27-2026,16:35:09,RAM,815/7620MB,(lfb,12x4MB),SWAP,130/3810MB,(cached,2MB),CPU,[0%@1344,0%@1344,0%@1344,0%@1344,0%@1344,0%@1344],GR3D_FREQ,0%,cpu@50.718C,soc2@48.562C,soc0@49.5C,gpu@50.312C,tj@50.718C,soc1@49.656C,VDD_IN,5832mW/5657mW,VDD_CPU_GPU_CV,1305mW/1330mW,VDD_SOC,2376mW/2380mW
07-27-2026,16:35:09,RAM,815/7620MB,(lfb,12x4MB),SWAP,130/3810MB,(cached,2MB),CPU,[0%@1344,0%@1344,0%@1344,0%@1344,0%@1344,0%@1344],GR3D_FREQ,0%,cpu@50.812C,soc2@48.687C,soc0@49.343C,gpu@50.593C,tj@50.812C,soc1@49.687C,VDD_IN,5832mW/5658mW,VDD_CPU_GPU_CV,1305mW/1330mW,VDD_SOC,2376mW/2380mW
07-27-2026,16:35:09,RAM,815/7620MB,(lfb,12x4MB),SWAP,130/3810MB,(cached,2MB),CPU,[0%@1344,0%@1344,0%@1344,0%@1344,0%@1344,0%@1344],GR3D_FREQ,0%,cpu@50.937C,soc2@48.531C,soc0@49.343C,gpu@50.406C,tj@50.937C,soc1@49.468C,VDD_IN,5832mW/5658mW,VDD_CPU_GPU_CV,1305mW/1330mW,VDD_SOC,2376mW/2380mW
07-27-2026,16:35:09,RAM,815/7620MB,(lfb,12x4MB),SWAP,130/3810MB,(cached,2MB),CPU,[0%@1344,0%@1344,0%@1344,0%@1344,0%@1344,0%@1344],GR3D_FREQ,0%,cpu@50.468C,soc2@48.625C,soc0@49.5C,gpu@50.312C,tj@50.593C,soc1@49.468C,VDD_IN,5832mW/5658mW,VDD_CPU_GPU_CV,1305mW/1330mW,VDD_SOC,2376mW/2380mW
07-27-2026,16:35:10,RAM,815/7620MB,(lfb,12x4MB),SWAP,130/3810MB,(cached,2MB),CPU,[0%@1344,0%@1344,0%@1344,0%@1344,0%@1344,0%@1344],GR3D_FREQ,0%,cpu@50.593C,soc2@48.656C,soc0@49.531C,gpu@50.468C,tj@50.593C,soc1@49.656C,VDD_IN,5793mW/5658mW,VDD_CPU_GPU_CV,1305mW/1330mW,VDD_SOC,2376mW/2380mW
07-27-2026,16:35:10,RAM,815/7620MB,(lfb,12x4MB),SWAP,130/3810MB,(cached,2MB),CPU,[0%@1344,0%@1344,0%@1344,0%@1344,0%@1344,0%@1344],GR3D_FREQ,0%,cpu@50.625C,soc2@48.781C,soc0@49.625C,gpu@50.343C,tj@50.687C,soc1@49.718C,VDD_IN,5704mW/5658mW,VDD_CPU_GPU_CV,1305mW/1330mW,VDD_SOC,2376mW/2380mW
07-27-2026,16:35:10,RAM,815/7620MB,(lfb,12x4MB),SWAP,130/3810MB,(cached,2MB),CPU,[0%@1344,0%@1344,0%@1344,0%@1344,0%@1344,0%@1344],GR3D_FREQ,0%,cpu@50.937C,soc2@48.812C,soc0@49.468C,gpu@50.25C,tj@50.937C,soc1@49.843C,VDD_IN,5665mW/5658mW,VDD_CPU_GPU_CV,1305mW/1330mW,VDD_SOC,2376mW/2380mW
07-27-2026,16:35:10,RAM,815/7620MB,(lfb,12x4MB),SWAP,130/3810MB,(cached,2MB),CPU,[0%@1344,0%@1344,0%@1344,0%@1344,0%@1344,0%@1344],GR3D_FREQ,0%,cpu@50.406C,soc2@48.656C,soc0@49.437C,gpu@50.468C,tj@50.468C,soc1@49.625C,VDD_IN,5665mW/5658mW,VDD_CPU_GPU_CV,1305mW/1330mW,VDD_SOC,2376mW/2380mW
07-27-2026,16:35:10,RAM,815/7620MB,(lfb,12x4MB),SWAP,130/3810MB,(cached,2MB),CPU,[0%@1344,0%@1344,8%@1344,9%@1344,0%@1344,9%@1344],GR3D_FREQ,0%,cpu@50.687C,soc2@48.593C,soc0@49.437C,gpu@50.406C,tj@50.687C,soc1@49.468C,VDD_IN,5665mW/5658mW,VDD_CPU_GPU_CV,1305mW/1330mW,VDD_SOC,2376mW/2380mW
07-27-2026,16:35:10,RAM,814/7620MB,(lfb,12x4MB),SWAP,130/3810MB,(cached,2MB),CPU,[0%@1344,0%@1344,0%@1344,0%@1344,0%@1344,0%@1344],GR3D_FREQ,0%,cpu@50.562C,soc2@48.687C,soc0@49.593C,gpu@50.625C,tj@50.687C,soc1@49.718C,VDD_IN,5625mW/5658mW,VDD_CPU_GPU_CV,1305mW/1330mW,VDD_SOC,2376mW/2380mW
07-27-2026,16:35:10,RAM,814/7620MB,(lfb,12x4MB),SWAP,130/3810MB,(cached,2MB),CPU,[0%@1344,0%@1344,0%@1344,0%@1344,0%@1344,0%@1344],GR3D_FREQ,0%,cpu@50.875C,soc2@48.656C,soc0@49.406C,gpu@50.437C,tj@50.875C,soc1@49.718C,VDD_IN,5634mW/5658mW,VDD_CPU_GPU_CV,1305mW/1330mW,VDD_SOC,2376mW/2380mW
07-27-2026,16:35:10,RAM,814/7620MB,(lfb,12x4MB),SWAP,130/3810MB,(cached,2MB),CPU,[0%@1344,0%@1344,0%@1344,0%@1344,0%@1344,0%@1344],GR3D_FREQ,0%,cpu@50.937C,soc2@48.531C,soc0@49.406C,gpu@50.343C,tj@50.937C,soc1@49.593C,VDD_IN,5585mW/5658mW,VDD_CPU_GPU_CV,1305mW/1330mW,VDD_SOC,2376mW/2380mW
07-27-2026,16:35:10,RAM,814/7620MB,(lfb,12x4MB),SWAP,130/3810MB,(cached,2MB),CPU,[0%@1344,9%@1344,0%@1344,0%@1344,0%@1344,0%@1344],GR3D_FREQ,0%,cpu@50.468C,soc2@48.562C,soc0@49.5C,gpu@50.562C,tj@50.562C,soc1@49.5C,VDD_IN,5585mW/5658mW,VDD_CPU_GPU_CV,1305mW/1330mW,VDD_SOC,2376mW/2380mW
07-27-2026,16:35:10,RAM,814/7620MB,(lfb,12x4MB),SWAP,130/3810MB,(cached,2MB),CPU,[0%@1344,0%@1344,0%@1344,0%@1344,0%@1344,0%@1344],GR3D_FREQ,0%,cpu@50.625C,soc2@48.656C,soc0@49.562C,gpu@50.437C,tj@50.625C,soc1@49.625C,VDD_IN,5585mW/5658mW,VDD_CPU_GPU_CV,1305mW/1330mW,VDD_SOC,2376mW/2380mW
07-27-2026,16:35:11,RAM,814/7620MB,(lfb,12x4MB),SWAP,130/3810MB,(cached,2MB),CPU,[0%@1344,0%@1344,0%@1344,0%@1344,0%@1344,0%@1344],GR3D_FREQ,0%,cpu@50.812C,soc2@48.718C,soc0@49.75C,gpu@50.437C,tj@50.812C,soc1@49.718C,VDD_IN,5594mW/5658mW,VDD_CPU_GPU_CV,1307mW/1330mW,VDD_SOC,2376mW/2380mW
07-27-2026,16:35:11,RAM,814/7620MB,(lfb,12x4MB),SWAP,130/3810MB,(cached,2MB),CPU,[0%@1344,0%@1344,0%@1344,0%@1344,0%@1344,0%@1344],GR3D_FREQ,0%,cpu@50.875C,soc2@48.625C,soc0@49.406C,gpu@50.593C,tj@50.875C,soc1@49.812C,VDD_IN,5555mW/5658mW,VDD_CPU_GPU_CV,1307mW/1330mW,VDD_SOC,2376mW/2380mW
07-27-2026,16:35:11,RAM,814/7620MB,(lfb,12x4MB),SWAP,130/3810MB,(cached,2MB),CPU,[0%@1344,0%@1344,0%@1344,0%@1344,0%@1344,0%@1344],GR3D_FREQ,0%,cpu@50.468C,soc2@48.656C,soc0@49.531C,gpu@50.375C,tj@50.468C,soc1@49.562C,VDD_IN,5546mW/5658mW,VDD_CPU_GPU_CV,1305mW/1330mW,VDD_SOC,2376mW/2380mW
07-27-2026,16:35:11,RAM,814/7620MB,(lfb,12x4MB),SWAP,130/3810MB,(cached,2MB),CPU,[0%@1344,0%@1344,0%@1344,0%@1344,0%@1344,0%@1344],GR3D_FREQ,0%,cpu@50.468C,soc2@48.656C,soc0@49.5C,gpu@50.718C,tj@50.718C,soc1@49.687C,VDD_IN,5546mW/5657mW,VDD_CPU_GPU_CV,1305mW/1330mW,VDD_SOC,2376mW/2380mW
07-27-2026,16:35:11,RAM,815/7620MB,(lfb,12x4MB),SWAP,130/3810MB,(cached,2MB),CPU,[0%@1344,0%@1344,0%@1344,9%@1344,9%@1344,0%@1344],GR3D_FREQ,0%,cpu@50.656C,soc2@48.687C,soc0@49.656C,gpu@50.562C,tj@50.656C,soc1@49.625C,VDD_IN,5585mW/5657mW,VDD_CPU_GPU_CV,1305mW/1330mW,VDD_SOC,2376mW/2380mW
07-27-2026,16:35:11,RAM,815/7620MB,(lfb,12x4MB),SWAP,130/3810MB,(cached,2MB),CPU,[0%@1344,0%@1344,0%@1344,0%@1344,0%@1344,0%@1344],GR3D_FREQ,0%,cpu@50.875C,soc2@48.75C,soc0@49.343C,gpu@50.437C,tj@50.875C,soc1@49.75C,VDD_IN,5585mW/5657mW,VDD_CPU_GPU_CV,1305mW/1329mW,VDD_SOC,2376mW/2380mW
07-27-2026,16:35:11,RAM,815/7620MB,(lfb,12x4MB),SWAP,130/3810MB,(cached,2MB),CPU,[0%@1344,0%@1344,0%@1344,0%@1344,0%@1344,0%@1344],GR3D_FREQ,0%,cpu@50.875C,soc2@48.593C,soc0@49.406C,gpu@50.593C,tj@50.875C,soc1@49.562C,VDD_IN,5546mW/5657mW,VDD_CPU_GPU_CV,1305mW/1329mW,VDD_SOC,2376mW/2380mW
07-27-2026,16:35:11,RAM,815/7620MB,(lfb,12x4MB),SWAP,130/3810MB,(cached,2MB),CPU,[0%@1344,0%@1344,0%@1344,0%@1344,0%@1344,0%@1344],GR3D_FREQ,0%,cpu@50.468C,soc2@48.531C,soc0@49.5C,gpu@50.468C,tj@50.468C,soc1@49.5C,VDD_IN,5555mW/5657mW,VDD_CPU_GPU_CV,1305mW/1329mW,VDD_SOC,2376mW/2380mW
07-27-2026,16:35:11,RAM,815/7620MB,(lfb,12x4MB),SWAP,130/3810MB,(cached,2MB),CPU,[0%@1344,0%@1344,0%@1344,0%@1344,0%@1344,0%@1344],GR3D_FREQ,0%,cpu@50.531C,soc2@48.625C,soc0@49.5C,gpu@50.375C,tj@50.531C,soc1@49.687C,VDD_IN,5546mW/5657mW,VDD_CPU_GPU_CV,1305mW/1329mW,VDD_SOC,2376mW/2380mW
07-27-2026,16:35:12,RAM,815/7620MB,(lfb,12x4MB),SWAP,130/3810MB,(cached,2MB),CPU,[0%@1344,0%@1344,0%@1344,0%@1344,0%@1344,0%@1344],GR3D_FREQ,0%,cpu@50.75C,soc2@48.656C,soc0@49.656C,gpu@50.625C,tj@50.75C,soc1@49.656C,VDD_IN,5555mW/5657mW,VDD_CPU_GPU_CV,1305mW/1329mW,VDD_SOC,2376mW/2380mW
07-27-2026,16:35:12,RAM,815/7620MB,(lfb,12x4MB),SWAP,130/3810MB,(cached,2MB),CPU,[0%@1344,0%@1344,0%@1344,0%@1344,0%@1344,0%@1344],GR3D_FREQ,0%,cpu@50.937C,soc2@48.656C,soc0@49.437C,gpu@50.437C,tj@50.937C,soc1@49.75C,VDD_IN,5546mW/5656mW,VDD_CPU_GPU_CV,1305mW/1329mW,VDD_SOC,2376mW/2380mW
07-27-2026,16:35:12,RAM,815/7620MB,(lfb,12x4MB),SWAP,130/3810MB,(cached,2MB),CPU,[0%@1344,0%@1344,0%@1344,0%@1344,0%@1344,0%@1344],GR3D_FREQ,0%,cpu@50.562C,soc2@48.625C,soc0@49.375C,gpu@50.75C,tj@50.75C,soc1@49.562C,VDD_IN,5546mW/5656mW,VDD_CPU_GPU_CV,1305mW/1329mW,VDD_SOC,2376mW/2380mW
07-27-2026,16:35:12,RAM,815/7620MB,(lfb,12x4MB),SWAP,130/3810MB,(cached,2MB),CPU,[0%@1344,0%@1344,0%@1344,0%@1344,0%@1344,0%@1344],GR3D_FREQ,0%,cpu@50.531C,soc2@48.656C,soc0@49.531C,gpu@50.531C,tj@50.531C,soc1@49.531C,VDD_IN,5555mW/5656mW,VDD_CPU_GPU_CV,1305mW/1329mW,VDD_SOC,2376mW/2380mW
07-27-2026,16:35:12,RAM,815/7620MB,(lfb,12x4MB),SWAP,130/3810MB,(cached,2MB),CPU,[8%@1344,0%@1344,0%@1344,0%@1344,0%@1344,0%@1344],GR3D_FREQ,0%,cpu@50.781C,soc2@48.625C,soc0@49.593C,gpu@50.375C,tj@50.781C,soc1@49.625C,VDD_IN,5555mW/5656mW,VDD_CPU_GPU_CV,1307mW/1329mW,VDD_SOC,2376mW/2380mW
07-27-2026,16:35:12,RAM,815/7620MB,(lfb,12x4MB),SWAP,130/3810MB,(cached,2MB),CPU,[9%@1344,0%@1344,9%@1344,0%@1344,9%@1344,0%@1344],GR3D_FREQ,0%,cpu@50.812C,soc2@48.625C,soc0@49.375C,gpu@50.812C,tj@50.812C,soc1@49.843C,VDD_IN,5594mW/5656mW,VDD_CPU_GPU_CV,1305mW/1329mW,VDD_SOC,2376mW/2380mW
07-27-2026,16:35:12,RAM,815/7620MB,(lfb,12x4MB),SWAP,130/3810MB,(cached,2MB),CPU,[0%@1344,0%@1344,0%@1344,0%@1344,0%@1344,0%@1344],GR3D_FREQ,0%,cpu@51.062C,soc2@48.718C,soc0@49.5C,gpu@50.562C,tj@51.062C,soc1@49.75C,VDD_IN,5555mW/5656mW,VDD_CPU_GPU_CV,1307mW/1329mW,VDD_SOC,2376mW/2380mW
07-27-2026,16:35:12,RAM,815/7620MB,(lfb,12x4MB),SWAP,130/3810MB,(cached,2MB),CPU,[0%@1344,9%@1344,0%@1344,0%@1344,0%@1344,0%@1344],GR3D_FREQ,0%,cpu@50.5C,soc2@48.625C,soc0@49.406C,gpu@50.281C,tj@50.5C,soc1@49.562C,VDD_IN,5555mW/5656mW,VDD_CPU_GPU_CV,1307mW/1329mW,VDD_SOC,2376mW/2380mW
07-27-2026,16:35:12,RAM,815/7620MB,(lfb,12x4MB),SWAP,130/3810MB,(cached,2MB),CPU,[0%@1344,0%@1344,0%@1344,0%@1344,0%@1344,0%@1344],GR3D_FREQ,0%,cpu@50.531C,soc2@48.687C,soc0@49.531C,gpu@50.718C,tj@50.718C,soc1@49.656C,VDD_IN,5555mW/5655mW,VDD_CPU_GPU_CV,1305mW/1329mW,VDD_SOC,2376mW/2380mW
07-27-2026,16:35:12,RAM,815/7620MB,(lfb,12x4MB),SWAP,130/3810MB,(cached,2MB),CPU,[0%@1344,0%@1344,0%@1344,0%@1344,0%@1344,0%@1344],GR3D_FREQ,0%,cpu@50.75C,soc2@48.687C,soc0@49.656C,gpu@50.5C,tj@50.75C,soc1@49.593C,VDD_IN,5546mW/5655mW,VDD_CPU_GPU_CV,1305mW/1329mW,VDD_SOC,2376mW/2380mW
07-27-2026,16:35:13,RAM,815/7620MB,(lfb,12x4MB),SWAP,130/3810MB,(cached,2MB),CPU,[0%@1344,9%@1344,0%@1344,0%@1344,0%@1344,0%@1344],GR3D_FREQ,0%,cpu@51C,soc2@48.687C,soc0@49.375C,gpu@50.312C,tj@51C,soc1@49.75C,VDD_IN,5555mW/5655mW,VDD_CPU_GPU_CV,1305mW/1329mW,VDD_SOC,2376mW/2380mW
07-27-2026,16:35:13,RAM,815/7620MB,(lfb,12x4MB),SWAP,130/3810MB,(cached,2MB),CPU,[0%@1344,0%@1344,0%@1344,0%@1344,0%@1344,0%@1344],GR3D_FREQ,0%,cpu@50.593C,soc2@48.625C,soc0@49.406C,gpu@50.593C,tj@50.593C,soc1@49.812C,VDD_IN,5555mW/5655mW,VDD_CPU_GPU_CV,1305mW/1329mW,VDD_SOC,2376mW/2380mW
07-27-2026,16:35:13,RAM,815/7620MB,(lfb,12x4MB),SWAP,130/3810MB,(cached,2MB),CPU,[0%@1344,0%@1344,0%@1344,0%@1344,0%@1344,0%@1344],GR3D_FREQ,0%,cpu@50.468C,soc2@48.531C,soc0@49.562C,gpu@50.437C,tj@50.468C,soc1@49.593C,VDD_IN,5546mW/5655mW,VDD_CPU_GPU_CV,1305mW/1329mW,VDD_SOC,2376mW/2380mW
07-27-2026,16:35:13,RAM,815/7620MB,(lfb,12x4MB),SWAP,130/3810MB,(cached,2MB),CPU,[0%@1344,0%@1344,0%@1344,0%@1344,0%@1344,0%@1344],GR3D_FREQ,0%,cpu@50.75C,soc2@48.687C,soc0@49.531C,gpu@50.812C,tj@50.812C,soc1@49.593C,VDD_IN,5555mW/5655mW,VDD_CPU_GPU_CV,1305mW/1329mW,VDD_SOC,2376mW/2380mW
07-27-2026,16:35:13,RAM,815/7620MB,(lfb,12x4MB),SWAP,130/3810MB,(cached,2MB),CPU,[0%@1344,0%@1344,0%@1344,0%@1344,0%@1344,0%@1344],GR3D_FREQ,0%,cpu@50.937C,soc2@48.656C,soc0@49.375C,gpu@50.687C,tj@50.937C,soc1@49.687C,VDD_IN,5546mW/5655mW,VDD_CPU_GPU_CV,1305mW/1329mW,VDD_SOC,2376mW/2380mW
07-27-2026,16:35:13,RAM,815/7620MB,(lfb,12x4MB),SWAP,130/3810MB,(cached,2MB),CPU,[0%@1344,0%@1344,0%@1344,0%@1344,0%@1344,0%@1344],GR3D_FREQ,0%,cpu@50.5C,soc2@48.531C,soc0@49.5C,gpu@50.312C,tj@50.5C,soc1@49.875C,VDD_IN,5594mW/5654mW,VDD_CPU_GPU_CV,1305mW/1329mW,VDD_SOC,2376mW/2380mW
07-27-2026,16:35:13,RAM,815/7620MB,(lfb,12x4MB),SWAP,130/3810MB,(cached,2MB),CPU,[0%@1344,0%@1344,0%@1344,0%@1344,0%@1344,0%@1344],GR3D_FREQ,0%,cpu@50.687C,soc2@48.593C,soc0@49.437C,gpu@50.812C,tj@50.812C,soc1@49.531C,VDD_IN,5585mW/5654mW,VDD_CPU_GPU_CV,1305mW/1329mW,VDD_SOC,2376mW/2380mW
07-27-2026,16:35:13,RAM,815/7620MB,(lfb,12x4MB),SWAP,130/3810MB,(cached,2MB),CPU,[0%@1344,9%@1344,0%@1344,0%@1344,0%@1344,0%@1344],GR3D_FREQ,0%,cpu@50.468C,soc2@48.562C,soc0@49.531C,gpu@50.625C,tj@50.625C,soc1@49.531C,VDD_IN,5546mW/5654mW,VDD_CPU_GPU_CV,1305mW/1329mW,VDD_SOC,2376mW/2380mW
07-27-2026,16:35:13,RAM,815/7620MB,(lfb,12x4MB),SWAP,130/3810MB,(cached,2MB),CPU,[0%@1344,0%@1344,0%@1344,0%@1344,0%@1344,0%@1344],GR3D_FREQ,0%,cpu@50.812C,soc2@48.656C,soc0@49.656C,gpu@50.25C,tj@50.812C,soc1@49.687C,VDD_IN,5546mW/5654mW,VDD_CPU_GPU_CV,1305mW/1329mW,VDD_SOC,2376mW/2380mW
07-27-2026,16:35:14,RAM,815/7620MB,(lfb,12x4MB),SWAP,130/3810MB,(cached,2MB),CPU,[0%@1344,0%@1344,0%@1344,0%@1344,0%@1344,0%@1344],GR3D_FREQ,0%,cpu@50.937C,soc2@48.718C,soc0@49.437C,gpu@50.75C,tj@50.937C,soc1@49.781C,VDD_IN,5546mW/5654mW,VDD_CPU_GPU_CV,1305mW/1329mW,VDD_SOC,2376mW/2380mW
07-27-2026,16:35:14,RAM,815/7620MB,(lfb,12x4MB),SWAP,130/3810MB,(cached,2MB),CPU,[0%@1344,0%@1344,0%@1344,0%@1344,0%@1344,0%@1344],GR3D_FREQ,0%,cpu@50.687C,soc2@48.531C,soc0@49.531C,gpu@50.468C,tj@50.687C,soc1@49.5C,VDD_IN,5546mW/5654mW,VDD_CPU_GPU_CV,1305mW/1329mW,VDD_SOC,2376mW/2380mW
07-27-2026,16:35:14,RAM,815/7620MB,(lfb,12x4MB),SWAP,130/3810MB,(cached,2MB),CPU,[0%@1344,0%@1344,0%@1344,0%@1344,0%@1344,0%@1344],GR3D_FREQ,0%,cpu@50.468C,soc2@48.656C,soc0@49.468C,gpu@50.25C,tj@50.468C,soc1@49.562C,VDD_IN,5546mW/5654mW,VDD_CPU_GPU_CV,1305mW/1329mW,VDD_SOC,2376mW/2380mW
07-27-2026,16:35:14,RAM,815/7620MB,(lfb,12x4MB),SWAP,130/3810MB,(cached,2MB),CPU,[0%@1344,0%@1344,0%@1344,0%@1344,0%@1344,0%@1344],GR3D_FREQ,0%,cpu@50.468C,soc2@48.687C,soc0@49.593C,gpu@50.687C,tj@50.687C,soc1@49.531C,VDD_IN,5546mW/5653mW,VDD_CPU_GPU_CV,1305mW/1329mW,VDD_SOC,2376mW/2380mW
07-27-2026,16:35:14,RAM,815/7620MB,(lfb,12x4MB),SWAP,130/3810MB,(cached,2MB),CPU,[0%@1344,0%@1344,0%@1344,0%@1344,0%@1344,0%@1344],GR3D_FREQ,0%,cpu@50.781C,soc2@48.687C,soc0@49.468C,gpu@50.281C,tj@50.781C,soc1@49.718C,VDD_IN,5546mW/5653mW,VDD_CPU_GPU_CV,1305mW/1329mW,VDD_SOC,2376mW/2380mW
07-27-2026,16:35:14,RAM,815/7620MB,(lfb,12x4MB),SWAP,130/3810MB,(cached,2MB),CPU,[0%@1344,0%@1344,0%@1344,0%@1344,0%@1344,0%@1344],GR3D_FREQ,0%,cpu@50.687C,soc2@48.593C,soc0@49.375C,gpu@50.218C,tj@50.687C,soc1@49.843C,VDD_IN,5585mW/5653mW,VDD_CPU_GPU_CV,1305mW/1328mW,VDD_SOC,2376mW/2380mW
07-27-2026,16:35:14,RAM,815/7620MB,(lfb,12x4MB),SWAP,130/3810MB,(cached,2MB),CPU,[0%@1344,0%@1344,0%@1344,0%@1344,0%@1344,0%@1344],GR3D_FREQ,0%,cpu@50.687C,soc2@48.562C,soc0@49.437C,gpu@50.625C,tj@50.625C,soc1@49.593C,VDD_IN,5585mW/5653mW,VDD_CPU_GPU_CV,1305mW/1328mW,VDD_SOC,2373mW/2380mW
07-27-2026,16:35:14,RAM,815/7620MB,(lfb,12x4MB),SWAP,130/3810MB,(cached,2MB),CPU,[0%@1344,0%@1344,0%@1344,0%@1344,0%@1344,0%@1344],GR3D_FREQ,0%,cpu@50.5C,soc2@48.656C,soc0@49.531C,gpu@50.343C,tj@50.5C,soc1@49.562C,VDD_IN,5555mW/5653mW,VDD_CPU_GPU_CV,1305mW/1328mW,VDD_SOC,2376mW/2380mW
07-27-2026,16:35:14,RAM,815/7620MB,(lfb,12x4MB),SWAP,130/3810MB,(cached,2MB),CPU,[0%@1344,0%@1344,0%@1344,0%@1344,0%@1344,0%@1344],GR3D_FREQ,0%,cpu@50.531C,soc2@48.593C,soc0@49.562C,gpu@50.312C,tj@50.906C,soc1@49.562C,VDD_IN,5555mW/5653mW,VDD_CPU_GPU_CV,1305mW/1328mW,VDD_SOC,2376mW/2380mW
07-27-2026,16:35:14,RAM,815/7620MB,(lfb,12x4MB),SWAP,130/3810MB,(cached,2MB),CPU,[0%@1344,9%@1344,0%@1344,0%@1344,0%@1344,0%@1344],GR3D_FREQ,0%,cpu@51.031C,soc2@48.656C,soc0@49.312C,gpu@50.687C,tj@51.031C,soc1@49.718C,VDD_IN,5555mW/5653mW,VDD_CPU_GPU_CV,1305mW/1328mW,VDD_SOC,2376mW/2380mW
07-27-2026,16:35:15,RAM,815/7620MB,(lfb,12x4MB),SWAP,130/3810MB,(cached,2MB),CPU,[0%@1344,0%@1344,0%@1344,0%@1344,0%@1344,0%@1344],GR3D_FREQ,0%,cpu@50.687C,soc2@48.562C,soc0@49.343C,gpu@50.312C,tj@50.687C,soc1@49.5C,VDD_IN,5555mW/5652mW,VDD_CPU_GPU_CV,1305mW/1328mW,VDD_SOC,2376mW/2380mW
07-27-2026,16:35:15,RAM,815/7620MB,(lfb,12x4MB),SWAP,130/3810MB,(cached,2MB),CPU,[0%@1344,0%@1344,0%@1344,0%@1344,0%@1344,0%@1344],GR3D_FREQ,0%,cpu@50.468C,soc2@48.531C,soc0@49.531C,gpu@50.781C,tj@50.781C,soc1@49.593C,VDD_IN,5555mW/5652mW,VDD_CPU_GPU_CV,1305mW/1328mW,VDD_SOC,2376mW/2380mW
07-27-2026,16:35:15,RAM,815/7620MB,(lfb,12x4MB),SWAP,130/3810MB,(cached,2MB),CPU,[0%@1344,0%@1344,0%@1344,0%@1344,0%@1344,0%@1344],GR3D_FREQ,0%,cpu@50.5C,soc2@48.593C,soc0@49.625C,gpu@50.312C,tj@50.5C,soc1@49.531C,VDD_IN,5546mW/5652mW,VDD_CPU_GPU_CV,1305mW/1328mW,VDD_SOC,2376mW/2380mW
07-27-2026,16:35:15,RAM,815/7620MB,(lfb,12x4MB),SWAP,130/3810MB,(cached,2MB),CPU,[9%@1344,0%@1344,0%@1344,0%@1344,0%@1344,0%@1344],GR3D_FREQ,0%,cpu@50.875C,soc2@48.75C,soc0@49.656C,gpu@50.281C,tj@50.875C,soc1@49.687C,VDD_IN,5546mW/5652mW,VDD_CPU_GPU_CV,1305mW/1328mW,VDD_SOC,2376mW/2380mW
07-27-2026,16:35:15,RAM,815/7620MB,(lfb,12x4MB),SWAP,130/3810MB,(cached,2MB),CPU,[0%@1344,0%@1344,0%@1344,0%@1344,0%@1344,0%@1344],GR3D_FREQ,0%,cpu@50.562C,soc2@48.75C,soc0@49.468C,gpu@50.843C,tj@50.843C,soc1@49.781C,VDD_IN,5555mW/5652mW,VDD_CPU_GPU_CV,1305mW/1328mW,VDD_SOC,2376mW/2380mW
07-27-2026,16:35:15,RAM,815/7620MB,(lfb,12x4MB),SWAP,130/3810MB,(cached,2MB),CPU,[0%@1344,0%@1344,0%@1344,0%@1344,0%@1344,9%@1344],GR3D_FREQ,0%,cpu@50.687C,soc2@48.562C,soc0@49.468C,gpu@50.25C,tj@50.687C,soc1@49.468C,VDD_IN,5594mW/5652mW,VDD_CPU_GPU_CV,1305mW/1328mW,VDD_SOC,2376mW/2380mW
07-27-2026,16:35:15,RAM,815/7620MB,(lfb,12x4MB),SWAP,130/3810MB,(cached,2MB),CPU,[0%@1344,0%@1344,0%@1344,0%@1344,0%@1344,0%@1344],GR3D_FREQ,0%,cpu@50.5C,soc2@48.687C,soc0@49.437C,gpu@50.25C,tj@50.5C,soc1@49.562C,VDD_IN,5585mW/5652mW,VDD_CPU_GPU_CV,1305mW/1328mW,VDD_SOC,2376mW/2380mW
07-27-2026,16:35:15,RAM,815/7620MB,(lfb,12x4MB),SWAP,130/3810MB,(cached,2MB),CPU,[0%@1344,0%@1344,0%@1344,0%@1344,0%@1344,0%@1344],GR3D_FREQ,0%,cpu@50.468C,soc2@48.625C,soc0@49.656C,gpu@50.843C,tj@50.843C,soc1@49.531C,VDD_IN,5546mW/5652mW,VDD_CPU_GPU_CV,1305mW/1328mW,VDD_SOC,2376mW/2380mW
07-27-2026,16:35:15,RAM,815/7620MB,(lfb,12x4MB),SWAP,130/3810MB,(cached,2MB),CPU,[0%@1344,0%@1344,0%@1344,0%@1344,0%@1344,0%@1344],GR3D_FREQ,0%,cpu@50.593C,soc2@48.593C,soc0@49.468C,gpu@50.343C,tj@50.593C,soc1@49.718C,VDD_IN,5546mW/5651mW,VDD_CPU_GPU_CV,1305mW/1328mW,VDD_SOC,2376mW/2380mW
07-27-2026,16:35:16,RAM,815/7620MB,(lfb,12x4MB),SWAP,130/3810MB,(cached,2MB),CPU,[0%@1344,0%@1344,0%@1344,0%@1344,0%@1344,0%@1344],GR3D_FREQ,0%,cpu@50.687C,soc2@48.531C,soc0@49.437C,gpu@50.25C,tj@50.687C,soc1@49.406C,VDD_IN,5546mW/5651mW,VDD_CPU_GPU_CV,1305mW/1328mW,VDD_SOC,2373mW/2380mW
07-27-2026,16:35:16,RAM,815/7620MB,(lfb,12x4MB),SWAP,130/3810MB,(cached,2MB),CPU,[0%@1344,9%@1344,0%@1344,0%@1344,0%@1344,0%@1344],GR3D_FREQ,0%,cpu@50.406C,soc2@48.593C,soc0@49.5C,gpu@50.437C,tj@50.437C,soc1@49.562C,VDD_IN,5546mW/5651mW,VDD_CPU_GPU_CV,1305mW/1328mW,VDD_SOC,2373mW/2380mW
07-27-2026,16:35:16,RAM,815/7620MB,(lfb,12x4MB),SWAP,130/3810MB,(cached,2MB),CPU,[0%@1344,0%@1344,0%@1344,0%@1344,0%@1344,0%@1344],GR3D_FREQ,0%,cpu@50.468C,soc2@48.531C,soc0@49.593C,gpu@50.25C,tj@50.468C,soc1@49.562C,VDD_IN,5546mW/5651mW,VDD_CPU_GPU_CV,1305mW/1328mW,VDD_SOC,2373mW/2380mW
07-27-2026,16:35:16,RAM,815/7620MB,(lfb,12x4MB),SWAP,130/3810MB,(cached,2MB),CPU,[0%@1344,0%@1344,0%@1344,0%@1344,0%@1344,0%@1344],GR3D_FREQ,0%,cpu@50.5C,soc2@48.625C,soc0@49.781C,gpu@50.25C,tj@50.937C,soc1@49.75C,VDD_IN,5546mW/5651mW,VDD_CPU_GPU_CV,1305mW/1328mW,VDD_SOC,2376mW/2380mW
07-27-2026,16:35:16,RAM,815/7620MB,(lfb,12x4MB),SWAP,130/3810MB,(cached,2MB),CPU,[0%@1344,0%@1344,0%@1344,0%@1344,0%@1344,0%@1344],GR3D_FREQ,0%,cpu@50.562C,soc2@48.687C,soc0@49.437C,gpu@50.343C,tj@50.562C,soc1@49.718C,VDD_IN,5546mW/5651mW,VDD_CPU_GPU_CV,1305mW/1328mW,VDD_SOC,2376mW/2380mW
07-27-2026,16:35:16,RAM,815/7620MB,(lfb,12x4MB),SWAP,130/3810MB,(cached,2MB),CPU,[0%@1344,0%@1344,0%@1344,0%@1344,0%@1344,0%@1344],GR3D_FREQ,0%,cpu@50.75C,soc2@48.562C,soc0@49.437C,gpu@50.375C,tj@50.75C,soc1@49.468C,VDD_IN,5555mW/5651mW,VDD_CPU_GPU_CV,1305mW/1328mW,VDD_SOC,2376mW/2380mW
07-27-2026,16:35:16,RAM,815/7620MB,(lfb,12x4MB),SWAP,130/3810MB,(cached,2MB),CPU,[0%@1344,0%@1344,0%@1344,0%@1344,0%@1344,9%@1344],GR3D_FREQ,0%,cpu@50.531C,soc2@48.656C,soc0@49.562C,gpu@50.25C,tj@50.531C,soc1@49.562C,VDD_IN,5555mW/5650mW,VDD_CPU_GPU_CV,1305mW/1328mW,VDD_SOC,2376mW/2380mW
07-27-2026,16:35:16,RAM,815/7620MB,(lfb,12x4MB),SWAP,130/3810MB,(cached,2MB),CPU,[9%@1344,0%@1344,0%@1344,0%@1344,0%@1344,0%@1344],GR3D_FREQ,0%,cpu@50.468C,soc2@48.656C,soc0@49.687C,gpu@50.343C,tj@50.468C,soc1@49.656C,VDD_IN,5546mW/5650mW,VDD_CPU_GPU_CV,1305mW/1328mW,VDD_SOC,2376mW/2380mW
07-27-2026,16:35:16,RAM,815/7620MB,(lfb,12x4MB),SWAP,130/3810MB,(cached,2MB),CPU,[0%@1344,0%@1344,0%@1344,0%@1344,0%@1344,0%@1344],GR3D_FREQ,0%,cpu@50.531C,soc2@48.593C,soc0@49.343C,gpu@50.281C,tj@50.531C,soc1@49.718C,VDD_IN,5546mW/5650mW,VDD_CPU_GPU_CV,1305mW/1328mW,VDD_SOC,2376mW/2380mW
07-27-2026,16:35:16,RAM,815/7620MB,(lfb,12x4MB),SWAP,130/3810MB,(cached,2MB),CPU,[0%@1344,0%@1344,0%@1344,0%@1344,0%@1344,0%@1344],GR3D_FREQ,0%,cpu@50.718C,soc2@48.531C,soc0@49.5C,gpu@50.406C,tj@50.718C,soc1@49.781C,VDD_IN,5555mW/5650mW,VDD_CPU_GPU_CV,1305mW/1328mW,VDD_SOC,2376mW/2380mW
07-27-2026,16:35:17,RAM,815/7620MB,(lfb,12x4MB),SWAP,130/3810MB,(cached,2MB),CPU,[0%@1344,0%@1344,0%@1344,0%@1344,0%@1344,0%@1344],GR3D_FREQ,0%,cpu@50.593C,soc2@48.5C,soc0@49.531C,gpu@50.281C,tj@50.593C,soc1@49.531C,VDD_IN,5555mW/5650mW,VDD_CPU_GPU_CV,1305mW/1328mW,VDD_SOC,2376mW/2380mW
07-27-2026,16:35:17,RAM,815/7620MB,(lfb,12x4MB),SWAP,130/3810MB,(cached,2MB),CPU,[0%@1344,0%@1344,0%@1344,0%@1344,0%@1344,0%@1344],GR3D_FREQ,0%,cpu@50.531C,soc2@48.625C,soc0@49.562C,gpu@50.25C,tj@50.531C,soc1@49.593C,VDD_IN,5546mW/5650mW,VDD_CPU_GPU_CV,1305mW/1328mW,VDD_SOC,2376mW/2380mW
07-27-2026,16:35:17,RAM,815/7620MB,(lfb,12x4MB),SWAP,130/3810MB,(cached,2MB),CPU,[0%@1344,0%@1344,0%@1344,0%@1344,0%@1344,0%@1344],GR3D_FREQ,0%,cpu@50.5C,soc2@48.656C,soc0@49.687C,gpu@50.375C,tj@50.5C,soc1@49.593C,VDD_IN,5546mW/5650mW,VDD_CPU_GPU_CV,1305mW/1328mW,VDD_SOC,2376mW/2380mW
07-27-2026,16:35:17,RAM,815/7620MB,(lfb,12x4MB),SWAP,130/3810MB,(cached,2MB),CPU,[0%@1344,0%@1344,0%@1344,0%@1344,0%@1344,0%@1344],GR3D_FREQ,0%,cpu@50.687C,soc2@48.656C,soc0@49.437C,gpu@50.375C,tj@50.687C,soc1@49.781C,VDD_IN,5555mW/5649mW,VDD_CPU_GPU_CV,1305mW/1328mW,VDD_SOC,2376mW/2380mW
07-27-2026,16:35:17,RAM,815/7620MB,(lfb,12x4MB),SWAP,130/3810MB,(cached,2MB),CPU,[0%@1344,0%@1344,0%@1344,0%@1344,0%@1344,0%@1344],GR3D_FREQ,0%,cpu@50.656C,soc2@48.625C,soc0@49.5C,gpu@50.187C,tj@50.625C,soc1@49.593C,VDD_IN,5546mW/5649mW,VDD_CPU_GPU_CV,1305mW/1328mW,VDD_SOC,2376mW/2380mW
07-27-2026,16:35:17,RAM,816/7620MB,(lfb,12x4MB),SWAP,130/3810MB,(cached,2MB),CPU,[0%@1344,8%@1344,0%@1344,9%@1344,0%@1344,0%@1344],GR3D_FREQ,0%,cpu@50.5C,soc2@48.593C,soc0@49.5C,gpu@50.406C,tj@50.5C,soc1@49.531C,VDD_IN,5594mW/5649mW,VDD_CPU_GPU_CV,1305mW/1328mW,VDD_SOC,2376mW/2380mW
07-27-2026,16:35:17,RAM,815/7620MB,(lfb,12x4MB),SWAP,130/3810MB,(cached,2MB),CPU,[9%@1344,0%@1344,0%@1344,0%@1344,0%@1344,0%@1344],GR3D_FREQ,0%,cpu@50.562C,soc2@48.593C,soc0@49.562C,gpu@50.312C,tj@50.562C,soc1@49.593C,VDD_IN,5585mW/5649mW,VDD_CPU_GPU_CV,1305mW/1328mW,VDD_SOC,2376mW/2380mW
07-27-2026,16:35:17,RAM,815/7620MB,(lfb,12x4MB),SWAP,130/3810MB,(cached,2MB),CPU,[8%@1344,0%@1344,0%@1344,0%@1344,0%@1344,0%@1344],GR3D_FREQ,0%,cpu@50.593C,soc2@48.656C,soc0@49.437C,gpu@50.468C,tj@50.593C,soc1@49.718C,VDD_IN,5546mW/5649mW,VDD_CPU_GPU_CV,1305mW/1327mW,VDD_SOC,2376mW/2380mW
07-27-2026,16:35:17,RAM,815/7620MB,(lfb,12x4MB),SWAP,130/3810MB,(cached,2MB),CPU,[0%@1344,0%@1344,0%@1344,0%@1344,0%@1344,0%@1344],GR3D_FREQ,0%,cpu@50.656C,soc2@48.656C,soc0@49.437C,gpu@50.281C,tj@50.656C,soc1@49.843C,VDD_IN,5555mW/5649mW,VDD_CPU_GPU_CV,1305mW/1327mW,VDD_SOC,2376mW/2380mW
07-27-2026,16:35:18,RAM,815/7620MB,(lfb,12x4MB),SWAP,130/3810MB,(cached,2MB),CPU,[0%@1344,0%@1344,0%@1344,0%@1344,0%@1344,0%@1344],GR3D_FREQ,0%,cpu@50.406C,soc2@48.656C,soc0@49.5C,gpu@50.343C,tj@50.406C,soc1@49.531C,VDD_IN,5555mW/5649mW,VDD_CPU_GPU_CV,1305mW/1327mW,VDD_SOC,2376mW/2380mW
07-27-2026,16:35:18,RAM,815/7620MB,(lfb,12x4MB),SWAP,130/3810MB,(cached,2MB),CPU,[0%@1344,0%@1344,0%@1344,0%@1344,0%@1344,0%@1344],GR3D_FREQ,0%,cpu@50.5C,soc2@48.656C,soc0@49.5C,gpu@50.468C,tj@50.5C,soc1@49.468C,VDD_IN,5555mW/5649mW,VDD_CPU_GPU_CV,1305mW/1327mW,VDD_SOC,2376mW/2380mW
07-27-2026,16:35:18,RAM,815/7620MB,(lfb,12x4MB),SWAP,130/3810MB,(cached,2MB),CPU,[0%@1344,0%@1344,0%@1344,0%@1344,0%@1344,0%@1344],GR3D_FREQ,0%,cpu@50.625C,soc2@48.656C,soc0@49.375C,gpu@50.312C,tj@50.625C,soc1@49.562C,VDD_IN,5546mW/5648mW,VDD_CPU_GPU_CV,1305mW/1327mW,VDD_SOC,2376mW/2380mW
